12:49:46 1.700000 0.000000 0.000000 0.000000 72.903999 119.940002 -18.848000 17.969999 7.753300 1466475.800000 453132.958000 13.264944 80.567352 0.000000 0.000000 0.000000 0.000000 0.000000 0.000000
12:49:47 2.100000 0.000000 0.000000 0.000000 72.167999 118.720001 -15.025000 24.469999 22.840000 1466476.706000 453133.130000 13.264953 80.567352 0.000000 0.000000 0.000000 0.000000 0.000000 0.000000
12:49:48 2.100000 0.000000 0.000000 0.000000 72.167999 124.440002 -15.025000 20.010000 22.840000 0.013000 0.013300 13.264953 80.567352 0.000000 0.000000 0.000000 0.000000 0.000000 0.000000
12:49:49 2.100000 0.000000 0.000000 0.000000 72.167999 129.750000 -15.025000 8.410000 22.840000 0.013000 0.013300 13.264953 80.567352 0.000000 0.000000 0.000000 0.000000 0.000000 0.000000
12:49:50 2.100000 0.000000 0.000000 0.000000 80.353996 133.300003 -4.236000 14.100000 9.160000 1466478.369000 453133.192000 13.264967 80.567352 0.000000 0.000000 0.000000 0.000000 0.000000 0.000000
12:49:51 2.300000 0.000000 0.000000 0.000000 85.331001 138.160004 -4.338000 12.670000 18.181000 1466479.136000 453133.321000 13.264975 80.567352 0.000000 0.000000 0.000000 0.000000 0.000000 0.000000
12:49:52 2.400000 0.000000 0.000000 0.000000 89.467003 142.089996 -2.221000 8.870000 9.649100 1466479.970000 453133.293000 13.264982 80.567352 0.000000 0.000000 0.000000 0.000000 0.000000 0.000000
12:49:53 2.400000 0.000000 0.000000 0.000000 93.297997 145.279999 -0.959000 14.010000 13.721000 1466480.778000 453133.297000 13.264989 80.567352 0.000000 0.000000 0.000000 0.000000 0.000000 0.000000
12:49:54 2.600000 0.000000 0.000000 0.000000 97.348999 149.250000 -1.030000 11.720000 18.403999 1466481.541000 453133.463000 13.264997 80.567360 0.000000 0.000000 0.000000 0.000000 0.000000 0.000000
12:49:55 2.700000 0.000000 0.000000 0.000000 97.348999 154.449997 -1.030000 6.850000 18.403999 1466482.302000 453133.711000 13.264997 80.567360 0.000000 0.000000 0.000000 0.000000 0.000000 0.000000
12:49:56 3.200000 0.000000 0.000000 0.000000 105.956001 157.710007 -2.466000 7.550000 7.696400 1466483.291000 453134.188000 13.265012 80.567360 0.000000 -32.768002 -32.768002 -32.768002 0.000000 0.000000
12:49:57 3.400000 0.000000 0.000000 0.000000 108.441002 159.690002 -2.507000 6.700000 8.460400 1466484.404000 453134.552000 13.265022 80.567368 0.000000 -32.768002 -32.768002 -32.768002 0.000000 0.000000
12:49:58 3.700000 0.000000 0.000000 0.000000 108.441002 161.820007 -2.507000 5.280000 8.460400 1466485.310000 453134.656000 13.265022 80.567368 0.000000 -32.768002 -32.768002 -32.768002 0.000000 0.000000
12:49:59 3.900000 0.000000 0.000000 0.000000 108.441002 164.729996 -2.507000 4.610000 8.460400 0.013000 0.013400 13.265022 80.567368 0.000000 -32.768002 -32.768002 -32.768002 0.000000 0.000000
12:50:00 3.900000 0.000000 0.000000 0.000000 116.300003 169.479996 0.905000 4.330000 5.350400 1466486.668000 453134.666000 13.265042 80.567368 0.000000 -32.768002 -32.768002 -32.768002 0.000000 0.000000
12:50:01 4.200000 0.000000 0.000000 0.000000 121.929001 174.979996 -0.170000 5.620000 5.461400 1466487.288000 453134.880000 13.265048 80.567368 0.000000 -32.768002 -32.768002 -32.768002 0.000000 0.000000
12:50:02 4.500000 0.000000 0.000000 0.000000 127.678001 180.240005 -2.620000 6.230000 5.538400 1466487.745000 453135.218000 13.265052 80.567375 0.000000 -32.768002 -32.768002 -32.768002 0.000000 0.000000
12:50:03 4.700000 0.000000 0.000000 0.000000 132.923004 184.800003 -5.423000 6.500000 4.051400 1466488.193000 453135.625000 13.265057 80.567375 0.000000 -32.768002 -32.768002 -32.768002 0.000000 0.000000
12:50:04 5.400000 0.000000 0.000000 0.000000 137.106003 188.100006 -7.397000 7.500000 2.990400 1466488.684000 453135.963000 13.265060 80.567383 0.000000 -32.768002 -32.768002 -32.768002 0.000000 0.000000
12:50:05 5.600000 0.000000 0.000000 0.000000 137.106003 189.869995 -7.397000 10.270000 2.990400 1466489.130000 453136.201000 13.265060 80.567383 0.000000 -32.768002 -32.768002 -32.768002 0.000000 0.000000
12:50:06 5.800000 0.000000 0.000000 0.000000 141.365997 190.470001 -12.781000 11.390000 4.702400 1466489.671000 453136.322000 13.265070 80.567383 0.000000 -32.768002 -32.768002 -32.768002 0.000000 0.000000
12:50:07 5.800000 0.000000 0.000000 0.000000 141.345993 190.449997 -13.763000 11.930000 3.161400 1466490.398000 453136.290000 13.265077 80.567383 0.000000 -32.768002 -32.768002 -32.768002 0.000000 0.000000
12:50:08 6.200000 0.000000 0.000000 0.000000 141.345993 189.429993 -13.763000 13.260000 3.161400 1466491.005000 453136.237000 13.265077 80.567383 0.000000 -32.768002 -32.768002 -32.768002 0.000000 0.000000
12:50:09 6.200000 0.000000 0.000000 0.000000 141.345993 187.740005 -13.763000 13.460000 3.161400 0.013000 0.013600 13.265077 80.567383 0.000000 -32.768002 -32.768002 -32.768002 0.000000 0.000000
12:50:10 6.200000 0.000000 0.000000 0.000000 138.182999 186.119995 -11.899000 12.560000 5.613400 1466491.749000 453136.328000 13.265089 80.567383 0.000000 -32.768002 -32.768002 -32.768002 0.000000 0.000000
12:50:11 6.300000 0.000000 0.000000 0.000000 136.485001 184.639999 -10.952000 11.300000 5.382400 1466492.026000 453136.516000 13.265091 80.567383 0.000000 -32.768002 -32.768002 -32.768002 0.000000 0.000000
12:50:12 6.300000 0.000000 0.000000 0.000000 134.628006 182.869995 -10.559000 9.940000 4.539400 1466492.265000 453136.748000 13.265093 80.567390 0.000000 -32.768002 -32.768002 -32.768002 0.000000 0.000000
12:50:13 6.300000 0.000000 0.000000 0.000000 132.539001 181.119995 -9.612000 8.930000 3.771400 1466492.668000 453136.933000 13.265097 80.567390 0.000000 -32.768002 -32.768002 -32.768002 0.000000 0.000000
12:50:14 6.400000 0.000000 0.000000 0.000000 131.059998 180.190002 -7.442000 8.660000 4.864400 1466493.278000 453137.056000 13.265102 80.567390 0.000000 -32.768002 -32.768002 -32.768002 0.000000 0.000000
12:50:15 6.400000 0.000000 0.000000 0.000000 131.059998 180.600006 -7.442000 7.980000 4.864400 1466493.866000 453137.195000 13.265102 80.567390 0.000000 -32.768002 -32.768002 -32.768002 0.000000 0.000000
12:50:16 6.600000 0.000000 0.000000 0.000000 132.057999 181.710007 -3.325000 6.530000 6.200400 1466494.294000 453137.446000 13.265111 80.567390 0.000000 -32.768002 -32.768002 -32.768002 0.000000 0.000000
12:50:17 6.600000 0.000000 0.000000 0.000000 132.798996 182.360001 -3.200000 5.870000 5.473400 1466494.427000 453137.644000 13.265113 80.567398 0.000000 -32.768002 -32.768002 -32.768002 0.000000 0.000000
12:50:18 6.700000 0.000000 0.000000 0.000000 132.798996 182.169998 -3.200000 5.940000 5.473400 1466494.803000 453137.761000 13.265113 80.567398 0.000000 -32.768002 -32.768002 -32.768002 0.000000 0.000000
12:50:19 6.800000 0.000000 0.000000 0.000000 132.798996 181.820007 -3.200000 5.580000 5.473400 0.013000 0.013700 13.265113 80.567398 0.000000 -32.768002 -32.768002 -32.768002 0.000000 0.000000
12:50:20 6.800000 0.000000 0.000000 0.000000 132.328995 181.860001 1.721000 4.600000 8.410400 1466495.871000 453137.710000 13.265126 80.567398 0.000000 -32.768002 -32.768002 -32.768002 0.000000 0.000000
12:50:21 6.900000 0.000000 0.000000 0.000000 132.669998 182.399994 3.698000 3.850000 8.930400 1466496.602000 453137.681000 13.265133 80.567398 0.000000 -32.768002 -32.768002 -32.768002 0.000000 0.000000
12:50:22 7.000000 0.000000 0.000000 0.000000 133.044998 182.699997 4.508000 3.700000 8.771400 1466497.154000 453137.686000 13.265138 80.567398 0.000000 -32.768002 -32.768002 -32.768002 0.000000 0.000000
12:50:23 7.100000 0.000000 0.000000 0.000000 133.216995 182.820007 5.303000 4.100000 10.768000 1466497.622000 453137.708000 13.265141 80.567398 0.000000 -32.768002 -32.768002 -32.768002 0.000000 0.000000
12:50:24 7.400000 0.000000 0.000000 0.000000 133.404007 183.320007 6.612000 2.470000 10.598000 1466498.104000 453137.754000 13.265146 80.567398 0.000000 -32.768002 -32.768002 -32.768002 0.000000 0.000000
12:50:25 7.500000 0.000000 0.000000 0.000000 133.792999 184.089996 8.132000 2.130000 10.762000 1466498.701000 453137.826000 13.265151 80.567398 0.000000 -32.768002 -32.768002 -32.768002 0.000000 0.000000
12:50:26 7.500000 0.000000 0.000000 0.000000 134.257004 184.630005 9.068000 2.340000 12.184000 1466499.136000 453137.873000 13.265156 80.567398 0.000000 -32.768002 -32.768002 -32.768002 0.000000 0.000000
12:50:27 7.700000 0.000000 0.000000 0.000000 134.628998 184.779999 9.733000 0.630000 11.302000 1466499.503000 453137.914000 13.265159 80.567398 0.000000 -32.768002 -32.768002 -32.768002 0.000000 0.000000
12:50:28 7.900000 0.000000 0.000000 0.000000 134.628998 185.149994 9.733000 -0.300000 11.302000 1466499.934000 453137.928000 13.265159 80.567398 0.000000 -32.768002 -32.768002 -32.768002 0.000000 0.000000
12:50:29 7.900000 0.000000 0.000000 0.000000 134.628998 185.199997 9.733000 -1.150000 11.302000 0.013000 0.013700 13.265159 80.567398 0.000000 -32.768002 -32.768002 -32.768002 0.000000 0.000000
12:50:30 8.100000 0.000000 0.000000 0.000000 134.632004 185.639999 11.322000 -0.530000 10.027000 1466500.765000 453137.857000 13.265170 80.567398 0.000000 -32.768002 -32.768002 -32.768002 0.000000 0.000000
12:50:31 8.400000 0.000000 0.000000 0.000000 134.998993 185.929993 12.564000 -0.660000 11.828000 1466501.416000 453137.724000 13.265176 80.567398 0.000000 -32.768002 -32.768002 -32.768002 0.000000 0.000000
12:50:32 8.700000 0.000000 0.000000 0.000000 135.296005 186.000000 13.091000 -1.690000 10.594000 1466502.056000 453137.608000 13.265182 80.567398 0.000000 -32.768002 -32.768002 -32.768002 0.000000 0.000000
12:50:33 8.700000 0.000000 0.000000 0.000000 135.108994 185.559998 13.110000 -2.020000 10.639000 1466502.637000 453137.525000 13.265187 80.567390 0.000000 -32.768002 -32.768002 -32.768002 0.000000 0.000000
12:50:34 8.900000 0.000000 0.000000 0.000000 134.843994 185.610001 13.156000 -1.890000 10.430000 1466503.175000 453137.493000 13.265192 80.567390 0.000000 -32.768002 -32.768002 -32.768002 0.000000 0.000000
12:50:35 9.100000 0.000000 0.000000 0.000000 135.059998 185.770004 13.067000 -3.630000 8.030000 1466503.761000 453137.492000 13.265197 80.567390 0.000000 -32.768002 -32.768002 -32.768002 0.000000 0.000000
12:50:36 9.400000 0.000000 0.000000 0.000000 135.498993 186.300003 12.457000 -3.890000 6.626000 1466504.164000 453137.517000 13.265201 80.567390 0.000000 -32.768002 -32.768002 -32.768002 0.000000 0.000000
12:50:37 9.800000 0.000000 0.000000 0.000000 135.709000 186.229996 11.580000 -3.910000 6.597000 1466504.532000 453137.531000 13.265204 80.567390 0.000000 -32.768002 -32.768002 -32.768002 0.000000 0.000000
12:50:38 10.100000 0.000000 0.000000 0.000000 135.709000 185.889999 11.580000 -4.550000 6.597000 1466505.078000 453137.468000 13.265204 80.567390 0.000000 -32.768002 -32.768002 -32.768002 0.000000 0.000000
12:50:39 10.400000 0.000000 0.000000 0.000000 135.709000 185.610001 11.580000 -4.250000 6.597000 0.013000 0.013700 13.265204 80.567390 0.000000 -32.768002 -32.768002 -32.768002 0.000000 0.000000
12:50:40 10.400000 0.000000 0.000000 0.000000 134.979004 185.500000 11.412000 -3.810000 5.812000 1466506.179000 453137.204000 13.265219 80.567390 0.000000 -32.768002 -32.768002 -32.768002 0.000000 0.000000
12:50:41 10.600000 0.000000 0.000000 0.000000 135.063004 185.740005 12.001000 -3.580000 6.299000 1466506.993000 453137.021000 13.265226 80.567390 0.000000 -32.768002 -32.768002 -32.768002 0.000000 0.000000
12:50:42 10.900000 0.000000 0.000000 0.000000 135.509995 186.270004 12.217000 -3.270000 6.525000 1466507.750000 453136.891000 13.265233 80.567390 0.000000 -32.768002 -32.768002 -32.768002 0.000000 0.000000
12:50:43 11.200000 0.000000 0.000000 0.000000 136.104996 186.720001 11.936000 -2.640000 7.003000 1466508.334000 453136.826000 13.265239 80.567390 0.000000 -32.768002 -32.768002 -32.768002 0.000000 0.000000
12:50:44 11.800000 0.000000 0.000000 0.000000 136.585999 187.029999 11.269000 -2.050000 7.684000 1466508.749000 453136.832000 13.265243 80.567390 0.000000 -32.768002 -32.768002 -32.768002 0.000000 0.000000
12:50:45 12.000000 0.000000 0.000000 0.000000 136.804993 187.119995 10.625000 -2.330000 7.561000 1466509.167000 453136.894000 13.265246 80.567390 0.000000 -32.768002 -32.768002 -32.768002 0.000000 0.000000
12:50:46 12.300000 0.000000 0.000000 0.000000 136.871994 187.350006 10.568000 -2.220000 7.831000 1466509.570000 453136.898000 13.265249 80.567390 0.000000 -32.768002 -32.768002 -32.768002 0.000000 0.000000
12:50:47 12.300000 0.000000 0.000000 0.000000 136.957993 187.509995 10.785000 -1.910000 8.746000 1466510.075000 453136.839000 13.265254 80.567390 0.000000 -32.768002 -32.768002 -32.768002 0.000000 0.000000
12:50:48 12.600000 0.000000 0.000000 0.000000 136.957993 187.509995 10.785000 -2.300000 8.746000 1466510.799000 453136.640000 13.265254 80.567390 0.000000 -32.768002 -32.768002 -32.768002 0.000000 0.000000
12:50:49 13.000000 0.000000 0.000000 0.000000 136.957993 187.419998 10.785000 -2.640000 8.746000 0.013000 0.013600 13.265254 80.567390 0.000000 -32.768002 -32.768002 -32.768002 0.000000 0.000000
12:50:50 13.300000 0.000000 0.000000 0.000000 136.957993 187.330002 10.785000 -1.860000 8.746000 0.013000 0.013600 13.265254 80.567390 0.000000 -32.768002 -32.768002 -32.768002 0.000000 0.000000
12:50:51 13.500000 0.000000 0.000000 0.000000 136.957993 187.179993 10.785000 -1.320000 8.746000 0.013000 0.013600 13.265254 80.567390 0.000000 -32.768002 -32.768002 -32.768002 0.000000 0.000000
12:50:52 13.800000 0.000000 0.000000 0.000000 136.957993 187.179993 10.785000 -1.420000 8.746000 0.013000 0.013600 13.265254 80.567390 0.000000 -32.768002 -32.768002 -32.768002 0.000000 0.000000
12:50:53 14.000000 0.000000 0.000000 0.000000 137.110001 186.289993 10.897000 -0.950000 9.176000 1466513.785000 453135.943000 13.265298 80.567383 0.000000 -32.768002 -32.768002 -32.768002 0.000000 0.000000
12:50:54 14.000000 0.000000 0.000000 0.000000 137.110001 187.289993 10.897000 -0.370000 9.176000 0.013000 0.013500 13.265298 80.567383 0.000000 -32.768002 -32.768002 -32.768002 0.000000 0.000000
12:50:56 14.600000 0.000000 0.000000 0.000000 137.110001 186.860001 10.897000 -1.270000 9.176000 0.013000 0.013500 13.265298 80.567383 0.000000 -32.768002 -32.768002 -32.768002 0.000000 0.000000
12:50:56 14.800000 0.000000 0.000000 0.000000 136.061005 185.559998 9.976000 -1.410000 8.412000 1466516.100000 453136.417000 13.265308 80.567383 0.000000 -32.768002 -32.768002 -32.768002 0.000000 0.000000
12:50:57 15.000000 0.000000 0.000000 0.000000 136.061005 185.970001 9.976000 -0.950000 8.412000 0.013000 0.013600 13.265308 80.567383 0.000000 -32.768002 -32.768002 -32.768002 0.000000 0.000000
12:50:58 15.200000 0.000000 0.000000 0.000000 134.994003 184.529999 10.870000 -0.900000 9.123000 1466518.076000 453136.653000 13.265340 80.567390 0.000000 -32.768002 -32.768002 -32.768002 0.000000 0.000000
12:50:59 15.500000 0.000000 0.000000 0.000000 134.442001 183.960007 11.009000 -0.890000 9.006000 1466520.230000 453136.734000 13.265346 80.567383 0.000000 -32.768002 -32.768002 -32.768002 0.000000 0.000000
12:51:00 15.700000 0.000000 0.000000 0.000000 133.787994 183.250000 10.684000 -1.320000 7.882000 1466522.417000 453136.800000 13.265376 80.567390 0.000000 -32.768002 -32.768002 -32.768002 0.000000 0.000000
12:51:01 15.700000 0.000000 0.000000 0.000000 133.026993 182.619995 10.098000 -1.860000 6.757000 1466524.127000 453136.833000 13.265381 80.567390 0.000000 -32.768002 -32.768002 -32.768002 0.000000 0.000000
12:51:03 16.299999 0.000000 0.000000 0.000000 132.218994 181.809998 9.582000 -1.920000 6.389000 1466525.403000 453136.856000 13.265397 80.567390 0.000000 -32.768002 -32.768002 -32.768002 0.000000 0.000000
12:51:04 16.500000 0.000000 0.000000 0.000000 131.436005 181.169998 9.351000 -1.750000 6.498000 1466526.503000 453136.936000 13.265403 80.567390 0.000000 -32.768002 -32.768002 -32.768002 0.000000 0.000000
12:51:05 16.799999 0.000000 0.000000 0.000000 130.740997 180.479996 9.357000 -1.860000 6.321000 1466527.732000 453137.080000 13.265420 80.567390 0.000000 -32.768002 -32.768002 -32.768002 0.000000 0.000000
12:51:06 17.100000 0.000000 0.000000 0.000000 130.199005 180.020004 9.471000 -2.020000 6.190000 1466529.215000 453137.260000 13.265434 80.567390 0.000000 -32.768002 -32.768002 -32.768002 0.000000 0.000000
12:51:07 17.400000 0.000000 0.000000 0.000000 129.945999 179.660004 9.642000 -2.250000 5.996000 1466530.833000 453137.439000 13.265450 80.567398 0.000000 -32.768002 -32.768002 -32.768002 0.000000 0.000000
12:51:07 17.700001 0.000000 0.000000 0.000000 130.078995 179.820007 9.871000 -2.420000 5.935000 1466532.607000 453137.597000 13.265467 80.567398 0.000000 -32.768002 -32.768002 -32.768002 0.000000 0.000000
12:51:08 17.700001 0.000000 0.000000 0.000000 130.602005 180.160004 10.017000 -2.520000 6.006000 1466534.338000 453137.746000 13.265473 80.567398 0.000000 -32.768002 -32.768002 -32.768002 0.000000 0.000000
12:51:10 18.299999 0.000000 0.000000 0.000000 130.602005 182.020004 10.017000 -2.400000 6.006000 0.012000 0.013700 13.265473 80.567398 0.000000 -32.768002 -32.768002 -32.768002 0.000000 0.000000
12:51:11 18.600000 0.000000 0.000000 0.000000 132.498993 181.929993 9.816000 -2.130000 6.276000 1466536.661000 453137.809000 13.265494 80.567398 0.000000 -32.768002 -32.768002 -32.768002 0.000000 0.000000
12:51:12 18.900000 0.000000 0.000000 0.000000 133.466003 182.800003 9.671000 -2.700000 5.365000 1466537.884000 453137.851000 13.265509 80.567398 0.000000 -32.768002 -32.768002 -32.768002 0.000000 0.000000
12:51:13 19.200001 0.000000 0.000000 0.000000 134.386993 183.649994 9.695000 -2.690000 5.500000 1466539.005000 453137.889000 13.265515 80.567398 0.000000 -32.768002 -32.768002 -32.768002 0.000000 0.000000
12:51:14 19.400000 0.000000 0.000000 181.399994 135.300995 184.389999 9.779000 -2.850000 5.168000 1466540.255000 453137.944000 13.265532 80.567398 0.000000 -0.034000 0.557000 -0.294000 0.000000 0.000000
12:51:15 19.799999 0.000000 0.000000 181.399994 136.382004 185.179993 9.796000 -3.110000 5.168000 1466541.709000 453137.972000 13.265545 80.567398 0.000000 -0.034000 0.547000 -0.306000 0.000000 0.000000
12:51:16 20.100000 0.000000 0.000000 181.399994 137.195999 186.020004 9.732000 -2.610000 5.940000 1466543.075000 453138.009000 13.265557 80.567398 0.000000 -0.050000 0.510000 -0.286000 0.000000 0.000000
12:51:17 20.400000 0.000000 0.000000 181.399994 137.766006 186.679993 9.658000 -2.450000 5.808000 1466544.450000 453138.073000 13.265569 80.567398 0.000000 -0.062000 0.510000 -0.238000 0.000000 0.000000
12:51:18 20.700001 0.000000 0.000000 181.399994 138.132996 187.050003 9.629000 -2.790000 5.135000 1466545.705000 453138.046000 13.265579 80.567398 0.000000 -0.072000 0.547000 -0.221000 0.000000 0.000000
12:51:19 21.000000 0.000000 0.000000 179.919998 138.401001 187.339996 9.725000 -2.950000 5.137000 1466546.927000 453137.968000 13.265591 80.567398 0.000000 -0.077000 0.593000 -0.264000 0.000000 0.000000
12:51:20 21.299999 0.000000 0.000000 179.919998 138.669006 187.660004 9.905000 -2.870000 5.343000 1466548.245000 453137.900000 13.265604 80.567398 0.000000 -0.077000 0.593000 -0.264000 0.000000 0.000000
12:51:21 21.600000 0.000000 0.000000 178.429993 138.923004 187.830002 9.990000 -2.710000 5.657000 1466549.462000 453137.838000 13.265615 80.567398 0.000000 -0.048000 0.555000 -0.403000 0.000000 0.000000
12:51:22 21.900000 0.000000 0.000000 178.429993 139.300995 188.229996 9.880000 -2.390000 6.088000 1466551.059000 453137.790000 13.265629 80.567398 0.000000 -0.048000 0.555000 -0.403000 0.000000 0.000000
12:51:23 22.200001 0.000000 0.000000 178.429993 139.473007 188.320007 9.684000 -2.350000 5.949000 1466552.168000 453137.810000 13.265637 80.567398 0.000000 -0.045000 0.442000 -0.333000 0.000000 0.000000
12:51:24 22.500000 0.000000 0.000000 178.429993 139.585007 188.500000 9.408000 -2.340000 5.812000 1466553.539000 453137.796000 13.265647 80.567398 0.000000 -0.053000 0.460000 -0.265000 0.000000 0.000000
12:51:25 22.799999 0.000000 0.000000 176.940002 139.561996 188.500000 9.390000 -2.340000 5.588000 0.011000 0.013700 13.265656 80.567398 0.000000 -0.061000 0.511000 -0.237000 0.000000 0.000000
12:51:26 23.100000 0.000000 0.000000 176.940002 139.520004 188.369995 9.555000 -2.540000 5.298000 1466555.547000 453137.619000 13.265665 80.567390 0.000000 -0.041000 0.566000 -0.263000 0.000000 0.000000
12:51:27 23.400000 0.000000 0.000000 176.940002 139.533997 188.429993 9.706000 -2.660000 5.269000 1466556.495000 453137.535000 13.265676 80.567390 0.000000 -0.037000 0.583000 -0.318000 0.000000 0.000000
12:51:27 23.799999 0.000000 0.000000 176.940002 139.625000 188.470001 9.649000 -2.790000 5.221000 1466558.067000 453137.594000 13.265688 80.567390 0.000000 -0.037000 0.583000 -0.318000 0.000000 0.000000
12:51:29 24.000000 0.310000 0.000000 176.940002 139.779999 188.679993 9.476000 -2.520000 5.647000 1466558.791000 453137.535000 13.265695 80.567390 0.000000 -0.034000 0.509000 -0.342000 0.000000 0.000000
12:51:30 24.400000 0.460000 0.000000 175.449997 140.132996 188.960007 9.127000 -2.230000 5.698000 1466560.371000 453137.622000 13.265709 80.567390 0.000000 -0.061000 0.475000 -0.301000 0.000000 0.000000
12:51:31 24.600000 0.510000 0.000000 175.449997 140.434006 189.050003 8.858000 -2.370000 5.132000 1466561.335000 453137.532000 13.265718 80.567390 0.000000 -0.090000 0.471000 -0.255000 0.000000 0.000000
12:51:32 25.000000 0.490000 0.000000 175.449997 140.716995 189.339996 8.708000 -2.340000 5.214000 1466562.267000 453137.379000 13.265726 80.567390 0.000000 -0.100000 0.501000 -0.245000 0.000000 0.000000
12:51:33 25.299999 0.400000 0.000000 175.449997 140.972000 189.529999 8.689000 -2.050000 5.315000 1466563.285000 453137.190000 13.265736 80.567390 0.000000 -0.103000 0.542000 -0.266000 0.000000 0.000000
12:51:34 25.600000 0.260000 0.000000 175.449997 141.188995 189.669998 8.681000 -2.120000 4.866000 1466564.418000 453137.003000 13.265745 80.567390 0.000000 -0.079000 0.555000 -0.312000 0.000000 0.000000
12:51:35 25.900000 0.070000 0.000000 175.449997 141.421005 189.850006 8.623000 -2.080000 5.136000 1466565.585000 453136.880000 13.265756 80.567390 0.000000 -0.050000 0.539000 -0.348000 0.000000 0.000000
12:51:35 25.900000 0.070000 0.000000 175.449997 141.720001 190.139999 8.477000 -1.850000 5.146000 1466566.708000 453136.820000 13.265766 80.567383 0.000000 -0.050000 0.539000 -0.348000 0.000000 0.000000
12:51:37 26.600000 -0.460000 0.000000 175.449997 142.061996 190.449997 8.299000 -1.910000 5.084000 1466567.450000 453136.770000 13.265774 80.567390 0.000000 -0.011000 0.495000 -0.337000 0.000000 0.000000
12:51:37 26.799999 -0.460000 0.000000 175.449997 142.742996 191.039993 8.081000 -1.630000 5.473000 1466568.747000 453136.878000 13.265784 80.567390 0.000000 -0.011000 0.495000 -0.337000 0.000000 0.000000
12:51:38 27.100000 -0.460000 0.000000 175.449997 143.169998 191.479996 7.987000 -1.770000 5.019000 1466569.489000 453136.821000 13.265792 80.567390 0.000000 -0.011000 0.495000 -0.337000 0.000000 0.000000
12:51:39 27.500000 -0.460000 0.000000 175.449997 143.621002 191.979996 7.891000 -1.980000 4.869000 1466570.516000 453136.821000 13.265801 80.567390 0.000000 -0.011000 0.495000 -0.337000 0.000000 0.000000
12:51:40 27.799999 -0.460000 0.000000 175.449997 144.050003 192.279999 7.787000 -1.650000 5.123000 1466571.539000 453136.798000 13.265810 80.567383 0.000000 -0.011000 0.495000 -0.337000 0.000000 0.000000
12:51:42 28.100000 -1.850000 0.000000 172.479996 144.462006 192.619995 7.631000 -1.550000 4.851000 1466572.605000 453136.738000 13.265821 80.567383 0.000000 -0.074000 0.520000 -0.347000 0.000000 0.000000
12:51:42 28.400000 -1.850000 0.000000 172.479996 144.869995 192.910004 7.309000 -1.590000 4.639000 1466573.865000 453136.616000 13.265832 80.567383 0.000000 -0.074000 0.520000 -0.347000 0.000000 0.000000
12:51:43 28.700001 -1.850000 0.000000 172.479996 145.113998 193.029999 7.026000 -1.130000 5.036000 1466574.713000 453136.535000 13.265840 80.567383 0.000000 -0.074000 0.520000 -0.347000 0.000000 0.000000
12:51:44 29.100000 -1.850000 0.000000 172.479996 145.373001 193.289993 6.690000 -0.920000 4.873000 1466575.711000 453136.466000 13.265848 80.567383 0.000000 -0.074000 0.520000 -0.347000 0.000000 0.000000
12:51:45 29.400000 -1.850000 0.000000 172.479996 145.565994 193.460007 6.426000 -1.040000 4.625000 1466576.651000 453136.387000 13.265856 80.567383 0.000000 -0.074000 0.520000 -0.347000 0.000000 0.000000
12:51:46 29.600000 -1.850000 0.000000 172.479996 145.768997 193.729996 6.308000 -0.750000 4.947000 1466577.630000 453136.306000 13.265865 80.567383 0.000000 -0.074000 0.520000 -0.347000 0.000000 0.000000
12:51:47 30.000000 -1.850000 0.000000 172.479996 145.921005 193.660004 6.295000 -0.700000 4.761000 1466578.627000 453136.232000 13.265875 80.567383 0.000000 -0.074000 0.520000 -0.347000 0.000000 0.000000
12:51:48 30.299999 -1.850000 0.000000 172.479996 145.975998 193.839996 6.323000 -0.640000 4.847000 1466579.678000 453136.146000 13.265884 80.567383 0.000000 -0.074000 0.520000 -0.347000 0.000000 0.000000
12:51:49 30.700001 -1.850000 0.000000 172.479996 145.949997 193.809998 6.282000 -0.500000 4.989000 1466580.761000 453136.035000 13.265893 80.567383 0.000000 -0.074000 0.520000 -0.347000 0.000000 0.000000
12:51:50 31.000000 -1.850000 0.000000 172.479996 145.880997 193.699997 6.108000 -0.470000 4.767000 1466581.810000 453135.954000 13.265903 80.567375 0.000000 -0.074000 0.520000 -0.347000 0.000000 0.000000
12:51:51 31.200001 -1.850000 0.000000 172.479996 145.759995 193.580002 5.904000 -0.530000 4.749000 1466582.775000 453135.881000 13.265912 80.567375 0.000000 -0.074000 0.520000 -0.347000 0.000000 0.000000
12:51:52 31.600000 -1.850000 0.000000 172.479996 145.552994 193.369995 5.801000 -0.210000 5.041000 1466583.695000 453135.806000 13.265920 80.567375 0.000000 -0.074000 0.520000 -0.347000 0.000000 0.000000
12:51:53 31.900000 -1.850000 0.000000 172.479996 145.229004 193.110001 5.785000 -0.310000 4.885000 1466584.640000 453135.730000 13.265928 80.567375 0.000000 -0.074000 0.520000 -0.347000 0.000000 0.000000
12:51:54 32.200001 -1.850000 0.000000 172.479996 144.854004 192.830002 5.800000 -0.290000 5.004000 1466585.577000 453135.639000 13.265937 80.567375 0.000000 -0.074000 0.520000 -0.347000 0.000000 0.000000
12:51:55 32.500000 -1.850000 0.000000 172.479996 144.505997 192.470001 5.807000 -0.110000 5.219000 1466586.568000 453135.535000 13.265946 80.567375 0.000000 -0.074000 0.520000 -0.347000 0.000000 0.000000
12:51:56 32.799999 -1.850000 0.000000 172.479996 144.326996 192.279999 5.748000 0.070000 5.305000 1466587.588000 453135.436000 13.265955 80.567375 0.000000 -0.074000 0.520000 -0.347000 0.000000 0.000000
12:51:57 33.099998 -1.850000 0.000000 172.479996 144.380997 192.300003 5.612000 0.000000 5.036000 1466588.590000 453135.311000 13.265964 80.567375 0.000000 -0.074000 0.520000 -0.347000 0.000000 0.000000
12:51:58 33.500000 -1.850000 0.000000 172.479996 144.570999 192.369995 5.515000 0.150000 5.223000 1466589.532000 453135.189000 13.265973 80.567368 0.000000 -0.074000 0.520000 -0.347000 0.000000 0.000000
12:51:59 33.700001 -1.850000 0.000000 172.479996 144.727005 192.589996 5.468000 0.210000 5.205000 1466590.458000 453135.065000 13.265980 80.567368 0.000000 -0.074000 0.520000 -0.347000 0.000000 0.000000
12:52:00 34.099998 -1.850000 0.000000 172.479996 144.811996 192.520004 5.513000 -0.020000 4.865000 1466591.353000 453134.953000 13.265989 80.567368 0.000000 -0.074000 0.520000 -0.347000 0.000000 0.000000
12:52:01 34.400002 -1.850000 0.000000 172.479996 144.916000 192.639999 5.669000 -0.120000 4.941000 1466592.290000 453134.854000 13.265997 80.567368 0.000000 -0.074000 0.520000 -0.347000 0.000000 0.000000
12:52:02 34.599998 -1.850000 0.000000 172.479996 145.182007 193.000000 5.862000 -0.170000 5.048000 1466593.276000 453134.763000 13.266006 80.567368 0.000000 -0.074000 0.520000 -0.347000 0.000000 0.000000
12:52:03 35.000000 -1.850000 0.000000 172.479996 145.654007 193.479996 6.055000 -0.290000 4.923000 1466594.313000 453134.664000 13.266016 80.567368 0.000000 -0.074000 0.520000 -0.347000 0.000000 0.000000
12:52:04 35.299999 -1.850000 0.000000 172.479996 146.264999 193.899994 6.239000 -0.540000 4.631000 1466595.345000 453134.568000 13.266026 80.567368 0.000000 -0.074000 0.520000 -0.347000 0.000000 0.000000
12:52:05 35.599998 -1.850000 0.000000 172.479996 146.910995 194.600006 6.362000 -0.760000 4.499000 1466596.349000 453134.472000 13.266034 80.567368 0.000000 -0.074000 0.520000 -0.347000 0.000000 0.000000
12:52:06 35.900002 -1.850000 0.000000 172.479996 147.529007 195.279999 6.438000 -0.930000 4.471000 1466597.248000 453134.373000 13.266042 80.567360 0.000000 -0.074000 0.520000 -0.347000 0.000000 0.000000
12:52:07 36.099998 -1.850000 0.000000 172.479996 148.080002 195.669998 6.523000 -1.120000 4.338000 1466598.118000 453134.299000 13.266050 80.567360 0.000000 -0.074000 0.520000 -0.347000 0.000000 0.000000
12:52:08 36.500000 -1.850000 0.000000 172.479996 148.544998 196.119995 6.671000 -1.350000 4.249000 1466599.000000 453134.225000 13.266057 80.567360 0.000000 -0.074000 0.520000 -0.347000 0.000000 0.000000
12:52:09 36.700001 -1.850000 0.000000 172.479996 148.964996 196.619995 6.868000 -1.520000 4.237000 1466599.920000 453134.148000 13.266067 80.567360 0.000000 -0.074000 0.520000 -0.347000 0.000000 0.000000
12:52:10 37.000000 -1.850000 0.000000 172.479996 149.408997 197.070007 7.064000 -1.710000 4.086000 1466600.936000 453134.073000 13.266075 80.567360 0.000000 -0.074000 0.520000 -0.347000 0.000000 0.000000
12:52:11 37.299999 -1.850000 0.000000 172.479996 149.895004 197.559998 7.227000 -1.910000 3.882000 1466602.005000 453133.972000 13.266086 80.567360 0.000000 -0.074000 0.520000 -0.347000 0.000000 0.000000
12:52:12 37.700001 -1.850000 0.000000 172.479996 150.423996 197.970001 7.365000 -1.970000 3.978000 1466603.091000 453133.848000 13.266095 80.567360 0.000000 -0.074000 0.520000 -0.347000 0.000000 0.000000
12:52:13 37.900002 -1.850000 0.000000 172.479996 151.076996 198.539993 7.506000 -1.780000 4.386000 1466604.154000 453133.737000 13.266105 80.567360 0.000000 -0.074000 0.520000 -0.347000 0.000000 0.000000
12:52:14 38.200001 -1.850000 0.000000 172.479996 151.798004 199.130005 7.614000 -1.880000 4.255000 1466605.216000 453133.626000 13.266114 80.567360 0.000000 -0.074000 0.520000 -0.347000 0.000000 0.000000
12:52:15 38.500000 -1.850000 0.000000 172.479996 152.376999 199.669998 7.622000 -1.920000 4.241000 1466606.160000 453133.554000 13.266123 80.567352 0.000000 -0.074000 0.520000 -0.347000 0.000000 0.000000
12:52:16 38.799999 -1.850000 0.000000 172.479996 152.677994 200.029999 7.510000 -1.950000 4.170000 1466607.213000 453133.467000 13.266132 80.567352 0.000000 -0.074000 0.520000 -0.347000 0.000000 0.000000
12:52:17 39.000000 -1.850000 0.000000 172.479996 152.723007 200.039993 7.371000 -1.950000 4.149000 1466608.111000 453133.445000 13.266141 80.567352 0.000000 -0.074000 0.520000 -0.347000 0.000000 0.000000
12:52:18 39.400002 -1.850000 0.000000 172.479996 152.626999 200.020004 7.267000 -1.940000 4.139000 1466609.152000 453133.358000 13.266150 80.567352 0.000000 -0.074000 0.520000 -0.347000 0.000000 0.000000
12:52:19 39.700001 -1.850000 0.000000 172.479996 152.554993 199.990005 7.206000 -1.980000 4.207000 1466610.178000 453133.248000 13.266157 80.567352 0.000000 -0.074000 0.520000 -0.347000 0.000000 0.000000
12:52:20 40.000000 -1.850000 0.000000 172.479996 152.597000 200.070007 7.234000 -1.960000 4.187000 1466611.036000 453133.161000 13.266167 80.567352 0.000000 -0.074000 0.520000 -0.347000 0.000000 0.000000
12:52:21 40.299999 -1.850000 0.000000 172.479996 152.753998 200.080002 7.371000 -2.040000 4.231000 1466612.046000 453133.010000 13.266176 80.567352 0.000000 -0.074000 0.520000 -0.347000 0.000000 0.000000
12:52:22 40.599998 -1.850000 0.000000 172.479996 152.942001 200.300003 7.550000 -1.920000 4.328000 1466613.140000 453132.818000 13.266186 80.567352 0.000000 -0.074000 0.520000 -0.347000 0.000000 0.000000
12:52:23 41.000000 -1.850000 0.000000 172.479996 153.106995 200.479996 7.669000 -1.780000 4.579000 1466614.275000 453132.616000 13.266196 80.567345 0.000000 -0.074000 0.520000 -0.347000 0.000000 0.000000
12:52:24 41.200001 -1.850000 0.000000 172.479996 153.195007 200.399994 7.637000 -1.540000 4.693000 1466615.452000 453132.405000 13.266208 80.567345 0.000000 -0.074000 0.520000 -0.347000 0.000000 0.000000
12:52:25 41.599998 -1.850000 0.000000 172.479996 153.119995 200.389999 7.464000 -1.460000 4.553000 1466616.583000 453132.227000 13.266217 80.567345 0.000000 -0.074000 0.520000 -0.347000 0.000000 0.000000
12:52:26 41.799999 -1.850000 0.000000 172.479996 152.839996 200.089996 7.251000 -1.470000 4.395000 1466617.631000 453132.071000 13.266226 80.567345 0.000000 -0.074000 0.520000 -0.347000 0.000000 0.000000
12:52:27 42.200001 -1.850000 0.000000 172.479996 152.375000 199.779999 7.097000 -1.670000 4.107000 1466618.594000 453131.961000 13.266235 80.567345 0.000000 -0.074000 0.520000 -0.347000 0.000000 0.000000
12:52:28 42.500000 -1.850000 0.000000 172.479996 151.744995 199.229996 7.008000 -1.770000 4.188000 1466619.498000 453131.858000 13.266242 80.567337 0.000000 -0.074000 0.520000 -0.347000 0.000000 0.000000
12:52:29 42.799999 -1.850000 0.000000 172.479996 150.987000 198.539993 6.908000 -1.730000 4.205000 1466620.405000 453131.757000 13.266251 80.567337 0.000000 -0.074000 0.520000 -0.347000 0.000000 0.000000
12:52:30 43.000000 -1.850000 0.000000 172.479996 150.182999 197.759995 6.861000 -1.640000 4.335000 1466621.386000 453131.627000 13.266261 80.567337 0.000000 -0.074000 0.520000 -0.347000 0.000000 0.000000
12:52:31 43.400002 -1.850000 0.000000 172.479996 149.404999 197.149994 6.882000 -1.450000 4.370000 1466622.464000 453131.490000 13.266271 80.567337 0.000000 -0.074000 0.520000 -0.347000 0.000000 0.000000
12:52:32 43.700001 -1.850000 0.000000 172.479996 148.658997 196.539993 6.941000 -1.410000 4.509000 1466623.631000 453131.320000 13.266281 80.567337 0.000000 -0.074000 0.520000 -0.347000 0.000000 0.000000
12:52:33 44.000000 -1.850000 0.000000 172.479996 147.893005 195.830002 6.986000 -1.060000 4.944000 1466624.850000 453131.139000 13.266293 80.567329 0.000000 -0.074000 0.520000 -0.347000 0.000000 0.000000
12:52:34 44.299999 -1.850000 0.000000 172.479996 147.046997 194.979996 6.986000 -0.980000 4.909000 1466626.068000 453130.972000 13.266303 80.567329 0.000000 -0.074000 0.520000 -0.347000 0.000000 0.000000
12:52:35 44.599998 -1.850000 0.000000 172.479996 146.218994 194.190002 6.953000 -0.940000 4.966000 1466627.240000 453130.805000 13.266314 80.567329 0.000000 -0.074000 0.520000 -0.347000 0.000000 0.000000
12:52:36 44.799999 -1.850000 0.000000 172.479996 145.546997 193.509995 6.919000 -0.880000 4.995000 1466628.385000 453130.678000 13.266324 80.567329 0.000000 -0.074000 0.520000 -0.347000 0.000000 0.000000
12:52:37 45.200001 -1.850000 0.000000 172.479996 145.067993 193.039993 6.851000 -1.010000 4.781000 1466629.482000 453130.558000 13.266334 80.567329 0.000000 -0.074000 0.520000 -0.347000 0.000000 0.000000
12:52:38 45.500000 -1.850000 0.000000 172.479996 144.740005 192.809998 6.753000 -0.910000 4.957000 1466630.559000 453130.479000 13.266343 80.567329 0.000000 -0.074000 0.520000 -0.347000 0.000000 0.000000
12:52:39 45.700001 -1.850000 0.000000 172.479996 144.507004 192.500000 6.658000 -0.730000 5.035000 1466631.646000 453130.411000 13.266354 80.567329 0.000000 -0.074000 0.520000 -0.347000 0.000000 0.000000
12:52:40 46.099998 -1.850000 0.000000 172.479996 144.389008 192.360001 6.661000 -0.910000 4.698000 1466632.767000 453130.367000 13.266363 80.567329 0.000000 -0.074000 0.520000 -0.347000 0.000000 0.000000
12:52:41 46.400002 -1.850000 0.000000 172.479996 144.501999 192.550003 6.873000 -1.160000 4.592000 1466633.903000 453130.337000 13.266374 80.567322 0.000000 -0.074000 0.520000 -0.347000 0.000000 0.000000
12:52:42 46.599998 -1.850000 0.000000 172.479996 144.852005 192.839996 7.257000 -1.320000 4.752000 1466635.074000 453130.315000 13.266384 80.567329 0.000000 -0.074000 0.520000 -0.347000 0.000000 0.000000
12:52:43 46.900002 -1.850000 0.000000 172.479996 145.343994 193.229996 7.646000 -1.740000 4.502000 1466636.248000 453130.299000 13.266395 80.567322 0.000000 -0.074000 0.520000 -0.347000 0.000000 0.000000
12:52:44 47.099998 -1.850000 0.000000 172.479996 145.878006 193.779999 7.929000 -2.040000 4.454000 1466637.435000 453130.286000 13.266405 80.567322 0.000000 -0.074000 0.520000 -0.347000 0.000000 0.000000
12:52:45 47.500000 -1.850000 0.000000 172.479996 146.341003 194.259995 8.113000 -2.200000 4.382000 1466638.611000 453130.249000 13.266417 80.567322 0.000000 -0.074000 0.520000 -0.347000 0.000000 0.000000
12:52:46 47.799999 -1.850000 0.000000 172.479996 146.675003 194.669998 8.274000 -2.230000 4.545000 1466639.775000 453130.199000 13.266427 80.567322 0.000000 -0.074000 0.520000 -0.347000 0.000000 0.000000
12:52:47 48.000000 -1.850000 0.000000 172.479996 146.921997 194.880005 8.473000 -2.350000 4.511000 1466640.893000 453130.128000 13.266437 80.567322 0.000000 -0.074000 0.520000 -0.347000 0.000000 0.000000
12:52:48 48.299999 -1.850000 0.000000 172.479996 147.093994 195.080002 8.642000 -2.520000 4.543000 1466642.030000 453130.041000 13.266447 80.567322 0.000000 -0.074000 0.520000 -0.347000 0.000000 0.000000
12:52:49 48.599998 -1.850000 0.000000 172.479996 147.074997 195.059998 8.769000 -2.460000 4.686000 1466643.137000 453129.981000 13.266457 80.567322 0.000000 -0.074000 0.520000 -0.347000 0.000000 0.000000
12:52:50 48.900002 -1.850000 0.000000 172.479996 146.848999 194.899994 8.896000 -2.560000 4.736000 1466644.269000 453129.907000 13.266467 80.567322 0.000000 -0.074000 0.520000 -0.347000 0.000000 0.000000
12:52:51 49.200001 -1.850000 0.000000 172.479996 146.498993 194.610001 9.018000 -2.600000 4.787000 1466645.439000 453129.845000 13.266478 80.567322 0.000000 -0.074000 0.520000 -0.347000 0.000000 0.000000
12:52:52 49.500000 -1.850000 0.000000 172.479996 146.156998 194.360001 9.144000 -2.780000 4.593000 1466646.631000 453129.769000 13.266489 80.567322 0.000000 -0.074000 0.520000 -0.347000 0.000000 0.000000
12:52:53 49.700001 -1.850000 0.000000 172.479996 145.990997 194.240005 9.277000 -2.890000 4.653000 1466647.817000 453129.666000 13.266500 80.567322 0.000000 -0.074000 0.520000 -0.347000 0.000000 0.000000
12:52:54 50.099998 -1.850000 0.000000 172.479996 146.009003 194.270004 9.384000 -2.920000 4.731000 1466649.005000 453129.564000 13.266510 80.567322 0.000000 -0.074000 0.520000 -0.347000 0.000000 0.000000
12:52:55 50.299999 -1.850000 0.000000 172.479996 146.085999 194.380005 9.383000 -2.970000 4.663000 1466650.167000 453129.436000 13.266521 80.567314 0.000000 -0.074000 0.520000 -0.347000 0.000000 0.000000
12:52:56 50.700001 -1.850000 0.000000 172.479996 146.143997 194.380005 9.336000 -2.880000 4.813000 1466651.305000 453129.273000 13.266531 80.567314 0.000000 -0.074000 0.520000 -0.347000 0.000000 0.000000
12:52:57 50.900002 -1.850000 0.000000 172.479996 146.205002 194.429993 9.357000 -2.640000 5.150000 1466652.426000 453129.110000 13.266541 80.567314 0.000000 -0.074000 0.520000 -0.347000 0.000000 0.000000
12:52:58 51.200001 -1.850000 0.000000 172.479996 146.272003 194.429993 9.424000 -2.600000 5.094000 1466653.557000 453128.934000 13.266551 80.567314 0.000000 -0.074000 0.520000 -0.347000 0.000000 0.000000
12:52:59 51.500000 -1.850000 0.000000 172.479996 146.270004 194.449997 9.495000 -2.760000 4.855000 1466654.701000 453128.788000 13.266562 80.567314 0.000000 -0.074000 0.520000 -0.347000 0.000000 0.000000
12:53:00 51.799999 -1.850000 0.000000 172.479996 146.162003 194.470001 9.537000 -2.760000 5.044000 1466655.855000 453128.654000 13.266572 80.567307 0.000000 -0.074000 0.520000 -0.347000 0.000000 0.000000
12:53:01 52.099998 -1.850000 0.000000 172.479996 145.960999 194.270004 9.496000 -2.780000 4.880000 1466656.954000 453128.557000 13.266582 80.567307 0.000000 -0.074000 0.520000 -0.347000 0.000000 0.000000
12:53:02 52.500000 -1.850000 0.000000 172.479996 145.766998 193.960007 9.436000 -2.900000 4.755000 1466658.168000 453128.470000 13.266593 80.567307 0.000000 -0.074000 0.520000 -0.347000 0.000000 0.000000
12:53:03 52.700001 -1.850000 0.000000 172.479996 145.673996 193.910004 9.431000 -3.000000 4.642000 1466659.256000 453128.397000 13.266603 80.567307 0.000000 -0.074000 0.520000 -0.347000 0.000000 0.000000
12:53:04 53.000000 -1.850000 0.000000 172.479996 145.794006 194.029999 9.500000 -3.190000 4.463000 1466660.483000 453128.309000 13.266614 80.567307 0.000000 -0.074000 0.520000 -0.347000 0.000000 0.000000
12:53:05 53.299999 -1.850000 0.000000 172.479996 146.151993 194.339996 9.638000 -3.420000 4.250000 1466661.598000 453128.248000 13.266624 80.567307 0.000000 -0.074000 0.520000 -0.347000 0.000000 0.000000
12:53:06 53.599998 -1.850000 0.000000 172.479996 146.796005 194.929993 9.829000 -3.550000 4.270000 1466662.833000 453128.122000 13.266635 80.567307 0.000000 -0.074000 0.520000 -0.347000 0.000000 0.000000
12:53:07 53.900002 -1.850000 0.000000 172.479996 147.716003 195.690002 10.036000 -3.490000 4.541000 1466663.991000 453127.998000 13.266645 80.567307 0.000000 -0.074000 0.520000 -0.347000 0.000000 0.000000
12:53:08 54.200001 -1.850000 0.000000 172.479996 148.714005 196.610001 10.213000 -3.720000 4.141000 1466665.213000 453127.874000 13.266657 80.567299 0.000000 -0.074000 0.520000 -0.347000 0.000000 0.000000
12:53:09 54.500000 -1.850000 0.000000 172.479996 149.701004 197.520004 10.383000 -3.890000 4.163000 1466666.308000 453127.762000 13.266666 80.567299 0.000000 -0.074000 0.520000 -0.347000 0.000000 0.000000
12:53:10 54.799999 -1.850000 0.000000 172.479996 150.591003 198.429993 10.506000 -4.010000 4.030000 1466667.460000 453127.657000 13.266677 80.567299 0.000000 -0.074000 0.520000 -0.347000 0.000000 0.000000
12:53:11 55.099998 -1.850000 0.000000 172.479996 151.272995 199.080002 10.588000 -4.250000 3.929000 1466668.520000 453127.569000 13.266687 80.567299 0.000000 -0.074000 0.520000 -0.347000 0.000000 0.000000
12:53:12 55.400002 -1.850000 0.000000 172.479996 151.744003 199.529999 10.691000 -4.230000 4.139000 1466669.555000 453127.490000 13.266695 80.567299 0.000000 -0.074000 0.520000 -0.347000 0.000000 0.000000
12:53:13 55.700001 -1.850000 0.000000 172.479996 152.020996 199.809998 10.846000 -4.520000 3.899000 1466670.562000 453127.429000 13.266706 80.567299 0.000000 -0.074000 0.520000 -0.347000 0.000000 0.000000
12:53:14 56.000000 -1.850000 0.000000 172.479996 152.110001 200.110001 10.942000 -4.620000 4.100000 1466671.750000 453127.350000 13.266713 80.567299 0.000000 -0.074000 0.520000 -0.347000 0.000000 0.000000
12:53:15 56.299999 -1.850000 0.000000 172.479996 152.046997 199.990005 10.936000 -4.440000 4.253000 1466672.671000 453127.283000 13.266725 80.567299 0.000000 -0.074000 0.520000 -0.347000 0.000000 0.000000
12:53:16 56.599998 -1.850000 0.000000 172.479996 151.841003 199.800003 10.866000 -4.390000 4.232000 1466673.873000 453127.177000 13.266734 80.567299 0.000000 -0.074000 0.520000 -0.347000 0.000000 0.000000
12:53:17 56.900002 -1.850000 0.000000 172.479996 151.554993 199.490005 10.778000 -4.240000 4.089000 1466674.903000 453127.096000 13.266745 80.567299 0.000000 -0.074000 0.520000 -0.347000 0.000000 0.000000
12:53:18 57.200001 -1.850000 0.000000 172.479996 151.268997 199.179993 10.641000 -4.190000 4.159000 1466676.111000 453127.018000 13.266755 80.567291 0.000000 -0.074000 0.520000 -0.347000 0.000000 0.000000
12:53:19 57.500000 -1.850000 0.000000 172.479996 151.076004 198.860001 10.421000 -3.850000 4.385000 1466677.124000 453126.944000 13.266764 80.567291 0.000000 -0.074000 0.520000 -0.347000 0.000000 0.000000
12:53:20 57.799999 -1.850000 0.000000 172.479996 151.065002 198.789993 10.167000 -3.710000 4.296000 1466678.181000 453126.893000 13.266774 80.567291 0.000000 -0.074000 0.520000 -0.347000 0.000000 0.000000
12:53:21 58.099998 -1.850000 0.000000 172.479996 151.214996 199.070007 10.003000 -3.650000 4.368000 1466679.201000 453126.866000 13.266782 80.567291 0.000000 -0.074000 0.520000 -0.347000 0.000000 0.000000
12:53:22 58.299999 -1.850000 0.000000 172.479996 151.447006 199.220001 9.954000 -3.590000 4.394000 1466680.182000 453126.844000 13.266792 80.567291 0.000000 -0.074000 0.520000 -0.347000 0.000000 0.000000
12:53:23 58.599998 -1.850000 0.000000 172.479996 151.688004 199.449997 9.922000 -3.660000 4.280000 1466681.147000 453126.829000 13.266800 80.567291 0.000000 -0.074000 0.520000 -0.347000 0.000000 0.000000
12:53:24 58.900002 -1.850000 0.000000 172.479996 151.869995 199.610001 9.920000 -3.670000 4.281000 1466682.135000 453126.802000 13.266810 80.567291 0.000000 -0.074000 0.520000 -0.347000 0.000000 0.000000
12:53:25 59.200001 -1.850000 0.000000 172.479996 151.964005 199.740005 9.949000 -3.640000 4.309000 1466683.143000 453126.778000 13.266818 80.567291 0.000000 -0.074000 0.520000 -0.347000 0.000000 0.000000
12:53:26 59.500000 -1.850000 0.000000 172.479996 152.029999 199.779999 9.969000 -3.680000 4.164000 1466684.218000 453126.748000 13.266828 80.567291 0.000000 -0.074000 0.520000 -0.347000 0.000000 0.000000
12:53:27 59.799999 -1.850000 0.000000 172.479996 152.147995 199.889999 10.007000 -3.710000 4.209000 1466685.241000 453126.699000 13.266838 80.567291 0.000000 -0.074000 0.520000 -0.347000 0.000000 0.000000
12:53:28 60.099998 -1.850000 0.000000 172.479996 152.341003 199.990005 10.045000 -3.550000 4.407000 1466686.305000 453126.669000 13.266847 80.567291 0.000000 -0.074000 0.520000 -0.347000 0.000000 0.000000
12:53:29 60.299999 -1.850000 0.000000 172.479996 152.615997 200.270004 10.045000 -3.750000 4.093000 1466687.347000 453126.623000 13.266857 80.567291 0.000000 -0.074000 0.520000 -0.347000 0.000000 0.000000
12:53:30 60.700001 -1.850000 0.000000 172.479996 153.020996 200.619995 9.978000 -3.690000 4.149000 1466688.321000 453126.588000 13.266865 80.567291 0.000000 -0.074000 0.520000 -0.347000 0.000000 0.000000
12:53:31 60.900002 -1.850000 0.000000 172.479996 153.578003 201.020004 9.863000 -3.720000 4.052000 1466689.288000 453126.552000 13.266874 80.567291 0.000000 -0.074000 0.520000 -0.347000 0.000000 0.000000
12:53:32 61.200001 -1.850000 0.000000 172.479996 154.276001 201.639999 9.721000 -3.660000 3.974000 1466690.222000 453126.516000 13.266881 80.567291 0.000000 -0.074000 0.520000 -0.347000 0.000000 0.000000
12:53:33 61.500000 -1.850000 0.000000 172.479996 155.013000 202.320007 9.559000 -3.540000 4.167000 1466691.125000 453126.493000 13.266891 80.567291 0.000000 -0.074000 0.520000 -0.347000 0.000000 0.000000
12:53:34 61.500000 -1.850000 0.000000 172.479996 155.664993 202.949997 9.362000 -3.350000 4.191000 1466692.028000 453126.452000 13.266898 80.567291 0.000000 -0.074000 0.520000 -0.347000 0.000000 0.000000
12:53:35 62.099998 -1.850000 0.000000 172.479996 156.132004 203.369995 9.159000 -3.130000 4.356000 1466692.950000 453126.415000 13.266907 80.567291 0.000000 -0.074000 0.520000 -0.347000 0.000000 0.000000
12:53:36 62.299999 -1.850000 0.000000 172.479996 156.363007 203.500000 9.007000 -2.850000 4.454000 1466693.895000 453126.354000 13.266916 80.567291 0.000000 -0.074000 0.520000 -0.347000 0.000000 0.000000
12:53:37 62.599998 -1.850000 0.000000 172.479996 156.328995 203.460007 8.956000 -2.970000 4.099000 1466694.850000 453126.292000 13.266924 80.567284 0.000000 -0.074000 0.520000 -0.347000 0.000000 0.000000
12:53:38 63.000000 -1.850000 0.000000 172.479996 156.104004 203.330002 8.977000 -3.180000 3.838000 1466695.816000 453126.223000 13.266933 80.567284 0.000000 -0.074000 0.520000 -0.347000 0.000000 0.000000
12:53:39 63.299999 -1.850000 0.000000 172.479996 155.753998 203.039993 8.971000 -3.320000 3.651000 1466696.737000 453126.174000 13.266941 80.567284 0.000000 -0.074000 0.520000 -0.347000 0.000000 0.000000
12:53:40 63.500000 -1.850000 0.000000 172.479996 155.304993 202.559998 8.882000 -3.200000 3.843000 1466697.658000 453126.130000 13.266951 80.567284 0.000000 -0.074000 0.520000 -0.347000 0.000000 0.000000
12:53:41 63.799999 -1.850000 0.000000 172.479996 154.761993 202.080002 8.721000 -3.100000 3.814000 1466698.568000 453126.108000 13.266957 80.567284 0.000000 -0.074000 0.520000 -0.347000 0.000000 0.000000
12:53:42 64.000000 -1.850000 0.000000 172.479996 154.197006 201.490005 8.543000 -3.060000 3.663000 1466699.465000 453126.075000 13.266965 80.567284 0.000000 -0.074000 0.520000 -0.347000 0.000000 0.000000
12:53:43 64.300003 -1.850000 0.000000 172.479996 153.688995 201.210007 8.426000 -3.040000 3.650000 1466700.359000 453126.052000 13.266974 80.567284 0.000000 -0.074000 0.520000 -0.347000 0.000000 0.000000
12:53:44 64.599998 -1.850000 0.000000 172.479996 153.227005 200.800003 8.340000 -2.920000 3.809000 1466701.257000 453126.041000 13.266981 80.567284 0.000000 -0.074000 0.520000 -0.347000 0.000000 0.000000
12:53:45 64.800003 -1.850000 0.000000 172.479996 152.792999 200.330002 8.269000 -2.800000 3.855000 1466702.158000 453126.014000 13.266991 80.567284 0.000000 -0.074000 0.520000 -0.347000 0.000000 0.000000
12:53:46 65.099998 -1.850000 0.000000 172.479996 152.436996 200.000000 8.248000 -2.750000 3.931000 1466703.062000 453125.975000 13.266997 80.567284 0.000000 -0.074000 0.520000 -0.347000 0.000000 0.000000
12:53:47 65.400002 -1.850000 0.000000 172.479996 152.154007 199.679993 8.288000 -2.710000 3.934000 1466703.957000 453125.926000 13.267007 80.567284 0.000000 -0.074000 0.520000 -0.347000 0.000000 0.000000
12:53:48 65.699997 -1.850000 0.000000 172.479996 151.880997 199.460007 8.397000 -2.690000 4.062000 1466704.857000 453125.861000 13.267014 80.567284 0.000000 -0.074000 0.520000 -0.347000 0.000000 0.000000
12:53:49 65.900002 -1.850000 0.000000 172.479996 151.559998 199.160004 8.516000 -2.660000 4.177000 1466705.732000 453125.787000 13.267023 80.567284 0.000000 -0.074000 0.520000 -0.347000 0.000000 0.000000
12:53:50 66.199997 -1.850000 0.000000 172.479996 151.182999 198.860001 8.581000 -2.810000 3.992000 1466706.625000 453125.699000 13.267030 80.567284 0.000000 -0.074000 0.520000 -0.347000 0.000000 0.000000
12:53:51 66.500000 -1.850000 0.000000 172.479996 150.787003 198.479996 8.584000 -2.740000 4.184000 1466707.343000 453125.599000 13.267037 80.567284 0.000000 -0.074000 0.520000 -0.347000 0.000000 0.000000
12:53:52 66.800003 -1.850000 0.000000 172.479996 150.352005 198.149994 8.557000 -2.570000 4.362000 1466708.351000 453125.539000 13.267047 80.567284 0.000000 -0.074000 0.520000 -0.347000 0.000000 0.000000
12:53:53 67.099998 -1.850000 0.000000 172.479996 149.850006 197.610001 8.500000 -2.540000 4.309000 1466709.056000 453125.451000 13.267054 80.567276 0.000000 -0.074000 0.520000 -0.347000 0.000000 0.000000
12:53:54 67.300003 -1.850000 0.000000 172.479996 149.356995 197.259995 8.440000 -2.470000 4.387000 1466710.052000 453125.404000 13.267062 80.567276 0.000000 -0.074000 0.520000 -0.347000 0.000000 0.000000
12:53:55 67.599998 -1.850000 0.000000 172.479996 148.964996 196.779999 8.447000 -2.440000 4.379000 1466710.900000 453125.356000 13.267069 80.567276 0.000000 -0.074000 0.520000 -0.347000 0.000000 0.000000
12:53:56 67.800003 -1.850000 0.000000 172.479996 148.712006 196.559998 8.542000 -2.630000 4.121000 1466711.751000 453125.334000 13.267077 80.567276 0.000000 -0.074000 0.520000 -0.347000 0.000000 0.000000
12:53:57 68.099998 -1.850000 0.000000 172.479996 148.572998 196.419998 8.672000 -3.000000 3.714000 1466712.604000 453125.310000 13.267084 80.567276 0.000000 -0.074000 0.520000 -0.347000 0.000000 0.000000
12:53:58 68.400002 -1.850000 0.000000 172.479996 148.494003 196.449997 8.766000 -3.120000 3.866000 1466713.444000 453125.298000 13.267093 80.567276 0.000000 -0.074000 0.520000 -0.347000 0.000000 0.000000
12:53:59 68.699997 -1.850000 0.000000 172.479996 148.442993 196.399994 8.743000 -3.020000 4.009000 1466714.296000 453125.275000 13.267100 80.567276 0.000000 -0.074000 0.520000 -0.347000 0.000000 0.000000
12:54:00 68.900002 -1.850000 0.000000 172.479996 148.462006 196.419998 8.678000 -3.130000 3.736000 1466715.008000 453125.264000 13.267107 80.567276 0.000000 -0.074000 0.520000 -0.347000 0.000000 0.000000
12:54:01 69.199997 -1.850000 0.000000 172.479996 148.617996 196.500000 8.703000 -2.990000 4.028000 1466715.984000 453125.210000 13.267116 80.567276 0.000000 -0.074000 0.520000 -0.347000 0.000000 0.000000
12:54:02 69.400002 -1.850000 0.000000 172.479996 148.893005 196.770004 8.793000 -3.010000 3.949000 1466716.977000 453125.167000 13.267122 80.567276 0.000000 -0.074000 0.520000 -0.347000 0.000000 0.000000
12:54:03 69.699997 -1.850000 0.000000 172.479996 149.194000 197.100006 8.874000 -3.120000 3.849000 1466717.693000 453125.105000 13.267132 80.567276 0.000000 -0.074000 0.520000 -0.347000 0.000000 0.000000
12:54:04 70.000000 -1.850000 0.000000 172.479996 149.445007 197.250000 8.941000 -3.090000 3.919000 1466718.651000 453125.043000 13.267138 80.567276 0.000000 -0.074000 0.520000 -0.347000 0.000000 0.000000
12:54:05 70.199997 -1.850000 0.000000 172.479996 149.608002 197.520004 8.983000 -3.240000 3.709000 1466719.376000 453124.967000 13.267147 80.567276 0.000000 -0.074000 0.520000 -0.347000 0.000000 0.000000
12:54:06 70.500000 -1.850000 0.000000 172.479996 149.710007 197.580002 8.986000 -3.380000 3.502000 1466720.334000 453124.937000 13.267153 80.567276 0.000000 -0.074000 0.520000 -0.347000 0.000000 0.000000
12:54:07 70.800003 -1.850000 0.000000 172.479996 149.787994 197.570007 8.957000 -3.510000 3.326000 1466720.983000 453124.866000 13.267159 80.567276 0.000000 -0.074000 0.520000 -0.347000 0.000000 0.000000
12:54:08 71.000000 -1.850000 0.000000 172.479996 149.811005 197.529999 8.896000 -3.520000 3.282000 1466721.729000 453124.829000 13.267168 80.567276 0.000000 -0.074000 0.520000 -0.347000 0.000000 0.000000
12:54:09 71.099998 -1.850000 0.000000 172.479996 149.710007 197.600006 8.805000 -3.550000 3.173000 1466722.492000 453124.799000 13.267174 80.567276 0.000000 -0.074000 0.520000 -0.347000 0.000000 0.000000
12:54:10 71.300003 -1.850000 0.000000 172.479996 149.445999 197.339996 8.698000 -3.560000 3.101000 1466723.243000 453124.779000 13.267181 80.567276 0.000000 -0.074000 0.520000 -0.347000 0.000000 0.000000
12:54:11 71.500000 -1.850000 0.000000 172.479996 149.072006 197.059998 8.550000 -3.410000 3.239000 1466723.975000 453124.755000 13.267187 80.567276 0.000000 -0.074000 0.520000 -0.347000 0.000000 0.000000
12:54:12 71.500000 -1.850000 0.000000 172.479996 148.639008 196.669998 8.365000 -3.310000 3.198000 1466724.706000 453124.731000 13.267195 80.567276 0.000000 -0.074000 0.520000 -0.347000 0.000000 0.000000
12:54:13 71.599998 -1.850000 0.000000 172.479996 148.154007 196.139999 8.176000 -3.170000 3.116000 1466725.429000 453124.707000 13.267200 80.567268 0.000000 -0.074000 0.520000 -0.347000 0.000000 0.000000
12:54:14 71.699997 -1.850000 0.000000 172.479996 147.602997 195.570007 8.016000 -3.010000 3.281000 1466726.121000 453124.683000 13.267208 80.567268 0.000000 -0.074000 0.520000 -0.347000 0.000000 0.000000
12:54:15 71.800003 -1.850000 0.000000 172.479996 146.957001 195.089996 7.859000 -2.840000 3.228000 1466726.821000 453124.659000 13.267213 80.567268 0.000000 -0.074000 0.520000 -0.347000 0.000000 0.000000
12:54:16 71.900002 -1.850000 0.000000 172.479996 146.220993 194.339996 7.788000 -2.940000 3.044000 1466727.526000 453124.635000 13.267219 80.567268 0.000000 -0.074000 0.520000 -0.347000 0.000000 0.000000
12:54:17 71.900002 -1.850000 0.000000 172.479996 145.425003 193.610001 7.815000 -2.760000 3.259000 1466728.225000 453124.629000 13.267226 80.567268 0.000000 -0.074000 0.520000 -0.347000 0.000000 0.000000
12:54:18 72.000000 -1.850000 0.000000 172.479996 144.617004 192.960007 7.897000 -2.820000 3.302000 1466728.913000 453124.607000 13.267231 80.567268 0.000000 -0.074000 0.520000 -0.347000 0.000000 0.000000
12:54:19 72.000000 -1.850000 0.000000 172.479996 143.832001 192.289993 7.975000 -2.710000 3.548000 1466729.582000 453124.602000 13.267239 80.567268 0.000000 -0.074000 0.520000 -0.347000 0.000000 0.000000
12:54:20 72.099998 -1.850000 0.000000 172.479996 143.063004 191.550003 8.032000 -2.810000 3.440000 1466730.257000 453124.605000 13.267243 80.567268 0.000000 -0.074000 0.520000 -0.347000 0.000000 0.000000
12:54:21 72.099998 -1.850000 0.000000 172.479996 142.294998 190.820007 8.067000 -2.710000 3.647000 1466730.922000 453124.622000 13.267251 80.567268 0.000000 -0.074000 0.520000 -0.347000 0.000000 0.000000
12:54:22 72.300003 -1.850000 0.000000 172.479996 141.533997 190.229996 8.124000 -2.820000 3.502000 1466731.562000 453124.653000 13.267256 80.567268 0.000000 -0.074000 0.520000 -0.347000 0.000000 0.000000
12:54:23 72.400002 -1.850000 0.000000 172.479996 140.776993 189.509995 8.293000 -2.870000 3.626000 1466732.213000 453124.680000 13.267262 80.567268 0.000000 -0.074000 0.520000 -0.347000 0.000000 0.000000
12:54:24 72.500000 -1.850000 0.000000 172.479996 140.020004 188.789993 8.612000 -3.100000 3.584000 1466732.857000 453124.707000 13.267268 80.567268 0.000000 -0.074000 0.520000 -0.347000 0.000000 0.000000
12:54:25 72.500000 -1.850000 0.000000 172.479996 139.281006 188.309998 8.994000 -3.250000 3.855000 1466733.479000 453124.727000 13.267273 80.567276 0.000000 -0.074000 0.520000 -0.347000 0.000000 0.000000
12:54:26 72.500000 -1.850000 0.000000 172.479996 138.529999 187.580002 9.290000 -3.370000 4.000000 1466734.118000 453124.753000 13.267280 80.567276 0.000000 -0.074000 0.520000 -0.347000 0.000000 0.000000
12:54:27 72.599998 -1.850000 0.000000 172.479996 137.759003 187.009995 9.422000 -3.410000 4.025000 1466734.763000 453124.762000 13.267284 80.567276 0.000000 -0.074000 0.520000 -0.347000 0.000000 0.000000
12:54:28 72.699997 -1.850000 0.000000 172.479996 136.962006 186.149994 9.400000 -3.370000 4.137000 1466735.431000 453124.745000 13.267292 80.567276 0.000000 -0.074000 0.520000 -0.347000 0.000000 0.000000
12:54:29 72.900002 -1.850000 0.000000 172.479996 136.179001 185.399994 9.295000 -3.180000 4.216000 1466736.119000 453124.721000 13.267297 80.567268 0.000000 -0.074000 0.520000 -0.347000 0.000000 0.000000
12:54:30 73.000000 -1.850000 0.000000 172.479996 135.459000 184.740005 9.183000 -3.120000 4.240000 1466736.817000 453124.671000 13.267304 80.567268 0.000000 -0.074000 0.520000 -0.347000 0.000000 0.000000
12:54:31 73.199997 -1.850000 0.000000 172.479996 134.837006 184.080002 9.103000 -2.900000 4.446000 1466737.511000 453124.634000 13.267309 80.567268 0.000000 -0.074000 0.520000 -0.347000 0.000000 0.000000
12:54:32 73.400002 -1.850000 0.000000 172.479996 134.317001 183.589996 9.090000 -2.840000 4.470000 1466738.214000 453124.597000 13.267316 80.567268 0.000000 -0.074000 0.520000 -0.347000 0.000000 0.000000
12:54:33 73.599998 -1.850000 0.000000 172.479996 133.912003 183.210007 9.163000 -2.860000 4.471000 1466738.902000 453124.560000 13.267323 80.567268 0.000000 -0.074000 0.520000 -0.347000 0.000000 0.000000
12:54:34 73.900002 -1.850000 0.000000 172.479996 133.664993 183.000000 9.275000 -3.050000 4.321000 1466739.602000 453124.523000 13.267328 80.567268 0.000000 -0.074000 0.520000 -0.347000 0.000000 0.000000
12:54:35 74.099998 -1.850000 0.000000 172.479996 133.582001 182.940002 9.374000 -3.270000 4.109000 1466740.328000 453124.482000 13.267336 80.567268 0.000000 -0.074000 0.520000 -0.347000 0.000000 0.000000
12:54:36 74.300003 -1.850000 0.000000 172.479996 133.645996 182.919998 9.450000 -3.290000 4.151000 1466741.052000 453124.432000 13.267342 80.567268 0.000000 -0.074000 0.520000 -0.347000 0.000000 0.000000
12:54:37 74.500000 -1.850000 0.000000 172.479996 133.806000 183.259995 9.455000 -3.300000 4.201000 1466741.798000 453124.383000 13.267349 80.567268 0.000000 -0.074000 0.520000 -0.347000 0.000000 0.000000
12:54:38 74.699997 -1.850000 0.000000 172.479996 134.007004 183.320007 9.383000 -3.180000 4.273000 1466742.562000 453124.333000 13.267356 80.567268 0.000000 -0.074000 0.520000 -0.347000 0.000000 0.000000
12:54:39 74.900002 -1.850000 0.000000 172.479996 134.192001 183.410004 9.269000 -3.170000 4.122000 1466743.344000 453124.297000 13.267363 80.567268 0.000000 -0.074000 0.520000 -0.347000 0.000000 0.000000
12:54:40 75.000000 -1.850000 0.000000 172.479996 134.335999 183.619995 9.114000 -2.840000 4.599000 1466744.124000 453124.237000 13.267370 80.567268 0.000000 -0.074000 0.520000 -0.347000 0.000000 0.000000
12:54:41 75.199997 -1.850000 0.000000 172.479996 134.412003 183.539993 8.924000 -2.850000 4.262000 1466744.905000 453124.200000 13.267377 80.567268 0.000000 -0.074000 0.520000 -0.347000 0.000000 0.000000
12:54:42 75.300003 -1.850000 0.000000 172.479996 134.401001 183.600006 8.819000 -2.870000 4.248000 1466745.680000 453124.163000 13.267385 80.567268 0.000000 -0.074000 0.520000 -0.347000 0.000000 0.000000
12:54:43 75.500000 -1.850000 0.000000 172.479996 134.289993 183.389999 8.940000 -2.950000 4.190000 1466746.455000 453124.126000 13.267390 80.567268 0.000000 -0.074000 0.520000 -0.347000 0.000000 0.000000
12:54:44 75.800003 -1.850000 0.000000 172.479996 134.087006 183.279999 9.296000 -3.110000 4.253000 1466747.223000 453124.089000 13.267398 80.567268 0.000000 -0.074000 0.520000 -0.347000 0.000000 0.000000
12:54:45 76.000000 -1.850000 0.000000 172.479996 133.807007 183.100006 9.894000 -3.350000 4.443000 1466748.004000 453124.038000 13.267405 80.567268 0.000000 -0.074000 0.520000 -0.347000 0.000000 0.000000
12:54:46 76.199997 -1.850000 0.000000 172.479996 133.460007 182.740005 10.658000 -3.970000 4.164000 1466748.790000 453123.989000 13.267412 80.567268 0.000000 -0.074000 0.520000 -0.347000 0.000000 0.000000
12:54:47 76.400002 -1.850000 0.000000 172.479996 133.056000 182.429993 11.479000 -4.670000 4.048000 1466749.583000 453123.926000 13.267419 80.567261 0.000000 -0.074000 0.520000 -0.347000 0.000000 0.000000
12:54:48 76.500000 -1.850000 0.000000 172.479996 132.570007 181.899994 12.266000 -5.140000 4.215000 1466750.319000 453123.825000 13.267426 80.567261 0.000000 -0.074000 0.520000 -0.347000 0.000000 0.000000
12:54:49 76.699997 -1.850000 0.000000 172.479996 131.979996 181.539993 12.891000 -5.710000 4.049000 1466751.187000 453123.788000 13.267434 80.567261 0.000000 -0.074000 0.520000 -0.347000 0.000000 0.000000
12:54:50 76.900002 -1.850000 0.000000 172.479996 131.283005 180.990005 13.305000 -6.060000 4.170000 1466751.954000 453123.661000 13.267441 80.567261 0.000000 -0.074000 0.520000 -0.347000 0.000000 0.000000
12:54:51 77.000000 -1.850000 0.000000 172.479996 130.501007 180.190002 13.519000 -6.140000 4.376000 1466752.833000 453123.638000 13.267449 80.567261 0.000000 -0.074000 0.520000 -0.347000 0.000000 0.000000
12:54:52 77.199997 -1.850000 0.000000 172.479996 129.628006 179.440002 13.567000 -6.240000 4.267000 1466753.712000 453123.589000 13.267456 80.567261 0.000000 -0.074000 0.520000 -0.347000 0.000000 0.000000
12:54:53 77.400002 -1.850000 0.000000 172.479996 128.662994 178.570007 13.497000 -6.220000 4.341000 1466754.495000 453123.462000 13.267464 80.567261 0.000000 -0.074000 0.520000 -0.347000 0.000000 0.000000
12:54:54 77.599998 -1.850000 0.000000 172.479996 127.616997 177.389999 13.336000 -6.050000 4.424000 1466755.388000 453123.413000 13.267471 80.567261 0.000000 -0.074000 0.520000 -0.347000 0.000000 0.000000
12:54:55 77.699997 -1.850000 0.000000 172.479996 126.508003 176.259995 13.108000 -5.840000 4.515000 1466756.201000 453123.273000 13.267480 80.567261 0.000000 -0.074000 0.520000 -0.347000 0.000000 0.000000
12:54:56 77.800003 -1.850000 0.000000 172.479996 125.364998 175.190002 12.819000 -5.580000 4.551000 1466757.051000 453123.237000 13.267487 80.567261 0.000000 -0.074000 0.520000 -0.347000 0.000000 0.000000
12:54:57 77.900002 -1.850000 0.000000 172.479996 124.213997 173.960007 12.473000 -5.320000 4.602000 1466757.838000 453123.110000 13.267494 80.567253 0.000000 -0.074000 0.520000 -0.347000 0.000000 0.000000
12:54:58 78.000000 -1.850000 0.000000 172.479996 123.066002 172.759995 12.103000 -4.990000 4.681000 1466758.645000 453123.027000 13.267502 80.567253 0.000000 -0.074000 0.520000 -0.347000 0.000000 0.000000
12:54:59 78.000000 -1.850000 0.000000 172.479996 121.913002 171.699997 11.716000 -4.830000 4.467000 1466759.416000 453122.971000 13.267508 80.567253 0.000000 -0.074000 0.520000 -0.347000 0.000000 0.000000
12:55:00 78.099998 -1.850000 0.000000 172.479996 120.754997 170.429993 11.331000 -4.480000 4.667000 1466760.118000 453122.895000 13.267515 80.567253 0.000000 -0.074000 0.520000 -0.347000 0.000000 0.000000
12:55:01 78.099998 -1.850000 0.000000 172.479996 119.584999 169.240005 10.971000 -4.200000 4.591000 1466760.879000 453122.823000 13.267521 80.567253 0.000000 -0.074000 0.520000 -0.347000 0.000000 0.000000
12:55:02 78.199997 -1.850000 0.000000 172.479996 118.398003 168.089996 10.662000 -4.090000 4.471000 1466761.616000 453122.760000 13.267529 80.567253 0.000000 -0.074000 0.520000 -0.347000 0.000000 0.000000
12:55:03 78.199997 -1.850000 0.000000 172.479996 117.202003 166.869995 10.443000 -3.760000 4.727000 1466762.366000 453122.663000 13.267535 80.567253 0.000000 -0.074000 0.520000 -0.347000 0.000000 0.000000
12:55:04 78.300003 -1.850000 0.000000 172.479996 116.001999 165.809998 10.320000 -3.640000 4.634000 1466763.159000 453122.575000 13.267542 80.567253 0.000000 -0.074000 0.520000 -0.347000 0.000000 0.000000
12:55:05 78.300003 -1.850000 0.000000 172.479996 114.808998 164.630005 10.311000 -3.510000 4.832000 1466763.997000 453122.487000 13.267550 80.567253 0.000000 -0.074000 0.520000 -0.347000 0.000000 0.000000
12:55:06 78.599998 -1.850000 0.000000 172.479996 113.611000 163.369995 10.427000 -3.400000 5.054000 1466764.819000 453122.387000 13.267557 80.567253 0.000000 -0.074000 0.520000 -0.347000 0.000000 0.000000
12:55:07 78.599998 -1.850000 0.000000 172.479996 112.394997 162.110001 10.620000 -3.650000 4.806000 1466765.648000 453122.308000 13.267565 80.567253 0.000000 -0.074000 0.520000 -0.347000 0.000000 0.000000
12:55:08 78.699997 -1.850000 0.000000 172.479996 111.155998 160.929993 10.858000 -3.700000 5.074000 1466766.475000 453122.207000 13.267572 80.567245 0.000000 -0.074000 0.520000 -0.347000 0.000000 0.000000
12:55:09 78.699997 -1.850000 0.000000 172.479996 109.884003 159.740005 11.097000 -3.840000 4.998000 1466767.280000 453122.132000 13.267580 80.567245 0.000000 -0.074000 0.520000 -0.347000 0.000000 0.000000
12:55:10 78.800003 -1.850000 0.000000 172.479996 108.588997 158.559998 11.316000 -4.030000 4.995000 1466768.066000 453122.044000 13.267586 80.567245 0.000000 -0.074000 0.520000 -0.347000 0.000000 0.000000
12:55:11 78.900002 -1.850000 0.000000 172.479996 107.283997 157.279999 11.493000 -4.170000 5.002000 1466768.801000 453121.968000 13.267592 80.567245 0.000000 -0.074000 0.520000 -0.347000 0.000000 0.000000
12:55:12 78.900002 -1.850000 0.000000 172.479996 105.986000 156.119995 11.624000 -4.220000 5.169000 1466769.533000 453121.893000 13.267599 80.567245 0.000000 -0.074000 0.520000 -0.347000 0.000000 0.000000
12:55:13 78.900002 -1.850000 0.000000 172.479996 104.695000 154.910004 11.703000 -4.210000 5.167000 1466770.255000 453121.805000 13.267606 80.567245 0.000000 -0.074000 0.520000 -0.347000 0.000000 0.000000
12:55:14 79.000000 -1.850000 0.000000 172.479996 103.417000 153.660004 11.732000 -4.390000 5.010000 1466770.970000 453121.723000 13.267613 80.567245 0.000000 -0.074000 0.520000 -0.347000 0.000000 0.000000
12:55:15 79.000000 -1.850000 0.000000 172.479996 102.163002 152.419998 11.716000 -4.220000 5.293000 1466771.676000 453121.622000 13.267618 80.567245 0.000000 -0.074000 0.520000 -0.347000 0.000000 0.000000
12:55:16 79.099998 -1.850000 0.000000 172.479996 100.932999 151.270004 11.631000 -4.150000 5.237000 1466772.418000 453121.528000 13.267626 80.567245 0.000000 -0.074000 0.520000 -0.347000 0.000000 0.000000
12:55:17 79.099998 -1.850000 0.000000 172.479996 99.745003 150.050003 11.484000 -4.120000 5.171000 1466773.152000 453121.402000 13.267632 80.567238 0.000000 -0.074000 0.520000 -0.347000 0.000000 0.000000
12:55:18 79.099998 -1.850000 0.000000 172.479996 98.608002 148.850006 11.291000 -3.900000 5.309000 1466773.894000 453121.282000 13.267639 80.567238 0.000000 -0.074000 0.520000 -0.347000 0.000000 0.000000
12:55:19 79.199997 -1.850000 0.000000 172.479996 97.526001 147.809998 11.061000 -3.750000 5.311000 1466774.653000 453121.143000 13.267646 80.567238 0.000000 -0.074000 0.520000 -0.347000 0.000000 0.000000
12:55:20 79.199997 -1.850000 0.000000 172.479996 96.500999 146.669998 10.806000 -3.450000 5.473000 1466775.432000 453121.004000 13.267653 80.567238 0.000000 -0.074000 0.520000 -0.347000 0.000000 0.000000
12:55:21 79.300003 -1.850000 0.000000 172.479996 95.524002 145.779999 10.525000 -3.210000 5.597000 1466776.209000 453120.865000 13.267660 80.567238 0.000000 -0.074000 0.520000 -0.347000 0.000000 0.000000
12:55:22 79.300003 -1.850000 0.000000 172.479996 94.578003 144.800003 10.234000 -2.810000 5.899000 1466776.967000 453120.713000 13.267667 80.567230 0.000000 -0.074000 0.520000 -0.347000 0.000000 0.000000
12:55:23 79.300003 -1.850000 0.000000 172.479996 93.638000 143.910004 9.942000 -2.450000 6.122000 1466777.703000 453120.592000 13.267673 80.567230 0.000000 -0.074000 0.520000 -0.347000 0.000000 0.000000
12:55:24 79.300003 -1.850000 0.000000 172.479996 92.704002 142.929993 9.648000 -2.250000 5.989000 1466778.405000 453120.470000 13.267679 80.567230 0.000000 -0.074000 0.520000 -0.347000 0.000000 0.000000
12:55:25 79.300003 -1.850000 0.000000 172.479996 91.785004 141.960007 9.337000 -2.130000 5.801000 1466779.042000 453120.356000 13.267686 80.567230 0.000000 -0.074000 0.520000 -0.347000 0.000000 0.000000
12:55:26 79.099998 -1.850000 0.000000 172.479996 90.912003 141.009995 9.002000 -2.110000 5.447000 1466779.652000 453120.272000 13.267690 80.567230 0.000000 -0.074000 0.520000 -0.347000 0.000000 0.000000
12:55:27 79.099998 -1.850000 0.000000 172.479996 90.107002 140.199997 8.687000 -1.770000 5.688000 1466780.235000 453120.184000 13.267695 80.567230 0.000000 -0.074000 0.520000 -0.347000 0.000000 0.000000
12:55:28 79.000000 -1.850000 0.000000 172.479996 89.371002 139.419998 8.434000 -1.370000 5.894000 1466780.818000 453120.095000 13.267700 80.567230 0.000000 -0.074000 0.520000 -0.347000 0.000000 0.000000
12:55:29 78.900002 -1.850000 0.000000 172.479996 88.716003 138.740005 8.273000 -1.430000 5.565000 1466781.413000 453120.017000 13.267706 80.567230 0.000000 -0.074000 0.520000 -0.347000 0.000000 0.000000
12:55:30 78.900002 -1.850000 0.000000 172.479996 88.125000 138.169998 8.239000 -1.210000 5.915000 1466782.026000 453119.928000 13.267713 80.567230 0.000000 -0.074000 0.520000 -0.347000 0.000000 0.000000
12:55:31 78.800003 -1.850000 0.000000 172.479996 87.598999 137.630005 8.319000 -1.140000 6.029000 1466782.652000 453119.828000 13.267717 80.567223 0.000000 -0.074000 0.520000 -0.347000 0.000000 0.000000
12:55:32 78.699997 -1.850000 0.000000 172.479996 87.134003 137.210007 8.497000 -1.400000 5.755000 1466783.289000 453119.739000 13.267724 80.567223 0.000000 -0.074000 0.520000 -0.347000 0.000000 0.000000
12:55:33 78.599998 -1.850000 0.000000 172.479996 86.737000 136.830002 8.752000 -1.620000 5.688000 1466783.929000 453119.638000 13.267729 80.567223 0.000000 -0.074000 0.520000 -0.347000 0.000000 0.000000
12:55:34 78.500000 -1.850000 0.000000 172.479996 86.391998 136.539993 9.078000 -1.750000 5.896000 1466784.574000 453119.536000 13.267736 80.567223 0.000000 -0.074000 0.520000 -0.347000 0.000000 0.000000
12:55:35 78.400002 -1.850000 0.000000 172.479996 86.079002 136.339996 9.439000 -2.150000 5.645000 1466785.222000 453119.422000 13.267740 80.567223 0.000000 -0.074000 0.520000 -0.347000 0.000000 0.000000
12:55:36 78.300003 -1.850000 0.000000 172.479996 85.775002 136.199997 9.821000 -2.240000 6.021000 1466785.699000 453119.256000 13.267746 80.567223 0.000000 -0.074000 0.520000 -0.347000 0.000000 0.000000
12:55:37 78.199997 -1.850000 0.000000 172.479996 85.461998 135.919998 10.153000 -2.550000 5.726000 1466786.475000 453119.195000 13.267752 80.567223 0.000000 -0.074000 0.520000 -0.347000 0.000000 0.000000
12:55:38 78.199997 -1.850000 0.000000 172.479996 85.146004 135.750000 10.412000 -2.940000 5.498000 1466786.896000 453119.016000 13.267757 80.567215 0.000000 -0.074000 0.520000 -0.347000 0.000000 0.000000
12:55:39 78.099998 -1.850000 0.000000 172.479996 84.850998 135.479996 10.594000 -3.070000 5.611000 1466787.662000 453118.954000 13.267764 80.567215 0.000000 -0.074000 0.520000 -0.347000 0.000000 0.000000
12:55:40 78.099998 -1.850000 0.000000 172.479996 84.602997 135.279999 10.694000 -2.840000 6.219000 1466788.062000 453118.776000 13.267768 80.567215 0.000000 -0.074000 0.520000 -0.347000 0.000000 0.000000
12:55:41 78.000000 -1.850000 0.000000 172.479996 84.396004 135.149994 10.705000 -2.670000 6.383000 1466788.818000 453118.727000 13.267775 80.567215 0.000000 -0.074000 0.520000 -0.347000 0.000000 0.000000
12:55:42 78.000000 -1.850000 0.000000 172.479996 84.239998 135.110001 10.618000 -2.560000 6.489000 1466789.181000 453118.574000 13.267777 80.567215 0.000000 -0.074000 0.520000 -0.347000 0.000000 0.000000
12:55:43 77.900002 -1.850000 0.000000 172.479996 84.123001 134.960007 10.429000 -2.430000 6.443000 1466789.913000 453118.510000 13.267784 80.567215 0.000000 -0.074000 0.520000 -0.347000 0.000000 0.000000
12:55:44 77.900002 -1.850000 0.000000 172.479996 84.058998 134.740005 10.155000 -2.460000 5.910000 1466790.658000 453118.439000 13.267787 80.567215 0.000000 -0.074000 0.520000 -0.347000 0.000000 0.000000
12:55:45 77.900002 -1.850000 0.000000 172.479996 84.063004 134.660004 9.849000 -2.460000 5.819000 1466790.997000 453118.266000 13.267793 80.567215 0.000000 -0.074000 0.520000 -0.347000 0.000000 0.000000
12:55:46 77.800003 -1.850000 0.000000 172.479996 84.137001 134.720001 9.563000 -2.130000 6.020000 1466791.554000 453118.148000 13.267799 80.567207 0.000000 -0.074000 0.520000 -0.347000 0.000000 0.000000
12:55:47 77.800003 -1.850000 0.000000 172.479996 84.291000 134.970001 9.364000 -1.770000 6.348000 1466792.133000 453117.997000 13.267803 80.567207 0.000000 -0.074000 0.520000 -0.347000 0.000000 0.000000
12:55:48 77.800003 -1.850000 0.000000 172.479996 84.502998 135.169998 9.298000 -1.510000 6.599000 1466792.752000 453117.846000 13.267810 80.567207 0.000000 -0.074000 0.520000 -0.347000 0.000000 0.000000
12:55:49 77.800003 -1.850000 0.000000 172.479996 84.753998 135.350006 9.358000 -1.640000 6.308000 1466793.379000 453117.681000 13.267815 80.567207 0.000000 -0.074000 0.520000 -0.347000 0.000000 0.000000
12:55:50 77.800003 -1.850000 0.000000 172.479996 85.013000 135.589996 9.530000 -1.820000 6.226000 1466794.015000 453117.537000 13.267821 80.567207 0.000000 -0.074000 0.520000 -0.347000 0.000000 0.000000
12:55:51 77.800003 -1.850000 0.000000 172.479996 85.272003 135.910004 9.792000 -1.850000 6.438000 1466794.645000 453117.387000 13.267826 80.567200 0.000000 -0.074000 0.520000 -0.347000 0.000000 0.000000
12:55:52 77.800003 -1.850000 0.000000 172.479996 85.508003 136.199997 10.131000 -1.980000 6.639000 1466795.267000 453117.253000 13.267833 80.567200 0.000000 -0.074000 0.520000 -0.347000 0.000000 0.000000
12:55:53 77.800003 -1.850000 0.000000 172.479996 85.705002 136.509995 10.543000 -1.890000 7.179000 1466795.880000 453117.106000 13.267837 80.567200 0.000000 -0.074000 0.520000 -0.347000 0.000000 0.000000
12:55:54 77.800003 -1.850000 0.000000 172.479996 85.853996 136.710007 10.977000 -2.330000 7.004000 1466796.477000 453116.996000 13.267842 80.567200 0.000000 -0.074000 0.520000 -0.347000 0.000000 0.000000
12:55:55 77.800003 -1.850000 0.000000 172.479996 85.973999 136.919998 11.382000 -2.640000 6.999000 1466797.051000 453116.900000 13.267849 80.567200 0.000000 -0.074000 0.520000 -0.347000 0.000000 0.000000
12:55:56 77.800003 -1.850000 0.000000 172.479996 86.108002 137.070007 11.710000 -2.900000 6.944000 1466797.605000 453116.790000 13.267852 80.567200 0.000000 -0.074000 0.520000 -0.347000 0.000000 0.000000
12:55:57 77.599998 -1.850000 0.000000 172.479996 86.279999 137.360001 11.942000 -2.900000 7.160000 1466798.153000 453116.689000 13.267859 80.567200 0.000000 -0.074000 0.520000 -0.347000 0.000000 0.000000
12:55:58 77.599998 -1.850000 0.000000 172.479996 86.529999 137.649994 12.046000 -3.250000 6.742000 1466798.708000 453116.588000 13.267862 80.567192 0.000000 -0.074000 0.520000 -0.347000 0.000000 0.000000
12:55:59 77.599998 -1.850000 0.000000 172.479996 86.859001 137.929993 12.049000 -3.500000 6.518000 1466799.255000 453116.466000 13.267869 80.567192 0.000000 -0.074000 0.520000 -0.347000 0.000000 0.000000
12:56:00 77.400002 -1.850000 0.000000 172.479996 87.247002 138.399994 11.984000 -3.160000 7.059000 1466799.803000 453116.353000 13.267872 80.567192 0.000000 -0.074000 0.520000 -0.347000 0.000000 0.000000
12:56:01 77.500000 -1.850000 0.000000 172.479996 87.658997 138.789993 11.871000 -3.040000 7.007000 1466800.341000 453116.226000 13.267877 80.567192 0.000000 -0.074000 0.520000 -0.347000 0.000000 0.000000
12:56:02 77.400002 -1.850000 0.000000 172.479996 88.083000 139.229996 11.754000 -2.810000 7.337000 1466800.866000 453116.102000 13.267883 80.567192 0.000000 -0.074000 0.520000 -0.347000 0.000000 0.000000
12:56:03 77.400002 -1.850000 0.000000 172.479996 88.502998 139.649994 11.650000 -2.580000 7.427000 1466801.415000 453115.981000 13.267886 80.567192 0.000000 -0.074000 0.520000 -0.347000 0.000000 0.000000
12:56:04 77.199997 -1.850000 0.000000 172.479996 88.920998 140.039993 11.570000 -2.690000 7.086000 1466801.937000 453115.880000 13.267893 80.567192 0.000000 -0.074000 0.520000 -0.347000 0.000000 0.000000
12:56:05 77.199997 -1.850000 0.000000 172.479996 89.365997 140.580002 11.530000 -2.720000 7.067000 1466802.445000 453115.792000 13.267896 80.567192 0.000000 -0.074000 0.520000 -0.347000 0.000000 0.000000
12:56:06 77.099998 -1.850000 0.000000 172.479996 89.819000 140.960007 11.535000 -2.720000 6.985000 1466802.963000 453115.704000 13.267902 80.567184 0.000000 -0.074000 0.520000 -0.347000 0.000000 0.000000
12:56:07 77.000000 -1.850000 0.000000 172.479996 90.272003 141.440002 11.600000 -2.820000 6.971000 1466803.519000 453115.616000 13.267905 80.567184 0.000000 -0.074000 0.520000 -0.347000 0.000000 0.000000
12:56:08 77.000000 -1.850000 0.000000 172.479996 90.697998 141.809998 11.735000 -2.830000 7.087000 1466804.076000 453115.528000 13.267912 80.567184 0.000000 -0.074000 0.520000 -0.347000 0.000000 0.000000
12:56:09 77.000000 -1.850000 0.000000 172.479996 91.084999 142.369995 11.935000 -2.900000 7.199000 1466804.655000 453115.414000 13.267916 80.567184 0.000000 -0.074000 0.520000 -0.347000 0.000000 0.000000
12:56:10 76.900002 -1.850000 0.000000 172.479996 91.426003 142.699997 12.183000 -3.130000 7.100000 1466805.237000 453115.308000 13.267921 80.567184 0.000000 -0.074000 0.520000 -0.347000 0.000000 0.000000
12:56:11 77.000000 -1.850000 0.000000 172.479996 91.717003 143.039993 12.454000 -3.350000 7.083000 1466805.836000 453115.181000 13.267928 80.567184 0.000000 -0.074000 0.520000 -0.347000 0.000000 0.000000
12:56:12 76.900002 -1.850000 0.000000 172.479996 91.959000 143.369995 12.740000 -3.490000 7.190000 1466806.412000 453115.068000 13.267932 80.567184 0.000000 -0.074000 0.520000 -0.347000 0.000000 0.000000
12:56:14 76.800003 -50.240002 0.000000 133.020004 92.141998 143.539993 13.027000 -3.680000 7.234000 1466807.004000 453114.954000 13.267939 80.567184 0.000000 -0.057000 0.313000 -0.002000 0.000000 0.000000
12:56:15 76.900002 -50.240002 0.000000 133.020004 92.264000 143.820007 13.388000 -3.730000 7.435000 1466807.723000 453114.831000 13.267944 80.567177 0.000000 -0.057000 0.313000 -0.002000 0.000000 0.000000
12:56:15 76.900002 -50.240002 0.000000 133.020004 92.290001 143.979996 13.602000 -3.970000 7.382000 1466808.158000 453114.732000 13.267949 80.567177 0.000000 -0.057000 0.313000 -0.002000 0.000000 0.000000
12:56:16 76.800003 -50.240002 0.000000 133.020004 92.281998 144.110001 13.829000 -4.010000 7.610000 1466808.710000 453114.615000 13.267953 80.567177 0.000000 -0.057000 0.313000 -0.002000 0.000000 0.000000
12:56:17 76.800003 -50.240002 0.000000 133.020004 92.241997 144.029999 13.975000 -4.310000 7.258000 1466809.272000 453114.513000 13.267960 80.567177 0.000000 -0.057000 0.313000 -0.002000 0.000000 0.000000
12:56:18 76.800003 -50.240002 0.000000 133.020004 92.181999 144.039993 14.045000 -4.360000 7.437000 1466809.836000 453114.400000 13.267963 80.567177 0.000000 -0.057000 0.313000 -0.002000 0.000000 0.000000
12:56:19 76.800003 -50.240002 0.000000 133.020004 92.111000 143.970001 14.013000 -4.370000 7.389000 1466810.435000 453114.296000 13.267968 80.567177 0.000000 -0.057000 0.313000 -0.002000 0.000000 0.000000
12:56:20 76.800003 -50.240002 0.000000 133.020004 92.035004 143.919998 13.911000 -4.150000 7.631000 1466811.049000 453114.157000 13.267975 80.567177 0.000000 -0.057000 0.313000 -0.002000 0.000000 0.000000
12:56:21 76.699997 -50.240002 0.000000 133.020004 91.952003 143.789993 13.753000 -4.140000 7.522000 1466811.682000 453114.029000 13.267980 80.567169 0.000000 -0.057000 0.313000 -0.002000 0.000000 0.000000
12:56:22 76.699997 -50.240002 0.000000 133.020004 91.859001 143.660004 13.570000 -3.920000 7.655000 1466812.315000 453113.889000 13.267986 80.567169 0.000000 -0.057000 0.313000 -0.002000 0.000000 0.000000
12:56:23 76.699997 -50.240002 0.000000 133.020004 91.750999 143.509995 13.381000 -3.740000 7.682000 1466812.969000 453113.738000 13.267992 80.567169 0.000000 -0.057000 0.313000 -0.002000 0.000000 0.000000
12:56:24 76.800003 -50.240002 0.000000 133.020004 91.622002 143.369995 13.217000 -3.520000 7.782000 1466813.596000 453113.586000 13.267999 80.567169 0.000000 -0.057000 0.313000 -0.002000 0.000000 0.000000
12:56:25 76.699997 -50.240002 0.000000 133.020004 91.487000 143.169998 13.065000 -3.650000 7.318000 1466814.241000 453113.447000 13.268003 80.567169 0.000000 -0.057000 0.313000 -0.002000 0.000000 0.000000
12:56:27 76.800003 -50.240002 0.000000 133.020004 91.342003 143.039993 12.944000 -3.520000 7.575000 1466814.786000 453113.244000 13.268009 80.567162 0.000000 -0.057000 0.313000 -0.002000 0.000000 0.000000
12:56:27 76.699997 -50.240002 0.000000 133.020004 91.166000 142.800003 12.859000 -3.290000 7.725000 1466815.514000 453113.145000 13.268016 80.567162 0.000000 -0.057000 0.313000 -0.002000 0.000000 0.000000
12:56:29 76.800003 -50.150002 0.000000 131.820007 90.952003 142.669998 12.834000 -3.150000 7.899000 1466816.071000 453112.968000 13.268021 80.567162 0.000000 -0.052000 0.334000 -0.018000 0.000000 0.000000
12:56:29 76.800003 -50.150002 0.000000 131.820007 90.616997 142.380005 12.898000 -3.060000 8.158000 1466816.928000 453112.864000 13.268027 80.567162 0.000000 -0.052000 0.334000 -0.018000 0.000000 0.000000
12:56:30 76.800003 -50.150002 0.000000 131.820007 90.344002 142.080002 12.995000 -3.040000 8.156000 1466817.312000 453112.755000 13.268032 80.567162 0.000000 -0.052000 0.334000 -0.018000 0.000000 0.000000
12:56:31 76.800003 -50.150002 0.000000 131.820007 89.958000 141.729996 13.148000 -3.220000 8.019000 1466818.025000 453112.680000 13.268039 80.567162 0.000000 -0.052000 0.334000 -0.018000 0.000000 0.000000
12:56:32 76.800003 -50.150002 0.000000 131.820007 89.553001 141.360001 13.307000 -3.380000 7.891000 1466818.520000 453112.554000 13.268043 80.567162 0.000000 -0.052000 0.334000 -0.018000 0.000000 0.000000
12:56:33 76.699997 -50.150002 0.000000 131.820007 89.137001 141.000000 13.408000 -3.900000 7.345000 1466819.238000 453112.466000 13.268049 80.567154 0.000000 -0.052000 0.334000 -0.018000 0.000000 0.000000
12:56:34 76.800003 -50.150002 0.000000 131.820007 88.717003 140.600006 13.467000 -3.550000 8.093000 1466819.921000 453112.357000 13.268054 80.567154 0.000000 -0.052000 0.334000 -0.018000 0.000000 0.000000
12:56:35 76.800003 -50.150002 0.000000 131.820007 88.293999 140.149994 13.450000 -3.600000 7.826000 1466820.464000 453112.189000 13.268060 80.567154 0.000000 -0.052000 0.334000 -0.018000 0.000000 0.000000
12:56:36 76.800003 -50.150002 0.000000 131.820007 87.880997 139.759995 13.380000 -3.400000 8.232000 1466821.125000 453112.016000 13.268066 80.567154 0.000000 -0.052000 0.334000 -0.018000 0.000000 0.000000
12:56:37 76.800003 -50.150002 0.000000 131.820007 87.487999 139.369995 13.256000 -3.250000 8.175000 1466821.779000 453111.869000 13.268072 80.567154 0.000000 -0.052000 0.334000 -0.018000 0.000000 0.000000
12:56:38 76.800003 -50.150002 0.000000 131.820007 87.114998 138.919998 13.088000 -3.220000 8.014000 1466822.411000 453111.737000 13.268078 80.567154 0.000000 -0.052000 0.334000 -0.018000 0.000000 0.000000
12:56:39 76.800003 -50.150002 0.000000 131.820007 86.771004 138.559998 12.890000 -3.030000 8.244000 1466823.047000 453111.585000 13.268084 80.567146 0.000000 -0.052000 0.334000 -0.018000 0.000000 0.000000
12:56:40 76.800003 -50.150002 0.000000 131.820007 86.443001 138.199997 12.652000 -3.000000 7.673000 1466823.668000 453111.447000 13.268089 80.567146 0.000000 -0.052000 0.334000 -0.018000 0.000000 0.000000
12:56:41 76.900002 -50.150002 0.000000 131.820007 86.142998 137.860001 12.404000 -3.120000 7.505000 1466824.270000 453111.321000 13.268094 80.567146 0.000000 -0.052000 0.334000 -0.018000 0.000000 0.000000
12:56:42 76.900002 -50.150002 0.000000 131.820007 85.867996 137.509995 12.163000 -3.080000 7.188000 1466824.861000 453111.195000 13.268100 80.567146 0.000000 -0.052000 0.334000 -0.018000 0.000000 0.000000
12:56:43 77.000000 -50.150002 0.000000 131.820007 85.617996 137.160004 11.961000 -3.250000 6.671000 1466825.470000 453111.069000 13.268106 80.567146 0.000000 -0.052000 0.334000 -0.018000 0.000000 0.000000
12:56:44 77.000000 -50.150002 0.000000 131.820007 85.408997 136.860001 11.849000 -3.280000 6.580000 1466826.080000 453110.920000 13.268110 80.567146 0.000000 -0.052000 0.334000 -0.018000 0.000000 0.000000
12:56:45 77.199997 -50.150002 0.000000 131.820007 85.245003 136.660004 11.877000 -3.280000 6.562000 1466826.717000 453110.793000 13.268117 80.567139 0.000000 -0.052000 0.334000 -0.018000 0.000000 0.000000
12:56:46 77.300003 -50.150002 0.000000 131.820007 85.136002 136.470001 12.070000 -3.380000 6.564000 1466827.390000 453110.621000 13.268123 80.567139 0.000000 -0.052000 0.334000 -0.018000 0.000000 0.000000
12:56:47 77.400002 -50.150002 0.000000 131.820007 85.102997 136.410004 12.383000 -3.810000 6.141000 1466828.083000 453110.457000 13.268129 80.567139 0.000000 -0.052000 0.334000 -0.018000 0.000000 0.000000
12:56:48 77.400002 -50.150002 0.000000 131.820007 85.148003 136.460007 12.799000 -4.110000 6.312000 1466828.780000 453110.281000 13.268136 80.567139 0.000000 -0.052000 0.334000 -0.018000 0.000000 0.000000
12:56:49 77.699997 -50.150002 0.000000 131.820007 85.252998 136.580002 13.266000 -4.410000 6.273000 1466829.494000 453110.117000 13.268143 80.567139 0.000000 -0.052000 0.334000 -0.018000 0.000000 0.000000
12:56:50 77.900002 -50.150002 0.000000 131.820007 85.399002 136.820007 13.724000 -4.930000 6.036000 1466830.203000 453109.940000 13.268148 80.567131 0.000000 -0.052000 0.334000 -0.018000 0.000000 0.000000
12:56:51 78.000000 -50.150002 0.000000 131.820007 85.557999 136.800003 14.112000 -5.300000 5.953000 1466830.900000 453109.776000 13.268155 80.567131 0.000000 -0.052000 0.334000 -0.018000 0.000000 0.000000
12:56:52 78.099998 -50.150002 0.000000 131.820007 85.691002 136.960007 14.398000 -5.490000 6.141000 1466831.599000 453109.625000 13.268161 80.567131 0.000000 -0.052000 0.334000 -0.018000 0.000000 0.000000
12:56:53 78.300003 -50.150002 0.000000 131.820007 85.764000 137.089996 14.551000 -5.680000 5.919000 1466832.290000 453109.474000 13.268167 80.567131 0.000000 -0.052000 0.334000 -0.018000 0.000000 0.000000
12:56:54 78.400002 -50.150002 0.000000 131.820007 85.762001 136.899994 14.583000 -5.870000 5.820000 1466832.958000 453109.297000 13.268173 80.567131 0.000000 -0.052000 0.334000 -0.018000 0.000000 0.000000
12:56:55 78.599998 -50.150002 0.000000 131.820007 85.695999 136.910004 14.502000 -5.680000 6.096000 1466833.625000 453109.146000 13.268179 80.567123 0.000000 -0.052000 0.334000 -0.018000 0.000000 0.000000
12:56:56 78.800003 -50.150002 0.000000 131.820007 85.591003 136.750000 14.296000 -5.580000 5.991000 1466834.284000 453108.994000 13.268186 80.567123 0.000000 -0.052000 0.334000 -0.018000 0.000000 0.000000
12:56:57 78.900002 -50.150002 0.000000 131.820007 85.482002 136.529999 13.980000 -5.320000 6.168000 1466834.935000 453108.830000 13.268191 80.567123 0.000000 -0.052000 0.334000 -0.018000 0.000000 0.000000
12:56:58 79.000000 -50.150002 0.000000 131.820007 85.386002 136.289993 13.565000 -4.980000 6.158000 1466835.593000 453108.692000 13.268197 80.567123 0.000000 -0.052000 0.334000 -0.018000 0.000000 0.000000
12:56:59 79.099998 -50.150002 0.000000 131.820007 85.314003 136.080002 13.085000 -4.600000 6.232000 1466836.246000 453108.541000 13.268203 80.567123 0.000000 -0.052000 0.334000 -0.018000 0.000000 0.000000
12:57:00 79.199997 -50.150002 0.000000 131.820007 85.261002 135.889999 12.553000 -4.450000 5.763000 1466836.890000 453108.403000 13.268209 80.567123 0.000000 -0.052000 0.334000 -0.018000 0.000000 0.000000
12:57:01 79.199997 -50.150002 0.000000 131.820007 85.251999 135.679993 12.019000 -4.090000 5.845000 1466837.526000 453108.265000 13.268214 80.567116 0.000000 -0.052000 0.334000 -0.018000 0.000000 0.000000
12:57:02 79.400002 -50.150002 0.000000 131.820007 85.274002 135.610001 11.504000 -3.840000 5.606000 1466838.158000 453108.139000 13.268220 80.567116 0.000000 -0.052000 0.334000 -0.018000 0.000000 0.000000
12:57:03 79.500000 -50.150002 0.000000 131.820007 85.314003 135.600006 11.053000 -3.500000 5.704000 1466838.806000 453108.001000 13.268227 80.567116 0.000000 -0.052000 0.334000 -0.018000 0.000000 0.000000
12:57:04 79.500000 -50.150002 0.000000 131.820007 85.360001 135.460007 10.689000 -3.060000 5.887000 1466839.439000 453107.907000 13.268231 80.567116 0.000000 -0.052000 0.334000 -0.018000 0.000000 0.000000
12:57:06 79.599998 -52.759998 0.000000 125.730003 85.388000 135.449997 10.429000 -2.690000 6.167000 1466840.066000 453107.781000 13.268238 80.567116 0.000000 -0.059000 0.329000 -0.041000 0.000000 0.000000
12:57:06 79.599998 -52.759998 0.000000 125.730003 85.377998 135.360001 10.274000 -2.460000 6.167000 1466840.833000 453107.664000 13.268245 80.567116 0.000000 -0.059000 0.329000 -0.041000 0.000000 0.000000
12:57:07 79.699997 -52.759998 0.000000 125.730003 85.344002 135.300003 10.264000 -2.500000 6.058000 1466841.339000 453107.586000 13.268249 80.567116 0.000000 -0.059000 0.329000 -0.041000 0.000000 0.000000
12:57:08 79.699997 -52.759998 0.000000 125.730003 85.281998 135.250000 10.330000 -2.630000 5.812000 1466841.956000 453107.502000 13.268254 80.567108 0.000000 -0.059000 0.329000 -0.041000 0.000000 0.000000
12:57:10 79.699997 -52.820000 0.000000 126.839996 85.208000 135.160004 10.443000 -2.830000 5.685000 1466842.562000 453107.428000 13.268260 80.567108 0.000000 -0.043000 0.328000 -0.001000 0.000000 0.000000
12:57:11 79.699997 -52.820000 0.000000 126.839996 85.108002 135.130005 10.594000 -2.890000 5.592000 1466843.304000 453107.334000 13.268267 80.567108 0.000000 -0.043000 0.335000 -0.007000 0.000000 0.000000
12:57:12 79.699997 -52.830002 0.000000 126.839996 85.018997 134.960007 10.694000 -3.250000 5.279000 1466843.935000 453107.259000 13.268272 80.567108 0.000000 -0.048000 0.338000 -0.023000 0.000000 0.000000
12:57:13 79.800003 -52.860001 0.000000 126.839996 84.922997 134.970001 10.781000 -3.220000 5.627000 1466844.577000 453107.180000 13.268278 80.567108 0.000000 -0.047000 0.339000 -0.034000 0.000000 0.000000
12:57:14 79.800003 -52.900002 0.000000 126.839996 84.813004 134.759995 10.834000 -3.240000 5.448000 1466845.230000 453107.097000 13.268284 80.567108 0.000000 -0.046000 0.334000 -0.040000 0.000000 0.000000
12:57:15 79.800003 -52.939999 0.000000 126.839996 84.683998 134.699997 10.865000 -3.370000 5.497000 1466845.851000 453107.036000 13.268290 80.567108 0.000000 -0.046000 0.323000 -0.041000 0.000000 0.000000
12:57:16 79.800003 -52.980000 0.000000 126.839996 84.535004 134.580002 10.875000 -3.200000 5.754000 1466846.520000 453106.949000 13.268295 80.567108 0.000000 -0.044000 0.322000 -0.032000 0.000000 0.000000
12:57:17 79.900002 -53.000000 0.000000 126.839996 84.366997 134.399994 10.860000 -3.220000 5.567000 1466847.093000 453106.888000 13.268301 80.567108 0.000000 -0.042000 0.317000 -0.019000 0.000000 0.000000
12:57:18 79.800003 -53.020000 0.000000 126.839996 84.190002 134.270004 10.832000 -3.280000 5.532000 1466847.754000 453106.787000 13.268307 80.567108 0.000000 -0.040000 0.322000 -0.006000 0.000000 0.000000
12:57:19 79.900002 -53.020000 0.000000 126.839996 84.005997 134.020004 10.791000 -3.250000 5.384000 1466848.310000 453106.739000 13.268312 80.567108 0.000000 -0.042000 0.327000 -0.001000 0.000000 0.000000
12:57:20 79.900002 -53.020000 0.000000 126.839996 83.823997 133.850006 10.747000 -3.380000 5.236000 1466848.983000 453106.651000 13.268318 80.567101 0.000000 -0.049000 0.341000 -0.002000 0.000000 0.000000
12:57:23 79.900002 -53.070000 0.000000 126.839996 83.345001 133.309998 10.664000 -3.160000 5.622000 1466851.005000 453106.387000 13.268336 80.567101 0.000000 -0.056000 0.358000 -0.027000 0.000000 0.000000
12:57:24 80.000000 -53.099998 0.000000 126.839996 83.194000 133.160004 10.650000 -3.120000 5.521000 1466851.708000 453106.287000 13.268343 80.567101 0.000000 -0.055000 0.355000 -0.029000 0.000000 0.000000
12:57:25 80.000000 -53.119999 0.000000 126.839996 83.032997 133.020004 10.642000 -3.080000 5.734000 1466852.385000 453106.188000 13.268349 80.567101 0.000000 -0.050000 0.347000 -0.027000 0.000000 0.000000
12:57:26 80.099998 -53.150002 0.000000 126.839996 82.849998 132.860001 10.611000 -3.060000 5.511000 1466853.077000 453106.102000 13.268355 80.567101 0.000000 -0.043000 0.334000 -0.023000 0.000000 0.000000
12:57:26 80.099998 -53.150002 0.000000 126.839996 82.644997 132.860001 10.559000 -3.060000 5.467000 1466853.747000 453106.015000 13.268361 80.567101 0.000000 -0.043000 0.334000 -0.023000 0.000000 0.000000
12:57:26 80.000000 -53.150002 0.000000 126.839996 82.600998 132.860001 10.547000 -3.060000 5.497000 1466853.874000 453105.995000 13.268362 80.567101 0.000000 -0.043000 0.334000 -0.023000 0.000000 0.000000
12:57:26 80.000000 -53.150002 0.000000 126.839996 82.556000 132.860001 10.534000 -3.060000 5.523000 1466854.000000 453105.976000 13.268363 80.567101 0.000000 -0.043000 0.334000 -0.023000 0.000000 0.000000
12:57:27 80.000000 -53.150002 0.000000 126.839996 82.556000 132.860001 10.520000 -3.060000 5.549000 1466854.127000 453105.956000 13.268365 80.567101 0.000000 -0.043000 0.334000 -0.023000 0.000000 0.000000
12:57:27 80.000000 -53.150002 0.000000 126.839996 82.556000 132.860001 10.520000 -3.060000 5.549000 1466854.254000 453105.937000 13.268365 80.567101 0.000000 -0.043000 0.334000 -0.023000 0.000000 0.000000
12:57:27 80.099998 -53.150002 0.000000 126.839996 82.556000 132.860001 10.520000 -3.060000 5.549000 1466854.365000 453105.955000 13.268365 80.567101 0.000000 -0.043000 0.334000 -0.023000 0.000000 0.000000
12:57:27 80.099998 -53.150002 0.000000 126.839996 82.556000 132.860001 10.520000 -3.060000 5.549000 1466854.492000 453105.938000 13.268365 80.567101 0.000000 -0.043000 0.334000 -0.023000 0.000000 0.000000
12:57:27 80.099998 -53.150002 0.000000 126.839996 82.556000 132.860001 10.520000 -3.060000 5.549000 1466854.619000 453105.921000 13.268365 80.567101 0.000000 -0.043000 0.334000 -0.023000 0.000000 0.000000
12:57:28 80.099998 -53.150002 0.000000 126.839996 82.556000 132.860001 10.520000 -3.060000 5.549000 0.006000 0.005500 13.268365 80.567101 0.000000 -0.043000 0.334000 -0.023000 0.000000 0.000000
12:57:28 80.099998 -53.150002 0.000000 126.839996 82.155998 132.860001 10.426000 -3.060000 5.747000 0.006000 0.005500 13.268373 80.567093 0.000000 -0.043000 0.334000 -0.023000 0.000000 0.000000
12:57:28 80.099998 -53.150002 0.000000 126.839996 82.100998 132.860001 10.411000 -3.060000 5.673000 1466855.152000 453105.847000 13.268373 80.567093 0.000000 -0.043000 0.334000 -0.023000 0.000000 0.000000
12:57:28 80.099998 -53.150002 0.000000 126.839996 82.045998 132.860001 10.396000 -3.060000 5.593000 1466855.279000 453105.827000 13.268374 80.567093 0.000000 -0.043000 0.334000 -0.023000 0.000000 0.000000
12:57:29 80.099998 -53.150002 0.000000 126.839996 81.990997 132.860001 10.380000 -3.060000 5.521000 1466855.406000 453105.807000 13.268376 80.567093 0.000000 -0.043000 0.334000 -0.023000 0.000000 0.000000
12:57:29 80.099998 -53.150002 0.000000 126.839996 81.990997 132.860001 10.380000 -3.060000 5.521000 1466855.533000 453105.788000 13.268376 80.567093 0.000000 -0.043000 0.334000 -0.023000 0.000000 0.000000
12:57:29 80.099998 -53.150002 0.000000 126.839996 81.990997 132.860001 10.380000 -3.060000 5.521000 1466855.620000 453105.817000 13.268376 80.567093 0.000000 -0.043000 0.334000 -0.023000 0.000000 0.000000
12:57:29 80.099998 -53.150002 0.000000 126.839996 81.990997 132.860001 10.380000 -3.060000 5.521000 1466855.747000 453105.798000 13.268376 80.567093 0.000000 -0.043000 0.334000 -0.023000 0.000000 0.000000
12:57:29 80.099998 -53.150002 0.000000 126.839996 81.990997 132.860001 10.380000 -3.060000 5.521000 1466855.874000 453105.778000 13.268376 80.567093 0.000000 -0.043000 0.334000 -0.023000 0.000000 0.000000
12:57:30 80.099998 -53.150002 0.000000 126.839996 81.990997 132.860001 10.380000 -3.060000 5.521000 0.006000 0.005500 13.268376 80.567093 0.000000 -0.043000 0.334000 -0.023000 0.000000 0.000000
12:57:30 80.099998 -53.150002 0.000000 126.839996 81.598000 132.860001 10.281000 -3.060000 5.712000 0.006000 0.005500 13.268384 80.567093 0.000000 -0.043000 0.334000 -0.023000 0.000000 0.000000
12:57:30 80.099998 -53.150002 0.000000 126.839996 81.541000 132.860001 10.266000 -3.060000 5.717000 1466856.416000 453105.711000 13.268385 80.567093 0.000000 -0.043000 0.334000 -0.023000 0.000000 0.000000
12:57:30 80.099998 -53.150002 0.000000 126.839996 81.485001 132.860001 10.249000 -3.060000 5.664000 1466856.542000 453105.691000 13.268387 80.567093 0.000000 -0.043000 0.334000 -0.023000 0.000000 0.000000
12:57:31 80.099998 -53.150002 0.000000 126.839996 81.428001 132.860001 10.230000 -3.060000 5.549000 1466856.669000 453105.672000 13.268388 80.567093 0.000000 -0.043000 0.334000 -0.023000 0.000000 0.000000
12:57:31 80.099998 -53.150002 0.000000 126.839996 81.428001 132.860001 10.230000 -3.060000 5.549000 1466856.796000 453105.652000 13.268388 80.567093 0.000000 -0.043000 0.334000 -0.023000 0.000000 0.000000
12:57:31 80.099998 -53.150002 0.000000 126.839996 81.428001 132.860001 10.230000 -3.060000 5.549000 1466856.926000 453105.669000 13.268388 80.567093 0.000000 -0.043000 0.334000 -0.023000 0.000000 0.000000
12:57:31 80.099998 -53.150002 0.000000 126.839996 81.428001 132.860001 10.230000 -3.060000 5.549000 1466857.053000 453105.649000 13.268388 80.567093 0.000000 -0.043000 0.334000 -0.023000 0.000000 0.000000
12:57:31 80.099998 -53.150002 0.000000 126.839996 81.428001 132.860001 10.230000 -3.060000 5.549000 1466857.180000 453105.628000 13.268388 80.567093 0.000000 -0.043000 0.334000 -0.023000 0.000000 0.000000
12:57:32 80.099998 -53.150002 0.000000 126.839996 81.428001 132.860001 10.230000 -3.060000 5.549000 0.006000 0.005500 13.268388 80.567093 0.000000 -0.043000 0.334000 -0.023000 0.000000 0.000000
12:57:32 80.099998 -53.150002 0.000000 126.839996 81.039001 132.860001 10.090000 -3.060000 5.286000 0.005000 0.005500 13.268396 80.567093 0.000000 -0.043000 0.334000 -0.023000 0.000000 0.000000
12:57:32 80.099998 -53.150002 0.000000 126.839996 80.984001 132.860001 10.069000 -3.060000 5.361000 1466857.724000 453105.546000 13.268397 80.567093 0.000000 -0.043000 0.334000 -0.023000 0.000000 0.000000
12:57:32 80.099998 -53.150002 0.000000 126.839996 80.929001 132.860001 10.049000 -3.060000 5.421000 1466857.851000 453105.524000 13.268398 80.567093 0.000000 -0.043000 0.334000 -0.023000 0.000000 0.000000
12:57:33 80.099998 -53.150002 0.000000 126.839996 80.929001 132.860001 10.027000 -3.060000 5.473000 1466857.978000 453105.502000 13.268399 80.567093 0.000000 -0.043000 0.334000 -0.023000 0.000000 0.000000
12:57:33 80.099998 -53.150002 0.000000 126.839996 80.929001 132.860001 10.027000 -3.060000 5.473000 1466858.105000 453105.480000 13.268399 80.567093 0.000000 -0.043000 0.334000 -0.023000 0.000000 0.000000
12:57:33 80.099998 -53.150002 0.000000 126.839996 80.929001 132.860001 10.027000 -3.060000 5.473000 1466858.285000 453105.468000 13.268399 80.567093 0.000000 -0.043000 0.334000 -0.023000 0.000000 0.000000
12:57:33 80.099998 -53.150002 0.000000 126.839996 80.929001 132.860001 10.027000 -3.060000 5.473000 1466858.412000 453105.446000 13.268399 80.567093 0.000000 -0.043000 0.334000 -0.023000 0.000000 0.000000
12:57:33 80.099998 -53.150002 0.000000 126.839996 80.929001 132.860001 10.027000 -3.060000 5.473000 1466858.539000 453105.426000 13.268399 80.567093 0.000000 -0.043000 0.334000 -0.023000 0.000000 0.000000
12:57:34 80.099998 -53.150002 0.000000 126.839996 80.929001 132.860001 10.027000 -3.060000 5.473000 0.005000 0.005500 13.268399 80.567093 0.000000 -0.043000 0.334000 -0.023000 0.000000 0.000000
12:57:34 80.000000 -53.150002 0.000000 126.839996 80.486000 132.860001 9.875000 -3.060000 5.643000 0.005000 0.005500 13.268409 80.567093 0.000000 -0.043000 0.334000 -0.023000 0.000000 0.000000
12:57:34 80.000000 -53.150002 0.000000 126.839996 80.430000 132.860001 9.855000 -3.060000 5.729000 1466859.093000 453105.362000 13.268410 80.567093 0.000000 -0.043000 0.334000 -0.023000 0.000000 0.000000
12:57:34 80.000000 -53.150002 0.000000 126.839996 80.373001 132.860001 9.836000 -3.060000 5.797000 1466859.220000 453105.342000 13.268411 80.567093 0.000000 -0.043000 0.334000 -0.023000 0.000000 0.000000
12:57:35 80.000000 -53.150002 0.000000 126.839996 80.373001 132.860001 9.818000 -3.060000 5.843000 1466859.347000 453105.323000 13.268412 80.567093 0.000000 -0.043000 0.334000 -0.023000 0.000000 0.000000
12:57:35 80.000000 -53.150002 0.000000 126.839996 80.373001 132.860001 9.818000 -3.060000 5.843000 1466859.474000 453105.303000 13.268412 80.567093 0.000000 -0.043000 0.334000 -0.023000 0.000000 0.000000
12:57:35 80.000000 -53.150002 0.000000 126.839996 80.373001 132.860001 9.818000 -3.060000 5.843000 1466859.601000 453105.284000 13.268412 80.567093 0.000000 -0.043000 0.334000 -0.023000 0.000000 0.000000
12:57:35 80.000000 -53.150002 0.000000 126.839996 80.373001 132.860001 9.818000 -3.060000 5.843000 1466859.758000 453105.274000 13.268412 80.567093 0.000000 -0.043000 0.334000 -0.023000 0.000000 0.000000
12:57:35 80.000000 -53.150002 0.000000 126.839996 80.373001 132.860001 9.818000 -3.060000 5.843000 1466859.885000 453105.256000 13.268412 80.567093 0.000000 -0.043000 0.334000 -0.023000 0.000000 0.000000
12:57:36 80.099998 -53.150002 0.000000 126.839996 80.373001 132.860001 9.818000 -3.060000 5.843000 0.005000 0.005500 13.268412 80.567093 0.000000 -0.043000 0.334000 -0.023000 0.000000 0.000000
12:57:36 80.099998 -53.150002 0.000000 126.839996 79.908997 132.860001 9.702000 -3.060000 5.462000 0.005000 0.005500 13.268420 80.567093 0.000000 -0.043000 0.334000 -0.023000 0.000000 0.000000
12:57:36 80.099998 -53.150002 0.000000 126.839996 79.850998 132.860001 9.687000 -3.060000 5.376000 1466860.403000 453105.202000 13.268421 80.567093 0.000000 -0.043000 0.334000 -0.023000 0.000000 0.000000
12:57:36 80.099998 -53.150002 0.000000 126.839996 79.792999 132.860001 9.672000 -3.060000 5.301000 1466860.530000 453105.185000 13.268423 80.567093 0.000000 -0.043000 0.334000 -0.023000 0.000000 0.000000
12:57:37 80.099998 -53.150002 0.000000 126.839996 79.792999 132.860001 9.658000 -3.060000 5.247000 1466860.657000 453105.168000 13.268424 80.567093 0.000000 -0.043000 0.334000 -0.023000 0.000000 0.000000
12:57:37 80.099998 -53.150002 0.000000 126.839996 79.792999 132.860001 9.658000 -3.060000 5.247000 1466860.784000 453105.151000 13.268424 80.567093 0.000000 -0.043000 0.334000 -0.023000 0.000000 0.000000
12:57:37 80.099998 -53.150002 0.000000 126.839996 79.792999 132.860001 9.658000 -3.060000 5.247000 1466860.911000 453105.134000 13.268424 80.567093 0.000000 -0.043000 0.334000 -0.023000 0.000000 0.000000
12:57:37 80.099998 -53.150002 0.000000 126.839996 79.792999 132.860001 9.658000 -3.060000 5.247000 1466861.032000 453105.140000 13.268424 80.567093 0.000000 -0.043000 0.334000 -0.023000 0.000000 0.000000
12:57:37 80.000000 -53.150002 0.000000 126.839996 79.792999 132.860001 9.658000 -3.060000 5.247000 0.005000 0.005500 13.268424 80.567093 0.000000 -0.043000 0.334000 -0.023000 0.000000 0.000000
12:57:38 80.000000 -53.150002 0.000000 126.839996 79.403999 132.860001 9.586000 -3.060000 5.201000 0.005000 0.005500 13.268431 80.567093 0.000000 -0.043000 0.334000 -0.023000 0.000000 0.000000
12:57:38 80.000000 -53.150002 0.000000 126.839996 79.403999 132.860001 9.586000 -3.060000 5.201000 1466861.540000 453105.072000 13.268432 80.567085 0.000000 -0.043000 0.334000 -0.023000 0.000000 0.000000
12:57:38 80.000000 -53.150002 0.000000 126.839996 79.403999 132.860001 9.586000 -3.060000 5.201000 1466861.669000 453105.091000 13.268433 80.567085 0.000000 -0.043000 0.334000 -0.023000 0.000000 0.000000
12:57:38 80.000000 -53.150002 0.000000 126.839996 79.403999 132.860001 9.586000 -3.060000 5.201000 1466861.796000 453105.074000 13.268433 80.567085 0.000000 -0.043000 0.334000 -0.023000 0.000000 0.000000
12:57:39 80.000000 -53.150002 0.000000 126.839996 79.403999 132.860001 9.586000 -3.060000 5.201000 1466861.923000 453105.057000 13.268433 80.567085 0.000000 -0.043000 0.334000 -0.023000 0.000000 0.000000
12:57:39 80.000000 -53.150002 0.000000 126.839996 79.403999 132.860001 9.586000 -3.060000 5.201000 1466862.050000 453105.040000 13.268433 80.567085 0.000000 -0.043000 0.334000 -0.023000 0.000000 0.000000
12:57:39 80.000000 -53.150002 0.000000 126.839996 79.403999 132.860001 9.586000 -3.060000 5.201000 1466862.177000 453105.023000 13.268433 80.567085 0.000000 -0.043000 0.334000 -0.023000 0.000000 0.000000
12:57:39 80.000000 -53.150002 0.000000 126.839996 79.403999 132.860001 9.586000 -3.060000 5.201000 1466862.297000 453105.030000 13.268433 80.567085 0.000000 -0.043000 0.334000 -0.023000 0.000000 0.000000
12:57:39 80.000000 -53.150002 0.000000 126.839996 79.403999 132.860001 9.586000 -3.060000 5.201000 0.005000 0.005500 13.268433 80.567085 0.000000 -0.043000 0.334000 -0.023000 0.000000 0.000000
12:57:40 80.000000 -53.150002 0.000000 126.839996 78.873001 132.860001 9.560000 -3.060000 5.585000 0.005000 0.005500 13.268442 80.567085 0.000000 -0.043000 0.334000 -0.023000 0.000000 0.000000
12:57:40 80.000000 -53.150002 0.000000 126.839996 78.873001 132.860001 9.560000 -3.060000 5.585000 1466862.805000 453104.961000 13.268443 80.567085 0.000000 -0.043000 0.334000 -0.023000 0.000000 0.000000
12:57:40 80.000000 -53.150002 0.000000 126.839996 78.873001 132.860001 9.560000 -3.060000 5.585000 1466862.933000 453104.968000 13.268443 80.567085 0.000000 -0.043000 0.334000 -0.023000 0.000000 0.000000
12:57:40 80.000000 -53.150002 0.000000 126.839996 78.873001 132.860001 9.560000 -3.060000 5.585000 1466863.060000 453104.951000 13.268443 80.567085 0.000000 -0.043000 0.334000 -0.023000 0.000000 0.000000
12:57:41 80.000000 -53.150002 0.000000 126.839996 78.873001 132.860001 9.560000 -3.060000 5.585000 1466863.187000 453104.934000 13.268443 80.567085 0.000000 -0.043000 0.334000 -0.023000 0.000000 0.000000
12:57:41 80.000000 -53.150002 0.000000 126.839996 78.873001 132.860001 9.560000 -3.060000 5.585000 1466863.314000 453104.917000 13.268443 80.567085 0.000000 -0.043000 0.334000 -0.023000 0.000000 0.000000
12:57:41 80.000000 -53.150002 0.000000 126.839996 78.873001 132.860001 9.560000 -3.060000 5.585000 1466863.441000 453104.900000 13.268443 80.567085 0.000000 -0.043000 0.334000 -0.023000 0.000000 0.000000
12:57:41 80.000000 -53.150002 0.000000 126.839996 78.873001 132.860001 9.560000 -3.060000 5.585000 1466863.564000 453104.906000 13.268443 80.567085 0.000000 -0.043000 0.334000 -0.023000 0.000000 0.000000
12:57:41 80.000000 -53.150002 0.000000 126.839996 78.873001 132.860001 9.560000 -3.060000 5.585000 1466863.691000 453104.889000 13.268443 80.567085 0.000000 -0.043000 0.334000 -0.023000 0.000000 0.000000
12:57:42 80.000000 -53.150002 0.000000 126.839996 78.344002 132.860001 9.675000 -3.060000 5.301000 0.005000 0.005400 13.268454 80.567085 0.000000 -0.043000 0.334000 -0.023000 0.000000 0.000000
12:57:42 80.000000 -53.150002 0.000000 126.839996 78.292999 132.860001 9.689000 -3.060000 5.228000 1466864.072000 453104.838000 13.268455 80.567085 0.000000 -0.043000 0.334000 -0.023000 0.000000 0.000000
12:57:42 80.000000 -53.150002 0.000000 126.839996 78.242996 132.860001 9.703000 -3.060000 5.184000 1466864.204000 453104.844000 13.268456 80.567085 0.000000 -0.043000 0.334000 -0.023000 0.000000 0.000000
12:57:42 80.000000 -53.150002 0.000000 126.839996 78.194000 132.860001 9.718000 -3.060000 5.166000 1466864.331000 453104.827000 13.268457 80.567085 0.000000 -0.043000 0.334000 -0.023000 0.000000 0.000000
12:57:43 79.900002 -53.150002 0.000000 126.839996 78.194000 132.860001 9.734000 -3.060000 5.197000 1466864.458000 453104.810000 13.268458 80.567085 0.000000 -0.043000 0.334000 -0.023000 0.000000 0.000000
12:57:43 79.900002 -53.150002 0.000000 126.839996 78.194000 132.860001 9.734000 -3.060000 5.197000 1466864.584000 453104.793000 13.268458 80.567085 0.000000 -0.043000 0.334000 -0.023000 0.000000 0.000000
12:57:43 79.900002 -53.150002 0.000000 126.839996 78.194000 132.860001 9.734000 -3.060000 5.197000 1466864.711000 453104.776000 13.268458 80.567085 0.000000 -0.043000 0.334000 -0.023000 0.000000 0.000000
12:57:43 79.900002 -53.150002 0.000000 126.839996 78.194000 132.860001 9.734000 -3.060000 5.197000 1466864.842000 453104.770000 13.268458 80.567085 0.000000 -0.043000 0.334000 -0.023000 0.000000 0.000000
12:57:43 79.900002 -53.150002 0.000000 126.839996 78.194000 132.860001 9.734000 -3.060000 5.197000 1466864.969000 453104.753000 13.268458 80.567085 0.000000 -0.043000 0.334000 -0.023000 0.000000 0.000000
12:57:44 79.900002 -53.150002 0.000000 126.839996 77.862999 132.860001 9.827000 -3.060000 5.343000 0.005000 0.005400 13.268465 80.567085 0.000000 -0.043000 0.334000 -0.023000 0.000000 0.000000
12:57:44 79.900002 -53.150002 0.000000 126.839996 77.862999 132.860001 9.827000 -3.060000 5.343000 1466865.350000 453104.695000 13.268466 80.567085 0.000000 -0.043000 0.334000 -0.023000 0.000000 0.000000
12:57:44 79.900002 -53.150002 0.000000 126.839996 77.862999 132.860001 9.827000 -3.060000 5.343000 1466865.475000 453104.695000 13.268467 80.567085 0.000000 -0.043000 0.334000 -0.023000 0.000000 0.000000
12:57:44 79.800003 -53.150002 0.000000 126.839996 77.862999 132.860001 9.827000 -3.060000 5.343000 1466865.602000 453104.676000 13.268467 80.567085 0.000000 -0.043000 0.334000 -0.023000 0.000000 0.000000
12:57:45 79.800003 -53.150002 0.000000 126.839996 77.862999 132.860001 9.827000 -3.060000 5.343000 1466865.729000 453104.656000 13.268467 80.567085 0.000000 -0.043000 0.334000 -0.023000 0.000000 0.000000
12:57:45 79.800003 -53.150002 0.000000 126.839996 77.862999 132.860001 9.827000 -3.060000 5.343000 1466865.856000 453104.637000 13.268467 80.567085 0.000000 -0.043000 0.334000 -0.023000 0.000000 0.000000
12:57:45 79.800003 -53.150002 0.000000 126.839996 77.862999 132.860001 9.827000 -3.060000 5.343000 1466865.983000 453104.617000 13.268467 80.567085 0.000000 -0.043000 0.334000 -0.023000 0.000000 0.000000
12:57:45 79.800003 -53.150002 0.000000 126.839996 77.862999 132.860001 9.827000 -3.060000 5.343000 1466866.110000 453104.598000 13.268467 80.567085 0.000000 -0.043000 0.334000 -0.023000 0.000000 0.000000
12:57:45 79.800003 -53.150002 0.000000 126.839996 77.862999 132.860001 9.827000 -3.060000 5.343000 1466866.250000 453104.588000 13.268467 80.567085 0.000000 -0.043000 0.334000 -0.023000 0.000000 0.000000
12:57:46 79.800003 -53.150002 0.000000 126.839996 77.862999 132.860001 9.827000 -3.060000 5.343000 0.005000 0.005400 13.268467 80.567085 0.000000 -0.043000 0.334000 -0.023000 0.000000 0.000000
12:57:46 79.900002 -53.150002 0.000000 126.839996 77.380997 132.860001 9.993000 -3.060000 5.572000 0.005000 0.005400 13.268477 80.567085 0.000000 -0.043000 0.334000 -0.023000 0.000000 0.000000
12:57:46 79.900002 -53.150002 0.000000 126.839996 77.337997 132.860001 10.008000 -3.060000 5.516000 1466866.758000 453104.511000 13.268479 80.567085 0.000000 -0.043000 0.334000 -0.023000 0.000000 0.000000
12:57:46 79.900002 -53.150002 0.000000 126.839996 77.295998 132.860001 10.023000 -3.060000 5.440000 1466866.891000 453104.503000 13.268480 80.567085 0.000000 -0.043000 0.334000 -0.023000 0.000000 0.000000
12:57:47 79.900002 -53.150002 0.000000 126.839996 77.252998 132.860001 10.038000 -3.060000 5.353000 1466867.018000 453104.484000 13.268481 80.567085 0.000000 -0.043000 0.334000 -0.023000 0.000000 0.000000
12:57:47 79.900002 -53.150002 0.000000 126.839996 77.252998 132.860001 10.038000 -3.060000 5.353000 1466867.145000 453104.465000 13.268481 80.567085 0.000000 -0.043000 0.334000 -0.023000 0.000000 0.000000
12:57:47 79.900002 -53.150002 0.000000 126.839996 77.252998 132.860001 10.038000 -3.060000 5.353000 1466867.271000 453104.447000 13.268481 80.567085 0.000000 -0.043000 0.334000 -0.023000 0.000000 0.000000
12:57:47 79.900002 -53.150002 0.000000 126.839996 77.252998 132.860001 10.038000 -3.060000 5.353000 1466867.398000 453104.430000 13.268481 80.567085 0.000000 -0.043000 0.334000 -0.023000 0.000000 0.000000
12:57:47 79.900002 -53.150002 0.000000 126.839996 77.252998 132.860001 10.038000 -3.060000 5.353000 1466867.532000 453104.415000 13.268481 80.567085 0.000000 -0.043000 0.334000 -0.023000 0.000000 0.000000
12:57:48 79.900002 -53.150002 0.000000 126.839996 77.252998 132.860001 10.038000 -3.060000 5.353000 0.005000 0.005400 13.268481 80.567085 0.000000 -0.043000 0.334000 -0.023000 0.000000 0.000000
12:57:48 79.900002 -53.150002 0.000000 126.839996 76.975998 132.860001 10.142000 -3.060000 5.497000 0.005000 0.005400 13.268489 80.567085 0.000000 -0.043000 0.334000 -0.023000 0.000000 0.000000
12:57:48 79.900002 -53.150002 0.000000 126.839996 76.938004 132.860001 10.156000 -3.060000 5.561000 1466868.040000 453104.347000 13.268491 80.567085 0.000000 -0.043000 0.334000 -0.023000 0.000000 0.000000
12:57:48 79.900002 -53.150002 0.000000 126.839996 76.900002 132.860001 10.168000 -3.060000 5.591000 1466868.167000 453104.341000 13.268492 80.567085 0.000000 -0.043000 0.334000 -0.023000 0.000000 0.000000
12:57:49 79.800003 -53.150002 0.000000 126.839996 76.862000 132.860001 10.180000 -3.060000 5.569000 1466868.294000 453104.324000 13.268493 80.567085 0.000000 -0.043000 0.334000 -0.023000 0.000000 0.000000
12:57:49 79.800003 -53.150002 0.000000 126.839996 76.862000 132.860001 10.180000 -3.060000 5.569000 1466868.421000 453104.307000 13.268493 80.567085 0.000000 -0.043000 0.334000 -0.023000 0.000000 0.000000
12:57:49 79.800003 -53.150002 0.000000 126.839996 76.862000 132.860001 10.180000 -3.060000 5.569000 1466868.548000 453104.289000 13.268493 80.567085 0.000000 -0.043000 0.334000 -0.023000 0.000000 0.000000
12:57:49 79.800003 -53.150002 0.000000 126.839996 76.862000 132.860001 10.180000 -3.060000 5.569000 1466868.675000 453104.272000 13.268493 80.567085 0.000000 -0.043000 0.334000 -0.023000 0.000000 0.000000
12:57:49 79.800003 -53.150002 0.000000 126.839996 76.862000 132.860001 10.180000 -3.060000 5.569000 0.005000 0.005400 13.268493 80.567085 0.000000 -0.043000 0.334000 -0.023000 0.000000 0.000000
12:57:50 79.800003 -53.150002 0.000000 126.839996 76.639000 132.860001 10.242000 -3.060000 5.242000 0.005000 0.005400 13.268499 80.567078 0.000000 -0.043000 0.334000 -0.023000 0.000000 0.000000
12:57:50 79.800003 -53.150002 0.000000 126.839996 76.639000 132.860001 10.242000 -3.060000 5.242000 1466869.189000 453104.202000 13.268500 80.567078 0.000000 -0.043000 0.334000 -0.023000 0.000000 0.000000
12:57:50 79.800003 -53.150002 0.000000 126.839996 76.639000 132.860001 10.242000 -3.060000 5.242000 1466869.316000 453104.185000 13.268502 80.567078 0.000000 -0.043000 0.334000 -0.023000 0.000000 0.000000
12:57:50 79.800003 -53.150002 0.000000 126.839996 76.639000 132.860001 10.242000 -3.060000 5.242000 1466869.436000 453104.179000 13.268502 80.567078 0.000000 -0.043000 0.334000 -0.023000 0.000000 0.000000
12:57:51 79.800003 -53.150002 0.000000 126.839996 76.639000 132.860001 10.242000 -3.060000 5.242000 1466869.563000 453104.161000 13.268502 80.567078 0.000000 -0.043000 0.334000 -0.023000 0.000000 0.000000
12:57:51 79.800003 -53.150002 0.000000 126.839996 76.639000 132.860001 10.242000 -3.060000 5.242000 1466869.690000 453104.144000 13.268502 80.567078 0.000000 -0.043000 0.334000 -0.023000 0.000000 0.000000
12:57:51 79.800003 -53.150002 0.000000 126.839996 76.639000 132.860001 10.242000 -3.060000 5.242000 1466869.817000 453104.127000 13.268502 80.567078 0.000000 -0.043000 0.334000 -0.023000 0.000000 0.000000
12:57:51 79.699997 -53.150002 0.000000 126.839996 76.639000 132.860001 10.242000 -3.060000 5.242000 1466869.944000 453104.110000 13.268502 80.567078 0.000000 -0.043000 0.334000 -0.023000 0.000000 0.000000
12:57:51 79.699997 -53.150002 0.000000 126.839996 76.639000 132.860001 10.242000 -3.060000 5.242000 1466870.069000 453104.104000 13.268502 80.567078 0.000000 -0.043000 0.334000 -0.023000 0.000000 0.000000
12:57:52 79.699997 -53.150002 0.000000 126.839996 76.276001 132.860001 10.328000 -3.060000 5.224000 0.005000 0.005400 13.268511 80.567078 0.000000 -0.043000 0.334000 -0.023000 0.000000 0.000000
12:57:52 79.699997 -53.150002 0.000000 126.839996 76.276001 132.860001 10.328000 -3.060000 5.224000 1466870.450000 453104.053000 13.268512 80.567078 0.000000 -0.043000 0.334000 -0.023000 0.000000 0.000000
12:57:52 79.699997 -53.150002 0.000000 126.839996 76.276001 132.860001 10.328000 -3.060000 5.224000 1466870.577000 453104.036000 13.268514 80.567078 0.000000 -0.043000 0.334000 -0.023000 0.000000 0.000000
12:57:52 79.699997 -53.150002 0.000000 126.839996 76.276001 132.860001 10.328000 -3.060000 5.224000 1466870.689000 453104.016000 13.268514 80.567078 0.000000 -0.043000 0.334000 -0.023000 0.000000 0.000000
12:57:53 79.699997 -53.150002 0.000000 126.839996 76.276001 132.860001 10.328000 -3.060000 5.224000 1466870.816000 453103.999000 13.268514 80.567078 0.000000 -0.043000 0.334000 -0.023000 0.000000 0.000000
12:57:53 79.699997 -53.150002 0.000000 126.839996 76.276001 132.860001 10.328000 -3.060000 5.224000 1466870.943000 453103.982000 13.268514 80.567078 0.000000 -0.043000 0.334000 -0.023000 0.000000 0.000000
12:57:53 79.699997 -53.150002 0.000000 126.839996 76.276001 132.860001 10.328000 -3.060000 5.224000 1466871.070000 453103.965000 13.268514 80.567078 0.000000 -0.043000 0.334000 -0.023000 0.000000 0.000000
12:57:53 79.699997 -53.150002 0.000000 126.839996 76.276001 132.860001 10.328000 -3.060000 5.224000 1466871.197000 453103.948000 13.268514 80.567078 0.000000 -0.043000 0.334000 -0.023000 0.000000 0.000000
12:57:53 79.699997 -53.150002 0.000000 126.839996 76.276001 132.860001 10.328000 -3.060000 5.224000 1466871.314000 453103.941000 13.268514 80.567078 0.000000 -0.043000 0.334000 -0.023000 0.000000 0.000000
12:57:54 79.699997 -53.150002 0.000000 126.839996 75.920998 132.860001 10.377000 -3.060000 5.313000 0.005000 0.005300 13.268522 80.567078 0.000000 -0.043000 0.334000 -0.023000 0.000000 0.000000
12:57:54 79.699997 -53.150002 0.000000 126.839996 75.920998 132.860001 10.377000 -3.060000 5.313000 1466871.695000 453103.883000 13.268523 80.567078 0.000000 -0.043000 0.334000 -0.023000 0.000000 0.000000
12:57:54 79.699997 -53.150002 0.000000 126.839996 75.920998 132.860001 10.377000 -3.060000 5.313000 1466871.822000 453103.863000 13.268524 80.567078 0.000000 -0.043000 0.334000 -0.023000 0.000000 0.000000
12:57:54 79.699997 -53.150002 0.000000 126.839996 75.920998 132.860001 10.377000 -3.060000 5.313000 1466871.951000 453103.867000 13.268524 80.567078 0.000000 -0.043000 0.334000 -0.023000 0.000000 0.000000
12:57:55 79.699997 -53.150002 0.000000 126.839996 75.920998 132.860001 10.377000 -3.060000 5.313000 1466872.078000 453103.848000 13.268524 80.567078 0.000000 -0.043000 0.334000 -0.023000 0.000000 0.000000
12:57:55 79.699997 -53.150002 0.000000 126.839996 75.920998 132.860001 10.377000 -3.060000 5.313000 1466872.205000 453103.828000 13.268524 80.567078 0.000000 -0.043000 0.334000 -0.023000 0.000000 0.000000
12:57:55 79.699997 -53.150002 0.000000 126.839996 75.920998 132.860001 10.377000 -3.060000 5.313000 1466872.332000 453103.808000 13.268524 80.567078 0.000000 -0.043000 0.334000 -0.023000 0.000000 0.000000
12:57:55 79.699997 -53.150002 0.000000 126.839996 75.920998 132.860001 10.377000 -3.060000 5.313000 1466872.458000 453103.789000 13.268524 80.567078 0.000000 -0.043000 0.334000 -0.023000 0.000000 0.000000
12:57:55 79.699997 -53.150002 0.000000 126.839996 75.920998 132.860001 10.377000 -3.060000 5.313000 0.005000 0.005300 13.268524 80.567078 0.000000 -0.043000 0.334000 -0.023000 0.000000 0.000000
12:57:56 79.699997 -53.150002 0.000000 126.839996 75.535004 132.860001 10.385000 -3.060000 5.424000 0.005000 0.005300 13.268534 80.567078 0.000000 -0.043000 0.334000 -0.023000 0.000000 0.000000
12:57:56 79.699997 -53.150002 0.000000 126.839996 75.495003 132.860001 10.383000 -3.060000 5.463000 1466872.969000 453103.721000 13.268535 80.567078 0.000000 -0.043000 0.334000 -0.023000 0.000000 0.000000
12:57:56 79.699997 -53.150002 0.000000 126.839996 75.454002 132.860001 10.381000 -3.060000 5.499000 1466873.096000 453103.702000 13.268537 80.567078 0.000000 -0.043000 0.334000 -0.023000 0.000000 0.000000
12:57:56 79.699997 -53.150002 0.000000 126.839996 75.413002 132.860001 10.379000 -3.060000 5.494000 1466873.223000 453103.682000 13.268538 80.567078 0.000000 -0.043000 0.334000 -0.023000 0.000000 0.000000
12:57:57 79.699997 -53.150002 0.000000 126.839996 75.413002 132.860001 10.375000 -3.060000 5.466000 1466873.360000 453103.673000 13.268538 80.567078 0.000000 -0.043000 0.334000 -0.023000 0.000000 0.000000
12:57:57 79.699997 -53.150002 0.000000 126.839996 75.413002 132.860001 10.375000 -3.060000 5.466000 1466873.487000 453103.653000 13.268538 80.567078 0.000000 -0.043000 0.334000 -0.023000 0.000000 0.000000
12:57:57 79.699997 -53.150002 0.000000 126.839996 75.413002 132.860001 10.375000 -3.060000 5.466000 1466873.614000 453103.634000 13.268538 80.567078 0.000000 -0.043000 0.334000 -0.023000 0.000000 0.000000
12:57:57 79.699997 -53.150002 0.000000 126.839996 75.413002 132.860001 10.375000 -3.060000 5.466000 1466873.741000 453103.614000 13.268538 80.567078 0.000000 -0.043000 0.334000 -0.023000 0.000000 0.000000
12:57:57 79.699997 -53.150002 0.000000 126.839996 75.413002 132.860001 10.375000 -3.060000 5.466000 0.005000 0.005300 13.268538 80.567078 0.000000 -0.043000 0.334000 -0.023000 0.000000 0.000000
12:57:58 79.699997 -53.150002 0.000000 126.839996 75.121002 132.860001 10.338000 -3.060000 5.346000 0.005000 0.005300 13.268545 80.567078 0.000000 -0.043000 0.334000 -0.023000 0.000000 0.000000
12:57:58 79.699997 -53.150002 0.000000 126.839996 75.079002 132.860001 10.330000 -3.060000 5.383000 1466874.262000 453103.546000 13.268547 80.567078 0.000000 -0.043000 0.334000 -0.023000 0.000000 0.000000
12:57:58 79.699997 -53.150002 0.000000 126.839996 75.038002 132.860001 10.321000 -3.060000 5.410000 1466874.389000 453103.527000 13.268548 80.567078 0.000000 -0.043000 0.334000 -0.023000 0.000000 0.000000
12:57:58 79.699997 -53.150002 0.000000 126.839996 74.998001 132.860001 10.312000 -3.060000 5.421000 1466874.516000 453103.507000 13.268549 80.567078 0.000000 -0.043000 0.334000 -0.023000 0.000000 0.000000
12:57:59 79.699997 -53.150002 0.000000 126.839996 74.998001 132.860001 10.303000 -3.060000 5.398000 1466874.666000 453103.485000 13.268550 80.567078 0.000000 -0.043000 0.334000 -0.023000 0.000000 0.000000
12:57:59 79.699997 -53.150002 0.000000 126.839996 74.998001 132.860001 10.303000 -3.060000 5.398000 1466874.792000 453103.466000 13.268550 80.567078 0.000000 -0.043000 0.334000 -0.023000 0.000000 0.000000
12:57:59 79.599998 -53.150002 0.000000 126.839996 74.998001 132.860001 10.303000 -3.060000 5.398000 1466874.919000 453103.446000 13.268550 80.567078 0.000000 -0.043000 0.334000 -0.023000 0.000000 0.000000
12:57:59 79.599998 -53.150002 0.000000 126.839996 74.998001 132.860001 10.303000 -3.060000 5.398000 1466875.046000 453103.427000 13.268550 80.567078 0.000000 -0.043000 0.334000 -0.023000 0.000000 0.000000
12:57:59 79.599998 -53.150002 0.000000 126.839996 74.998001 132.860001 10.303000 -3.060000 5.398000 0.005000 0.005300 13.268550 80.567078 0.000000 -0.043000 0.334000 -0.023000 0.000000 0.000000
12:58:00 79.599998 -53.150002 0.000000 126.839996 74.718002 132.860001 10.226000 -3.060000 5.028000 0.005000 0.005300 13.268558 80.567070 0.000000 -0.043000 0.334000 -0.023000 0.000000 0.000000
12:58:00 79.699997 -53.150002 0.000000 126.839996 74.680000 132.860001 10.211000 -3.060000 5.058000 1466875.576000 453103.341000 13.268559 80.567070 0.000000 -0.043000 0.334000 -0.023000 0.000000 0.000000
12:58:00 79.699997 -53.150002 0.000000 126.839996 74.641998 132.860001 10.197000 -3.060000 5.108000 1466875.703000 453103.319000 13.268559 80.567070 0.000000 -0.043000 0.334000 -0.023000 0.000000 0.000000
12:58:00 79.699997 -53.150002 0.000000 126.839996 74.603996 132.860001 10.182000 -3.060000 5.159000 1466875.830000 453103.297000 13.268561 80.567070 0.000000 -0.043000 0.334000 -0.023000 0.000000 0.000000
12:58:01 79.699997 -53.150002 0.000000 126.839996 74.603996 132.860001 10.168000 -3.060000 5.221000 1466875.969000 453103.284000 13.268562 80.567070 0.000000 -0.043000 0.334000 -0.023000 0.000000 0.000000
12:58:01 79.699997 -53.150002 0.000000 126.839996 74.603996 132.860001 10.168000 -3.060000 5.221000 1466876.096000 453103.262000 13.268562 80.567070 0.000000 -0.043000 0.334000 -0.023000 0.000000 0.000000
12:58:01 79.699997 -53.150002 0.000000 126.839996 74.603996 132.860001 10.168000 -3.060000 5.221000 1466876.223000 453103.240000 13.268562 80.567070 0.000000 -0.043000 0.334000 -0.023000 0.000000 0.000000
12:58:01 79.699997 -53.150002 0.000000 126.839996 74.603996 132.860001 10.168000 -3.060000 5.221000 1466876.350000 453103.218000 13.268562 80.567070 0.000000 -0.043000 0.334000 -0.023000 0.000000 0.000000
12:58:01 79.699997 -53.150002 0.000000 126.839996 74.603996 132.860001 10.168000 -3.060000 5.221000 0.005000 0.005300 13.268562 80.567070 0.000000 -0.043000 0.334000 -0.023000 0.000000 0.000000
12:58:02 79.599998 -53.150002 0.000000 126.839996 74.333000 132.860001 10.069000 -3.060000 5.009000 0.005000 0.005300 13.268569 80.567070 0.000000 -0.043000 0.334000 -0.023000 0.000000 0.000000
12:58:02 79.599998 -53.150002 0.000000 126.839996 74.333000 132.860001 10.069000 -3.060000 5.009000 1466876.885000 453103.127000 13.268570 80.567070 0.000000 -0.043000 0.334000 -0.023000 0.000000 0.000000
12:58:02 79.599998 -53.150002 0.000000 126.839996 74.333000 132.860001 10.069000 -3.060000 5.009000 1466877.012000 453103.105000 13.268572 80.567070 0.000000 -0.043000 0.334000 -0.023000 0.000000 0.000000
12:58:02 79.599998 -53.150002 0.000000 126.839996 74.333000 132.860001 10.069000 -3.060000 5.009000 1466877.139000 453103.083000 13.268572 80.567070 0.000000 -0.043000 0.334000 -0.023000 0.000000 0.000000
12:58:03 79.599998 -53.150002 0.000000 126.839996 74.333000 132.860001 10.069000 -3.060000 5.009000 1466877.274000 453103.071000 13.268572 80.567070 0.000000 -0.043000 0.334000 -0.023000 0.000000 0.000000
12:58:03 79.599998 -53.150002 0.000000 126.839996 74.333000 132.860001 10.069000 -3.060000 5.009000 1466877.401000 453103.049000 13.268572 80.567070 0.000000 -0.043000 0.334000 -0.023000 0.000000 0.000000
12:58:03 79.599998 -53.150002 0.000000 126.839996 74.333000 132.860001 10.069000 -3.060000 5.009000 1466877.528000 453103.027000 13.268572 80.567070 0.000000 -0.043000 0.334000 -0.023000 0.000000 0.000000
12:58:03 79.599998 -53.150002 0.000000 126.839996 74.333000 132.860001 10.069000 -3.060000 5.009000 1466877.655000 453103.005000 13.268572 80.567070 0.000000 -0.043000 0.334000 -0.023000 0.000000 0.000000
12:58:03 79.599998 -53.150002 0.000000 126.839996 74.333000 132.860001 10.069000 -3.060000 5.009000 1466877.782000 453102.983000 13.268572 80.567070 0.000000 -0.043000 0.334000 -0.023000 0.000000 0.000000
12:58:04 79.599998 -53.150002 0.000000 126.839996 74.333000 132.860001 10.069000 -3.060000 5.009000 0.005000 0.005200 13.268572 80.567070 0.000000 -0.043000 0.334000 -0.023000 0.000000 0.000000
12:58:04 79.599998 -53.150002 0.000000 126.839996 73.862000 132.860001 9.927000 -3.060000 5.113000 0.005000 0.005200 13.268582 80.567070 0.000000 -0.043000 0.334000 -0.023000 0.000000 0.000000
12:58:04 79.699997 -53.150002 0.000000 126.839996 73.813004 132.860001 9.916000 -3.060000 5.044000 1466878.330000 453102.880000 13.268583 80.567070 0.000000 -0.043000 0.334000 -0.023000 0.000000 0.000000
12:58:04 79.699997 -53.150002 0.000000 126.839996 73.763000 132.860001 9.907000 -3.060000 4.991000 1466878.457000 453102.861000 13.268584 80.567070 0.000000 -0.043000 0.334000 -0.023000 0.000000 0.000000
12:58:05 79.699997 -53.150002 0.000000 126.839996 73.712997 132.860001 9.899000 -3.060000 4.976000 1466878.595000 453102.858000 13.268586 80.567070 0.000000 -0.043000 0.334000 -0.023000 0.000000 0.000000
12:58:05 79.699997 -53.150002 0.000000 126.839996 73.712997 132.860001 9.899000 -3.060000 4.976000 1466878.722000 453102.839000 13.268586 80.567070 0.000000 -0.043000 0.334000 -0.023000 0.000000 0.000000
12:58:05 79.699997 -53.150002 0.000000 126.839996 73.712997 132.860001 9.899000 -3.060000 4.976000 1466878.849000 453102.819000 13.268586 80.567070 0.000000 -0.043000 0.334000 -0.023000 0.000000 0.000000
12:58:05 79.699997 -53.150002 0.000000 126.839996 73.712997 132.860001 9.899000 -3.060000 4.976000 1466878.976000 453102.800000 13.268586 80.567070 0.000000 -0.043000 0.334000 -0.023000 0.000000 0.000000
12:58:05 79.699997 -53.150002 0.000000 126.839996 73.712997 132.860001 9.899000 -3.060000 4.976000 0.005000 0.005200 13.268586 80.567070 0.000000 -0.043000 0.334000 -0.023000 0.000000 0.000000
12:58:06 79.699997 -53.150002 0.000000 126.839996 73.391998 132.860001 9.884000 -3.060000 5.382000 1466879.229000 453102.761000 13.268593 80.567070 0.000000 -0.043000 0.334000 -0.023000 0.000000 0.000000
12:58:06 79.699997 -53.150002 0.000000 126.839996 73.334000 132.860001 9.884000 -3.060000 5.401000 1466879.493000 453102.719000 13.268594 80.567070 0.000000 -0.043000 0.334000 -0.023000 0.000000 0.000000
12:58:06 79.699997 -53.150002 0.000000 126.839996 73.276001 132.860001 9.885000 -3.060000 5.384000 1466879.620000 453102.700000 13.268596 80.567070 0.000000 -0.043000 0.334000 -0.023000 0.000000 0.000000
12:58:06 79.699997 -53.150002 0.000000 126.839996 73.217003 132.860001 9.886000 -3.060000 5.355000 1466879.747000 453102.680000 13.268597 80.567070 0.000000 -0.043000 0.334000 -0.023000 0.000000 0.000000
12:58:07 79.699997 -53.150002 0.000000 126.839996 73.217003 132.860001 9.888000 -3.060000 5.319000 1466879.874000 453102.661000 13.268598 80.567062 0.000000 -0.043000 0.334000 -0.023000 0.000000 0.000000
12:58:07 79.699997 -53.150002 0.000000 126.839996 73.217003 132.860001 9.888000 -3.060000 5.319000 1466880.018000 453102.638000 13.268598 80.567062 0.000000 -0.043000 0.334000 -0.023000 0.000000 0.000000
12:58:07 79.699997 -53.150002 0.000000 126.839996 73.217003 132.860001 9.888000 -3.060000 5.319000 1466880.145000 453102.619000 13.268598 80.567062 0.000000 -0.043000 0.334000 -0.023000 0.000000 0.000000
12:58:07 79.699997 -53.150002 0.000000 126.839996 73.217003 132.860001 9.888000 -3.060000 5.319000 1466880.271000 453102.599000 13.268598 80.567062 0.000000 -0.043000 0.334000 -0.023000 0.000000 0.000000
12:58:07 79.699997 -53.150002 0.000000 126.839996 73.217003 132.860001 9.888000 -3.060000 5.319000 0.005000 0.005200 13.268598 80.567062 0.000000 -0.043000 0.334000 -0.023000 0.000000 0.000000
12:58:08 79.699997 -53.150002 0.000000 126.839996 72.779999 132.860001 9.908000 -3.060000 5.063000 0.005000 0.005200 13.268604 80.567062 0.000000 -0.043000 0.334000 -0.023000 0.000000 0.000000
12:58:08 79.699997 -53.150002 0.000000 126.839996 72.714996 132.860001 9.912000 -3.060000 5.041000 1466880.791000 453102.519000 13.268606 80.567062 0.000000 -0.043000 0.334000 -0.023000 0.000000 0.000000
12:58:08 79.699997 -53.150002 0.000000 126.839996 72.649002 132.860001 9.917000 -3.060000 5.035000 1466880.918000 453102.499000 13.268607 80.567062 0.000000 -0.043000 0.334000 -0.023000 0.000000 0.000000
12:58:08 79.699997 -53.150002 0.000000 126.839996 72.583000 132.860001 9.921000 -3.060000 5.047000 1466881.045000 453102.480000 13.268608 80.567062 0.000000 -0.043000 0.334000 -0.023000 0.000000 0.000000
12:58:09 79.800003 -53.150002 0.000000 126.839996 72.583000 132.860001 9.925000 -3.060000 5.065000 1466881.172000 453102.460000 13.268609 80.567062 0.000000 -0.043000 0.334000 -0.023000 0.000000 0.000000
12:58:09 79.800003 -53.150002 0.000000 126.839996 72.583000 132.860001 9.925000 -3.060000 5.065000 1466881.313000 453102.438000 13.268609 80.567062 0.000000 -0.043000 0.334000 -0.023000 0.000000 0.000000
12:58:09 79.800003 -53.150002 0.000000 126.839996 72.583000 132.860001 9.925000 -3.060000 5.065000 1466881.440000 453102.418000 13.268609 80.567062 0.000000 -0.043000 0.334000 -0.023000 0.000000 0.000000
12:58:09 79.800003 -53.150002 0.000000 126.839996 72.583000 132.860001 9.925000 -3.060000 5.065000 1466881.567000 453102.399000 13.268609 80.567062 0.000000 -0.043000 0.334000 -0.023000 0.000000 0.000000
12:58:09 79.800003 -53.150002 0.000000 126.839996 72.583000 132.860001 9.925000 -3.060000 5.065000 0.005000 0.005200 13.268609 80.567062 0.000000 -0.043000 0.334000 -0.023000 0.000000 0.000000
12:58:10 79.800003 -53.150002 0.000000 126.839996 72.094002 132.860001 9.949000 -3.060000 5.164000 0.005000 0.005200 13.268617 80.567062 0.000000 -0.043000 0.334000 -0.023000 0.000000 0.000000
12:58:10 79.800003 -53.150002 0.000000 126.839996 72.019997 132.860001 9.953000 -3.060000 5.173000 1466882.106000 453102.315000 13.268618 80.567062 0.000000 -0.043000 0.334000 -0.023000 0.000000 0.000000
12:58:10 79.800003 -53.150002 0.000000 126.839996 71.945999 132.860001 9.957000 -3.060000 5.170000 1466882.233000 453102.293000 13.268619 80.567062 0.000000 -0.043000 0.334000 -0.023000 0.000000 0.000000
12:58:10 79.800003 -53.150002 0.000000 126.839996 71.871002 132.860001 9.960000 -3.060000 5.156000 1466882.360000 453102.271000 13.268620 80.567062 0.000000 -0.043000 0.334000 -0.023000 0.000000 0.000000
12:58:11 79.800003 -53.150002 0.000000 126.839996 71.871002 132.860001 9.963000 -3.060000 5.154000 1466882.487000 453102.249000 13.268621 80.567062 0.000000 -0.043000 0.334000 -0.023000 0.000000 0.000000
12:58:11 79.800003 -53.150002 0.000000 126.839996 71.871002 132.860001 9.963000 -3.060000 5.154000 1466882.657000 453102.237000 13.268621 80.567062 0.000000 -0.043000 0.334000 -0.023000 0.000000 0.000000
12:58:11 79.800003 -53.150002 0.000000 126.839996 71.871002 132.860001 9.963000 -3.060000 5.154000 1466882.784000 453102.215000 13.268621 80.567062 0.000000 -0.043000 0.334000 -0.023000 0.000000 0.000000
12:58:11 79.800003 -53.150002 0.000000 126.839996 71.871002 132.860001 9.963000 -3.060000 5.154000 1466882.911000 453102.193000 13.268621 80.567062 0.000000 -0.043000 0.334000 -0.023000 0.000000 0.000000
12:58:11 79.800003 -53.150002 0.000000 126.839996 71.871002 132.860001 9.963000 -3.060000 5.154000 0.005000 0.005200 13.268621 80.567062 0.000000 -0.043000 0.334000 -0.023000 0.000000 0.000000
12:58:12 79.800003 -53.150002 0.000000 126.839996 71.335999 132.860001 9.974000 -3.060000 5.133000 0.005000 0.005200 13.268629 80.567062 0.000000 -0.043000 0.334000 -0.023000 0.000000 0.000000
12:58:12 79.800003 -53.150002 0.000000 126.839996 71.257004 132.860001 9.975000 -3.060000 5.121000 1466883.479000 453102.102000 13.268630 80.567062 0.000000 -0.043000 0.334000 -0.023000 0.000000 0.000000
12:58:12 79.800003 -53.150002 0.000000 126.839996 71.178001 132.860001 9.975000 -3.060000 5.105000 1466883.605000 453102.080000 13.268632 80.567062 0.000000 -0.043000 0.334000 -0.023000 0.000000 0.000000
12:58:12 79.800003 -53.150002 0.000000 126.839996 71.098999 132.860001 9.974000 -3.060000 5.083000 1466883.732000 453102.058000 13.268633 80.567062 0.000000 -0.043000 0.334000 -0.023000 0.000000 0.000000
12:58:13 79.800003 -53.150002 0.000000 126.839996 71.098999 132.860001 9.972000 -3.060000 5.056000 1466883.859000 453102.036000 13.268634 80.567062 0.000000 -0.043000 0.334000 -0.023000 0.000000 0.000000
12:58:13 79.800003 -53.150002 0.000000 126.839996 71.098999 132.860001 9.972000 -3.060000 5.056000 1466884.086000 453102.011000 13.268634 80.567062 0.000000 -0.043000 0.334000 -0.023000 0.000000 0.000000
12:58:13 79.800003 -53.150002 0.000000 126.839996 71.098999 132.860001 9.972000 -3.060000 5.056000 1466884.213000 453101.989000 13.268634 80.567062 0.000000 -0.043000 0.334000 -0.023000 0.000000 0.000000
12:58:13 79.800003 -53.150002 0.000000 126.839996 71.098999 132.860001 9.972000 -3.060000 5.056000 1466884.340000 453101.967000 13.268634 80.567062 0.000000 -0.043000 0.334000 -0.023000 0.000000 0.000000
12:58:13 79.800003 -53.150002 0.000000 126.839996 71.098999 132.860001 9.972000 -3.060000 5.056000 1466884.467000 453101.945000 13.268634 80.567062 0.000000 -0.043000 0.334000 -0.023000 0.000000 0.000000
12:58:14 79.800003 -53.150002 0.000000 126.839996 71.098999 132.860001 9.972000 -3.060000 5.056000 0.005000 0.005100 13.268634 80.567062 0.000000 -0.043000 0.334000 -0.023000 0.000000 0.000000
12:58:14 79.800003 -53.150002 0.000000 126.839996 70.442001 132.860001 9.945000 -3.060000 4.988000 0.005000 0.005100 13.268643 80.567062 0.000000 -0.043000 0.334000 -0.023000 0.000000 0.000000
12:58:14 79.800003 -53.150002 0.000000 126.839996 70.357002 132.860001 9.940000 -3.060000 5.016000 1466885.003000 453101.867000 13.268644 80.567062 0.000000 -0.043000 0.334000 -0.023000 0.000000 0.000000
12:58:14 79.800003 -53.150002 0.000000 126.839996 70.271004 132.860001 9.935000 -3.060000 5.048000 1466885.130000 453101.846000 13.268645 80.567055 0.000000 -0.043000 0.334000 -0.023000 0.000000 0.000000
12:58:15 79.800003 -53.150002 0.000000 126.839996 70.271004 132.860001 9.930000 -3.060000 5.073000 1466885.257000 453101.826000 13.268646 80.567055 0.000000 -0.043000 0.334000 -0.023000 0.000000 0.000000
12:58:15 79.800003 -53.150002 0.000000 126.839996 70.271004 132.860001 9.930000 -3.060000 5.073000 1466885.458000 453101.798000 13.268646 80.567055 0.000000 -0.043000 0.334000 -0.023000 0.000000 0.000000
12:58:15 79.800003 -53.150002 0.000000 126.839996 70.271004 132.860001 9.930000 -3.060000 5.073000 1466885.585000 453101.779000 13.268646 80.567055 0.000000 -0.043000 0.334000 -0.023000 0.000000 0.000000
12:58:15 79.800003 -53.150002 0.000000 126.839996 70.271004 132.860001 9.930000 -3.060000 5.073000 1466885.712000 453101.759000 13.268646 80.567055 0.000000 -0.043000 0.334000 -0.023000 0.000000 0.000000
12:58:15 79.800003 -53.150002 0.000000 126.839996 70.271004 132.860001 9.930000 -3.060000 5.073000 1466885.839000 453101.740000 13.268646 80.567055 0.000000 -0.043000 0.334000 -0.023000 0.000000 0.000000
12:58:16 79.900002 -53.150002 0.000000 126.839996 69.652000 132.860001 9.890000 -3.060000 4.882000 0.005000 0.005100 13.268654 80.567055 0.000000 -0.043000 0.334000 -0.023000 0.000000 0.000000
12:58:16 79.900002 -53.150002 0.000000 126.839996 69.560997 132.860001 9.883000 -3.060000 4.883000 1466886.235000 453101.692000 13.268655 80.567055 0.000000 -0.043000 0.334000 -0.023000 0.000000 0.000000
12:58:16 79.900002 -53.150002 0.000000 126.839996 69.471001 132.860001 9.877000 -3.060000 4.898000 1466886.362000 453101.672000 13.268657 80.567055 0.000000 -0.043000 0.334000 -0.023000 0.000000 0.000000
12:58:16 79.900002 -53.150002 0.000000 126.839996 69.379997 132.860001 9.871000 -3.060000 4.922000 1466886.489000 453101.652000 13.268658 80.567055 0.000000 -0.043000 0.334000 -0.023000 0.000000 0.000000
12:58:17 79.900002 -53.150002 0.000000 126.839996 69.379997 132.860001 9.865000 -3.060000 4.962000 1466886.616000 453101.633000 13.268659 80.567055 0.000000 -0.043000 0.334000 -0.023000 0.000000 0.000000
12:58:17 79.900002 -53.150002 0.000000 126.839996 69.379997 132.860001 9.865000 -3.060000 4.962000 1466886.743000 453101.613000 13.268659 80.567055 0.000000 -0.043000 0.334000 -0.023000 0.000000 0.000000
12:58:17 79.900002 -53.150002 0.000000 126.839996 69.379997 132.860001 9.865000 -3.060000 4.962000 1466886.919000 453101.591000 13.268659 80.567055 0.000000 -0.043000 0.334000 -0.023000 0.000000 0.000000
12:58:17 79.900002 -53.150002 0.000000 126.839996 69.379997 132.860001 9.865000 -3.060000 4.962000 1466887.046000 453101.572000 13.268659 80.567055 0.000000 -0.043000 0.334000 -0.023000 0.000000 0.000000
12:58:17 79.800003 -53.150002 0.000000 126.839996 69.379997 132.860001 9.865000 -3.060000 4.962000 0.005000 0.005100 13.268659 80.567055 0.000000 -0.043000 0.334000 -0.023000 0.000000 0.000000
12:58:18 79.800003 -53.150002 0.000000 126.839996 68.724998 132.860001 9.836000 -3.060000 5.123000 0.005000 0.005100 13.268665 80.567055 0.000000 -0.043000 0.334000 -0.023000 0.000000 0.000000
12:58:18 79.800003 -53.150002 0.000000 126.839996 68.628998 132.860001 9.829000 -3.060000 5.048000 1466887.562000 453101.491000 13.268667 80.567055 0.000000 -0.043000 0.334000 -0.023000 0.000000 0.000000
12:58:18 79.900002 -53.150002 0.000000 126.839996 68.531998 132.860001 9.822000 -3.060000 4.971000 1466887.689000 453101.472000 13.268668 80.567055 0.000000 -0.043000 0.334000 -0.023000 0.000000 0.000000
12:58:18 79.900002 -53.150002 0.000000 126.839996 68.433998 132.860001 9.816000 -3.060000 4.899000 1466887.816000 453101.452000 13.268669 80.567055 0.000000 -0.043000 0.334000 -0.023000 0.000000 0.000000
12:58:19 79.900002 -53.150002 0.000000 126.839996 68.433998 132.860001 9.810000 -3.060000 4.846000 1466887.943000 453101.433000 13.268670 80.567055 0.000000 -0.043000 0.334000 -0.023000 0.000000 0.000000
12:58:19 79.900002 -53.150002 0.000000 126.839996 68.433998 132.860001 9.810000 -3.060000 4.846000 1466888.070000 453101.413000 13.268670 80.567055 0.000000 -0.043000 0.334000 -0.023000 0.000000 0.000000
12:58:19 79.900002 -53.150002 0.000000 126.839996 68.433998 132.860001 9.810000 -3.060000 4.846000 1466888.230000 453101.404000 13.268670 80.567055 0.000000 -0.043000 0.334000 -0.023000 0.000000 0.000000
12:58:19 79.900002 -53.150002 0.000000 126.839996 68.433998 132.860001 9.810000 -3.060000 4.846000 1466888.357000 453101.384000 13.268670 80.567055 0.000000 -0.043000 0.334000 -0.023000 0.000000 0.000000
12:58:19 79.900002 -53.150002 0.000000 126.839996 68.433998 132.860001 9.810000 -3.060000 4.846000 0.005000 0.005100 13.268670 80.567055 0.000000 -0.043000 0.334000 -0.023000 0.000000 0.000000
12:58:20 79.900002 -53.150002 0.000000 126.839996 68.433998 132.860001 9.810000 -3.060000 4.846000 0.005000 0.005100 13.268670 80.567055 0.000000 -0.043000 0.334000 -0.023000 0.000000 0.000000
12:58:20 79.900002 -53.150002 0.000000 126.839996 67.640999 132.860001 9.777000 -3.060000 5.202000 0.005000 0.005100 13.268679 80.567055 0.000000 -0.043000 0.334000 -0.023000 0.000000 0.000000
12:58:20 79.900002 -53.150002 0.000000 126.839996 67.541000 132.860001 9.772000 -3.060000 5.212000 1466889.027000 453101.268000 13.268681 80.567055 0.000000 -0.043000 0.334000 -0.023000 0.000000 0.000000
12:58:20 79.900002 -53.150002 0.000000 126.839996 67.440002 132.860001 9.765000 -3.060000 5.168000 1466889.154000 453101.246000 13.268682 80.567055 0.000000 -0.043000 0.334000 -0.023000 0.000000 0.000000
12:58:21 79.900002 -53.150002 0.000000 126.839996 67.338997 132.860001 9.758000 -3.060000 5.092000 1466889.281000 453101.224000 13.268682 80.567055 0.000000 -0.043000 0.334000 -0.023000 0.000000 0.000000
12:58:21 80.000000 -53.150002 0.000000 126.839996 67.338997 132.860001 9.758000 -3.060000 5.092000 1466889.408000 453101.202000 13.268682 80.567055 0.000000 -0.043000 0.334000 -0.023000 0.000000 0.000000
12:58:21 80.000000 -53.150002 0.000000 126.839996 67.338997 132.860001 9.758000 -3.060000 5.092000 1466889.587000 453101.177000 13.268682 80.567055 0.000000 -0.043000 0.334000 -0.023000 0.000000 0.000000
12:58:21 80.000000 -53.150002 0.000000 126.839996 67.338997 132.860001 9.758000 -3.060000 5.092000 1466889.714000 453101.155000 13.268682 80.567055 0.000000 -0.043000 0.334000 -0.023000 0.000000 0.000000
12:58:21 80.000000 -53.150002 0.000000 126.839996 67.338997 132.860001 9.758000 -3.060000 5.092000 1466889.841000 453101.133000 13.268682 80.567055 0.000000 -0.043000 0.334000 -0.023000 0.000000 0.000000
12:58:22 80.000000 -53.150002 0.000000 126.839996 66.724998 132.860001 9.708000 -3.060000 4.856000 0.005000 0.005100 13.268690 80.567055 0.000000 -0.043000 0.334000 -0.023000 0.000000 0.000000
12:58:22 80.000000 -53.150002 0.000000 126.839996 66.623001 132.860001 9.700000 -3.060000 4.934000 1466890.278000 453101.064000 13.268691 80.567055 0.000000 -0.043000 0.334000 -0.023000 0.000000 0.000000
12:58:22 80.000000 -53.150002 0.000000 126.839996 66.521004 132.860001 9.691000 -3.060000 5.015000 1466890.405000 453101.042000 13.268693 80.567055 0.000000 -0.043000 0.334000 -0.023000 0.000000 0.000000
12:58:22 80.000000 -53.150002 0.000000 126.839996 66.417999 132.860001 9.681000 -3.060000 5.092000 1466890.532000 453101.020000 13.268694 80.567047 0.000000 -0.043000 0.334000 -0.023000 0.000000 0.000000
12:58:23 80.000000 -53.150002 0.000000 126.839996 66.417999 132.860001 9.670000 -3.060000 5.149000 1466890.659000 453100.998000 13.268695 80.567047 0.000000 -0.043000 0.334000 -0.023000 0.000000 0.000000
12:58:23 80.000000 -53.150002 0.000000 126.839996 66.417999 132.860001 9.670000 -3.060000 5.149000 1466890.786000 453100.976000 13.268695 80.567047 0.000000 -0.043000 0.334000 -0.023000 0.000000 0.000000
12:58:23 80.000000 -53.150002 0.000000 126.839996 66.417999 132.860001 9.670000 -3.060000 5.149000 1466890.991000 453100.964000 13.268695 80.567047 0.000000 -0.043000 0.334000 -0.023000 0.000000 0.000000
12:58:23 80.000000 -53.150002 0.000000 126.839996 66.417999 132.860001 9.670000 -3.060000 5.149000 1466891.118000 453100.942000 13.268695 80.567047 0.000000 -0.043000 0.334000 -0.023000 0.000000 0.000000
12:58:23 80.099998 -53.150002 0.000000 126.839996 66.417999 132.860001 9.670000 -3.060000 5.149000 0.005000 0.005000 13.268695 80.567047 0.000000 -0.043000 0.334000 -0.023000 0.000000 0.000000
12:58:24 80.099998 -53.150002 0.000000 126.839996 65.692001 132.860001 9.584000 -3.060000 4.829000 0.005000 0.005000 13.268703 80.567047 0.000000 -0.043000 0.334000 -0.023000 0.000000 0.000000
12:58:24 80.099998 -53.150002 0.000000 126.839996 65.587997 132.860001 9.567000 -3.060000 4.750000 1466891.695000 453100.838000 13.268704 80.567047 0.000000 -0.043000 0.334000 -0.023000 0.000000 0.000000
12:58:24 80.099998 -53.150002 0.000000 126.839996 65.484001 132.860001 9.552000 -3.060000 4.719000 1466891.822000 453100.817000 13.268705 80.567047 0.000000 -0.043000 0.334000 -0.023000 0.000000 0.000000
12:58:24 80.099998 -53.150002 0.000000 126.839996 65.380997 132.860001 9.536000 -3.060000 4.749000 1466891.949000 453100.795000 13.268706 80.567047 0.000000 -0.043000 0.334000 -0.023000 0.000000 0.000000
12:58:25 80.099998 -53.150002 0.000000 126.839996 65.380997 132.860001 9.522000 -3.060000 4.834000 1466892.076000 453100.773000 13.268708 80.567047 0.000000 -0.043000 0.334000 -0.023000 0.000000 0.000000
12:58:25 80.099998 -53.150002 0.000000 126.839996 65.380997 132.860001 9.522000 -3.060000 4.834000 1466892.203000 453100.751000 13.268708 80.567047 0.000000 -0.043000 0.334000 -0.023000 0.000000 0.000000
12:58:25 80.099998 -53.150002 0.000000 126.839996 65.380997 132.860001 9.522000 -3.060000 4.834000 1466892.396000 453100.726000 13.268708 80.567047 0.000000 -0.043000 0.334000 -0.023000 0.000000 0.000000
12:58:25 80.000000 -53.150002 0.000000 126.839996 65.380997 132.860001 9.522000 -3.060000 4.834000 1466892.523000 453100.704000 13.268708 80.567047 0.000000 -0.043000 0.334000 -0.023000 0.000000 0.000000
12:58:25 80.000000 -53.150002 0.000000 126.839996 65.380997 132.860001 9.522000 -3.060000 4.834000 0.005000 0.005000 13.268708 80.567047 0.000000 -0.043000 0.334000 -0.023000 0.000000 0.000000
12:58:26 80.000000 -53.150002 0.000000 126.839996 64.656998 132.860001 9.422000 -3.060000 5.100000 0.005000 0.005000 13.268716 80.567047 0.000000 -0.043000 0.334000 -0.023000 0.000000 0.000000
12:58:26 80.099998 -53.150002 0.000000 126.839996 64.554001 132.860001 9.403000 -3.060000 5.017000 1466893.031000 453100.617000 13.268717 80.567047 0.000000 -0.043000 0.334000 -0.023000 0.000000 0.000000
12:58:26 80.099998 -53.150002 0.000000 126.839996 64.449997 132.860001 9.383000 -3.060000 4.903000 1466893.210000 453100.606000 13.268718 80.567047 0.000000 -0.043000 0.334000 -0.023000 0.000000 0.000000
12:58:26 80.099998 -53.150002 0.000000 126.839996 64.347000 132.860001 9.363000 -3.060000 4.799000 1466893.337000 453100.587000 13.268719 80.567047 0.000000 -0.043000 0.334000 -0.023000 0.000000 0.000000
12:58:27 80.099998 -53.150002 0.000000 126.839996 64.347000 132.860001 9.344000 -3.060000 4.732000 1466893.464000 453100.567000 13.268721 80.567047 0.000000 -0.043000 0.334000 -0.023000 0.000000 0.000000
12:58:27 80.099998 -53.150002 0.000000 126.839996 64.347000 132.860001 9.344000 -3.060000 4.732000 1466893.591000 453100.547000 13.268721 80.567047 0.000000 -0.043000 0.334000 -0.023000 0.000000 0.000000
12:58:27 80.099998 -53.150002 0.000000 126.839996 64.347000 132.860001 9.344000 -3.060000 4.732000 1466893.714000 453100.528000 13.268721 80.567047 0.000000 -0.043000 0.334000 -0.023000 0.000000 0.000000
12:58:27 80.099998 -53.150002 0.000000 126.839996 64.347000 132.860001 9.344000 -3.060000 4.732000 1466893.856000 453100.506000 13.268721 80.567047 0.000000 -0.043000 0.334000 -0.023000 0.000000 0.000000
12:58:27 80.099998 -53.150002 0.000000 126.839996 64.347000 132.860001 9.344000 -3.060000 4.732000 1466893.974000 453100.486000 13.268721 80.567047 0.000000 -0.043000 0.334000 -0.023000 0.000000 0.000000
12:58:28 80.099998 -53.150002 0.000000 126.839996 63.625000 132.860001 9.246000 -3.060000 5.082000 0.005000 0.005000 13.268727 80.567047 0.000000 -0.043000 0.334000 -0.023000 0.000000 0.000000
12:58:28 80.099998 -53.150002 0.000000 126.839996 63.521999 132.860001 9.231000 -3.060000 5.092000 1466894.325000 453100.428000 13.268728 80.567047 0.000000 -0.043000 0.334000 -0.023000 0.000000 0.000000
12:58:28 80.099998 -53.150002 0.000000 126.839996 63.417999 132.860001 9.215000 -3.060000 5.059000 1466894.495000 453100.420000 13.268729 80.567047 0.000000 -0.043000 0.334000 -0.023000 0.000000 0.000000
12:58:28 80.099998 -53.150002 0.000000 126.839996 63.313999 132.860001 9.199000 -3.060000 5.001000 1466894.612000 453100.403000 13.268731 80.567047 0.000000 -0.043000 0.334000 -0.023000 0.000000 0.000000
12:58:29 80.099998 -53.150002 0.000000 126.839996 63.313999 132.860001 9.184000 -3.060000 4.921000 1466894.729000 453100.386000 13.268732 80.567047 0.000000 -0.043000 0.334000 -0.023000 0.000000 0.000000
12:58:29 80.099998 -53.150002 0.000000 126.839996 63.313999 132.860001 9.184000 -3.060000 4.921000 1466894.846000 453100.369000 13.268732 80.567047 0.000000 -0.043000 0.334000 -0.023000 0.000000 0.000000
12:58:29 80.099998 -53.150002 0.000000 126.839996 63.313999 132.860001 9.184000 -3.060000 4.921000 1466894.963000 453100.352000 13.268732 80.567047 0.000000 -0.043000 0.334000 -0.023000 0.000000 0.000000
12:58:29 80.099998 -53.150002 0.000000 126.839996 63.313999 132.860001 9.184000 -3.060000 4.921000 1466895.119000 453100.333000 13.268732 80.567047 0.000000 -0.043000 0.334000 -0.023000 0.000000 0.000000
12:58:29 80.099998 -53.150002 0.000000 126.839996 63.313999 132.860001 9.184000 -3.060000 4.921000 0.005000 0.005000 13.268732 80.567047 0.000000 -0.043000 0.334000 -0.023000 0.000000 0.000000
12:58:30 80.099998 -53.150002 0.000000 126.839996 62.581001 132.860001 9.112000 -3.060000 4.748000 0.005000 0.005000 13.268739 80.567047 0.000000 -0.043000 0.334000 -0.023000 0.000000 0.000000
12:58:30 80.099998 -53.150002 0.000000 126.839996 62.476002 132.860001 9.104000 -3.060000 4.797000 1466895.587000 453100.264000 13.268740 80.567047 0.000000 -0.043000 0.334000 -0.023000 0.000000 0.000000
12:58:30 80.099998 -53.150002 0.000000 126.839996 62.369999 132.860001 9.098000 -3.060000 4.851000 1466895.722000 453100.258000 13.268741 80.567047 0.000000 -0.043000 0.334000 -0.023000 0.000000 0.000000
12:58:30 80.099998 -53.150002 0.000000 126.839996 62.264999 132.860001 9.092000 -3.060000 4.877000 1466895.839000 453100.241000 13.268742 80.567047 0.000000 -0.043000 0.334000 -0.023000 0.000000 0.000000
12:58:31 80.099998 -53.150002 0.000000 126.839996 62.264999 132.860001 9.087000 -3.060000 4.870000 1466895.956000 453100.224000 13.268743 80.567047 0.000000 -0.043000 0.334000 -0.023000 0.000000 0.000000
12:58:31 80.099998 -53.150002 0.000000 126.839996 62.264999 132.860001 9.087000 -3.060000 4.870000 1466896.073000 453100.207000 13.268743 80.567047 0.000000 -0.043000 0.334000 -0.023000 0.000000 0.000000
12:58:31 80.099998 -53.150002 0.000000 126.839996 62.264999 132.860001 9.087000 -3.060000 4.870000 1466896.190000 453100.190000 13.268743 80.567047 0.000000 -0.043000 0.334000 -0.023000 0.000000 0.000000
12:58:31 80.199997 -53.150002 0.000000 126.839996 62.264999 132.860001 9.087000 -3.060000 4.870000 1466896.337000 453100.196000 13.268743 80.567047 0.000000 -0.043000 0.334000 -0.023000 0.000000 0.000000
12:58:31 80.199997 -53.150002 0.000000 126.839996 62.264999 132.860001 9.087000 -3.060000 4.870000 0.005000 0.005000 13.268743 80.567047 0.000000 -0.043000 0.334000 -0.023000 0.000000 0.000000
12:58:32 80.199997 -53.150002 0.000000 126.839996 61.521000 132.860001 9.079000 -3.060000 4.746000 0.005000 0.005000 13.268749 80.567039 0.000000 -0.043000 0.334000 -0.023000 0.000000 0.000000
12:58:32 80.199997 -53.150002 0.000000 126.839996 61.414001 132.860001 9.082000 -3.060000 4.783000 1466896.821000 453100.126000 13.268751 80.567039 0.000000 -0.043000 0.334000 -0.023000 0.000000 0.000000
12:58:32 80.199997 -53.150002 0.000000 126.839996 61.306999 132.860001 9.087000 -3.060000 4.830000 1466896.962000 453100.134000 13.268752 80.567039 0.000000 -0.043000 0.334000 -0.023000 0.000000 0.000000
12:58:32 80.199997 -53.150002 0.000000 126.839996 61.199001 132.860001 9.091000 -3.060000 4.861000 1466897.089000 453100.114000 13.268753 80.567039 0.000000 -0.043000 0.334000 -0.023000 0.000000 0.000000
12:58:33 80.199997 -53.150002 0.000000 126.839996 61.199001 132.860001 9.096000 -3.060000 4.871000 1466897.216000 453100.095000 13.268754 80.567039 0.000000 -0.043000 0.334000 -0.023000 0.000000 0.000000
12:58:33 80.199997 -53.150002 0.000000 126.839996 61.199001 132.860001 9.096000 -3.060000 4.871000 1466897.343000 453100.075000 13.268754 80.567039 0.000000 -0.043000 0.334000 -0.023000 0.000000 0.000000
12:58:33 80.199997 -53.150002 0.000000 126.839996 61.199001 132.860001 9.096000 -3.060000 4.871000 1466897.470000 453100.056000 13.268754 80.567039 0.000000 -0.043000 0.334000 -0.023000 0.000000 0.000000
12:58:33 80.199997 -53.150002 0.000000 126.839996 61.199001 132.860001 9.096000 -3.060000 4.871000 1466897.608000 453100.046000 13.268754 80.567039 0.000000 -0.043000 0.334000 -0.023000 0.000000 0.000000
12:58:33 80.199997 -53.150002 0.000000 126.839996 61.199001 132.860001 9.096000 -3.060000 4.871000 1466897.735000 453100.027000 13.268754 80.567039 0.000000 -0.043000 0.334000 -0.023000 0.000000 0.000000
12:58:34 80.199997 -53.150002 0.000000 126.839996 60.439999 132.860001 9.135000 -3.060000 4.724000 0.005000 0.005000 13.268762 80.567039 0.000000 -0.043000 0.334000 -0.023000 0.000000 0.000000
12:58:34 80.199997 -53.150002 0.000000 126.839996 60.331001 132.860001 9.143000 -3.060000 4.764000 1466898.116000 453099.968000 13.268763 80.567039 0.000000 -0.043000 0.334000 -0.023000 0.000000 0.000000
12:58:34 80.199997 -53.150002 0.000000 126.839996 60.223000 132.860001 9.151000 -3.060000 4.819000 1466898.268000 453099.959000 13.268764 80.567039 0.000000 -0.043000 0.334000 -0.023000 0.000000 0.000000
12:58:34 80.199997 -53.150002 0.000000 126.839996 60.113998 132.860001 9.159000 -3.060000 4.866000 1466898.395000 453099.937000 13.268764 80.567039 0.000000 -0.043000 0.334000 -0.023000 0.000000 0.000000
12:58:35 80.199997 -53.150002 0.000000 126.839996 60.113998 132.860001 9.166000 -3.060000 4.913000 1466898.522000 453099.915000 13.268766 80.567039 0.000000 -0.043000 0.334000 -0.023000 0.000000 0.000000
12:58:35 80.199997 -53.150002 0.000000 126.839996 60.113998 132.860001 9.166000 -3.060000 4.913000 1466898.649000 453099.893000 13.268766 80.567039 0.000000 -0.043000 0.334000 -0.023000 0.000000 0.000000
12:58:35 80.199997 -53.150002 0.000000 126.839996 60.113998 132.860001 9.166000 -3.060000 4.913000 1466898.776000 453099.871000 13.268766 80.567039 0.000000 -0.043000 0.334000 -0.023000 0.000000 0.000000
12:58:35 80.199997 -53.150002 0.000000 126.839996 60.113998 132.860001 9.166000 -3.060000 4.913000 1466898.966000 453099.846000 13.268766 80.567039 0.000000 -0.043000 0.334000 -0.023000 0.000000 0.000000
12:58:35 80.199997 -53.150002 0.000000 126.839996 60.113998 132.860001 9.166000 -3.060000 4.913000 1466899.093000 453099.824000 13.268766 80.567039 0.000000 -0.043000 0.334000 -0.023000 0.000000 0.000000
12:58:36 80.300003 -53.150002 0.000000 126.839996 59.353001 132.860001 9.193000 -3.060000 4.801000 0.005000 0.005900 13.268774 80.567039 0.000000 -0.043000 0.334000 -0.023000 0.000000 0.000000
12:58:36 80.300003 -53.150002 0.000000 126.839996 59.243999 132.860001 9.195000 -3.060000 4.746000 1466899.474000 453099.758000 13.268775 80.567039 0.000000 -0.043000 0.334000 -0.023000 0.000000 0.000000
12:58:36 80.300003 -53.150002 0.000000 126.839996 59.136002 132.860001 9.197000 -3.060000 4.718000 1466899.601000 453099.736000 13.268776 80.567039 0.000000 -0.043000 0.334000 -0.023000 0.000000 0.000000
12:58:36 80.300003 -53.150002 0.000000 126.839996 59.028000 132.860001 9.198000 -3.060000 4.728000 1466899.791000 453099.724000 13.268778 80.567039 0.000000 -0.043000 0.334000 -0.023000 0.000000 0.000000
12:58:37 80.300003 -53.150002 0.000000 126.839996 59.028000 132.860001 9.199000 -3.060000 4.764000 1466899.918000 453099.702000 13.268779 80.567039 0.000000 -0.043000 0.334000 -0.023000 0.000000 0.000000
12:58:37 80.300003 -53.150002 0.000000 126.839996 59.028000 132.860001 9.199000 -3.060000 4.764000 1466900.045000 453099.680000 13.268779 80.567039 0.000000 -0.043000 0.334000 -0.023000 0.000000 0.000000
12:58:37 80.300003 -53.150002 0.000000 126.839996 59.028000 132.860001 9.199000 -3.060000 4.764000 1466900.172000 453099.658000 13.268779 80.567039 0.000000 -0.043000 0.334000 -0.023000 0.000000 0.000000
12:58:37 80.300003 -53.150002 0.000000 126.839996 59.028000 132.860001 9.199000 -3.060000 4.764000 1466900.299000 453099.636000 13.268779 80.567039 0.000000 -0.043000 0.334000 -0.023000 0.000000 0.000000
12:58:37 80.300003 -53.150002 0.000000 126.839996 59.028000 132.860001 9.199000 -3.060000 4.764000 1466900.494000 453099.598000 13.268779 80.567039 0.000000 -0.043000 0.334000 -0.023000 0.000000 0.000000
12:58:38 80.300003 -53.150002 0.000000 126.839996 59.028000 132.860001 9.199000 -3.060000 4.764000 0.005000 0.004900 13.268779 80.567039 0.000000 -0.043000 0.334000 -0.023000 0.000000 0.000000
12:58:38 80.300003 -53.150002 0.000000 126.839996 58.168999 132.860001 9.177000 -3.060000 5.007000 0.005000 0.004900 13.268787 80.567039 0.000000 -0.043000 0.334000 -0.023000 0.000000 0.000000
12:58:38 80.300003 -53.150002 0.000000 126.839996 58.061001 132.860001 9.168000 -3.060000 4.984000 1466901.002000 453099.511000 13.268789 80.567039 0.000000 -0.043000 0.334000 -0.023000 0.000000 0.000000
12:58:38 80.300003 -53.150002 0.000000 126.839996 58.061001 132.860001 9.158000 -3.060000 4.940000 1466901.200000 453099.487000 13.268790 80.567039 0.000000 -0.043000 0.334000 -0.023000 0.000000 0.000000
12:58:39 80.300003 -53.150002 0.000000 126.839996 58.061001 132.860001 9.147000 -3.060000 4.888000 1466901.327000 453099.468000 13.268791 80.567039 0.000000 -0.043000 0.334000 -0.023000 0.000000 0.000000
12:58:39 80.300003 -53.150002 0.000000 126.839996 58.061001 132.860001 9.147000 -3.060000 4.888000 1466901.454000 453099.448000 13.268791 80.567039 0.000000 -0.043000 0.334000 -0.023000 0.000000 0.000000
12:58:39 80.300003 -53.150002 0.000000 126.839996 58.061001 132.860001 9.147000 -3.060000 4.888000 1466901.581000 453099.429000 13.268791 80.567039 0.000000 -0.043000 0.334000 -0.023000 0.000000 0.000000
12:58:39 80.300003 -53.150002 0.000000 126.839996 58.061001 132.860001 9.147000 -3.060000 4.888000 1466901.708000 453099.409000 13.268791 80.567039 0.000000 -0.043000 0.334000 -0.023000 0.000000 0.000000
12:58:39 80.300003 -53.150002 0.000000 126.839996 58.061001 132.860001 9.147000 -3.060000 4.888000 0.005000 0.004900 13.268791 80.567039 0.000000 -0.043000 0.334000 -0.023000 0.000000 0.000000
12:58:40 80.300003 -53.150002 0.000000 126.839996 57.202999 132.860001 9.064000 -3.060000 4.798000 0.005000 0.004900 13.268799 80.567032 0.000000 -0.043000 0.334000 -0.023000 0.000000 0.000000
12:58:40 80.300003 -53.150002 0.000000 126.839996 57.095001 132.860001 9.049000 -3.060000 4.836000 1466902.239000 453099.342000 13.268800 80.567032 0.000000 -0.043000 0.334000 -0.023000 0.000000 0.000000
12:58:40 80.300003 -53.150002 0.000000 126.839996 56.987999 132.860001 9.033000 -3.060000 4.880000 1466902.356000 453099.324000 13.268801 80.567032 0.000000 -0.043000 0.334000 -0.023000 0.000000 0.000000
12:58:40 80.300003 -53.150002 0.000000 126.839996 56.987999 132.860001 9.016000 -3.060000 4.904000 1466902.536000 453099.314000 13.268803 80.567032 0.000000 -0.043000 0.334000 -0.023000 0.000000 0.000000
12:58:41 80.300003 -53.150002 0.000000 126.839996 56.987999 132.860001 8.998000 -3.060000 4.909000 1466902.653000 453099.297000 13.268804 80.567032 0.000000 -0.043000 0.334000 -0.023000 0.000000 0.000000
12:58:41 80.300003 -53.150002 0.000000 126.839996 56.987999 132.860001 8.998000 -3.060000 4.909000 1466902.770000 453099.280000 13.268804 80.567032 0.000000 -0.043000 0.334000 -0.023000 0.000000 0.000000
12:58:41 80.300003 -53.150002 0.000000 126.839996 56.987999 132.860001 8.998000 -3.060000 4.909000 1466902.888000 453099.263000 13.268804 80.567032 0.000000 -0.043000 0.334000 -0.023000 0.000000 0.000000
12:58:41 80.300003 -53.150002 0.000000 126.839996 56.987999 132.860001 8.998000 -3.060000 4.909000 1466903.005000 453099.246000 13.268804 80.567032 0.000000 -0.043000 0.334000 -0.023000 0.000000 0.000000
12:58:41 80.300003 -53.150002 0.000000 126.839996 56.987999 132.860001 8.998000 -3.060000 4.909000 0.005000 0.004900 13.268804 80.567032 0.000000 -0.043000 0.334000 -0.023000 0.000000 0.000000
12:58:42 80.300003 -53.150002 0.000000 126.839996 56.134998 132.860001 8.887000 -3.060000 4.660000 0.005000 0.004900 13.268810 80.567032 0.000000 -0.043000 0.334000 -0.023000 0.000000 0.000000
12:58:42 80.300003 -53.150002 0.000000 126.839996 56.028999 132.860001 8.870000 -3.060000 4.640000 1466903.522000 453099.175000 13.268811 80.567032 0.000000 -0.043000 0.334000 -0.023000 0.000000 0.000000
12:58:42 80.300003 -53.150002 0.000000 126.839996 55.923000 132.860001 8.853000 -3.060000 4.640000 1466903.639000 453099.158000 13.268812 80.567032 0.000000 -0.043000 0.334000 -0.023000 0.000000 0.000000
12:58:42 80.300003 -53.150002 0.000000 126.839996 55.817001 132.860001 8.838000 -3.060000 4.672000 1466903.778000 453099.152000 13.268813 80.567032 0.000000 -0.043000 0.334000 -0.023000 0.000000 0.000000
12:58:43 80.300003 -53.150002 0.000000 126.839996 55.817001 132.860001 8.823000 -3.060000 4.733000 1466903.895000 453099.136000 13.268815 80.567032 0.000000 -0.043000 0.334000 -0.023000 0.000000 0.000000
12:58:43 80.300003 -53.150002 0.000000 126.839996 55.817001 132.860001 8.823000 -3.060000 4.733000 1466904.012000 453099.122000 13.268815 80.567032 0.000000 -0.043000 0.334000 -0.023000 0.000000 0.000000
12:58:43 80.300003 -53.150002 0.000000 126.839996 55.817001 132.860001 8.823000 -3.060000 4.733000 1466904.129000 453099.107000 13.268815 80.567032 0.000000 -0.043000 0.334000 -0.023000 0.000000 0.000000
12:58:43 80.300003 -53.150002 0.000000 126.839996 55.817001 132.860001 8.823000 -3.060000 4.733000 1466904.247000 453099.092000 13.268815 80.567032 0.000000 -0.043000 0.334000 -0.023000 0.000000 0.000000
12:58:43 80.300003 -53.150002 0.000000 126.839996 55.817001 132.860001 8.823000 -3.060000 4.733000 1466904.366000 453099.091000 13.268815 80.567032 0.000000 -0.043000 0.334000 -0.023000 0.000000 0.000000
12:58:44 80.300003 -53.150002 0.000000 126.839996 55.078999 132.860001 8.742000 -3.060000 4.744000 0.005000 0.004900 13.268821 80.567032 0.000000 -0.043000 0.334000 -0.023000 0.000000 0.000000
12:58:44 80.300003 -53.150002 0.000000 126.839996 54.973999 132.860001 8.730000 -3.060000 4.682000 1466904.717000 453099.046000 13.268822 80.567032 0.000000 -0.043000 0.334000 -0.023000 0.000000 0.000000
12:58:44 80.300003 -53.150002 0.000000 126.839996 54.868000 132.860001 8.719000 -3.060000 4.618000 1466904.834000 453099.029000 13.268823 80.567032 0.000000 -0.043000 0.334000 -0.023000 0.000000 0.000000
12:58:44 80.300003 -53.150002 0.000000 126.839996 54.763000 132.860001 8.710000 -3.060000 4.578000 1466904.959000 453099.028000 13.268825 80.567032 0.000000 -0.043000 0.334000 -0.023000 0.000000 0.000000
12:58:45 80.300003 -53.150002 0.000000 126.839996 54.763000 132.860001 8.701000 -3.060000 4.580000 1466905.076000 453099.011000 13.268825 80.567032 0.000000 -0.043000 0.334000 -0.023000 0.000000 0.000000
12:58:45 80.300003 -53.150002 0.000000 126.839996 54.763000 132.860001 8.701000 -3.060000 4.580000 1466905.193000 453098.994000 13.268825 80.567032 0.000000 -0.043000 0.334000 -0.023000 0.000000 0.000000
12:58:45 80.300003 -53.150002 0.000000 126.839996 54.763000 132.860001 8.701000 -3.060000 4.580000 1466905.311000 453098.977000 13.268825 80.567032 0.000000 -0.043000 0.334000 -0.023000 0.000000 0.000000
12:58:45 80.300003 -53.150002 0.000000 126.839996 54.763000 132.860001 8.701000 -3.060000 4.580000 1466905.428000 453098.960000 13.268825 80.567032 0.000000 -0.043000 0.334000 -0.023000 0.000000 0.000000
12:58:45 80.300003 -53.150002 0.000000 126.839996 54.763000 132.860001 8.701000 -3.060000 4.580000 0.005000 0.004800 13.268825 80.567032 0.000000 -0.043000 0.334000 -0.023000 0.000000 0.000000
12:58:46 80.300003 -53.150002 0.000000 126.839996 54.033001 132.860001 8.669000 -3.060000 4.792000 0.005000 0.004800 13.268832 80.567032 0.000000 -0.043000 0.334000 -0.023000 0.000000 0.000000
12:58:46 80.300003 -53.150002 0.000000 126.839996 53.928001 132.860001 8.666000 -3.060000 4.806000 1466905.899000 453098.915000 13.268833 80.567032 0.000000 -0.043000 0.334000 -0.023000 0.000000 0.000000
12:58:46 80.300003 -53.150002 0.000000 126.839996 53.824001 132.860001 8.663000 -3.060000 4.815000 1466906.016000 453098.898000 13.268834 80.567032 0.000000 -0.043000 0.334000 -0.023000 0.000000 0.000000
12:58:46 80.300003 -53.150002 0.000000 126.839996 53.720001 132.860001 8.660000 -3.060000 4.802000 1466906.133000 453098.881000 13.268835 80.567032 0.000000 -0.043000 0.334000 -0.023000 0.000000 0.000000
12:58:47 80.300003 -53.150002 0.000000 126.839996 53.615002 132.860001 8.657000 -3.060000 4.763000 1466906.270000 453098.888000 13.268836 80.567032 0.000000 -0.043000 0.334000 -0.023000 0.000000 0.000000
12:58:47 80.300003 -53.150002 0.000000 126.839996 53.615002 132.860001 8.657000 -3.060000 4.763000 1466906.387000 453098.870000 13.268836 80.567032 0.000000 -0.043000 0.334000 -0.023000 0.000000 0.000000
12:58:47 80.300003 -53.150002 0.000000 126.839996 53.615002 132.860001 8.657000 -3.060000 4.763000 1466906.504000 453098.853000 13.268836 80.567032 0.000000 -0.043000 0.334000 -0.023000 0.000000 0.000000
12:58:47 80.300003 -53.150002 0.000000 126.839996 53.615002 132.860001 8.657000 -3.060000 4.763000 0.005000 0.004800 13.268836 80.567032 0.000000 -0.043000 0.334000 -0.023000 0.000000 0.000000
12:58:47 80.300003 -53.150002 0.000000 126.839996 53.615002 132.860001 8.657000 -3.060000 4.763000 0.005000 0.004800 13.268836 80.567032 0.000000 -0.043000 0.334000 -0.023000 0.000000 0.000000
12:58:48 80.300003 -53.150002 0.000000 126.839996 52.992001 132.860001 8.645000 -3.060000 4.652000 0.005000 0.004800 13.268843 80.567032 0.000000 -0.043000 0.334000 -0.023000 0.000000 0.000000
12:58:48 80.300003 -53.150002 0.000000 126.839996 52.888000 132.860001 8.645000 -3.060000 4.660000 1466907.159000 453098.785000 13.268845 80.567032 0.000000 -0.043000 0.334000 -0.023000 0.000000 0.000000
12:58:48 80.300003 -53.150002 0.000000 126.839996 52.784000 132.860001 8.645000 -3.060000 4.671000 1466907.286000 453098.765000 13.268846 80.567032 0.000000 -0.043000 0.334000 -0.023000 0.000000 0.000000
12:58:48 80.300003 -53.150002 0.000000 126.839996 52.681000 132.860001 8.644000 -3.060000 4.677000 1466907.413000 453098.746000 13.268847 80.567032 0.000000 -0.043000 0.334000 -0.023000 0.000000 0.000000
12:58:49 80.400002 -53.150002 0.000000 126.839996 52.681000 132.860001 8.644000 -3.060000 4.676000 1466907.560000 453098.737000 13.268847 80.567032 0.000000 -0.043000 0.334000 -0.023000 0.000000 0.000000
12:58:49 80.400002 -53.150002 0.000000 126.839996 52.681000 132.860001 8.644000 -3.060000 4.676000 1466907.687000 453098.717000 13.268847 80.567032 0.000000 -0.043000 0.334000 -0.023000 0.000000 0.000000
12:58:49 80.400002 -53.150002 0.000000 126.839996 52.681000 132.860001 8.644000 -3.060000 4.676000 1466907.813000 453098.697000 13.268847 80.567032 0.000000 -0.043000 0.334000 -0.023000 0.000000 0.000000
12:58:49 80.400002 -53.150002 0.000000 126.839996 52.681000 132.860001 8.644000 -3.060000 4.676000 1466907.940000 453098.678000 13.268847 80.567032 0.000000 -0.043000 0.334000 -0.023000 0.000000 0.000000
12:58:49 80.400002 -53.150002 0.000000 126.839996 52.681000 132.860001 8.644000 -3.060000 4.676000 0.005000 0.004800 13.268847 80.567032 0.000000 -0.043000 0.334000 -0.023000 0.000000 0.000000
12:58:50 80.400002 -53.150002 0.000000 126.839996 51.959000 132.860001 8.651000 -3.060000 4.587000 0.005000 0.004800 13.268855 80.567032 0.000000 -0.043000 0.334000 -0.023000 0.000000 0.000000
12:58:50 80.400002 -53.150002 0.000000 126.839996 51.855000 132.860001 8.654000 -3.060000 4.581000 1466908.492000 453098.608000 13.268857 80.567032 0.000000 -0.043000 0.334000 -0.023000 0.000000 0.000000
12:58:50 80.400002 -53.150002 0.000000 126.839996 51.750999 132.860001 8.656000 -3.060000 4.580000 1466908.619000 453098.586000 13.268858 80.567032 0.000000 -0.043000 0.334000 -0.023000 0.000000 0.000000
12:58:50 80.300003 -53.150002 0.000000 126.839996 51.750999 132.860001 8.659000 -3.060000 4.580000 1466908.746000 453098.564000 13.268859 80.567024 0.000000 -0.043000 0.334000 -0.023000 0.000000 0.000000
12:58:51 80.300003 -53.150002 0.000000 126.839996 51.750999 132.860001 8.663000 -3.060000 4.594000 1466908.933000 453098.548000 13.268860 80.567024 0.000000 -0.043000 0.334000 -0.023000 0.000000 0.000000
12:58:51 80.300003 -53.150002 0.000000 126.839996 51.750999 132.860001 8.663000 -3.060000 4.594000 1466909.060000 453098.526000 13.268860 80.567024 0.000000 -0.043000 0.334000 -0.023000 0.000000 0.000000
12:58:51 80.300003 -53.150002 0.000000 126.839996 51.750999 132.860001 8.663000 -3.060000 4.594000 1466909.187000 453098.504000 13.268860 80.567024 0.000000 -0.043000 0.334000 -0.023000 0.000000 0.000000
12:58:51 80.400002 -53.150002 0.000000 126.839996 51.750999 132.860001 8.663000 -3.060000 4.594000 1466909.313000 453098.482000 13.268860 80.567024 0.000000 -0.043000 0.334000 -0.023000 0.000000 0.000000
12:58:51 80.400002 -53.150002 0.000000 126.839996 51.750999 132.860001 8.663000 -3.060000 4.594000 0.005000 0.004800 13.268860 80.567024 0.000000 -0.043000 0.334000 -0.023000 0.000000 0.000000
12:58:52 80.400002 -53.150002 0.000000 126.839996 50.910999 132.860001 8.687000 -3.060000 4.669000 0.005000 0.004800 13.268867 80.567024 0.000000 -0.043000 0.334000 -0.023000 0.000000 0.000000
12:58:52 80.400002 -53.150002 0.000000 126.839996 50.805000 132.860001 8.691000 -3.060000 4.652000 1466909.877000 453098.410000 13.268869 80.567024 0.000000 -0.043000 0.334000 -0.023000 0.000000 0.000000
12:58:52 80.400002 -53.150002 0.000000 126.839996 50.699001 132.860001 8.694000 -3.060000 4.628000 1466910.004000 453098.390000 13.268870 80.567024 0.000000 -0.043000 0.334000 -0.023000 0.000000 0.000000
12:58:52 80.400002 -53.150002 0.000000 126.839996 50.591999 132.860001 8.699000 -3.060000 4.612000 1466910.131000 453098.371000 13.268871 80.567024 0.000000 -0.043000 0.334000 -0.023000 0.000000 0.000000
12:58:53 80.400002 -53.150002 0.000000 126.839996 50.591999 132.860001 8.703000 -3.060000 4.593000 1466910.304000 453098.336000 13.268872 80.567024 0.000000 -0.043000 0.334000 -0.023000 0.000000 0.000000
12:58:53 80.400002 -53.150002 0.000000 126.839996 50.591999 132.860001 8.703000 -3.060000 4.593000 1466910.421000 453098.317000 13.268872 80.567024 0.000000 -0.043000 0.334000 -0.023000 0.000000 0.000000
12:58:53 80.400002 -53.150002 0.000000 126.839996 50.591999 132.860001 8.703000 -3.060000 4.593000 1466910.538000 453098.297000 13.268872 80.567024 0.000000 -0.043000 0.334000 -0.023000 0.000000 0.000000
12:58:53 80.400002 -53.150002 0.000000 126.839996 50.591999 132.860001 8.703000 -3.060000 4.593000 0.005000 0.004800 13.268872 80.567024 0.000000 -0.043000 0.334000 -0.023000 0.000000 0.000000
12:58:54 80.400002 -53.150002 0.000000 126.839996 49.948002 132.860001 8.731000 -3.060000 4.586000 0.005000 0.004800 13.268879 80.567024 0.000000 -0.043000 0.334000 -0.023000 0.000000 0.000000
12:58:54 80.400002 -53.150002 0.000000 126.839996 49.948002 132.860001 8.731000 -3.060000 4.586000 1466911.080000 453098.216000 13.268879 80.567024 0.000000 -0.043000 0.334000 -0.023000 0.000000 0.000000
12:58:54 80.400002 -53.150002 0.000000 126.839996 49.948002 132.860001 8.731000 -3.060000 4.586000 1466911.197000 453098.197000 13.268879 80.567024 0.000000 -0.043000 0.334000 -0.023000 0.000000 0.000000
12:58:54 80.400002 -53.150002 0.000000 126.839996 49.948002 132.860001 8.731000 -3.060000 4.586000 1466911.314000 453098.178000 13.268879 80.567024 0.000000 -0.043000 0.334000 -0.023000 0.000000 0.000000
12:58:54 80.400002 -53.150002 0.000000 126.839996 49.948002 132.860001 8.731000 -3.060000 4.586000 0.005000 0.004800 13.268879 80.567024 0.000000 -0.043000 0.334000 -0.023000 0.000000 0.000000
12:58:55 80.400002 -53.150002 0.000000 126.839996 49.948002 132.860001 8.731000 -3.060000 4.586000 0.005000 0.004800 13.268879 80.567024 0.000000 -0.043000 0.334000 -0.023000 0.000000 0.000000
12:58:55 80.400002 -53.150002 0.000000 126.839996 49.195999 132.860001 8.784000 -3.060000 4.619000 0.005000 0.004800 13.268887 80.567024 0.000000 -0.043000 0.334000 -0.023000 0.000000 0.000000
12:58:55 80.400002 -53.150002 0.000000 126.839996 49.089001 132.860001 8.791000 -3.060000 4.588000 1466911.948000 453098.085000 13.268888 80.567024 0.000000 -0.043000 0.334000 -0.023000 0.000000 0.000000
12:58:55 80.400002 -53.150002 0.000000 126.839996 49.089001 132.860001 8.798000 -3.060000 4.574000 1466912.065000 453098.067000 13.268888 80.567024 0.000000 -0.043000 0.334000 -0.023000 0.000000 0.000000
12:58:56 80.400002 -53.150002 0.000000 126.839996 49.089001 132.860001 8.804000 -3.060000 4.575000 1466912.213000 453098.061000 13.268889 80.567024 0.000000 -0.043000 0.334000 -0.023000 0.000000 0.000000
12:58:56 80.400002 -53.150002 0.000000 126.839996 49.089001 132.860001 8.804000 -3.060000 4.575000 1466912.331000 453098.044000 13.268889 80.567024 0.000000 -0.043000 0.334000 -0.023000 0.000000 0.000000
12:58:56 80.400002 -53.150002 0.000000 126.839996 49.089001 132.860001 8.804000 -3.060000 4.575000 1466912.448000 453098.027000 13.268889 80.567024 0.000000 -0.043000 0.334000 -0.023000 0.000000 0.000000
12:58:56 80.400002 -53.150002 0.000000 126.839996 49.089001 132.860001 8.804000 -3.060000 4.575000 0.005000 0.004800 13.268889 80.567024 0.000000 -0.043000 0.334000 -0.023000 0.000000 0.000000
12:58:56 80.400002 -53.150002 0.000000 126.839996 49.089001 132.860001 8.804000 -3.060000 4.575000 0.005000 0.004800 13.268889 80.567024 0.000000 -0.043000 0.334000 -0.023000 0.000000 0.000000
12:58:57 80.400002 -53.150002 0.000000 126.839996 48.247002 132.860001 8.837000 -3.060000 4.705000 0.005000 0.004800 13.268896 80.567024 0.000000 -0.043000 0.334000 -0.023000 0.000000 0.000000
12:58:57 80.400002 -53.150002 0.000000 126.839996 48.143002 132.860001 8.839000 -3.060000 4.678000 1466913.045000 453097.957000 13.268897 80.567024 0.000000 -0.043000 0.334000 -0.023000 0.000000 0.000000
12:58:57 80.400002 -53.150002 0.000000 126.839996 48.040001 132.860001 8.840000 -3.060000 4.641000 1466913.162000 453097.942000 13.268898 80.567024 0.000000 -0.043000 0.334000 -0.023000 0.000000 0.000000
12:58:57 80.400002 -53.150002 0.000000 126.839996 48.040001 132.860001 8.840000 -3.060000 4.599000 1466913.279000 453097.928000 13.268899 80.567024 0.000000 -0.043000 0.334000 -0.023000 0.000000 0.000000
12:58:58 80.400002 -53.150002 0.000000 126.839996 48.040001 132.860001 8.839000 -3.060000 4.548000 1466913.396000 453097.913000 13.268901 80.567024 0.000000 -0.043000 0.334000 -0.023000 0.000000 0.000000
12:58:58 80.400002 -53.150002 0.000000 126.839996 48.040001 132.860001 8.839000 -3.060000 4.548000 1466913.518000 453097.910000 13.268901 80.567024 0.000000 -0.043000 0.334000 -0.023000 0.000000 0.000000
12:58:58 80.400002 -53.150002 0.000000 126.839996 48.040001 132.860001 8.839000 -3.060000 4.548000 1466913.635000 453097.895000 13.268901 80.567024 0.000000 -0.043000 0.334000 -0.023000 0.000000 0.000000
12:58:58 80.400002 -53.150002 0.000000 126.839996 48.040001 132.860001 8.839000 -3.060000 4.548000 1466913.752000 453097.880000 13.268901 80.567024 0.000000 -0.043000 0.334000 -0.023000 0.000000 0.000000
12:58:58 80.400002 -53.150002 0.000000 126.839996 48.040001 132.860001 8.839000 -3.060000 4.548000 0.005000 0.004700 13.268901 80.567024 0.000000 -0.043000 0.334000 -0.023000 0.000000 0.000000
12:58:59 80.400002 -53.150002 0.000000 126.839996 47.230000 132.860001 8.827000 -3.060000 4.411000 0.005000 0.004700 13.268907 80.567024 0.000000 -0.043000 0.334000 -0.023000 0.000000 0.000000
12:58:59 80.400002 -53.150002 0.000000 126.839996 47.130001 132.860001 8.824000 -3.060000 4.400000 1466914.217000 453097.829000 13.268908 80.567024 0.000000 -0.043000 0.334000 -0.023000 0.000000 0.000000
12:58:59 80.400002 -53.150002 0.000000 126.839996 47.029999 132.860001 8.820000 -3.060000 4.402000 1466914.334000 453097.812000 13.268909 80.567024 0.000000 -0.043000 0.334000 -0.023000 0.000000 0.000000
12:58:59 80.400002 -53.150002 0.000000 126.839996 47.029999 132.860001 8.816000 -3.060000 4.422000 1466914.451000 453097.795000 13.268910 80.567024 0.000000 -0.043000 0.334000 -0.023000 0.000000 0.000000
12:59:00 80.400002 -53.150002 0.000000 126.839996 47.029999 132.860001 8.812000 -3.060000 4.451000 1466914.568000 453097.778000 13.268911 80.567024 0.000000 -0.043000 0.334000 -0.023000 0.000000 0.000000
12:59:00 80.400002 -53.150002 0.000000 126.839996 47.029999 132.860001 8.812000 -3.060000 4.451000 1466914.694000 453097.797000 13.268911 80.567024 0.000000 -0.043000 0.334000 -0.023000 0.000000 0.000000
12:59:00 80.400002 -53.150002 0.000000 126.839996 47.029999 132.860001 8.812000 -3.060000 4.451000 1466914.812000 453097.780000 13.268911 80.567024 0.000000 -0.043000 0.334000 -0.023000 0.000000 0.000000
12:59:00 80.400002 -53.150002 0.000000 126.839996 47.029999 132.860001 8.812000 -3.060000 4.451000 1466914.929000 453097.763000 13.268911 80.567024 0.000000 -0.043000 0.334000 -0.023000 0.000000 0.000000
12:59:00 80.400002 -53.150002 0.000000 126.839996 47.029999 132.860001 8.812000 -3.060000 4.451000 1466915.046000 453097.745000 13.268911 80.567024 0.000000 -0.043000 0.334000 -0.023000 0.000000 0.000000
12:59:01 80.400002 -53.150002 0.000000 126.839996 46.231998 132.860001 8.776000 -3.060000 4.459000 0.005000 0.004700 13.268918 80.567017 0.000000 -0.043000 0.334000 -0.023000 0.000000 0.000000
12:59:01 80.400002 -53.150002 0.000000 126.839996 46.132000 132.860001 8.769000 -3.060000 4.444000 1466915.419000 453097.731000 13.268919 80.567017 0.000000 -0.043000 0.334000 -0.023000 0.000000 0.000000
12:59:01 80.400002 -53.150002 0.000000 126.839996 46.030998 132.860001 8.763000 -3.060000 4.430000 1466915.536000 453097.714000 13.268920 80.567017 0.000000 -0.043000 0.334000 -0.023000 0.000000 0.000000
12:59:01 80.400002 -53.150002 0.000000 126.839996 46.030998 132.860001 8.757000 -3.060000 4.413000 1466915.653000 453097.697000 13.268921 80.567017 0.000000 -0.043000 0.334000 -0.023000 0.000000 0.000000
12:59:02 80.400002 -53.150002 0.000000 126.839996 46.030998 132.860001 8.751000 -3.060000 4.400000 1466915.770000 453097.680000 13.268922 80.567017 0.000000 -0.043000 0.334000 -0.023000 0.000000 0.000000
12:59:02 80.400002 -53.150002 0.000000 126.839996 46.030998 132.860001 8.751000 -3.060000 4.400000 1466915.925000 453097.660000 13.268922 80.567017 0.000000 -0.043000 0.334000 -0.023000 0.000000 0.000000
12:59:02 80.400002 -53.150002 0.000000 126.839996 46.030998 132.860001 8.751000 -3.060000 4.400000 1466916.042000 453097.643000 13.268922 80.567017 0.000000 -0.043000 0.334000 -0.023000 0.000000 0.000000
12:59:02 80.400002 -53.150002 0.000000 126.839996 46.030998 132.860001 8.751000 -3.060000 4.400000 1466916.159000 453097.626000 13.268922 80.567017 0.000000 -0.043000 0.334000 -0.023000 0.000000 0.000000
12:59:03 80.400002 -53.150002 0.000000 126.839996 45.326000 132.860001 8.726000 -3.060000 4.434000 0.004000 0.004700 13.268928 80.567017 0.000000 -0.043000 0.334000 -0.023000 0.000000 0.000000
12:59:03 80.400002 -53.150002 0.000000 126.839996 45.326000 132.860001 8.726000 -3.060000 4.434000 1466916.578000 453097.586000 13.268928 80.567017 0.000000 -0.043000 0.334000 -0.023000 0.000000 0.000000
12:59:03 80.400002 -53.150002 0.000000 126.839996 45.326000 132.860001 8.726000 -3.060000 4.434000 1466916.695000 453097.569000 13.268928 80.567017 0.000000 -0.043000 0.334000 -0.023000 0.000000 0.000000
12:59:03 80.400002 -53.150002 0.000000 126.839996 45.326000 132.860001 8.726000 -3.060000 4.434000 0.004000 0.004700 13.268928 80.567017 0.000000 -0.043000 0.334000 -0.023000 0.000000 0.000000
12:59:03 80.400002 -53.150002 0.000000 126.839996 45.326000 132.860001 8.726000 -3.060000 4.434000 0.004000 0.004700 13.268928 80.567017 0.000000 -0.043000 0.334000 -0.023000 0.000000 0.000000
12:59:04 80.400002 -53.150002 0.000000 126.839996 44.722000 132.860001 8.704000 -3.060000 4.439000 0.004000 0.004700 13.268935 80.567017 0.000000 -0.043000 0.334000 -0.023000 0.000000 0.000000
12:59:04 80.400002 -53.150002 0.000000 126.839996 44.622002 132.860001 8.701000 -3.060000 4.419000 1466917.324000 453097.478000 13.268936 80.567017 0.000000 -0.043000 0.334000 -0.023000 0.000000 0.000000
12:59:04 80.500000 -53.150002 0.000000 126.839996 44.521999 132.860001 8.698000 -3.060000 4.404000 1466917.441000 453097.459000 13.268937 80.567017 0.000000 -0.043000 0.334000 -0.023000 0.000000 0.000000
12:59:04 80.500000 -53.150002 0.000000 126.839996 44.521999 132.860001 8.696000 -3.060000 4.409000 1466917.558000 453097.439000 13.268938 80.567017 0.000000 -0.043000 0.334000 -0.023000 0.000000 0.000000
12:59:05 80.500000 -53.150002 0.000000 126.839996 44.521999 132.860001 8.693000 -3.060000 4.428000 1466917.675000 453097.420000 13.268940 80.567017 0.000000 -0.043000 0.334000 -0.023000 0.000000 0.000000
12:59:05 80.500000 -53.150002 0.000000 126.839996 44.521999 132.860001 8.693000 -3.060000 4.428000 1466917.866000 453097.423000 13.268940 80.567017 0.000000 -0.043000 0.334000 -0.023000 0.000000 0.000000
12:59:05 80.500000 -53.150002 0.000000 126.839996 44.521999 132.860001 8.693000 -3.060000 4.428000 1466917.983000 453097.404000 13.268940 80.567017 0.000000 -0.043000 0.334000 -0.023000 0.000000 0.000000
12:59:05 80.400002 -53.150002 0.000000 126.839996 44.521999 132.860001 8.693000 -3.060000 4.428000 0.004000 0.004700 13.268940 80.567017 0.000000 -0.043000 0.334000 -0.023000 0.000000 0.000000
12:59:06 80.400002 -53.150002 0.000000 126.839996 43.828999 132.860001 8.685000 -3.060000 4.446000 0.004000 0.004700 13.268946 80.567017 0.000000 -0.043000 0.334000 -0.023000 0.000000 0.000000
12:59:06 80.400002 -53.150002 0.000000 126.839996 43.828999 132.860001 8.685000 -3.060000 4.446000 1466918.493000 453097.349000 13.268946 80.567017 0.000000 -0.043000 0.334000 -0.023000 0.000000 0.000000
12:59:06 80.500000 -53.150002 0.000000 126.839996 43.828999 132.860001 8.685000 -3.060000 4.446000 1466918.610000 453097.329000 13.268946 80.567017 0.000000 -0.043000 0.334000 -0.023000 0.000000 0.000000
12:59:06 80.500000 -53.150002 0.000000 126.839996 43.828999 132.860001 8.685000 -3.060000 4.446000 1466918.727000 453097.310000 13.268946 80.567017 0.000000 -0.043000 0.334000 -0.023000 0.000000 0.000000
12:59:06 80.500000 -53.150002 0.000000 126.839996 43.828999 132.860001 8.685000 -3.060000 4.446000 0.004000 0.004700 13.268946 80.567017 0.000000 -0.043000 0.334000 -0.023000 0.000000 0.000000
12:59:07 80.500000 -53.150002 0.000000 126.839996 43.248001 132.860001 8.683000 -3.060000 4.360000 0.004000 0.004700 13.268952 80.567017 0.000000 -0.043000 0.334000 -0.023000 0.000000 0.000000
12:59:07 80.500000 -53.150002 0.000000 126.839996 43.152000 132.860001 8.684000 -3.060000 4.380000 1466919.283000 453097.244000 13.268953 80.567017 0.000000 -0.043000 0.334000 -0.023000 0.000000 0.000000
12:59:07 80.500000 -53.150002 0.000000 126.839996 43.056000 132.860001 8.685000 -3.060000 4.398000 1466919.400000 453097.227000 13.268955 80.567017 0.000000 -0.043000 0.334000 -0.023000 0.000000 0.000000
12:59:07 80.500000 -53.150002 0.000000 126.839996 42.960999 132.860001 8.685000 -3.060000 4.418000 1466919.518000 453097.210000 13.268956 80.567017 0.000000 -0.043000 0.334000 -0.023000 0.000000 0.000000
12:59:08 80.500000 -53.150002 0.000000 126.839996 42.960999 132.860001 8.686000 -3.060000 4.430000 1466919.635000 453097.193000 13.268957 80.567017 0.000000 -0.043000 0.334000 -0.023000 0.000000 0.000000
12:59:08 80.500000 -53.150002 0.000000 126.839996 42.960999 132.860001 8.686000 -3.060000 4.430000 1466919.752000 453097.176000 13.268957 80.567017 0.000000 -0.043000 0.334000 -0.023000 0.000000 0.000000
12:59:08 80.500000 -53.150002 0.000000 126.839996 42.960999 132.860001 8.686000 -3.060000 4.430000 1466919.931000 453097.157000 13.268957 80.567017 0.000000 -0.043000 0.334000 -0.023000 0.000000 0.000000
12:59:08 80.500000 -53.150002 0.000000 126.839996 42.960999 132.860001 8.686000 -3.060000 4.430000 1466920.048000 453097.140000 13.268957 80.567017 0.000000 -0.043000 0.334000 -0.023000 0.000000 0.000000
12:59:08 80.500000 -53.150002 0.000000 126.839996 42.960999 132.860001 8.686000 -3.060000 4.430000 0.004000 0.004700 13.268957 80.567017 0.000000 -0.043000 0.334000 -0.023000 0.000000 0.000000
12:59:09 80.400002 -53.150002 0.000000 126.839996 42.298000 132.860001 8.686000 -3.060000 4.355000 0.004000 0.004700 13.268964 80.567017 0.000000 -0.043000 0.334000 -0.023000 0.000000 0.000000
12:59:09 80.400002 -53.150002 0.000000 126.839996 42.202999 132.860001 8.686000 -3.060000 4.357000 1466920.571000 453097.082000 13.268966 80.567017 0.000000 -0.043000 0.334000 -0.023000 0.000000 0.000000
12:59:09 80.400002 -53.150002 0.000000 126.839996 42.109001 132.860001 8.687000 -3.060000 4.372000 1466920.688000 453097.065000 13.268967 80.567017 0.000000 -0.043000 0.334000 -0.023000 0.000000 0.000000
12:59:09 80.400002 -53.150002 0.000000 126.839996 42.015999 132.860001 8.687000 -3.060000 4.399000 1466920.806000 453097.048000 13.268968 80.567017 0.000000 -0.043000 0.334000 -0.023000 0.000000 0.000000
12:59:10 80.500000 -53.150002 0.000000 126.839996 42.015999 132.860001 8.687000 -3.060000 4.427000 1466920.923000 453097.031000 13.268969 80.567017 0.000000 -0.043000 0.334000 -0.023000 0.000000 0.000000
12:59:10 80.500000 -53.150002 0.000000 126.839996 42.015999 132.860001 8.687000 -3.060000 4.427000 1466921.040000 453097.014000 13.268969 80.567017 0.000000 -0.043000 0.334000 -0.023000 0.000000 0.000000
12:59:10 80.500000 -53.150002 0.000000 126.839996 42.015999 132.860001 8.687000 -3.060000 4.427000 1466921.208000 453097.007000 13.268969 80.567017 0.000000 -0.043000 0.334000 -0.023000 0.000000 0.000000
12:59:10 80.500000 -53.150002 0.000000 126.839996 42.015999 132.860001 8.687000 -3.060000 4.427000 1466921.326000 453096.990000 13.268969 80.567017 0.000000 -0.043000 0.334000 -0.023000 0.000000 0.000000
12:59:10 80.500000 -53.150002 0.000000 126.839996 42.015999 132.860001 8.687000 -3.060000 4.427000 0.004000 0.004600 13.268969 80.567017 0.000000 -0.043000 0.334000 -0.023000 0.000000 0.000000
12:59:11 80.500000 -53.150002 0.000000 126.839996 41.361000 132.860001 8.686000 -3.060000 4.351000 0.004000 0.004600 13.268975 80.567009 0.000000 -0.043000 0.334000 -0.023000 0.000000 0.000000
12:59:11 80.500000 -53.150002 0.000000 126.839996 41.266998 132.860001 8.686000 -3.060000 4.341000 1466921.843000 453096.946000 13.268977 80.567009 0.000000 -0.043000 0.334000 -0.023000 0.000000 0.000000
12:59:11 80.500000 -53.150002 0.000000 126.839996 41.174000 132.860001 8.686000 -3.060000 4.338000 1466921.960000 453096.929000 13.268978 80.567009 0.000000 -0.043000 0.334000 -0.023000 0.000000 0.000000
12:59:11 80.500000 -53.150002 0.000000 126.839996 41.174000 132.860001 8.687000 -3.060000 4.343000 1466922.078000 453096.911000 13.268979 80.567009 0.000000 -0.043000 0.334000 -0.023000 0.000000 0.000000
12:59:12 80.500000 -53.150002 0.000000 126.839996 41.174000 132.860001 8.689000 -3.060000 4.350000 1466922.195000 453096.894000 13.268980 80.567009 0.000000 -0.043000 0.334000 -0.023000 0.000000 0.000000
12:59:12 80.500000 -53.150002 0.000000 126.839996 41.174000 132.860001 8.689000 -3.060000 4.350000 1466922.312000 453096.877000 13.268980 80.567009 0.000000 -0.043000 0.334000 -0.023000 0.000000 0.000000
12:59:12 80.500000 -53.150002 0.000000 126.839996 41.174000 132.860001 8.689000 -3.060000 4.350000 1466922.464000 453096.871000 13.268980 80.567009 0.000000 -0.043000 0.334000 -0.023000 0.000000 0.000000
12:59:12 80.500000 -53.150002 0.000000 126.839996 41.174000 132.860001 8.689000 -3.060000 4.350000 0.004000 0.004600 13.268980 80.567009 0.000000 -0.043000 0.334000 -0.023000 0.000000 0.000000
12:59:13 80.500000 -53.150002 0.000000 126.839996 40.526001 132.860001 8.700000 -3.060000 4.389000 0.004000 0.004600 13.268986 80.567009 0.000000 -0.043000 0.334000 -0.023000 0.000000 0.000000
12:59:13 80.500000 -53.150002 0.000000 126.839996 40.526001 132.860001 8.700000 -3.060000 4.389000 1466922.933000 453096.803000 13.268986 80.567009 0.000000 -0.043000 0.334000 -0.023000 0.000000 0.000000
12:59:13 80.500000 -53.150002 0.000000 126.839996 40.526001 132.860001 8.700000 -3.060000 4.389000 1466923.077000 453096.796000 13.268986 80.567009 0.000000 -0.043000 0.334000 -0.023000 0.000000 0.000000
12:59:13 80.500000 -53.150002 0.000000 126.839996 40.526001 132.860001 8.700000 -3.060000 4.389000 1466923.194000 453096.779000 13.268986 80.567009 0.000000 -0.043000 0.334000 -0.023000 0.000000 0.000000
12:59:14 80.500000 -53.150002 0.000000 126.839996 40.068001 132.860001 8.720000 -3.060000 4.277000 0.004000 0.004600 13.268991 80.567009 0.000000 -0.043000 0.334000 -0.023000 0.000000 0.000000
12:59:14 80.500000 -53.150002 0.000000 126.839996 40.068001 132.860001 8.720000 -3.060000 4.277000 1466923.546000 453096.728000 13.268991 80.567009 0.000000 -0.043000 0.334000 -0.023000 0.000000 0.000000
12:59:14 80.500000 -53.150002 0.000000 126.839996 40.068001 132.860001 8.720000 -3.060000 4.277000 1466923.679000 453096.722000 13.268991 80.567009 0.000000 -0.043000 0.334000 -0.023000 0.000000 0.000000
12:59:14 80.500000 -53.150002 0.000000 126.839996 40.068001 132.860001 8.720000 -3.060000 4.277000 0.004000 0.004600 13.268991 80.567009 0.000000 -0.043000 0.334000 -0.023000 0.000000 0.000000
12:59:15 80.500000 -53.150002 0.000000 126.839996 39.613998 132.860001 8.753000 -3.060000 4.353000 0.004000 0.004600 13.268996 80.567009 0.000000 -0.043000 0.334000 -0.023000 0.000000 0.000000
12:59:15 80.500000 -53.150002 0.000000 126.839996 39.613998 132.860001 8.753000 -3.060000 4.353000 1466924.148000 453096.653000 13.268996 80.567009 0.000000 -0.043000 0.334000 -0.023000 0.000000 0.000000
12:59:15 80.500000 -53.150002 0.000000 126.839996 39.613998 132.860001 8.753000 -3.060000 4.353000 1466924.271000 453096.660000 13.268996 80.567009 0.000000 -0.043000 0.334000 -0.023000 0.000000 0.000000
12:59:15 80.500000 -53.150002 0.000000 126.839996 39.613998 132.860001 8.753000 -3.060000 4.353000 1466924.389000 453096.643000 13.268996 80.567009 0.000000 -0.043000 0.334000 -0.023000 0.000000 0.000000
12:59:15 80.500000 -53.150002 0.000000 126.839996 39.613998 132.860001 8.753000 -3.060000 4.353000 0.004000 0.004600 13.268996 80.567009 0.000000 -0.043000 0.334000 -0.023000 0.000000 0.000000
12:59:16 80.500000 -53.150002 0.000000 126.839996 39.076000 132.860001 8.799000 -3.060000 4.228000 0.004000 0.004600 13.269003 80.567009 0.000000 -0.043000 0.334000 -0.023000 0.000000 0.000000
12:59:16 80.500000 -53.150002 0.000000 126.839996 38.987000 132.860001 8.807000 -3.060000 4.199000 1466924.863000 453096.598000 13.269004 80.567009 0.000000 -0.043000 0.334000 -0.023000 0.000000 0.000000
12:59:16 80.500000 -53.150002 0.000000 126.839996 38.898998 132.860001 8.816000 -3.060000 4.197000 1466924.980000 453096.583000 13.269005 80.567009 0.000000 -0.043000 0.334000 -0.023000 0.000000 0.000000
12:59:16 80.500000 -53.150002 0.000000 126.839996 38.810001 132.860001 8.825000 -3.060000 4.213000 1466925.097000 453096.569000 13.269007 80.567009 0.000000 -0.043000 0.334000 -0.023000 0.000000 0.000000
12:59:17 80.500000 -53.150002 0.000000 126.839996 38.810001 132.860001 8.834000 -3.060000 4.234000 1466925.214000 453096.554000 13.269008 80.567009 0.000000 -0.043000 0.334000 -0.023000 0.000000 0.000000
12:59:17 80.500000 -53.150002 0.000000 126.839996 38.810001 132.860001 8.834000 -3.060000 4.234000 1466925.332000 453096.539000 13.269008 80.567009 0.000000 -0.043000 0.334000 -0.023000 0.000000 0.000000
12:59:17 80.500000 -53.150002 0.000000 126.839996 38.810001 132.860001 8.834000 -3.060000 4.234000 1466925.449000 453096.525000 13.269008 80.567009 0.000000 -0.043000 0.334000 -0.023000 0.000000 0.000000
12:59:17 80.500000 -53.150002 0.000000 126.839996 38.810001 132.860001 8.834000 -3.060000 4.234000 1466925.578000 453096.534000 13.269008 80.567009 0.000000 -0.043000 0.334000 -0.023000 0.000000 0.000000
12:59:17 80.500000 -53.150002 0.000000 126.839996 38.810001 132.860001 8.834000 -3.060000 4.234000 0.004000 0.004600 13.269008 80.567009 0.000000 -0.043000 0.334000 -0.023000 0.000000 0.000000
12:59:18 80.500000 -53.150002 0.000000 126.839996 38.188999 132.860001 8.880000 -3.060000 4.291000 0.004000 0.004600 13.269013 80.567009 0.000000 -0.043000 0.334000 -0.023000 0.000000 0.000000
12:59:18 80.500000 -53.150002 0.000000 126.839996 38.099998 132.860001 8.886000 -3.060000 4.241000 1466926.047000 453096.476000 13.269015 80.567009 0.000000 -0.043000 0.334000 -0.023000 0.000000 0.000000
12:59:18 80.500000 -53.150002 0.000000 126.839996 38.012001 132.860001 8.893000 -3.060000 4.188000 1466926.182000 453096.485000 13.269016 80.567009 0.000000 -0.043000 0.334000 -0.023000 0.000000 0.000000
12:59:18 80.500000 -53.150002 0.000000 126.839996 37.924000 132.860001 8.899000 -3.060000 4.158000 1466926.299000 453096.470000 13.269017 80.567009 0.000000 -0.043000 0.334000 -0.023000 0.000000 0.000000
12:59:19 80.500000 -53.150002 0.000000 126.839996 37.924000 132.860001 8.905000 -3.060000 4.142000 1466926.416000 453096.456000 13.269018 80.567009 0.000000 -0.043000 0.334000 -0.023000 0.000000 0.000000
12:59:19 80.500000 -53.150002 0.000000 126.839996 37.924000 132.860001 8.905000 -3.060000 4.142000 1466926.534000 453096.441000 13.269018 80.567009 0.000000 -0.043000 0.334000 -0.023000 0.000000 0.000000
12:59:19 80.500000 -53.150002 0.000000 126.839996 37.924000 132.860001 8.905000 -3.060000 4.142000 1466926.651000 453096.427000 13.269018 80.567009 0.000000 -0.043000 0.334000 -0.023000 0.000000 0.000000
12:59:19 80.500000 -53.150002 0.000000 126.839996 37.924000 132.860001 8.905000 -3.060000 4.142000 1466926.792000 453096.435000 13.269018 80.567009 0.000000 -0.043000 0.334000 -0.023000 0.000000 0.000000
12:59:20 80.500000 -53.150002 0.000000 126.839996 37.403000 132.860001 8.939000 -3.060000 4.213000 0.004000 0.004600 13.269024 80.567009 0.000000 -0.043000 0.334000 -0.023000 0.000000 0.000000
12:59:20 80.500000 -53.150002 0.000000 126.839996 37.403000 132.860001 8.939000 -3.060000 4.213000 1466927.144000 453096.383000 13.269024 80.567009 0.000000 -0.043000 0.334000 -0.023000 0.000000 0.000000
12:59:20 80.500000 -53.150002 0.000000 126.839996 37.403000 132.860001 8.939000 -3.060000 4.213000 1466927.261000 453096.366000 13.269024 80.567009 0.000000 -0.043000 0.334000 -0.023000 0.000000 0.000000
12:59:20 80.500000 -53.150002 0.000000 126.839996 37.403000 132.860001 8.939000 -3.060000 4.213000 0.004000 0.004600 13.269024 80.567009 0.000000 -0.043000 0.334000 -0.023000 0.000000 0.000000
12:59:21 80.500000 -53.150002 0.000000 126.839996 36.973999 132.860001 8.971000 -3.060000 4.211000 0.004000 0.004600 13.269030 80.567009 0.000000 -0.043000 0.334000 -0.023000 0.000000 0.000000
12:59:21 80.500000 -53.150002 0.000000 126.839996 36.973999 132.860001 8.971000 -3.060000 4.211000 1466927.774000 453096.334000 13.269030 80.567009 0.000000 -0.043000 0.334000 -0.023000 0.000000 0.000000
12:59:21 80.500000 -53.150002 0.000000 126.839996 36.973999 132.860001 8.971000 -3.060000 4.211000 1466927.891000 453096.317000 13.269030 80.567009 0.000000 -0.043000 0.334000 -0.023000 0.000000 0.000000
12:59:21 80.500000 -53.150002 0.000000 126.839996 36.973999 132.860001 8.971000 -3.060000 4.211000 1466928.050000 453096.324000 13.269030 80.567009 0.000000 -0.043000 0.334000 -0.023000 0.000000 0.000000
12:59:22 80.500000 -53.150002 0.000000 126.839996 36.549000 132.860001 8.996000 -3.060000 4.109000 0.004000 0.004600 13.269035 80.567009 0.000000 -0.043000 0.334000 -0.023000 0.000000 0.000000
12:59:22 80.500000 -53.150002 0.000000 126.839996 36.549000 132.860001 8.996000 -3.060000 4.109000 1466928.401000 453096.272000 13.269035 80.567009 0.000000 -0.043000 0.334000 -0.023000 0.000000 0.000000
12:59:22 80.500000 -53.150002 0.000000 126.839996 36.549000 132.860001 8.996000 -3.060000 4.109000 1466928.519000 453096.255000 13.269035 80.567009 0.000000 -0.043000 0.334000 -0.023000 0.000000 0.000000
12:59:22 80.500000 -53.150002 0.000000 126.839996 36.549000 132.860001 8.996000 -3.060000 4.109000 1466928.700000 453096.249000 13.269035 80.567009 0.000000 -0.043000 0.334000 -0.023000 0.000000 0.000000
12:59:23 80.599998 -53.150002 0.000000 126.839996 36.124001 132.860001 9.014000 -3.060000 4.229000 0.004000 0.004600 13.269041 80.567009 0.000000 -0.043000 0.334000 -0.023000 0.000000 0.000000
12:59:23 80.599998 -53.150002 0.000000 126.839996 36.124001 132.860001 9.014000 -3.060000 4.229000 1466929.052000 453096.191000 13.269041 80.567009 0.000000 -0.043000 0.334000 -0.023000 0.000000 0.000000
12:59:23 80.599998 -53.150002 0.000000 126.839996 36.124001 132.860001 9.014000 -3.060000 4.229000 1466929.169000 453096.172000 13.269041 80.567009 0.000000 -0.043000 0.334000 -0.023000 0.000000 0.000000
12:59:23 80.599998 -53.150002 0.000000 126.839996 36.124001 132.860001 9.014000 -3.060000 4.229000 0.004000 0.004600 13.269041 80.567009 0.000000 -0.043000 0.334000 -0.023000 0.000000 0.000000
12:59:24 80.599998 -53.150002 0.000000 126.839996 35.698002 132.860001 9.019000 -3.060000 4.154000 0.004000 0.004600 13.269047 80.567001 0.000000 -0.043000 0.334000 -0.023000 0.000000 0.000000
12:59:24 80.599998 -53.150002 0.000000 126.839996 35.698002 132.860001 9.019000 -3.060000 4.154000 1466929.699000 453096.102000 13.269047 80.567001 0.000000 -0.043000 0.334000 -0.023000 0.000000 0.000000
12:59:24 80.599998 -53.150002 0.000000 126.839996 35.698002 132.860001 9.019000 -3.060000 4.154000 1466929.816000 453096.083000 13.269047 80.567001 0.000000 -0.043000 0.334000 -0.023000 0.000000 0.000000
12:59:24 80.599998 -53.150002 0.000000 126.839996 35.698002 132.860001 9.019000 -3.060000 4.154000 0.004000 0.004600 13.269047 80.567001 0.000000 -0.043000 0.334000 -0.023000 0.000000 0.000000
12:59:24 80.599998 -53.150002 0.000000 126.839996 35.698002 132.860001 9.019000 -3.060000 4.154000 0.004000 0.004600 13.269047 80.567001 0.000000 -0.043000 0.334000 -0.023000 0.000000 0.000000
12:59:25 80.599998 -53.150002 0.000000 126.839996 35.188000 132.860001 9.010000 -3.060000 4.166000 0.004000 0.004600 13.269054 80.567001 0.000000 -0.043000 0.334000 -0.023000 0.000000 0.000000
12:59:25 80.599998 -53.150002 0.000000 126.839996 35.103001 132.860001 9.008000 -3.060000 4.198000 1466930.464000 453096.018000 13.269055 80.567001 0.000000 -0.043000 0.334000 -0.023000 0.000000 0.000000
12:59:25 80.599998 -53.150002 0.000000 126.839996 35.016998 132.860001 9.006000 -3.060000 4.220000 1466930.639000 453096.025000 13.269056 80.567001 0.000000 -0.043000 0.334000 -0.023000 0.000000 0.000000
12:59:25 80.599998 -53.150002 0.000000 126.839996 34.931999 132.860001 9.003000 -3.060000 4.237000 1466930.756000 453096.008000 13.269057 80.567001 0.000000 -0.043000 0.334000 -0.023000 0.000000 0.000000
12:59:26 80.599998 -53.150002 0.000000 126.839996 34.931999 132.860001 8.999000 -3.060000 4.242000 1466930.873000 453095.991000 13.269058 80.567001 0.000000 -0.043000 0.334000 -0.023000 0.000000 0.000000
12:59:26 80.599998 -53.150002 0.000000 126.839996 34.931999 132.860001 8.999000 -3.060000 4.242000 1466930.990000 453095.974000 13.269058 80.567001 0.000000 -0.043000 0.334000 -0.023000 0.000000 0.000000
12:59:26 80.599998 -53.150002 0.000000 126.839996 34.931999 132.860001 8.999000 -3.060000 4.242000 1466931.107000 453095.957000 13.269058 80.567001 0.000000 -0.043000 0.334000 -0.023000 0.000000 0.000000
12:59:26 80.599998 -53.150002 0.000000 126.839996 34.931999 132.860001 8.999000 -3.060000 4.242000 1466931.261000 453095.951000 13.269058 80.567001 0.000000 -0.043000 0.334000 -0.023000 0.000000 0.000000
12:59:26 80.599998 -53.150002 0.000000 126.839996 34.931999 132.860001 8.999000 -3.060000 4.242000 0.004000 0.004500 13.269058 80.567001 0.000000 -0.043000 0.334000 -0.023000 0.000000 0.000000
12:59:27 80.599998 -53.150002 0.000000 126.839996 34.331001 132.860001 8.967000 -3.060000 4.103000 0.004000 0.004500 13.269065 80.567001 0.000000 -0.043000 0.334000 -0.023000 0.000000 0.000000
12:59:27 80.599998 -53.150002 0.000000 126.839996 34.244999 132.860001 8.961000 -3.060000 4.124000 1466931.730000 453095.887000 13.269067 80.567001 0.000000 -0.043000 0.334000 -0.023000 0.000000 0.000000
12:59:27 80.599998 -53.150002 0.000000 126.839996 34.159000 132.860001 8.956000 -3.060000 4.154000 1466931.847000 453095.873000 13.269068 80.567001 0.000000 -0.043000 0.334000 -0.023000 0.000000 0.000000
12:59:27 80.599998 -53.150002 0.000000 126.839996 34.159000 132.860001 8.950000 -3.060000 4.178000 1466931.993000 453095.874000 13.269069 80.567001 0.000000 -0.043000 0.334000 -0.023000 0.000000 0.000000
12:59:28 80.599998 -53.150002 0.000000 126.839996 33.987000 132.860001 8.943000 -3.060000 4.204000 1466932.110000 453095.859000 13.269070 80.567001 0.000000 -0.043000 0.334000 -0.023000 0.000000 0.000000
12:59:28 80.599998 -53.150002 0.000000 126.839996 33.987000 132.860001 8.943000 -3.060000 4.204000 1466932.227000 453095.845000 13.269070 80.567001 0.000000 -0.043000 0.334000 -0.023000 0.000000 0.000000
12:59:28 80.599998 -53.150002 0.000000 126.839996 33.987000 132.860001 8.943000 -3.060000 4.204000 1466932.344000 453095.830000 13.269070 80.567001 0.000000 -0.043000 0.334000 -0.023000 0.000000 0.000000
12:59:28 80.599998 -53.150002 0.000000 126.839996 33.987000 132.860001 8.943000 -3.060000 4.204000 1466932.461000 453095.815000 13.269070 80.567001 0.000000 -0.043000 0.334000 -0.023000 0.000000 0.000000
12:59:29 80.599998 -53.150002 0.000000 126.839996 33.550999 132.860001 8.908000 -3.060000 4.112000 0.004000 0.004500 13.269075 80.567001 0.000000 -0.043000 0.334000 -0.023000 0.000000 0.000000
12:59:29 80.599998 -53.150002 0.000000 126.839996 33.550999 132.860001 8.908000 -3.060000 4.112000 1466932.830000 453095.796000 13.269075 80.567001 0.000000 -0.043000 0.334000 -0.023000 0.000000 0.000000
12:59:29 80.599998 -53.150002 0.000000 126.839996 33.550999 132.860001 8.908000 -3.060000 4.112000 1466932.947000 453095.781000 13.269075 80.567001 0.000000 -0.043000 0.334000 -0.023000 0.000000 0.000000
12:59:29 80.599998 -53.150002 0.000000 126.839996 33.550999 132.860001 8.908000 -3.060000 4.112000 0.004000 0.004500 13.269075 80.567001 0.000000 -0.043000 0.334000 -0.023000 0.000000 0.000000
12:59:30 80.599998 -53.150002 0.000000 126.839996 33.113998 132.860001 8.869000 -3.060000 4.075000 0.004000 0.004500 13.269080 80.567001 0.000000 -0.043000 0.334000 -0.023000 0.000000 0.000000
12:59:30 80.599998 -53.150002 0.000000 126.839996 33.113998 132.860001 8.869000 -3.060000 4.075000 1466933.416000 453095.759000 13.269080 80.567001 0.000000 -0.043000 0.334000 -0.023000 0.000000 0.000000
12:59:30 80.599998 -53.150002 0.000000 126.839996 33.113998 132.860001 8.869000 -3.060000 4.075000 1466933.533000 453095.745000 13.269080 80.567001 0.000000 -0.043000 0.334000 -0.023000 0.000000 0.000000
12:59:30 80.599998 -53.150002 0.000000 126.839996 33.113998 132.860001 8.869000 -3.060000 4.075000 0.004000 0.004500 13.269080 80.567001 0.000000 -0.043000 0.334000 -0.023000 0.000000 0.000000
12:59:31 80.599998 -53.150002 0.000000 126.839996 32.675999 132.860001 8.830000 -3.060000 4.146000 0.004000 0.004500 13.269086 80.567001 0.000000 -0.043000 0.334000 -0.023000 0.000000 0.000000
12:59:31 80.599998 -53.150002 0.000000 126.839996 32.675999 132.860001 8.830000 -3.060000 4.146000 1466934.001000 453095.723000 13.269086 80.567001 0.000000 -0.043000 0.334000 -0.023000 0.000000 0.000000
12:59:31 80.599998 -53.150002 0.000000 126.839996 32.675999 132.860001 8.830000 -3.060000 4.146000 1466934.118000 453095.708000 13.269086 80.567001 0.000000 -0.043000 0.334000 -0.023000 0.000000 0.000000
12:59:31 80.599998 -53.150002 0.000000 126.839996 32.675999 132.860001 8.830000 -3.060000 4.146000 1466934.235000 453095.694000 13.269086 80.567001 0.000000 -0.043000 0.334000 -0.023000 0.000000 0.000000
12:59:32 80.599998 -53.150002 0.000000 126.839996 32.238998 132.860001 8.775000 -3.060000 3.976000 0.004000 0.004500 13.269091 80.567001 0.000000 -0.043000 0.334000 -0.023000 0.000000 0.000000
12:59:32 80.599998 -53.150002 0.000000 126.839996 32.238998 132.860001 8.775000 -3.060000 3.976000 1466934.590000 453095.674000 13.269091 80.567001 0.000000 -0.043000 0.334000 -0.023000 0.000000 0.000000
12:59:32 80.599998 -53.150002 0.000000 126.839996 32.238998 132.860001 8.775000 -3.060000 3.976000 1466934.707000 453095.659000 13.269091 80.567001 0.000000 -0.043000 0.334000 -0.023000 0.000000 0.000000
12:59:32 80.599998 -53.150002 0.000000 126.839996 32.238998 132.860001 8.775000 -3.060000 3.976000 0.004000 0.004500 13.269091 80.567001 0.000000 -0.043000 0.334000 -0.023000 0.000000 0.000000
12:59:33 80.599998 -53.150002 0.000000 126.839996 31.808001 132.860001 8.703000 -3.060000 4.138000 0.004000 0.004500 13.269096 80.567001 0.000000 -0.043000 0.334000 -0.023000 0.000000 0.000000
12:59:33 80.599998 -53.150002 0.000000 126.839996 31.808001 132.860001 8.703000 -3.060000 4.138000 1466935.187000 453095.625000 13.269096 80.567001 0.000000 -0.043000 0.334000 -0.023000 0.000000 0.000000
12:59:33 80.599998 -53.150002 0.000000 126.839996 31.808001 132.860001 8.703000 -3.060000 4.138000 1466935.304000 453095.610000 13.269096 80.567001 0.000000 -0.043000 0.334000 -0.023000 0.000000 0.000000
12:59:33 80.599998 -53.150002 0.000000 126.839996 31.808001 132.860001 8.703000 -3.060000 4.138000 1466935.421000 453095.595000 13.269096 80.567001 0.000000 -0.043000 0.334000 -0.023000 0.000000 0.000000
12:59:33 80.599998 -53.150002 0.000000 126.839996 31.808001 132.860001 8.703000 -3.060000 4.138000 0.004000 0.004500 13.269096 80.567001 0.000000 -0.043000 0.334000 -0.023000 0.000000 0.000000
12:59:34 80.500000 -53.150002 0.000000 126.839996 31.290001 132.860001 8.558000 -3.060000 4.049000 0.004000 0.004500 13.269103 80.567001 0.000000 -0.043000 0.334000 -0.023000 0.000000 0.000000
12:59:34 80.500000 -53.150002 0.000000 126.839996 31.204000 132.860001 8.526000 -3.060000 4.051000 1466935.923000 453095.553000 13.269104 80.567001 0.000000 -0.043000 0.334000 -0.023000 0.000000 0.000000
12:59:34 80.500000 -53.150002 0.000000 126.839996 31.118000 132.860001 8.491000 -3.060000 4.058000 1466936.041000 453095.537000 13.269106 80.567001 0.000000 -0.043000 0.334000 -0.023000 0.000000 0.000000
12:59:34 80.500000 -53.150002 0.000000 126.839996 31.032000 132.860001 8.454000 -3.060000 4.067000 1466936.209000 453095.543000 13.269107 80.567001 0.000000 -0.043000 0.334000 -0.023000 0.000000 0.000000
12:59:35 80.500000 -53.150002 0.000000 126.839996 31.032000 132.860001 8.415000 -3.060000 4.092000 1466936.326000 453095.528000 13.269108 80.567001 0.000000 -0.043000 0.334000 -0.023000 0.000000 0.000000
12:59:35 80.500000 -53.150002 0.000000 126.839996 31.032000 132.860001 8.415000 -3.060000 4.092000 1466936.443000 453095.514000 13.269108 80.567001 0.000000 -0.043000 0.334000 -0.023000 0.000000 0.000000
12:59:35 80.500000 -53.150002 0.000000 126.839996 31.032000 132.860001 8.415000 -3.060000 4.092000 1466936.561000 453095.499000 13.269108 80.567001 0.000000 -0.043000 0.334000 -0.023000 0.000000 0.000000
12:59:35 80.500000 -53.150002 0.000000 126.839996 31.032000 132.860001 8.415000 -3.060000 4.092000 1466936.678000 453095.484000 13.269108 80.567001 0.000000 -0.043000 0.334000 -0.023000 0.000000 0.000000
12:59:36 80.500000 -53.150002 0.000000 126.839996 30.521999 132.860001 8.171000 -3.060000 4.124000 0.004000 0.004500 13.269114 80.567001 0.000000 -0.043000 0.334000 -0.023000 0.000000 0.000000
12:59:36 80.500000 -53.150002 0.000000 126.839996 30.521999 132.860001 8.171000 -3.060000 4.124000 1466937.097000 453095.452000 13.269114 80.567001 0.000000 -0.043000 0.334000 -0.023000 0.000000 0.000000
12:59:36 80.500000 -53.150002 0.000000 126.839996 30.521999 132.860001 8.171000 -3.060000 4.124000 1466937.214000 453095.437000 13.269114 80.567001 0.000000 -0.043000 0.334000 -0.023000 0.000000 0.000000
12:59:36 80.500000 -53.150002 0.000000 126.839996 30.521999 132.860001 8.171000 -3.060000 4.124000 0.004000 0.004500 13.269114 80.567001 0.000000 -0.043000 0.334000 -0.023000 0.000000 0.000000
12:59:37 80.400002 -53.150002 0.000000 126.839996 30.114000 132.860001 7.861000 -3.060000 4.122000 0.004000 0.004500 13.269119 80.567001 0.000000 -0.043000 0.334000 -0.023000 0.000000 0.000000
12:59:37 80.400002 -53.150002 0.000000 126.839996 30.114000 132.860001 7.861000 -3.060000 4.122000 1466937.760000 453095.390000 13.269119 80.567001 0.000000 -0.043000 0.334000 -0.023000 0.000000 0.000000
12:59:37 80.400002 -53.150002 0.000000 126.839996 30.114000 132.860001 7.861000 -3.060000 4.122000 1466937.877000 453095.375000 13.269119 80.567001 0.000000 -0.043000 0.334000 -0.023000 0.000000 0.000000
12:59:37 80.400002 -53.150002 0.000000 126.839996 30.114000 132.860001 7.861000 -3.060000 4.122000 0.004000 0.004500 13.269119 80.567001 0.000000 -0.043000 0.334000 -0.023000 0.000000 0.000000
12:59:38 80.400002 -53.150002 0.000000 126.839996 29.725000 132.860001 7.507000 -3.060000 4.074000 0.004000 0.004500 13.269126 80.567001 0.000000 -0.043000 0.334000 -0.023000 0.000000 0.000000
12:59:38 80.400002 -53.150002 0.000000 126.839996 29.725000 132.860001 7.507000 -3.060000 4.074000 1466938.426000 453095.341000 13.269126 80.567001 0.000000 -0.043000 0.334000 -0.023000 0.000000 0.000000
12:59:38 80.400002 -53.150002 0.000000 126.839996 29.725000 132.860001 7.507000 -3.060000 4.074000 1466938.543000 453095.327000 13.269126 80.567001 0.000000 -0.043000 0.334000 -0.023000 0.000000 0.000000
12:59:38 80.300003 -53.150002 0.000000 126.839996 29.725000 132.860001 7.507000 -3.060000 4.074000 0.004000 0.004500 13.269126 80.567001 0.000000 -0.043000 0.334000 -0.023000 0.000000 0.000000
12:59:39 80.300003 -53.150002 0.000000 126.839996 29.358999 132.860001 7.149000 -3.060000 4.160000 0.004000 0.004500 13.269132 80.567001 0.000000 -0.043000 0.334000 -0.023000 0.000000 0.000000
12:59:39 80.300003 -53.150002 0.000000 126.839996 29.358999 132.860001 7.149000 -3.060000 4.160000 1466939.080000 453095.322000 13.269132 80.567001 0.000000 -0.043000 0.334000 -0.023000 0.000000 0.000000
12:59:39 80.199997 -53.150002 0.000000 126.839996 29.358999 132.860001 7.149000 -3.060000 4.160000 1466939.197000 453095.310000 13.269132 80.567001 0.000000 -0.043000 0.334000 -0.023000 0.000000 0.000000
12:59:39 80.199997 -53.150002 0.000000 126.839996 29.358999 132.860001 7.149000 -3.060000 4.160000 0.004000 0.004500 13.269132 80.567001 0.000000 -0.043000 0.334000 -0.023000 0.000000 0.000000
12:59:40 80.199997 -53.150002 0.000000 126.839996 29.021999 132.860001 6.819000 -3.060000 4.150000 0.004000 0.004500 13.269137 80.566994 0.000000 -0.043000 0.334000 -0.023000 0.000000 0.000000
12:59:40 80.199997 -53.150002 0.000000 126.839996 29.021999 132.860001 6.819000 -3.060000 4.150000 1466939.717000 453095.286000 13.269137 80.566994 0.000000 -0.043000 0.334000 -0.023000 0.000000 0.000000
12:59:40 80.099998 -53.150002 0.000000 126.839996 29.021999 132.860001 6.819000 -3.060000 4.150000 1466939.834000 453095.273000 13.269137 80.566994 0.000000 -0.043000 0.334000 -0.023000 0.000000 0.000000
12:59:40 80.099998 -53.150002 0.000000 126.839996 29.021999 132.860001 6.819000 -3.060000 4.150000 0.004000 0.004500 13.269137 80.566994 0.000000 -0.043000 0.334000 -0.023000 0.000000 0.000000
12:59:41 80.099998 -53.150002 0.000000 126.839996 28.719999 132.860001 6.541000 -3.060000 4.187000 0.004000 0.004500 13.269143 80.566994 0.000000 -0.043000 0.334000 -0.023000 0.000000 0.000000
12:59:41 80.099998 -53.150002 0.000000 126.839996 28.719999 132.860001 6.541000 -3.060000 4.187000 1466940.344000 453095.266000 13.269143 80.566994 0.000000 -0.043000 0.334000 -0.023000 0.000000 0.000000
12:59:41 80.099998 -53.150002 0.000000 126.839996 28.719999 132.860001 6.541000 -3.060000 4.187000 1466940.461000 453095.256000 13.269143 80.566994 0.000000 -0.043000 0.334000 -0.023000 0.000000 0.000000
12:59:41 80.099998 -53.150002 0.000000 126.839996 28.719999 132.860001 6.541000 -3.060000 4.187000 0.004000 0.004500 13.269143 80.566994 0.000000 -0.043000 0.334000 -0.023000 0.000000 0.000000
12:59:42 80.000000 -53.150002 0.000000 126.839996 28.466999 132.860001 6.319000 -3.060000 4.281000 0.004000 0.004500 13.269149 80.566994 0.000000 -0.043000 0.334000 -0.023000 0.000000 0.000000
12:59:42 80.000000 -53.150002 0.000000 126.839996 28.466999 132.860001 6.319000 -3.060000 4.281000 1466940.962000 453095.255000 13.269149 80.566994 0.000000 -0.043000 0.334000 -0.023000 0.000000 0.000000
12:59:42 80.000000 -53.150002 0.000000 126.839996 28.466999 132.860001 6.319000 -3.060000 4.281000 1466941.079000 453095.245000 13.269149 80.566994 0.000000 -0.043000 0.334000 -0.023000 0.000000 0.000000
12:59:42 80.000000 -53.150002 0.000000 126.839996 28.466999 132.860001 6.319000 -3.060000 4.281000 1466941.196000 453095.236000 13.269149 80.566994 0.000000 -0.043000 0.334000 -0.023000 0.000000 0.000000
12:59:42 80.000000 -53.150002 0.000000 126.839996 28.466999 132.860001 6.319000 -3.060000 4.281000 0.004000 0.004500 13.269149 80.566994 0.000000 -0.043000 0.334000 -0.023000 0.000000 0.000000
12:59:43 80.000000 -53.150002 0.000000 126.839996 28.287001 132.860001 6.084000 -3.060000 4.232000 0.004000 0.004500 13.269156 80.566994 0.000000 -0.043000 0.334000 -0.023000 0.000000 0.000000
12:59:43 80.000000 -53.150002 0.000000 126.839996 28.275999 132.860001 6.047000 -3.060000 4.241000 1466941.691000 453095.260000 13.269156 80.566994 0.000000 -0.043000 0.334000 -0.023000 0.000000 0.000000
12:59:43 80.000000 -53.150002 0.000000 126.839996 28.271000 132.860001 6.009000 -3.060000 4.240000 1466941.808000 453095.250000 13.269157 80.566994 0.000000 -0.043000 0.334000 -0.023000 0.000000 0.000000
12:59:43 79.900002 -53.150002 0.000000 126.839996 28.271999 132.860001 5.973000 -3.060000 4.252000 1466941.925000 453095.241000 13.269158 80.566994 0.000000 -0.043000 0.334000 -0.023000 0.000000 0.000000
12:59:44 79.900002 -53.150002 0.000000 126.839996 28.271999 132.860001 5.973000 -3.060000 4.252000 1466942.067000 453095.269000 13.269159 80.566994 0.000000 -0.043000 0.334000 -0.023000 0.000000 0.000000
12:59:44 79.900002 -53.150002 0.000000 126.839996 28.271999 132.860001 5.973000 -3.060000 4.252000 1466942.184000 453095.259000 13.269159 80.566994 0.000000 -0.043000 0.334000 -0.023000 0.000000 0.000000
12:59:44 79.900002 -53.150002 0.000000 126.839996 28.271999 132.860001 5.973000 -3.060000 4.252000 1466942.301000 453095.249000 13.269159 80.566994 0.000000 -0.043000 0.334000 -0.023000 0.000000 0.000000
12:59:44 79.699997 -53.150002 0.000000 126.839996 28.271999 132.860001 5.973000 -3.060000 4.252000 0.004000 0.004500 13.269159 80.566994 0.000000 -0.043000 0.334000 -0.023000 0.000000 0.000000
12:59:45 79.699997 -53.150002 0.000000 126.839996 28.433001 132.860001 5.769000 -3.060000 4.243000 0.004000 0.004500 13.269165 80.566994 0.000000 -0.043000 0.334000 -0.023000 0.000000 0.000000
12:59:45 79.699997 -53.150002 0.000000 126.839996 28.433001 132.860001 5.769000 -3.060000 4.243000 1466942.796000 453095.274000 13.269165 80.566994 0.000000 -0.043000 0.334000 -0.023000 0.000000 0.000000
12:59:45 79.699997 -53.150002 0.000000 126.839996 28.433001 132.860001 5.769000 -3.060000 4.243000 1466942.913000 453095.264000 13.269165 80.566994 0.000000 -0.043000 0.334000 -0.023000 0.000000 0.000000
12:59:45 79.500000 -53.150002 0.000000 126.839996 28.433001 132.860001 5.769000 -3.060000 4.243000 1466943.030000 453095.255000 13.269165 80.566994 0.000000 -0.043000 0.334000 -0.023000 0.000000 0.000000
12:59:46 79.500000 -53.150002 0.000000 126.839996 28.813000 132.860001 5.634000 -3.060000 4.170000 0.004000 0.004500 13.269171 80.566994 0.000000 -0.043000 0.334000 -0.023000 0.000000 0.000000
12:59:46 79.500000 -53.150002 0.000000 126.839996 28.813000 132.860001 5.634000 -3.060000 4.170000 1466943.415000 453095.276000 13.269171 80.566994 0.000000 -0.043000 0.334000 -0.023000 0.000000 0.000000
12:59:46 79.400002 -53.150002 0.000000 126.839996 28.813000 132.860001 5.634000 -3.060000 4.170000 1466943.532000 453095.266000 13.269171 80.566994 0.000000 -0.043000 0.334000 -0.023000 0.000000 0.000000
12:59:46 79.400002 -53.150002 0.000000 126.839996 28.813000 132.860001 5.634000 -3.060000 4.170000 1466943.649000 453095.257000 13.269171 80.566994 0.000000 -0.043000 0.334000 -0.023000 0.000000 0.000000
12:59:47 79.400002 -53.150002 0.000000 126.839996 29.448000 132.860001 5.606000 -3.060000 4.267000 0.004000 0.004500 13.269176 80.566994 0.000000 -0.043000 0.334000 -0.023000 0.000000 0.000000
12:59:47 79.400002 -53.150002 0.000000 126.839996 29.448000 132.860001 5.606000 -3.060000 4.267000 1466944.056000 453095.278000 13.269176 80.566994 0.000000 -0.043000 0.334000 -0.023000 0.000000 0.000000
12:59:47 79.199997 -53.150002 0.000000 126.839996 29.448000 132.860001 5.606000 -3.060000 4.267000 1466944.173000 453095.267000 13.269176 80.566994 0.000000 -0.043000 0.334000 -0.023000 0.000000 0.000000
12:59:47 79.199997 -53.150002 0.000000 126.839996 29.448000 132.860001 5.606000 -3.060000 4.267000 1466944.300000 453095.255000 13.269176 80.566994 0.000000 -0.043000 0.334000 -0.023000 0.000000 0.000000
12:59:48 79.199997 -53.150002 0.000000 126.839996 30.350000 132.860001 5.728000 -3.060000 4.131000 0.004000 0.004500 13.269182 80.566994 0.000000 -0.043000 0.334000 -0.023000 0.000000 0.000000
12:59:48 79.099998 -53.150002 0.000000 126.839996 30.350000 132.860001 5.728000 -3.060000 4.131000 1466944.721000 453095.278000 13.269182 80.566994 0.000000 -0.043000 0.334000 -0.023000 0.000000 0.000000
12:59:48 79.099998 -53.150002 0.000000 126.839996 30.350000 132.860001 5.728000 -3.060000 4.131000 1466944.848000 453095.266000 13.269182 80.566994 0.000000 -0.043000 0.334000 -0.023000 0.000000 0.000000
12:59:48 79.099998 -53.150002 0.000000 126.839996 30.350000 132.860001 5.728000 -3.060000 4.131000 0.004000 0.004500 13.269182 80.566994 0.000000 -0.043000 0.334000 -0.023000 0.000000 0.000000
12:59:49 79.099998 -53.150002 0.000000 126.839996 31.516001 132.860001 6.029000 -3.060000 4.228000 0.004000 0.004500 13.269189 80.566994 0.000000 -0.043000 0.334000 -0.023000 0.000000 0.000000
12:59:49 79.099998 -53.150002 0.000000 126.839996 31.516001 132.860001 6.029000 -3.060000 4.228000 1466945.436000 453095.307000 13.269189 80.566994 0.000000 -0.043000 0.334000 -0.023000 0.000000 0.000000
12:59:49 79.099998 -53.150002 0.000000 126.839996 31.516001 132.860001 6.029000 -3.060000 4.228000 0.004000 0.004500 13.269189 80.566994 0.000000 -0.043000 0.334000 -0.023000 0.000000 0.000000
12:59:49 79.099998 -53.150002 0.000000 126.839996 31.516001 132.860001 6.029000 -3.060000 4.228000 0.004000 0.004500 13.269189 80.566994 0.000000 -0.043000 0.334000 -0.023000 0.000000 0.000000
12:59:50 79.000000 -53.150002 0.000000 126.839996 32.900002 132.860001 6.481000 -3.060000 4.217000 0.004000 0.004500 13.269195 80.566994 0.000000 -0.043000 0.334000 -0.023000 0.000000 0.000000
12:59:50 79.000000 -53.150002 0.000000 126.839996 32.900002 132.860001 6.481000 -3.060000 4.217000 1466946.090000 453095.243000 13.269195 80.566994 0.000000 -0.043000 0.334000 -0.023000 0.000000 0.000000
12:59:50 79.000000 -53.150002 0.000000 126.839996 32.900002 132.860001 6.481000 -3.060000 4.217000 1466946.217000 453095.228000 13.269195 80.566994 0.000000 -0.043000 0.334000 -0.023000 0.000000 0.000000
12:59:50 79.000000 -53.150002 0.000000 126.839996 32.900002 132.860001 6.481000 -3.060000 4.217000 0.004000 0.004500 13.269195 80.566994 0.000000 -0.043000 0.334000 -0.023000 0.000000 0.000000
12:59:51 78.900002 -53.150002 0.000000 126.839996 34.456001 132.860001 7.050000 -3.060000 4.323000 0.004000 0.004500 13.269202 80.566994 0.000000 -0.043000 0.334000 -0.023000 0.000000 0.000000
12:59:51 78.900002 -53.150002 0.000000 126.839996 34.456001 132.860001 7.050000 -3.060000 4.323000 1466946.858000 453095.244000 13.269202 80.566994 0.000000 -0.043000 0.334000 -0.023000 0.000000 0.000000
12:59:51 78.900002 -53.150002 0.000000 126.839996 34.456001 132.860001 7.050000 -3.060000 4.323000 1466946.985000 453095.227000 13.269202 80.566994 0.000000 -0.043000 0.334000 -0.023000 0.000000 0.000000
12:59:51 78.800003 -53.150002 0.000000 126.839996 34.456001 132.860001 7.050000 -3.060000 4.323000 1466947.112000 453095.210000 13.269202 80.566994 0.000000 -0.043000 0.334000 -0.023000 0.000000 0.000000
12:59:51 78.800003 -53.150002 0.000000 126.839996 34.456001 132.860001 7.050000 -3.060000 4.323000 0.004000 0.004500 13.269202 80.566994 0.000000 -0.043000 0.334000 -0.023000 0.000000 0.000000
12:59:52 78.800003 -53.150002 0.000000 126.839996 36.426998 132.860001 7.818000 -3.060000 4.091000 0.004000 0.004500 13.269209 80.566994 0.000000 -0.043000 0.334000 -0.023000 0.000000 0.000000
12:59:52 78.800003 -53.150002 0.000000 126.839996 36.757000 132.860001 7.953000 -3.060000 4.087000 1466947.646000 453095.152000 13.269211 80.566994 0.000000 -0.043000 0.334000 -0.023000 0.000000 0.000000
12:59:52 78.599998 -53.150002 0.000000 126.839996 37.084000 132.860001 8.090000 -3.060000 4.107000 1466947.773000 453095.135000 13.269212 80.566994 0.000000 -0.043000 0.334000 -0.023000 0.000000 0.000000
12:59:52 78.599998 -53.150002 0.000000 126.839996 37.084000 132.860001 8.228000 -3.060000 4.127000 1466947.900000 453095.118000 13.269213 80.566994 0.000000 -0.043000 0.334000 -0.023000 0.000000 0.000000
12:59:53 78.599998 -53.150002 0.000000 126.839996 37.084000 132.860001 8.228000 -3.060000 4.127000 1466948.027000 453095.101000 13.269215 80.566994 0.000000 -0.043000 0.334000 -0.023000 0.000000 0.000000
12:59:53 78.599998 -53.150002 0.000000 126.839996 37.084000 132.860001 8.228000 -3.060000 4.127000 1466948.312000 453095.121000 13.269215 80.566994 0.000000 -0.043000 0.334000 -0.023000 0.000000 0.000000
12:59:53 78.599998 -53.150002 0.000000 126.839996 37.084000 132.860001 8.228000 -3.060000 4.127000 1466948.439000 453095.104000 13.269215 80.566994 0.000000 -0.043000 0.334000 -0.023000 0.000000 0.000000
12:59:53 78.599998 -53.150002 0.000000 126.839996 37.084000 132.860001 8.228000 -3.060000 4.127000 0.004000 0.004500 13.269215 80.566994 0.000000 -0.043000 0.334000 -0.023000 0.000000 0.000000
12:59:54 78.599998 -53.150002 0.000000 126.839996 39.252998 132.860001 9.057000 -3.060000 3.969000 0.004000 0.004500 13.269220 80.566994 0.000000 -0.043000 0.334000 -0.023000 0.000000 0.000000
12:59:54 78.500000 -53.150002 0.000000 126.839996 39.252998 132.860001 9.057000 -3.060000 3.969000 1466948.958000 453095.033000 13.269220 80.566994 0.000000 -0.043000 0.334000 -0.023000 0.000000 0.000000
12:59:54 78.500000 -53.150002 0.000000 126.839996 39.252998 132.860001 9.057000 -3.060000 3.969000 1466949.085000 453095.016000 13.269220 80.566994 0.000000 -0.043000 0.334000 -0.023000 0.000000 0.000000
12:59:54 78.500000 -53.150002 0.000000 126.839996 39.252998 132.860001 9.057000 -3.060000 3.969000 1466949.211000 453094.999000 13.269220 80.566994 0.000000 -0.043000 0.334000 -0.023000 0.000000 0.000000
12:59:55 78.500000 -53.150002 0.000000 126.839996 40.580002 132.860001 9.700000 -3.060000 3.758000 0.004000 0.004400 13.269227 80.566994 0.000000 -0.043000 0.334000 -0.023000 0.000000 0.000000
12:59:55 78.500000 -53.150002 0.000000 126.839996 40.580002 132.860001 9.700000 -3.060000 3.758000 1466949.693000 453094.972000 13.269227 80.566994 0.000000 -0.043000 0.334000 -0.023000 0.000000 0.000000
12:59:55 78.500000 -53.150002 0.000000 126.839996 40.580002 132.860001 9.700000 -3.060000 3.758000 1466949.810000 453094.958000 13.269227 80.566994 0.000000 -0.043000 0.334000 -0.023000 0.000000 0.000000
12:59:55 78.500000 -53.150002 0.000000 126.839996 40.580002 132.860001 9.700000 -3.060000 3.758000 0.004000 0.004400 13.269227 80.566994 0.000000 -0.043000 0.334000 -0.023000 0.000000 0.000000
12:59:56 78.400002 -53.150002 0.000000 126.839996 41.668999 132.860001 10.245000 -3.060000 3.843000 0.004000 0.004400 13.269233 80.566994 0.000000 -0.043000 0.334000 -0.023000 0.000000 0.000000
12:59:56 78.400002 -53.150002 0.000000 126.839996 41.668999 132.860001 10.245000 -3.060000 3.843000 1466950.314000 453094.910000 13.269233 80.566994 0.000000 -0.043000 0.334000 -0.023000 0.000000 0.000000
12:59:56 78.400002 -53.150002 0.000000 126.839996 41.668999 132.860001 10.245000 -3.060000 3.843000 1466950.432000 453094.896000 13.269233 80.566994 0.000000 -0.043000 0.334000 -0.023000 0.000000 0.000000
12:59:56 78.400002 -53.150002 0.000000 126.839996 41.668999 132.860001 10.245000 -3.060000 3.843000 0.004000 0.004400 13.269233 80.566994 0.000000 -0.043000 0.334000 -0.023000 0.000000 0.000000
12:59:57 78.400002 -53.150002 0.000000 126.839996 42.526001 132.860001 10.658000 -3.060000 3.733000 0.004000 0.004400 13.269239 80.566994 0.000000 -0.043000 0.334000 -0.023000 0.000000 0.000000
12:59:57 78.400002 -53.150002 0.000000 126.839996 42.526001 132.860001 10.658000 -3.060000 3.733000 1466950.970000 453094.848000 13.269239 80.566994 0.000000 -0.043000 0.334000 -0.023000 0.000000 0.000000
12:59:57 78.400002 -53.150002 0.000000 126.839996 42.526001 132.860001 10.658000 -3.060000 3.733000 1466951.087000 453094.834000 13.269239 80.566994 0.000000 -0.043000 0.334000 -0.023000 0.000000 0.000000
12:59:57 78.400002 -53.150002 0.000000 126.839996 42.526001 132.860001 10.658000 -3.060000 3.733000 0.004000 0.004400 13.269239 80.566994 0.000000 -0.043000 0.334000 -0.023000 0.000000 0.000000
12:59:58 78.300003 -53.150002 0.000000 126.839996 43.157001 132.860001 10.921000 -3.060000 3.720000 0.004000 0.004400 13.269244 80.566994 0.000000 -0.043000 0.334000 -0.023000 0.000000 0.000000
12:59:58 78.300003 -53.150002 0.000000 126.839996 43.157001 132.860001 10.921000 -3.060000 3.720000 1466951.556000 453094.775000 13.269244 80.566994 0.000000 -0.043000 0.334000 -0.023000 0.000000 0.000000
12:59:58 78.300003 -53.150002 0.000000 126.839996 43.157001 132.860001 10.921000 -3.060000 3.720000 1466951.703000 453094.772000 13.269244 80.566994 0.000000 -0.043000 0.334000 -0.023000 0.000000 0.000000
12:59:58 78.400002 -53.150002 0.000000 126.839996 43.157001 132.860001 10.921000 -3.060000 3.720000 1466951.820000 453094.757000 13.269244 80.566994 0.000000 -0.043000 0.334000 -0.023000 0.000000 0.000000
12:59:59 78.400002 -53.150002 0.000000 126.839996 43.584999 132.860001 11.035000 -3.060000 3.613000 0.004000 0.004400 13.269250 80.566994 0.000000 -0.043000 0.334000 -0.023000 0.000000 0.000000
12:59:59 78.400002 -53.150002 0.000000 126.839996 43.584999 132.860001 11.035000 -3.060000 3.613000 1466952.171000 453094.713000 13.269250 80.566994 0.000000 -0.043000 0.334000 -0.023000 0.000000 0.000000
12:59:59 78.300003 -53.150002 0.000000 126.839996 43.584999 132.860001 11.035000 -3.060000 3.613000 1466952.315000 453094.708000 13.269250 80.566994 0.000000 -0.043000 0.334000 -0.023000 0.000000 0.000000
12:59:59 78.300003 -53.150002 0.000000 126.839996 43.584999 132.860001 11.035000 -3.060000 3.613000 0.004000 0.004400 13.269250 80.566994 0.000000 -0.043000 0.334000 -0.023000 0.000000 0.000000
13:00:00 78.300003 -53.150002 0.000000 126.839996 43.854000 132.860001 11.029000 -3.060000 3.722000 0.004000 0.004400 13.269256 80.566994 0.000000 -0.043000 0.334000 -0.023000 0.000000 0.000000
13:00:00 78.300003 -53.150002 0.000000 126.839996 43.854000 132.860001 11.029000 -3.060000 3.722000 1466952.784000 453094.640000 13.269256 80.566994 0.000000 -0.043000 0.334000 -0.023000 0.000000 0.000000
13:00:00 78.300003 -53.150002 0.000000 126.839996 43.854000 132.860001 11.029000 -3.060000 3.722000 0.004000 0.004400 13.269256 80.566994 0.000000 -0.043000 0.334000 -0.023000 0.000000 0.000000
13:00:00 78.300003 -53.150002 0.000000 126.839996 43.854000 132.860001 11.029000 -3.060000 3.722000 0.004000 0.004400 13.269256 80.566994 0.000000 -0.043000 0.334000 -0.023000 0.000000 0.000000
13:00:01 78.300003 -53.150002 0.000000 126.839996 44.016998 132.860001 10.918000 -3.060000 3.775000 0.004000 0.004400 13.269261 80.566994 0.000000 -0.043000 0.334000 -0.023000 0.000000 0.000000
13:00:01 78.300003 -53.150002 0.000000 126.839996 44.016998 132.860001 10.918000 -3.060000 3.775000 1466953.416000 453094.557000 13.269261 80.566994 0.000000 -0.043000 0.334000 -0.023000 0.000000 0.000000
13:00:01 78.300003 -53.150002 0.000000 126.839996 44.016998 132.860001 10.918000 -3.060000 3.775000 1466953.601000 453094.531000 13.269261 80.566994 0.000000 -0.043000 0.334000 -0.023000 0.000000 0.000000
13:00:01 78.300003 -53.150002 0.000000 126.839996 44.016998 132.860001 10.918000 -3.060000 3.775000 0.004000 0.004400 13.269261 80.566994 0.000000 -0.043000 0.334000 -0.023000 0.000000 0.000000
13:00:02 78.300003 -53.150002 0.000000 126.839996 44.108002 132.860001 10.712000 -3.060000 3.853000 0.004000 0.004400 13.269267 80.566986 0.000000 -0.043000 0.334000 -0.023000 0.000000 0.000000
13:00:02 78.300003 -53.150002 0.000000 126.839996 44.108002 132.860001 10.712000 -3.060000 3.853000 1466954.100000 453094.451000 13.269267 80.566986 0.000000 -0.043000 0.334000 -0.023000 0.000000 0.000000
13:00:02 78.300003 -53.150002 0.000000 126.839996 44.108002 132.860001 10.712000 -3.060000 3.853000 1466954.279000 453094.430000 13.269267 80.566986 0.000000 -0.043000 0.334000 -0.023000 0.000000 0.000000
13:00:02 78.300003 -53.150002 0.000000 126.839996 44.108002 132.860001 10.712000 -3.060000 3.853000 0.004000 0.004400 13.269267 80.566986 0.000000 -0.043000 0.334000 -0.023000 0.000000 0.000000
13:00:03 78.300003 -53.150002 0.000000 126.839996 44.169998 132.860001 10.434000 -3.060000 4.104000 0.004000 0.004400 13.269274 80.566986 0.000000 -0.043000 0.334000 -0.023000 0.000000 0.000000
13:00:03 78.300003 -53.150002 0.000000 126.839996 44.169998 132.860001 10.434000 -3.060000 4.104000 1466954.787000 453094.342000 13.269274 80.566986 0.000000 -0.043000 0.334000 -0.023000 0.000000 0.000000
13:00:03 78.300003 -53.150002 0.000000 126.839996 44.169998 132.860001 10.434000 -3.060000 4.104000 0.004000 0.004400 13.269274 80.566986 0.000000 -0.043000 0.334000 -0.023000 0.000000 0.000000
13:00:03 78.300003 -53.150002 0.000000 126.839996 44.169998 132.860001 10.434000 -3.060000 4.104000 1466955.112000 453094.282000 13.269274 80.566986 0.000000 -0.043000 0.334000 -0.023000 0.000000 0.000000
13:00:04 78.300003 -53.150002 0.000000 126.839996 44.237999 132.860001 10.097000 -3.060000 4.031000 0.004000 0.004400 13.269280 80.566986 0.000000 -0.043000 0.334000 -0.023000 0.000000 0.000000
13:00:04 78.300003 -53.150002 0.000000 126.839996 44.237999 132.860001 10.097000 -3.060000 4.031000 1466955.493000 453094.216000 13.269280 80.566986 0.000000 -0.043000 0.334000 -0.023000 0.000000 0.000000
13:00:04 78.300003 -53.150002 0.000000 126.839996 44.237999 132.860001 10.097000 -3.060000 4.031000 1466955.699000 453094.178000 13.269280 80.566986 0.000000 -0.043000 0.334000 -0.023000 0.000000 0.000000
13:00:04 78.300003 -53.150002 0.000000 126.839996 44.237999 132.860001 10.097000 -3.060000 4.031000 0.004000 0.004400 13.269280 80.566986 0.000000 -0.043000 0.334000 -0.023000 0.000000 0.000000
13:00:05 78.199997 -53.150002 0.000000 126.839996 44.310001 132.860001 9.742000 -3.060000 4.170000 0.004000 0.004400 13.269286 80.566986 0.000000 -0.043000 0.334000 -0.023000 0.000000 0.000000
13:00:05 78.199997 -53.150002 0.000000 126.839996 44.310001 132.860001 9.742000 -3.060000 4.170000 1466956.207000 453094.090000 13.269286 80.566986 0.000000 -0.043000 0.334000 -0.023000 0.000000 0.000000
13:00:05 78.199997 -53.150002 0.000000 126.839996 44.310001 132.860001 9.742000 -3.060000 4.170000 1466956.430000 453094.040000 13.269286 80.566986 0.000000 -0.043000 0.334000 -0.023000 0.000000 0.000000
13:00:05 78.199997 -53.150002 0.000000 126.839996 44.310001 132.860001 9.742000 -3.060000 4.170000 0.004000 0.004400 13.269286 80.566986 0.000000 -0.043000 0.334000 -0.023000 0.000000 0.000000
13:00:06 78.199997 -53.150002 0.000000 126.839996 44.353001 132.860001 9.394000 -3.060000 4.164000 0.004000 0.004400 13.269293 80.566986 0.000000 -0.043000 0.334000 -0.023000 0.000000 0.000000
13:00:06 78.199997 -53.150002 0.000000 126.839996 44.353001 132.860001 9.394000 -3.060000 4.164000 1466956.937000 453093.952000 13.269293 80.566986 0.000000 -0.043000 0.334000 -0.023000 0.000000 0.000000
13:00:06 78.199997 -53.150002 0.000000 126.839996 44.353001 132.860001 9.394000 -3.060000 4.164000 1466957.148000 453093.927000 13.269293 80.566986 0.000000 -0.043000 0.334000 -0.023000 0.000000 0.000000
13:00:06 78.199997 -53.150002 0.000000 126.839996 44.353001 132.860001 9.394000 -3.060000 4.164000 0.004000 0.004300 13.269293 80.566986 0.000000 -0.043000 0.334000 -0.023000 0.000000 0.000000
13:00:07 78.199997 -53.150002 0.000000 126.839996 44.330002 132.860001 9.088000 -3.060000 4.083000 0.004000 0.004300 13.269300 80.566986 0.000000 -0.043000 0.334000 -0.023000 0.000000 0.000000
13:00:07 78.199997 -53.150002 0.000000 126.839996 44.330002 132.860001 9.088000 -3.060000 4.083000 1466957.656000 453093.849000 13.269300 80.566986 0.000000 -0.043000 0.334000 -0.023000 0.000000 0.000000
13:00:07 78.199997 -53.150002 0.000000 126.839996 44.330002 132.860001 9.088000 -3.060000 4.083000 0.004000 0.004300 13.269300 80.566986 0.000000 -0.043000 0.334000 -0.023000 0.000000 0.000000
13:00:07 78.199997 -53.150002 0.000000 126.839996 44.330002 132.860001 9.088000 -3.060000 4.083000 1466957.967000 453093.795000 13.269300 80.566986 0.000000 -0.043000 0.334000 -0.023000 0.000000 0.000000
13:00:07 78.199997 -53.150002 0.000000 126.839996 44.330002 132.860001 9.088000 -3.060000 4.083000 0.004000 0.004300 13.269300 80.566986 0.000000 -0.043000 0.334000 -0.023000 0.000000 0.000000
13:00:08 78.199997 -53.150002 0.000000 126.839996 44.183998 132.860001 8.828000 -3.060000 4.200000 0.004000 0.004300 13.269307 80.566986 0.000000 -0.043000 0.334000 -0.023000 0.000000 0.000000
13:00:08 78.199997 -53.150002 0.000000 126.839996 44.146999 132.860001 8.800000 -3.060000 4.196000 1466958.436000 453093.720000 13.269308 80.566978 0.000000 -0.043000 0.334000 -0.023000 0.000000 0.000000
13:00:08 78.199997 -53.150002 0.000000 126.839996 44.146999 132.860001 8.776000 -3.060000 4.192000 1466958.646000 453093.697000 13.269310 80.566978 0.000000 -0.043000 0.334000 -0.023000 0.000000 0.000000
13:00:08 78.199997 -53.150002 0.000000 126.839996 44.146999 132.860001 8.759000 -3.060000 4.190000 1466958.764000 453093.680000 13.269311 80.566978 0.000000 -0.043000 0.334000 -0.023000 0.000000 0.000000
13:00:09 78.199997 -53.150002 0.000000 126.839996 44.146999 132.860001 8.745000 -3.060000 4.184000 1466958.881000 453093.663000 13.269312 80.566978 0.000000 -0.043000 0.334000 -0.023000 0.000000 0.000000
13:00:09 78.199997 -53.150002 0.000000 126.839996 44.146999 132.860001 8.745000 -3.060000 4.184000 1466958.998000 453093.645000 13.269312 80.566978 0.000000 -0.043000 0.334000 -0.023000 0.000000 0.000000
13:00:09 78.199997 -53.150002 0.000000 126.839996 44.146999 132.860001 8.745000 -3.060000 4.184000 1466959.115000 453093.628000 13.269312 80.566978 0.000000 -0.043000 0.334000 -0.023000 0.000000 0.000000
13:00:09 78.199997 -53.150002 0.000000 126.839996 43.797001 132.860001 8.750000 -3.060000 4.100000 0.004000 0.004300 13.269317 80.566978 0.000000 -0.043000 0.334000 -0.023000 0.000000 0.000000
13:00:10 78.199997 -53.150002 0.000000 126.839996 43.797001 132.860001 8.750000 -3.060000 4.100000 1466959.538000 453093.575000 13.269318 80.566978 0.000000 -0.043000 0.334000 -0.023000 0.000000 0.000000
13:00:10 78.199997 -53.150002 0.000000 126.839996 43.797001 132.860001 8.750000 -3.060000 4.100000 1466959.655000 453093.558000 13.269318 80.566978 0.000000 -0.043000 0.334000 -0.023000 0.000000 0.000000
13:00:10 78.199997 -53.150002 0.000000 126.839996 43.797001 132.860001 8.750000 -3.060000 4.100000 0.004000 0.004300 13.269318 80.566978 0.000000 -0.043000 0.334000 -0.023000 0.000000 0.000000
13:00:10 78.199997 -53.150002 0.000000 126.839996 43.797001 132.860001 8.750000 -3.060000 4.100000 0.004000 0.004300 13.269318 80.566978 0.000000 -0.043000 0.334000 -0.023000 0.000000 0.000000
13:00:11 78.300003 -53.150002 0.000000 126.839996 43.383999 132.860001 8.937000 -3.060000 4.129000 0.004000 0.004300 13.269323 80.566978 0.000000 -0.043000 0.334000 -0.023000 0.000000 0.000000
13:00:11 78.300003 -53.150002 0.000000 126.839996 43.383999 132.860001 8.937000 -3.060000 4.129000 1466960.282000 453093.470000 13.269323 80.566978 0.000000 -0.043000 0.334000 -0.023000 0.000000 0.000000
13:00:11 78.300003 -53.150002 0.000000 126.839996 43.383999 132.860001 8.937000 -3.060000 4.129000 1466960.399000 453093.453000 13.269323 80.566978 0.000000 -0.043000 0.334000 -0.023000 0.000000 0.000000
13:00:11 78.300003 -53.150002 0.000000 126.839996 43.383999 132.860001 8.937000 -3.060000 4.129000 0.004000 0.004300 13.269323 80.566978 0.000000 -0.043000 0.334000 -0.023000 0.000000 0.000000
13:00:12 78.300003 -53.150002 0.000000 126.839996 42.970001 132.860001 9.245000 -3.060000 4.120000 0.004000 0.004300 13.269329 80.566978 0.000000 -0.043000 0.334000 -0.023000 0.000000 0.000000
13:00:12 78.300003 -53.150002 0.000000 126.839996 42.970001 132.860001 9.245000 -3.060000 4.120000 1466960.915000 453093.383000 13.269329 80.566978 0.000000 -0.043000 0.334000 -0.023000 0.000000 0.000000
13:00:12 78.300003 -53.150002 0.000000 126.839996 42.970001 132.860001 9.245000 -3.060000 4.120000 1466961.032000 453093.366000 13.269329 80.566978 0.000000 -0.043000 0.334000 -0.023000 0.000000 0.000000
13:00:12 78.300003 -53.150002 0.000000 126.839996 42.970001 132.860001 9.245000 -3.060000 4.120000 0.004000 0.004300 13.269329 80.566978 0.000000 -0.043000 0.334000 -0.023000 0.000000 0.000000
13:00:13 78.300003 -53.150002 0.000000 126.839996 42.519001 132.860001 9.651000 -3.060000 4.081000 0.004000 0.004300 13.269335 80.566978 0.000000 -0.043000 0.334000 -0.023000 0.000000 0.000000
13:00:13 78.300003 -53.150002 0.000000 126.839996 42.519001 132.860001 9.651000 -3.060000 4.081000 1466961.546000 453093.308000 13.269335 80.566978 0.000000 -0.043000 0.334000 -0.023000 0.000000 0.000000
13:00:13 78.400002 -53.150002 0.000000 126.839996 42.519001 132.860001 9.651000 -3.060000 4.081000 1466961.664000 453093.289000 13.269335 80.566978 0.000000 -0.043000 0.334000 -0.023000 0.000000 0.000000
13:00:13 78.400002 -53.150002 0.000000 126.839996 42.519001 132.860001 9.651000 -3.060000 4.081000 0.004000 0.004300 13.269335 80.566978 0.000000 -0.043000 0.334000 -0.023000 0.000000 0.000000
13:00:14 78.400002 -53.150002 0.000000 126.839996 42.057999 132.860001 10.116000 -3.060000 4.089000 0.004000 0.004300 13.269341 80.566978 0.000000 -0.043000 0.334000 -0.023000 0.000000 0.000000
13:00:14 78.400002 -53.150002 0.000000 126.839996 42.057999 132.860001 10.116000 -3.060000 4.089000 1466962.209000 453093.212000 13.269341 80.566978 0.000000 -0.043000 0.334000 -0.023000 0.000000 0.000000
13:00:14 78.400002 -53.150002 0.000000 126.839996 42.057999 132.860001 10.116000 -3.060000 4.089000 1466962.336000 453093.193000 13.269341 80.566978 0.000000 -0.043000 0.334000 -0.023000 0.000000 0.000000
13:00:14 78.400002 -53.150002 0.000000 126.839996 42.057999 132.860001 10.116000 -3.060000 4.089000 0.004000 0.004300 13.269341 80.566978 0.000000 -0.043000 0.334000 -0.023000 0.000000 0.000000
13:00:15 78.400002 -53.150002 0.000000 126.839996 41.616001 132.860001 10.598000 -3.060000 4.050000 0.004000 0.004300 13.269347 80.566978 0.000000 -0.043000 0.334000 -0.023000 0.000000 0.000000
13:00:15 78.400002 -53.150002 0.000000 126.839996 41.616001 132.860001 10.598000 -3.060000 4.050000 1466962.896000 453093.112000 13.269347 80.566978 0.000000 -0.043000 0.334000 -0.023000 0.000000 0.000000
13:00:15 78.400002 -53.150002 0.000000 126.839996 41.616001 132.860001 10.598000 -3.060000 4.050000 1466963.023000 453093.093000 13.269347 80.566978 0.000000 -0.043000 0.334000 -0.023000 0.000000 0.000000
13:00:15 78.400002 -53.150002 0.000000 126.839996 41.616001 132.860001 10.598000 -3.060000 4.050000 0.004000 0.004300 13.269347 80.566978 0.000000 -0.043000 0.334000 -0.023000 0.000000 0.000000
13:00:16 78.400002 -53.150002 0.000000 126.839996 41.230000 132.860001 11.067000 -3.060000 4.104000 0.004000 0.004300 13.269353 80.566978 0.000000 -0.043000 0.334000 -0.023000 0.000000 0.000000
13:00:16 78.400002 -53.150002 0.000000 126.839996 41.230000 132.860001 11.067000 -3.060000 4.104000 1466963.563000 453093.005000 13.269353 80.566978 0.000000 -0.043000 0.334000 -0.023000 0.000000 0.000000
13:00:16 78.400002 -53.150002 0.000000 126.839996 41.230000 132.860001 11.067000 -3.060000 4.104000 0.004000 0.004300 13.269353 80.566978 0.000000 -0.043000 0.334000 -0.023000 0.000000 0.000000
13:00:16 78.400002 -53.150002 0.000000 126.839996 40.979000 132.860001 11.418000 -3.060000 4.087000 1466963.874000 453092.957000 13.269358 80.566978 0.000000 -0.043000 0.334000 -0.023000 0.000000 0.000000
13:00:17 78.400002 -53.150002 0.000000 126.839996 40.979000 132.860001 11.418000 -3.060000 4.087000 1466964.127000 453092.913000 13.269360 80.566978 0.000000 -0.043000 0.334000 -0.023000 0.000000 0.000000
13:00:17 78.400002 -53.150002 0.000000 126.839996 40.979000 132.860001 11.418000 -3.060000 4.087000 1466964.254000 453092.891000 13.269360 80.566978 0.000000 -0.043000 0.334000 -0.023000 0.000000 0.000000
13:00:17 78.400002 -53.150002 0.000000 126.839996 40.979000 132.860001 11.418000 -3.060000 4.087000 1466964.381000 453092.869000 13.269360 80.566978 0.000000 -0.043000 0.334000 -0.023000 0.000000 0.000000
13:00:17 78.400002 -53.150002 0.000000 126.839996 40.979000 132.860001 11.418000 -3.060000 4.087000 0.004000 0.004200 13.269360 80.566978 0.000000 -0.043000 0.334000 -0.023000 0.000000 0.000000
13:00:18 78.599998 -53.150002 0.000000 126.839996 40.710999 132.860001 11.870000 -3.060000 4.132000 0.004000 0.004200 13.269365 80.566971 0.000000 -0.043000 0.334000 -0.023000 0.000000 0.000000
13:00:18 78.599998 -53.150002 0.000000 126.839996 40.710999 132.860001 11.870000 -3.060000 4.132000 1466964.943000 453092.779000 13.269365 80.566971 0.000000 -0.043000 0.334000 -0.023000 0.000000 0.000000
13:00:18 78.599998 -53.150002 0.000000 126.839996 40.710999 132.860001 11.870000 -3.060000 4.132000 1466965.070000 453092.757000 13.269365 80.566971 0.000000 -0.043000 0.334000 -0.023000 0.000000 0.000000
13:00:18 78.599998 -53.150002 0.000000 126.839996 40.606998 132.860001 12.104000 -3.060000 4.150000 0.004000 0.004200 13.269370 80.566971 0.000000 -0.043000 0.334000 -0.023000 0.000000 0.000000
13:00:19 78.599998 -53.150002 0.000000 126.839996 40.606998 132.860001 12.104000 -3.060000 4.150000 1466965.479000 453092.675000 13.269371 80.566971 0.000000 -0.043000 0.334000 -0.023000 0.000000 0.000000
13:00:19 78.599998 -53.150002 0.000000 126.839996 40.606998 132.860001 12.104000 -3.060000 4.150000 1466965.596000 453092.653000 13.269371 80.566971 0.000000 -0.043000 0.334000 -0.023000 0.000000 0.000000
13:00:19 78.599998 -53.150002 0.000000 126.839996 40.606998 132.860001 12.104000 -3.060000 4.150000 0.004000 0.004200 13.269371 80.566971 0.000000 -0.043000 0.334000 -0.023000 0.000000 0.000000
13:00:19 78.699997 -53.150002 0.000000 126.839996 40.606998 132.860001 12.104000 -3.060000 4.150000 0.004000 0.004200 13.269371 80.566971 0.000000 -0.043000 0.334000 -0.023000 0.000000 0.000000
13:00:20 78.699997 -53.150002 0.000000 126.839996 40.560001 132.860001 12.327000 -3.060000 4.133000 0.004000 0.004200 13.269378 80.566971 0.000000 -0.043000 0.334000 -0.023000 0.000000 0.000000
13:00:20 78.699997 -53.150002 0.000000 126.839996 40.560001 132.860001 12.327000 -3.060000 4.133000 1466966.280000 453092.527000 13.269378 80.566971 0.000000 -0.043000 0.334000 -0.023000 0.000000 0.000000
13:00:20 78.800003 -53.150002 0.000000 126.839996 40.560001 132.860001 12.327000 -3.060000 4.133000 1466966.397000 453092.505000 13.269378 80.566971 0.000000 -0.043000 0.334000 -0.023000 0.000000 0.000000
13:00:20 78.800003 -53.150002 0.000000 126.839996 40.560001 132.860001 12.327000 -3.060000 4.133000 0.004000 0.004200 13.269378 80.566971 0.000000 -0.043000 0.334000 -0.023000 0.000000 0.000000
13:00:21 78.800003 -53.150002 0.000000 126.839996 40.601002 132.860001 12.395000 -3.060000 4.221000 0.004000 0.004200 13.269383 80.566971 0.000000 -0.043000 0.334000 -0.023000 0.000000 0.000000
13:00:21 78.900002 -53.150002 0.000000 126.839996 40.601002 132.860001 12.395000 -3.060000 4.221000 1466966.939000 453092.432000 13.269383 80.566971 0.000000 -0.043000 0.334000 -0.023000 0.000000 0.000000
13:00:21 78.900002 -53.150002 0.000000 126.839996 40.601002 132.860001 12.395000 -3.060000 4.221000 1466967.056000 453092.413000 13.269383 80.566971 0.000000 -0.043000 0.334000 -0.023000 0.000000 0.000000
13:00:21 78.900002 -53.150002 0.000000 126.839996 40.601002 132.860001 12.395000 -3.060000 4.221000 1466967.173000 453092.393000 13.269383 80.566971 0.000000 -0.043000 0.334000 -0.023000 0.000000 0.000000
13:00:22 78.900002 -53.150002 0.000000 126.839996 40.679001 132.860001 12.353000 -3.060000 4.159000 0.004000 0.004200 13.269389 80.566971 0.000000 -0.043000 0.334000 -0.023000 0.000000 0.000000
13:00:22 78.900002 -53.150002 0.000000 126.839996 40.679001 132.860001 12.353000 -3.060000 4.159000 1466967.583000 453092.321000 13.269389 80.566971 0.000000 -0.043000 0.334000 -0.023000 0.000000 0.000000
13:00:22 78.900002 -53.150002 0.000000 126.839996 40.679001 132.860001 12.353000 -3.060000 4.159000 1466967.700000 453092.301000 13.269389 80.566971 0.000000 -0.043000 0.334000 -0.023000 0.000000 0.000000
13:00:22 78.900002 -53.150002 0.000000 126.839996 40.679001 132.860001 12.353000 -3.060000 4.159000 0.004000 0.004200 13.269389 80.566971 0.000000 -0.043000 0.334000 -0.023000 0.000000 0.000000
13:00:23 78.900002 -53.150002 0.000000 126.839996 40.776001 132.860001 12.216000 -3.060000 4.157000 0.004000 0.004200 13.269395 80.566971 0.000000 -0.043000 0.334000 -0.023000 0.000000 0.000000
13:00:23 78.900002 -53.150002 0.000000 126.839996 40.776001 132.860001 12.216000 -3.060000 4.157000 1466968.209000 453092.220000 13.269395 80.566971 0.000000 -0.043000 0.334000 -0.023000 0.000000 0.000000
13:00:23 78.900002 -53.150002 0.000000 126.839996 40.776001 132.860001 12.216000 -3.060000 4.157000 1466968.327000 453092.201000 13.269395 80.566971 0.000000 -0.043000 0.334000 -0.023000 0.000000 0.000000
13:00:23 78.900002 -53.150002 0.000000 126.839996 40.854000 132.860001 12.054000 -3.060000 4.183000 0.004000 0.004200 13.269400 80.566971 0.000000 -0.043000 0.334000 -0.023000 0.000000 0.000000
13:00:24 79.000000 -53.150002 0.000000 126.839996 40.854000 132.860001 12.007000 -3.060000 4.155000 1466968.685000 453092.153000 13.269401 80.566971 0.000000 -0.043000 0.334000 -0.023000 0.000000 0.000000
13:00:24 79.000000 -53.150002 0.000000 126.839996 40.854000 132.860001 12.007000 -3.060000 4.155000 1466968.792000 453092.133000 13.269401 80.566971 0.000000 -0.043000 0.334000 -0.023000 0.000000 0.000000
13:00:24 79.000000 -53.150002 0.000000 126.839996 40.854000 132.860001 12.007000 -3.060000 4.155000 1466968.899000 453092.114000 13.269401 80.566971 0.000000 -0.043000 0.334000 -0.023000 0.000000 0.000000
13:00:24 79.000000 -53.150002 0.000000 126.839996 40.854000 132.860001 12.007000 -3.060000 4.155000 0.004000 0.004200 13.269401 80.566971 0.000000 -0.043000 0.334000 -0.023000 0.000000 0.000000
13:00:25 79.000000 -53.150002 0.000000 126.839996 40.959999 132.860001 11.748000 -3.060000 4.094000 0.004000 0.004200 13.269405 80.566963 0.000000 -0.043000 0.334000 -0.023000 0.000000 0.000000
13:00:25 79.000000 -53.150002 0.000000 126.839996 40.959999 132.860001 11.748000 -3.060000 4.094000 1466969.381000 453092.046000 13.269405 80.566963 0.000000 -0.043000 0.334000 -0.023000 0.000000 0.000000
13:00:25 79.000000 -53.150002 0.000000 126.839996 40.959999 132.860001 11.748000 -3.060000 4.094000 1466969.489000 453092.026000 13.269405 80.566963 0.000000 -0.043000 0.334000 -0.023000 0.000000 0.000000
13:00:25 79.099998 -53.150002 0.000000 126.839996 41.015999 132.860001 11.521000 -3.060000 4.198000 0.004000 0.004200 13.269410 80.566963 0.000000 -0.043000 0.334000 -0.023000 0.000000 0.000000
13:00:26 79.099998 -53.150002 0.000000 126.839996 41.015999 132.860001 11.521000 -3.060000 4.198000 1466969.850000 453091.978000 13.269411 80.566963 0.000000 -0.043000 0.334000 -0.023000 0.000000 0.000000
13:00:26 79.099998 -53.150002 0.000000 126.839996 41.015999 132.860001 11.521000 -3.060000 4.198000 1466969.957000 453091.958000 13.269411 80.566963 0.000000 -0.043000 0.334000 -0.023000 0.000000 0.000000
13:00:26 79.099998 -53.150002 0.000000 126.839996 41.015999 132.860001 11.521000 -3.060000 4.198000 0.004000 0.004100 13.269411 80.566963 0.000000 -0.043000 0.334000 -0.023000 0.000000 0.000000
13:00:26 79.199997 -53.150002 0.000000 126.839996 41.015999 132.860001 11.521000 -3.060000 4.198000 0.004000 0.004100 13.269411 80.566963 0.000000 -0.043000 0.334000 -0.023000 0.000000 0.000000
13:00:27 79.199997 -53.150002 0.000000 126.839996 41.077000 132.860001 11.166000 -3.060000 4.039000 0.004000 0.004100 13.269416 80.566963 0.000000 -0.043000 0.334000 -0.023000 0.000000 0.000000
13:00:27 79.199997 -53.150002 0.000000 126.839996 41.094002 132.860001 11.052000 -3.060000 4.098000 1466970.653000 453091.851000 13.269418 80.566963 0.000000 -0.043000 0.334000 -0.023000 0.000000 0.000000
13:00:27 79.199997 -53.150002 0.000000 126.839996 41.094002 132.860001 10.995000 -3.060000 4.125000 1466970.770000 453091.832000 13.269420 80.566963 0.000000 -0.043000 0.334000 -0.023000 0.000000 0.000000
13:00:27 79.199997 -53.150002 0.000000 126.839996 41.094002 132.860001 10.939000 -3.060000 4.121000 1466970.898000 453091.822000 13.269421 80.566963 0.000000 -0.043000 0.334000 -0.023000 0.000000 0.000000
13:00:28 79.199997 -53.150002 0.000000 126.839996 41.094002 132.860001 10.939000 -3.060000 4.121000 1466971.016000 453091.803000 13.269422 80.566963 0.000000 -0.043000 0.334000 -0.023000 0.000000 0.000000
13:00:28 79.199997 -53.150002 0.000000 126.839996 41.094002 132.860001 10.939000 -3.060000 4.121000 1466971.133000 453091.783000 13.269422 80.566963 0.000000 -0.043000 0.334000 -0.023000 0.000000 0.000000
13:00:28 79.300003 -53.150002 0.000000 126.839996 41.094002 132.860001 10.939000 -3.060000 4.121000 1466971.250000 453091.764000 13.269422 80.566963 0.000000 -0.043000 0.334000 -0.023000 0.000000 0.000000
13:00:28 79.300003 -53.150002 0.000000 126.839996 41.124001 132.860001 10.669000 -3.060000 4.105000 0.004000 0.004100 13.269425 80.566963 0.000000 -0.043000 0.334000 -0.023000 0.000000 0.000000
13:00:29 79.300003 -53.150002 0.000000 126.839996 41.124001 132.860001 10.669000 -3.060000 4.105000 1466971.623000 453091.716000 13.269427 80.566963 0.000000 -0.043000 0.334000 -0.023000 0.000000 0.000000
13:00:29 79.300003 -53.150002 0.000000 126.839996 41.124001 132.860001 10.669000 -3.060000 4.105000 1466971.740000 453091.696000 13.269427 80.566963 0.000000 -0.043000 0.334000 -0.023000 0.000000 0.000000
13:00:29 79.300003 -53.150002 0.000000 126.839996 41.124001 132.860001 10.669000 -3.060000 4.105000 1466971.857000 453091.677000 13.269427 80.566963 0.000000 -0.043000 0.334000 -0.023000 0.000000 0.000000
13:00:29 79.300003 -53.150002 0.000000 126.839996 41.124001 132.860001 10.669000 -3.060000 4.105000 0.004000 0.004100 13.269427 80.566963 0.000000 -0.043000 0.334000 -0.023000 0.000000 0.000000
13:00:30 79.300003 -53.150002 0.000000 126.839996 41.103001 132.860001 10.388000 -3.060000 4.112000 0.004000 0.004100 13.269433 80.566963 0.000000 -0.043000 0.334000 -0.023000 0.000000 0.000000
13:00:30 79.300003 -53.150002 0.000000 126.839996 41.103001 132.860001 10.388000 -3.060000 4.112000 1466972.366000 453091.609000 13.269433 80.566963 0.000000 -0.043000 0.334000 -0.023000 0.000000 0.000000
13:00:30 79.300003 -53.150002 0.000000 126.839996 41.103001 132.860001 10.388000 -3.060000 4.112000 0.004000 0.004100 13.269433 80.566963 0.000000 -0.043000 0.334000 -0.023000 0.000000 0.000000
13:00:30 79.300003 -53.150002 0.000000 126.839996 41.060001 132.860001 10.237000 -3.060000 4.140000 1466972.601000 453091.570000 13.269438 80.566963 0.000000 -0.043000 0.334000 -0.023000 0.000000 0.000000
13:00:31 79.300003 -53.150002 0.000000 126.839996 41.060001 132.860001 10.204000 -3.060000 4.155000 1466972.902000 453091.541000 13.269439 80.566963 0.000000 -0.043000 0.334000 -0.023000 0.000000 0.000000
13:00:31 79.300003 -53.150002 0.000000 126.839996 41.060001 132.860001 10.204000 -3.060000 4.155000 1466973.020000 453091.521000 13.269439 80.566963 0.000000 -0.043000 0.334000 -0.023000 0.000000 0.000000
13:00:31 79.300003 -53.150002 0.000000 126.839996 41.060001 132.860001 10.204000 -3.060000 4.155000 1466973.137000 453091.502000 13.269439 80.566963 0.000000 -0.043000 0.334000 -0.023000 0.000000 0.000000
13:00:31 79.300003 -53.150002 0.000000 126.839996 41.060001 132.860001 10.204000 -3.060000 4.155000 0.004000 0.004100 13.269439 80.566963 0.000000 -0.043000 0.334000 -0.023000 0.000000 0.000000
13:00:32 79.300003 -53.150002 0.000000 126.839996 40.952000 132.860001 10.061000 -3.060000 4.094000 0.004000 0.004100 13.269444 80.566963 0.000000 -0.043000 0.334000 -0.023000 0.000000 0.000000
13:00:32 79.300003 -53.150002 0.000000 126.839996 40.952000 132.860001 10.061000 -3.060000 4.094000 1466973.687000 453091.434000 13.269444 80.566963 0.000000 -0.043000 0.334000 -0.023000 0.000000 0.000000
13:00:32 79.300003 -53.150002 0.000000 126.839996 40.952000 132.860001 10.061000 -3.060000 4.094000 0.004000 0.004100 13.269444 80.566963 0.000000 -0.043000 0.334000 -0.023000 0.000000 0.000000
13:00:33 79.300003 -53.150002 0.000000 126.839996 40.853001 132.860001 9.984000 -3.060000 4.105000 1466973.922000 453091.395000 13.269449 80.566963 0.000000 -0.043000 0.334000 -0.023000 0.000000 0.000000
13:00:33 79.300003 -53.150002 0.000000 126.839996 40.765999 132.860001 9.957000 -3.060000 4.179000 1466974.485000 453091.314000 13.269453 80.566963 0.000000 -0.043000 0.334000 -0.023000 0.000000 0.000000
13:00:33 79.300003 -53.150002 0.000000 126.839996 40.765999 132.860001 9.953000 -3.060000 4.201000 1466974.602000 453091.295000 13.269455 80.566963 0.000000 -0.043000 0.334000 -0.023000 0.000000 0.000000
13:00:33 79.300003 -53.150002 0.000000 126.839996 40.765999 132.860001 9.951000 -3.060000 4.202000 1466974.719000 453091.275000 13.269456 80.566963 0.000000 -0.043000 0.334000 -0.023000 0.000000 0.000000
13:00:34 79.300003 -53.150002 0.000000 126.839996 40.765999 132.860001 9.951000 -3.060000 4.202000 1466974.928000 453091.279000 13.269457 80.566963 0.000000 -0.043000 0.334000 -0.023000 0.000000 0.000000
13:00:34 79.300003 -53.150002 0.000000 126.839996 40.765999 132.860001 9.951000 -3.060000 4.202000 1466975.045000 453091.260000 13.269457 80.566963 0.000000 -0.043000 0.334000 -0.023000 0.000000 0.000000
13:00:34 79.400002 -53.150002 0.000000 126.839996 40.765999 132.860001 9.951000 -3.060000 4.202000 0.004000 0.004100 13.269457 80.566963 0.000000 -0.043000 0.334000 -0.023000 0.000000 0.000000
13:00:34 79.400002 -53.150002 0.000000 126.839996 40.518002 132.860001 9.989000 -3.060000 4.126000 0.004000 0.004100 13.269462 80.566956 0.000000 -0.043000 0.334000 -0.023000 0.000000 0.000000
13:00:35 79.400002 -53.150002 0.000000 126.839996 40.478001 132.860001 10.006000 -3.060000 4.112000 1466975.603000 453091.192000 13.269463 80.566956 0.000000 -0.043000 0.334000 -0.023000 0.000000 0.000000
13:00:35 79.400002 -53.150002 0.000000 126.839996 40.478001 132.860001 10.006000 -3.060000 4.112000 1466975.720000 453091.172000 13.269463 80.566956 0.000000 -0.043000 0.334000 -0.023000 0.000000 0.000000
13:00:35 79.400002 -53.150002 0.000000 126.839996 40.478001 132.860001 10.006000 -3.060000 4.112000 0.004000 0.004100 13.269463 80.566956 0.000000 -0.043000 0.334000 -0.023000 0.000000 0.000000
13:00:35 79.400002 -53.150002 0.000000 126.839996 40.308998 132.860001 10.094000 -3.060000 4.201000 0.004000 0.004100 13.269467 80.566956 0.000000 -0.043000 0.334000 -0.023000 0.000000 0.000000
13:00:36 79.400002 -53.150002 0.000000 126.839996 40.264999 132.860001 10.121000 -3.060000 4.220000 1466976.250000 453091.117000 13.269468 80.566956 0.000000 -0.043000 0.334000 -0.023000 0.000000 0.000000
13:00:36 79.400002 -53.150002 0.000000 126.839996 40.264999 132.860001 10.121000 -3.060000 4.220000 1466976.368000 453091.098000 13.269468 80.566956 0.000000 -0.043000 0.334000 -0.023000 0.000000 0.000000
13:00:36 79.400002 -53.150002 0.000000 126.839996 40.264999 132.860001 10.121000 -3.060000 4.220000 0.004000 0.004100 13.269468 80.566956 0.000000 -0.043000 0.334000 -0.023000 0.000000 0.000000
13:00:36 79.400002 -53.150002 0.000000 126.839996 40.264999 132.860001 10.121000 -3.060000 4.220000 0.004000 0.004100 13.269468 80.566956 0.000000 -0.043000 0.334000 -0.023000 0.000000 0.000000
13:00:37 79.400002 -53.150002 0.000000 126.839996 40.034000 132.860001 10.280000 -3.060000 4.172000 0.004000 0.004100 13.269474 80.566956 0.000000 -0.043000 0.334000 -0.023000 0.000000 0.000000
13:00:37 79.400002 -53.150002 0.000000 126.839996 40.034000 132.860001 10.280000 -3.060000 4.172000 1466977.003000 453091.024000 13.269474 80.566956 0.000000 -0.043000 0.334000 -0.023000 0.000000 0.000000
13:00:37 79.400002 -53.150002 0.000000 126.839996 40.034000 132.860001 10.280000 -3.060000 4.172000 1466977.121000 453091.004000 13.269474 80.566956 0.000000 -0.043000 0.334000 -0.023000 0.000000 0.000000
13:00:37 79.400002 -53.150002 0.000000 126.839996 39.841000 132.860001 10.435000 -3.060000 4.118000 0.004000 0.004100 13.269479 80.566956 0.000000 -0.043000 0.334000 -0.023000 0.000000 0.000000
13:00:38 79.500000 -53.150002 0.000000 126.839996 39.792000 132.860001 10.477000 -3.060000 4.135000 1466977.496000 453090.943000 13.269480 80.566956 0.000000 -0.043000 0.334000 -0.023000 0.000000 0.000000
13:00:38 79.500000 -53.150002 0.000000 126.839996 39.792000 132.860001 10.477000 -3.060000 4.135000 1466977.603000 453090.923000 13.269480 80.566956 0.000000 -0.043000 0.334000 -0.023000 0.000000 0.000000
13:00:38 79.500000 -53.150002 0.000000 126.839996 39.792000 132.860001 10.477000 -3.060000 4.135000 0.004000 0.004000 13.269480 80.566956 0.000000 -0.043000 0.334000 -0.023000 0.000000 0.000000
13:00:38 79.500000 -53.150002 0.000000 126.839996 39.792000 132.860001 10.477000 -3.060000 4.135000 0.004000 0.004000 13.269480 80.566956 0.000000 -0.043000 0.334000 -0.023000 0.000000 0.000000
13:00:39 79.500000 -53.150002 0.000000 126.839996 39.537998 132.860001 10.712000 -3.060000 4.176000 0.004000 0.004000 13.269485 80.566956 0.000000 -0.043000 0.334000 -0.023000 0.000000 0.000000
13:00:39 79.500000 -53.150002 0.000000 126.839996 39.537998 132.860001 10.712000 -3.060000 4.176000 1466978.208000 453090.849000 13.269485 80.566956 0.000000 -0.043000 0.334000 -0.023000 0.000000 0.000000
13:00:39 79.500000 -53.150002 0.000000 126.839996 39.537998 132.860001 10.712000 -3.060000 4.176000 1466978.315000 453090.829000 13.269485 80.566956 0.000000 -0.043000 0.334000 -0.023000 0.000000 0.000000
13:00:39 79.500000 -53.150002 0.000000 126.839996 39.327999 132.860001 10.917000 -3.060000 4.105000 1466978.422000 453090.810000 13.269489 80.566956 0.000000 -0.043000 0.334000 -0.023000 0.000000 0.000000
13:00:40 79.500000 -53.150002 0.000000 126.839996 39.273998 132.860001 10.970000 -3.060000 4.083000 1466978.637000 453090.771000 13.269490 80.566956 0.000000 -0.043000 0.334000 -0.023000 0.000000 0.000000
13:00:40 79.500000 -53.150002 0.000000 126.839996 39.273998 132.860001 10.970000 -3.060000 4.083000 1466978.791000 453090.761000 13.269490 80.566956 0.000000 -0.043000 0.334000 -0.023000 0.000000 0.000000
13:00:40 79.500000 -53.150002 0.000000 126.839996 39.273998 132.860001 10.970000 -3.060000 4.083000 1466978.903000 453090.742000 13.269490 80.566956 0.000000 -0.043000 0.334000 -0.023000 0.000000 0.000000
13:00:40 79.599998 -53.150002 0.000000 126.839996 39.273998 132.860001 10.970000 -3.060000 4.083000 0.004000 0.004000 13.269490 80.566956 0.000000 -0.043000 0.334000 -0.023000 0.000000 0.000000
13:00:41 79.599998 -53.150002 0.000000 126.839996 38.993999 132.860001 11.245000 -3.060000 4.102000 0.004000 0.004000 13.269496 80.566956 0.000000 -0.043000 0.334000 -0.023000 0.000000 0.000000
13:00:41 79.599998 -53.150002 0.000000 126.839996 38.993999 132.860001 11.245000 -3.060000 4.102000 1466979.396000 453090.674000 13.269496 80.566956 0.000000 -0.043000 0.334000 -0.023000 0.000000 0.000000
13:00:41 79.599998 -53.150002 0.000000 126.839996 38.993999 132.860001 11.245000 -3.060000 4.102000 0.004000 0.004000 13.269496 80.566956 0.000000 -0.043000 0.334000 -0.023000 0.000000 0.000000
13:00:41 79.599998 -53.150002 0.000000 126.839996 38.759998 132.860001 11.459000 -3.060000 4.161000 0.004000 0.004000 13.269501 80.566956 0.000000 -0.043000 0.334000 -0.023000 0.000000 0.000000
13:00:42 79.599998 -53.150002 0.000000 126.839996 38.699001 132.860001 11.509000 -3.060000 4.173000 1466979.865000 453090.596000 13.269502 80.566956 0.000000 -0.043000 0.334000 -0.023000 0.000000 0.000000
13:00:42 79.599998 -53.150002 0.000000 126.839996 38.699001 132.860001 11.509000 -3.060000 4.173000 1466979.991000 453090.587000 13.269502 80.566956 0.000000 -0.043000 0.334000 -0.023000 0.000000 0.000000
13:00:42 79.599998 -53.150002 0.000000 126.839996 38.699001 132.860001 11.509000 -3.060000 4.173000 0.004000 0.004000 13.269502 80.566956 0.000000 -0.043000 0.334000 -0.023000 0.000000 0.000000
13:00:42 79.599998 -53.150002 0.000000 126.839996 38.451000 132.860001 11.682000 -3.060000 4.079000 0.004000 0.004000 13.269506 80.566956 0.000000 -0.043000 0.334000 -0.023000 0.000000 0.000000
13:00:43 79.599998 -53.150002 0.000000 126.839996 38.387001 132.860001 11.719000 -3.060000 4.058000 1466980.459000 453090.509000 13.269507 80.566956 0.000000 -0.043000 0.334000 -0.023000 0.000000 0.000000
13:00:43 79.599998 -53.150002 0.000000 126.839996 38.387001 132.860001 11.719000 -3.060000 4.058000 1466980.637000 453090.512000 13.269507 80.566956 0.000000 -0.043000 0.334000 -0.023000 0.000000 0.000000
13:00:43 79.599998 -53.150002 0.000000 126.839996 38.387001 132.860001 11.719000 -3.060000 4.058000 1466980.754000 453090.493000 13.269507 80.566956 0.000000 -0.043000 0.334000 -0.023000 0.000000 0.000000
13:00:43 79.599998 -53.150002 0.000000 126.839996 38.125999 132.860001 11.832000 -3.060000 4.116000 0.004000 0.004000 13.269511 80.566956 0.000000 -0.043000 0.334000 -0.023000 0.000000 0.000000
13:00:44 79.599998 -53.150002 0.000000 126.839996 38.058998 132.860001 11.852000 -3.060000 4.136000 1466981.105000 453090.434000 13.269513 80.566948 0.000000 -0.043000 0.334000 -0.023000 0.000000 0.000000
13:00:44 79.599998 -53.150002 0.000000 126.839996 38.058998 132.860001 11.852000 -3.060000 4.136000 1466981.246000 453090.425000 13.269513 80.566948 0.000000 -0.043000 0.334000 -0.023000 0.000000 0.000000
13:00:44 79.599998 -53.150002 0.000000 126.839996 38.058998 132.860001 11.852000 -3.060000 4.136000 0.004000 0.004000 13.269513 80.566948 0.000000 -0.043000 0.334000 -0.023000 0.000000 0.000000
13:00:44 79.599998 -53.150002 0.000000 126.839996 37.778999 132.860001 11.892000 -3.060000 4.143000 0.004000 0.004000 13.269518 80.566948 0.000000 -0.043000 0.334000 -0.023000 0.000000 0.000000
13:00:45 79.699997 -53.150002 0.000000 126.839996 37.707001 132.860001 11.893000 -3.060000 4.139000 1466981.715000 453090.347000 13.269519 80.566948 0.000000 -0.043000 0.334000 -0.023000 0.000000 0.000000
13:00:45 79.699997 -53.150002 0.000000 126.839996 37.707001 132.860001 11.893000 -3.060000 4.139000 1466981.938000 453090.351000 13.269519 80.566948 0.000000 -0.043000 0.334000 -0.023000 0.000000 0.000000
13:00:45 79.699997 -53.150002 0.000000 126.839996 37.707001 132.860001 11.893000 -3.060000 4.139000 1466982.056000 453090.331000 13.269519 80.566948 0.000000 -0.043000 0.334000 -0.023000 0.000000 0.000000
13:00:45 79.699997 -53.150002 0.000000 126.839996 37.707001 132.860001 11.893000 -3.060000 4.139000 0.004000 0.004000 13.269519 80.566948 0.000000 -0.043000 0.334000 -0.023000 0.000000 0.000000
13:00:46 79.699997 -53.150002 0.000000 126.839996 37.334999 132.860001 11.854000 -3.060000 4.137000 0.004000 0.004000 13.269525 80.566948 0.000000 -0.043000 0.334000 -0.023000 0.000000 0.000000
13:00:46 79.699997 -53.150002 0.000000 126.839996 37.334999 132.860001 11.854000 -3.060000 4.137000 1466982.550000 453090.263000 13.269525 80.566948 0.000000 -0.043000 0.334000 -0.023000 0.000000 0.000000
13:00:46 79.699997 -53.150002 0.000000 126.839996 37.334999 132.860001 11.854000 -3.060000 4.137000 0.004000 0.004000 13.269525 80.566948 0.000000 -0.043000 0.334000 -0.023000 0.000000 0.000000
13:00:46 79.699997 -53.150002 0.000000 126.839996 37.022999 132.860001 11.778000 -3.060000 4.157000 0.004000 0.004000 13.269529 80.566948 0.000000 -0.043000 0.334000 -0.023000 0.000000 0.000000
13:00:47 79.699997 -53.150002 0.000000 126.839996 37.022999 132.860001 11.778000 -3.060000 4.157000 1466983.019000 453090.185000 13.269530 80.566948 0.000000 -0.043000 0.334000 -0.023000 0.000000 0.000000
13:00:47 79.699997 -53.150002 0.000000 126.839996 37.022999 132.860001 11.778000 -3.060000 4.157000 1466983.245000 453090.176000 13.269530 80.566948 0.000000 -0.043000 0.334000 -0.023000 0.000000 0.000000
13:00:47 79.699997 -53.150002 0.000000 126.839996 37.022999 132.860001 11.778000 -3.060000 4.157000 0.004000 0.004000 13.269530 80.566948 0.000000 -0.043000 0.334000 -0.023000 0.000000 0.000000
13:00:47 79.800003 -53.150002 0.000000 126.839996 37.022999 132.860001 11.778000 -3.060000 4.157000 0.004000 0.004000 13.269530 80.566948 0.000000 -0.043000 0.334000 -0.023000 0.000000 0.000000
13:00:48 79.800003 -53.150002 0.000000 126.839996 36.537998 132.860001 11.624000 -3.060000 4.109000 0.004000 0.004000 13.269537 80.566948 0.000000 -0.043000 0.334000 -0.023000 0.000000 0.000000
13:00:48 79.800003 -53.150002 0.000000 126.839996 36.537998 132.860001 11.624000 -3.060000 4.109000 1466983.875000 453090.076000 13.269537 80.566948 0.000000 -0.043000 0.334000 -0.023000 0.000000 0.000000
13:00:48 79.800003 -53.150002 0.000000 126.839996 36.537998 132.860001 11.624000 -3.060000 4.109000 1466983.992000 453090.056000 13.269537 80.566948 0.000000 -0.043000 0.334000 -0.023000 0.000000 0.000000
13:00:48 79.800003 -53.150002 0.000000 126.839996 36.210999 132.860001 11.510000 -3.060000 4.128000 1466984.109000 453090.037000 13.269541 80.566948 0.000000 -0.043000 0.334000 -0.023000 0.000000 0.000000
13:00:49 79.800003 -53.150002 0.000000 126.839996 36.129002 132.860001 11.481000 -3.060000 4.113000 1466984.343000 453089.998000 13.269542 80.566948 0.000000 -0.043000 0.334000 -0.023000 0.000000 0.000000
13:00:49 79.800003 -53.150002 0.000000 126.839996 36.129002 132.860001 11.481000 -3.060000 4.113000 1466984.453000 453089.978000 13.269542 80.566948 0.000000 -0.043000 0.334000 -0.023000 0.000000 0.000000
13:00:49 79.800003 -53.150002 0.000000 126.839996 36.129002 132.860001 11.481000 -3.060000 4.113000 1466984.599000 453089.956000 13.269542 80.566948 0.000000 -0.043000 0.334000 -0.023000 0.000000 0.000000
13:00:49 79.800003 -53.150002 0.000000 126.839996 35.800999 132.860001 11.361000 -3.060000 4.054000 0.004000 0.004900 13.269547 80.566948 0.000000 -0.043000 0.334000 -0.023000 0.000000 0.000000
13:00:50 79.800003 -53.150002 0.000000 126.839996 35.800999 132.860001 11.332000 -3.060000 4.064000 1466984.921000 453089.895000 13.269547 80.566948 0.000000 -0.043000 0.334000 -0.023000 0.000000 0.000000
13:00:50 79.900002 -53.150002 0.000000 126.839996 35.800999 132.860001 11.332000 -3.060000 4.064000 1466985.029000 453089.874000 13.269547 80.566948 0.000000 -0.043000 0.334000 -0.023000 0.000000 0.000000
13:00:50 79.900002 -53.150002 0.000000 126.839996 35.800999 132.860001 11.332000 -3.060000 4.064000 0.004000 0.004900 13.269547 80.566948 0.000000 -0.043000 0.334000 -0.023000 0.000000 0.000000
13:00:50 79.900002 -53.150002 0.000000 126.839996 35.394001 132.860001 11.218000 -3.060000 4.082000 0.004000 0.004900 13.269552 80.566948 0.000000 -0.043000 0.334000 -0.023000 0.000000 0.000000
13:00:51 79.900002 -53.150002 0.000000 126.839996 35.313999 132.860001 11.189000 -3.060000 4.069000 1466985.528000 453089.788000 13.269553 80.566948 0.000000 -0.043000 0.334000 -0.023000 0.000000 0.000000
13:00:51 79.900002 -53.150002 0.000000 126.839996 35.313999 132.860001 11.189000 -3.060000 4.069000 1466985.636000 453089.766000 13.269553 80.566948 0.000000 -0.043000 0.334000 -0.023000 0.000000 0.000000
13:00:51 79.900002 -53.150002 0.000000 126.839996 35.313999 132.860001 11.189000 -3.060000 4.069000 0.004000 0.004900 13.269553 80.566948 0.000000 -0.043000 0.334000 -0.023000 0.000000 0.000000
13:00:51 79.900002 -53.150002 0.000000 126.839996 34.998001 132.860001 11.080000 -3.060000 4.015000 0.004000 0.004900 13.269557 80.566948 0.000000 -0.043000 0.334000 -0.023000 0.000000 0.000000
13:00:52 80.000000 -53.150002 0.000000 126.839996 34.998001 132.860001 11.080000 -3.060000 4.015000 1466986.127000 453089.688000 13.269558 80.566948 0.000000 -0.043000 0.334000 -0.023000 0.000000 0.000000
13:00:52 80.000000 -53.150002 0.000000 126.839996 34.998001 132.860001 11.080000 -3.060000 4.015000 1466986.234000 453089.666000 13.269558 80.566948 0.000000 -0.043000 0.334000 -0.023000 0.000000 0.000000
13:00:52 80.000000 -53.150002 0.000000 126.839996 34.998001 132.860001 11.080000 -3.060000 4.015000 1466986.404000 453089.654000 13.269558 80.566948 0.000000 -0.043000 0.334000 -0.023000 0.000000 0.000000
13:00:52 80.000000 -53.150002 0.000000 126.839996 34.610001 132.860001 10.956000 -3.060000 4.088000 0.004000 0.004900 13.269563 80.566940 0.000000 -0.043000 0.334000 -0.023000 0.000000 0.000000
13:00:53 80.000000 -53.150002 0.000000 126.839996 34.610001 132.860001 10.956000 -3.060000 4.088000 1466986.726000 453089.588000 13.269564 80.566940 0.000000 -0.043000 0.334000 -0.023000 0.000000 0.000000
13:00:53 80.000000 -53.150002 0.000000 126.839996 34.610001 132.860001 10.956000 -3.060000 4.088000 1466986.833000 453089.566000 13.269564 80.566940 0.000000 -0.043000 0.334000 -0.023000 0.000000 0.000000
13:00:53 80.000000 -53.150002 0.000000 126.839996 34.610001 132.860001 10.956000 -3.060000 4.088000 1466986.985000 453089.554000 13.269564 80.566940 0.000000 -0.043000 0.334000 -0.023000 0.000000 0.000000
13:00:53 80.099998 -53.150002 0.000000 126.839996 34.221001 132.860001 10.841000 -3.060000 4.044000 0.004000 0.004900 13.269568 80.566940 0.000000 -0.043000 0.334000 -0.023000 0.000000 0.000000
13:00:54 80.099998 -53.150002 0.000000 126.839996 34.143002 132.860001 10.819000 -3.060000 4.032000 1466987.312000 453089.488000 13.269569 80.566940 0.000000 -0.043000 0.334000 -0.023000 0.000000 0.000000
13:00:54 80.099998 -53.150002 0.000000 126.839996 34.143002 132.860001 10.819000 -3.060000 4.032000 1466987.429000 453089.466000 13.269569 80.566940 0.000000 -0.043000 0.334000 -0.023000 0.000000 0.000000
13:00:54 80.099998 -53.150002 0.000000 126.839996 34.143002 132.860001 10.819000 -3.060000 4.032000 0.004000 0.004900 13.269569 80.566940 0.000000 -0.043000 0.334000 -0.023000 0.000000 0.000000
13:00:54 80.099998 -53.150002 0.000000 126.839996 34.143002 132.860001 10.819000 -3.060000 4.032000 0.004000 0.004900 13.269569 80.566940 0.000000 -0.043000 0.334000 -0.023000 0.000000 0.000000
13:00:55 80.099998 -53.150002 0.000000 126.839996 33.743000 132.860001 10.724000 -3.060000 4.096000 0.004000 0.004900 13.269575 80.566940 0.000000 -0.043000 0.334000 -0.023000 0.000000 0.000000
13:00:55 80.099998 -53.150002 0.000000 126.839996 33.743000 132.860001 10.724000 -3.060000 4.096000 1466988.090000 453089.359000 13.269575 80.566940 0.000000 -0.043000 0.334000 -0.023000 0.000000 0.000000
13:00:55 80.099998 -53.150002 0.000000 126.839996 33.743000 132.860001 10.724000 -3.060000 4.096000 0.004000 0.004900 13.269575 80.566940 0.000000 -0.043000 0.334000 -0.023000 0.000000 0.000000
13:00:55 80.099998 -53.150002 0.000000 126.839996 33.411999 132.860001 10.662000 -3.060000 4.052000 0.004000 0.004900 13.269579 80.566940 0.000000 -0.043000 0.334000 -0.023000 0.000000 0.000000
13:00:56 80.099998 -53.150002 0.000000 126.839996 33.327000 132.860001 10.650000 -3.060000 4.023000 1466988.594000 453089.296000 13.269580 80.566940 0.000000 -0.043000 0.334000 -0.023000 0.000000 0.000000
13:00:56 80.099998 -53.150002 0.000000 126.839996 33.327000 132.860001 10.650000 -3.060000 4.023000 1466988.711000 453089.276000 13.269580 80.566940 0.000000 -0.043000 0.334000 -0.023000 0.000000 0.000000
13:00:56 80.199997 -53.150002 0.000000 126.839996 33.327000 132.860001 10.650000 -3.060000 4.023000 1466988.854000 453089.267000 13.269580 80.566940 0.000000 -0.043000 0.334000 -0.023000 0.000000 0.000000
13:00:56 80.199997 -53.150002 0.000000 126.839996 33.327000 132.860001 10.650000 -3.060000 4.023000 0.004000 0.004900 13.269580 80.566940 0.000000 -0.043000 0.334000 -0.023000 0.000000 0.000000
13:00:57 80.199997 -53.150002 0.000000 126.839996 32.894001 132.860001 10.606000 -3.060000 3.994000 0.004000 0.004900 13.269587 80.566940 0.000000 -0.043000 0.334000 -0.023000 0.000000 0.000000
13:00:57 80.300003 -53.150002 0.000000 126.839996 32.894001 132.860001 10.606000 -3.060000 3.994000 1466989.322000 453089.189000 13.269588 80.566940 0.000000 -0.043000 0.334000 -0.023000 0.000000 0.000000
13:00:57 80.300003 -53.150002 0.000000 126.839996 32.894001 132.860001 10.606000 -3.060000 3.994000 1466989.475000 453089.180000 13.269588 80.566940 0.000000 -0.043000 0.334000 -0.023000 0.000000 0.000000
13:00:57 80.300003 -53.150002 0.000000 126.839996 32.894001 132.860001 10.606000 -3.060000 3.994000 1466989.592000 453089.160000 13.269588 80.566940 0.000000 -0.043000 0.334000 -0.023000 0.000000 0.000000
13:00:57 80.300003 -53.150002 0.000000 126.839996 32.894001 132.860001 10.606000 -3.060000 3.994000 1466989.709000 453089.140000 13.269588 80.566940 0.000000 -0.043000 0.334000 -0.023000 0.000000 0.000000
13:00:58 80.300003 -53.150002 0.000000 126.839996 32.894001 132.860001 10.606000 -3.060000 3.994000 1466989.827000 453089.121000 13.269588 80.566940 0.000000 -0.043000 0.334000 -0.023000 0.000000 0.000000
13:00:58 80.300003 -53.150002 0.000000 126.839996 32.894001 132.860001 10.606000 -3.060000 3.994000 1466989.944000 453089.101000 13.269588 80.566940 0.000000 -0.043000 0.334000 -0.023000 0.000000 0.000000
13:00:58 80.300003 -53.150002 0.000000 126.839996 32.894001 132.860001 10.606000 -3.060000 3.994000 0.004000 0.004900 13.269588 80.566940 0.000000 -0.043000 0.334000 -0.023000 0.000000 0.000000
13:00:58 80.300003 -53.150002 0.000000 126.839996 32.077000 132.860001 10.595000 -3.060000 3.930000 0.004000 0.004900 13.269596 80.566940 0.000000 -0.043000 0.334000 -0.023000 0.000000 0.000000
13:00:59 80.400002 -53.150002 0.000000 126.839996 31.985001 132.860001 10.598000 -3.060000 3.917000 1466990.454000 453089.047000 13.269597 80.566940 0.000000 -0.043000 0.334000 -0.023000 0.000000 0.000000
13:00:59 80.400002 -53.150002 0.000000 126.839996 31.985001 132.860001 10.598000 -3.060000 3.917000 1466990.571000 453089.027000 13.269597 80.566940 0.000000 -0.043000 0.334000 -0.023000 0.000000 0.000000
13:00:59 80.400002 -53.150002 0.000000 126.839996 31.985001 132.860001 10.598000 -3.060000 3.917000 1466990.688000 453089.008000 13.269597 80.566940 0.000000 -0.043000 0.334000 -0.023000 0.000000 0.000000
13:00:59 80.400002 -53.150002 0.000000 126.839996 31.613001 132.860001 10.623000 -3.060000 3.978000 0.004000 0.004900 13.269602 80.566940 0.000000 -0.043000 0.334000 -0.023000 0.000000 0.000000
13:01:00 80.400002 -53.150002 0.000000 126.839996 31.518999 132.860001 10.631000 -3.060000 4.004000 1466991.083000 453088.972000 13.269603 80.566940 0.000000 -0.043000 0.334000 -0.023000 0.000000 0.000000
13:01:00 80.400002 -53.150002 0.000000 126.839996 31.518999 132.860001 10.631000 -3.060000 4.004000 1466991.200000 453088.953000 13.269603 80.566940 0.000000 -0.043000 0.334000 -0.023000 0.000000 0.000000
13:01:00 80.400002 -53.150002 0.000000 126.839996 31.518999 132.860001 10.631000 -3.060000 4.004000 0.004000 0.004800 13.269603 80.566940 0.000000 -0.043000 0.334000 -0.023000 0.000000 0.000000
13:01:00 80.500000 -53.150002 0.000000 126.839996 31.143000 132.860001 10.658000 -3.060000 4.040000 0.004000 0.004800 13.269608 80.566940 0.000000 -0.043000 0.334000 -0.023000 0.000000 0.000000
13:01:01 80.500000 -53.150002 0.000000 126.839996 31.049000 132.860001 10.663000 -3.060000 4.032000 1466991.725000 453088.883000 13.269608 80.566940 0.000000 -0.043000 0.334000 -0.023000 0.000000 0.000000
13:01:01 80.500000 -53.150002 0.000000 126.839996 31.049000 132.860001 10.663000 -3.060000 4.032000 1466991.842000 453088.861000 13.269608 80.566940 0.000000 -0.043000 0.334000 -0.023000 0.000000 0.000000
13:01:01 80.500000 -53.150002 0.000000 126.839996 31.049000 132.860001 10.663000 -3.060000 4.032000 0.004000 0.004800 13.269608 80.566940 0.000000 -0.043000 0.334000 -0.023000 0.000000 0.000000
13:01:01 80.500000 -53.150002 0.000000 126.839996 30.670000 132.860001 10.673000 -3.060000 3.953000 0.004000 0.004800 13.269613 80.566940 0.000000 -0.043000 0.334000 -0.023000 0.000000 0.000000
13:01:02 80.500000 -53.150002 0.000000 126.839996 30.573999 132.860001 10.673000 -3.060000 3.946000 1466992.369000 453088.791000 13.269614 80.566933 0.000000 -0.043000 0.334000 -0.023000 0.000000 0.000000
13:01:02 80.500000 -53.150002 0.000000 126.839996 30.573999 132.860001 10.673000 -3.060000 3.946000 1466992.486000 453088.769000 13.269614 80.566933 0.000000 -0.043000 0.334000 -0.023000 0.000000 0.000000
13:01:02 80.500000 -53.150002 0.000000 126.839996 30.573999 132.860001 10.673000 -3.060000 3.946000 0.004000 0.004800 13.269614 80.566933 0.000000 -0.043000 0.334000 -0.023000 0.000000 0.000000
13:01:02 80.500000 -53.150002 0.000000 126.839996 30.188000 132.860001 10.661000 -3.060000 4.027000 0.004000 0.004800 13.269619 80.566933 0.000000 -0.043000 0.334000 -0.023000 0.000000 0.000000
13:01:03 80.500000 -53.150002 0.000000 126.839996 30.090000 132.860001 10.656000 -3.060000 4.051000 1466993.026000 453088.704000 13.269620 80.566933 0.000000 -0.043000 0.334000 -0.023000 0.000000 0.000000
13:01:03 80.500000 -53.150002 0.000000 126.839996 30.090000 132.860001 10.656000 -3.060000 4.051000 1466993.144000 453088.682000 13.269620 80.566933 0.000000 -0.043000 0.334000 -0.023000 0.000000 0.000000
13:01:03 80.599998 -53.150002 0.000000 126.839996 30.090000 132.860001 10.656000 -3.060000 4.051000 1466993.261000 453088.660000 13.269620 80.566933 0.000000 -0.043000 0.334000 -0.023000 0.000000 0.000000
13:01:03 80.599998 -53.150002 0.000000 126.839996 30.090000 132.860001 10.656000 -3.060000 4.051000 0.004000 0.004800 13.269620 80.566933 0.000000 -0.043000 0.334000 -0.023000 0.000000 0.000000
13:01:04 80.599998 -53.150002 0.000000 126.839996 29.593000 132.860001 10.613000 -3.060000 3.996000 0.004000 0.004800 13.269627 80.566933 0.000000 -0.043000 0.334000 -0.023000 0.000000 0.000000
13:01:04 80.500000 -53.150002 0.000000 126.839996 29.593000 132.860001 10.613000 -3.060000 3.996000 1466993.797000 453088.569000 13.269627 80.566933 0.000000 -0.043000 0.334000 -0.023000 0.000000 0.000000
13:01:04 80.500000 -53.150002 0.000000 126.839996 29.593000 132.860001 10.613000 -3.060000 3.996000 1466993.914000 453088.547000 13.269627 80.566933 0.000000 -0.043000 0.334000 -0.023000 0.000000 0.000000
13:01:04 80.500000 -53.150002 0.000000 126.839996 29.188999 132.860001 10.565000 -3.060000 3.959000 0.004000 0.004800 13.269631 80.566933 0.000000 -0.043000 0.334000 -0.023000 0.000000 0.000000
13:01:05 80.500000 -53.150002 0.000000 126.839996 29.087000 132.860001 10.551000 -3.060000 3.989000 1466994.340000 453088.491000 13.269632 80.566933 0.000000 -0.043000 0.334000 -0.023000 0.000000 0.000000
13:01:05 80.500000 -53.150002 0.000000 126.839996 29.087000 132.860001 10.551000 -3.060000 3.989000 1466994.458000 453088.470000 13.269632 80.566933 0.000000 -0.043000 0.334000 -0.023000 0.000000 0.000000
13:01:05 80.500000 -53.150002 0.000000 126.839996 29.087000 132.860001 10.551000 -3.060000 3.989000 1466994.575000 453088.450000 13.269632 80.566933 0.000000 -0.043000 0.334000 -0.023000 0.000000 0.000000
13:01:05 80.500000 -53.150002 0.000000 126.839996 29.087000 132.860001 10.551000 -3.060000 3.989000 0.004000 0.004800 13.269632 80.566933 0.000000 -0.043000 0.334000 -0.023000 0.000000 0.000000
13:01:06 80.599998 -53.150002 0.000000 126.839996 28.577999 132.860001 10.469000 -3.060000 4.086000 0.004000 0.004800 13.269638 80.566933 0.000000 -0.043000 0.334000 -0.023000 0.000000 0.000000
13:01:06 80.599998 -53.150002 0.000000 126.839996 28.577999 132.860001 10.469000 -3.060000 4.086000 1466995.094000 453088.377000 13.269638 80.566933 0.000000 -0.043000 0.334000 -0.023000 0.000000 0.000000
13:01:06 80.599998 -53.150002 0.000000 126.839996 28.577999 132.860001 10.469000 -3.060000 4.086000 1466995.211000 453088.358000 13.269638 80.566933 0.000000 -0.043000 0.334000 -0.023000 0.000000 0.000000
13:01:06 80.599998 -53.150002 0.000000 126.839996 28.577999 132.860001 10.469000 -3.060000 4.086000 1466995.376000 453088.348000 13.269638 80.566933 0.000000 -0.043000 0.334000 -0.023000 0.000000 0.000000
13:01:06 80.599998 -53.150002 0.000000 126.839996 28.577999 132.860001 10.469000 -3.060000 4.086000 1466995.484000 453088.329000 13.269638 80.566933 0.000000 -0.043000 0.334000 -0.023000 0.000000 0.000000
13:01:07 80.599998 -53.150002 0.000000 126.839996 28.577999 132.860001 10.469000 -3.060000 4.086000 1466995.591000 453088.309000 13.269638 80.566933 0.000000 -0.043000 0.334000 -0.023000 0.000000 0.000000
13:01:07 80.599998 -53.150002 0.000000 126.839996 28.577999 132.860001 10.469000 -3.060000 4.086000 1466995.699000 453088.291000 13.269638 80.566933 0.000000 -0.043000 0.334000 -0.023000 0.000000 0.000000
13:01:07 80.599998 -53.150002 0.000000 126.839996 28.577999 132.860001 10.469000 -3.060000 4.086000 0.004000 0.004800 13.269638 80.566933 0.000000 -0.043000 0.334000 -0.023000 0.000000 0.000000
13:01:07 80.699997 -53.150002 0.000000 126.839996 27.674999 132.860001 10.286000 -3.060000 4.064000 0.004000 0.004800 13.269649 80.566933 0.000000 -0.043000 0.334000 -0.023000 0.000000 0.000000
13:01:08 80.699997 -53.150002 0.000000 126.839996 27.576000 132.860001 10.264000 -3.060000 4.075000 1466996.206000 453088.240000 13.269650 80.566933 0.000000 -0.043000 0.334000 -0.023000 0.000000 0.000000
13:01:08 80.699997 -53.150002 0.000000 126.839996 27.576000 132.860001 10.264000 -3.060000 4.075000 1466996.313000 453088.223000 13.269650 80.566933 0.000000 -0.043000 0.334000 -0.023000 0.000000 0.000000
13:01:08 80.699997 -53.150002 0.000000 126.839996 27.576000 132.860001 10.264000 -3.060000 4.075000 1466996.421000 453088.206000 13.269650 80.566933 0.000000 -0.043000 0.334000 -0.023000 0.000000 0.000000
13:01:08 80.599998 -53.150002 0.000000 126.839996 27.576000 132.860001 10.264000 -3.060000 4.075000 1466996.612000 453088.200000 13.269650 80.566933 0.000000 -0.043000 0.334000 -0.023000 0.000000 0.000000
13:01:08 80.599998 -53.150002 0.000000 126.839996 27.576000 132.860001 10.264000 -3.060000 4.075000 1466996.720000 453088.182000 13.269650 80.566933 0.000000 -0.043000 0.334000 -0.023000 0.000000 0.000000
13:01:09 80.599998 -53.150002 0.000000 126.839996 27.576000 132.860001 10.264000 -3.060000 4.075000 1466996.827000 453088.165000 13.269650 80.566933 0.000000 -0.043000 0.334000 -0.023000 0.000000 0.000000
13:01:09 80.599998 -53.150002 0.000000 126.839996 27.576000 132.860001 10.264000 -3.060000 4.075000 1466996.937000 453088.148000 13.269650 80.566933 0.000000 -0.043000 0.334000 -0.023000 0.000000 0.000000
13:01:09 80.599998 -53.150002 0.000000 126.839996 27.576000 132.860001 10.264000 -3.060000 4.075000 0.004000 0.004800 13.269650 80.566933 0.000000 -0.043000 0.334000 -0.023000 0.000000 0.000000
13:01:09 80.599998 -53.150002 0.000000 126.839996 26.709999 132.860001 10.035000 -3.060000 4.023000 0.004000 0.004800 13.269659 80.566933 0.000000 -0.043000 0.334000 -0.023000 0.000000 0.000000
13:01:10 80.599998 -53.150002 0.000000 126.839996 26.615999 132.860001 10.007000 -3.060000 4.029000 1466997.459000 453088.104000 13.269660 80.566933 0.000000 -0.043000 0.334000 -0.023000 0.000000 0.000000
13:01:10 80.599998 -53.150002 0.000000 126.839996 26.615999 132.860001 10.007000 -3.060000 4.029000 1466997.577000 453088.088000 13.269660 80.566933 0.000000 -0.043000 0.334000 -0.023000 0.000000 0.000000
13:01:10 80.599998 -53.150002 0.000000 126.839996 26.615999 132.860001 10.007000 -3.060000 4.029000 0.004000 0.004800 13.269660 80.566933 0.000000 -0.043000 0.334000 -0.023000 0.000000 0.000000
13:01:10 80.599998 -53.150002 0.000000 126.839996 26.245001 132.860001 9.895000 -3.060000 4.025000 0.004000 0.004800 13.269665 80.566933 0.000000 -0.043000 0.334000 -0.023000 0.000000 0.000000
13:01:11 80.599998 -53.150002 0.000000 126.839996 26.245001 132.860001 9.895000 -3.060000 4.025000 1466998.078000 453088.059000 13.269667 80.566933 0.000000 -0.043000 0.334000 -0.023000 0.000000 0.000000
13:01:11 80.599998 -53.150002 0.000000 126.839996 26.245001 132.860001 9.895000 -3.060000 4.025000 1466998.195000 453088.045000 13.269668 80.566933 0.000000 -0.043000 0.334000 -0.023000 0.000000 0.000000
13:01:11 80.599998 -53.150002 0.000000 126.839996 26.245001 132.860001 9.895000 -3.060000 4.025000 1466998.312000 453088.030000 13.269668 80.566933 0.000000 -0.043000 0.334000 -0.023000 0.000000 0.000000
13:01:11 80.599998 -53.150002 0.000000 126.839996 26.245001 132.860001 9.895000 -3.060000 4.025000 1466998.430000 453088.015000 13.269668 80.566933 0.000000 -0.043000 0.334000 -0.023000 0.000000 0.000000
13:01:11 80.599998 -53.150002 0.000000 126.839996 26.245001 132.860001 9.895000 -3.060000 4.025000 1466998.593000 453088.025000 13.269668 80.566933 0.000000 -0.043000 0.334000 -0.023000 0.000000 0.000000
13:01:12 80.599998 -53.150002 0.000000 126.839996 26.245001 132.860001 9.895000 -3.060000 4.025000 1466998.710000 453088.010000 13.269668 80.566933 0.000000 -0.043000 0.334000 -0.023000 0.000000 0.000000
13:01:12 80.599998 -53.150002 0.000000 126.839996 26.245001 132.860001 9.895000 -3.060000 4.025000 1466998.828000 453087.995000 13.269668 80.566933 0.000000 -0.043000 0.334000 -0.023000 0.000000 0.000000
13:01:12 80.599998 -53.150002 0.000000 126.839996 26.245001 132.860001 9.895000 -3.060000 4.025000 1466998.945000 453087.981000 13.269668 80.566933 0.000000 -0.043000 0.334000 -0.023000 0.000000 0.000000
13:01:12 80.599998 -53.150002 0.000000 126.839996 26.245001 132.860001 9.895000 -3.060000 4.025000 0.004000 0.004700 13.269668 80.566933 0.000000 -0.043000 0.334000 -0.023000 0.000000 0.000000
13:01:13 80.599998 -53.150002 0.000000 126.839996 25.233999 132.860001 9.610000 -3.060000 4.065000 0.004000 0.004700 13.269678 80.566933 0.000000 -0.043000 0.334000 -0.023000 0.000000 0.000000
13:01:13 80.599998 -53.150002 0.000000 126.839996 25.233999 132.860001 9.610000 -3.060000 4.065000 1466999.469000 453087.953000 13.269679 80.566925 0.000000 -0.043000 0.334000 -0.023000 0.000000 0.000000
13:01:13 80.599998 -53.150002 0.000000 126.839996 25.233999 132.860001 9.610000 -3.060000 4.065000 1466999.586000 453087.936000 13.269679 80.566925 0.000000 -0.043000 0.334000 -0.023000 0.000000 0.000000
13:01:13 80.599998 -53.150002 0.000000 126.839996 25.233999 132.860001 9.610000 -3.060000 4.065000 1466999.704000 453087.919000 13.269679 80.566925 0.000000 -0.043000 0.334000 -0.023000 0.000000 0.000000
13:01:13 80.599998 -53.150002 0.000000 126.839996 25.233999 132.860001 9.610000 -3.060000 4.065000 1466999.881000 453087.938000 13.269679 80.566925 0.000000 -0.043000 0.334000 -0.023000 0.000000 0.000000
13:01:14 80.599998 -53.150002 0.000000 126.839996 25.233999 132.860001 9.610000 -3.060000 4.065000 1466999.998000 453087.921000 13.269679 80.566925 0.000000 -0.043000 0.334000 -0.023000 0.000000 0.000000
13:01:14 80.599998 -53.150002 0.000000 126.839996 25.233999 132.860001 9.610000 -3.060000 4.065000 1467000.115000 453087.904000 13.269679 80.566925 0.000000 -0.043000 0.334000 -0.023000 0.000000 0.000000
13:01:14 80.599998 -53.150002 0.000000 126.839996 25.233999 132.860001 9.610000 -3.060000 4.065000 1467000.232000 453087.887000 13.269679 80.566925 0.000000 -0.043000 0.334000 -0.023000 0.000000 0.000000
13:01:14 80.599998 -53.150002 0.000000 126.839996 24.410999 132.860001 9.440000 -3.060000 4.084000 0.004000 0.004700 13.269689 80.566925 0.000000 -0.043000 0.334000 -0.023000 0.000000 0.000000
13:01:15 80.599998 -53.150002 0.000000 126.839996 24.319000 132.860001 9.429000 -3.060000 4.099000 1467000.663000 453087.872000 13.269690 80.566925 0.000000 -0.043000 0.334000 -0.023000 0.000000 0.000000
13:01:15 80.599998 -53.150002 0.000000 126.839996 24.319000 132.860001 9.429000 -3.060000 4.099000 1467000.780000 453087.855000 13.269691 80.566925 0.000000 -0.043000 0.334000 -0.023000 0.000000 0.000000
13:01:15 80.599998 -53.150002 0.000000 126.839996 24.319000 132.860001 9.429000 -3.060000 4.099000 1467000.897000 453087.838000 13.269691 80.566925 0.000000 -0.043000 0.334000 -0.023000 0.000000 0.000000
13:01:15 80.500000 -53.150002 0.000000 126.839996 24.319000 132.860001 9.429000 -3.060000 4.099000 1467001.015000 453087.821000 13.269691 80.566925 0.000000 -0.043000 0.334000 -0.023000 0.000000 0.000000
13:01:15 80.500000 -53.150002 0.000000 126.839996 24.319000 132.860001 9.429000 -3.060000 4.099000 1467001.216000 453087.841000 13.269691 80.566925 0.000000 -0.043000 0.334000 -0.023000 0.000000 0.000000
13:01:16 80.500000 -53.150002 0.000000 126.839996 24.319000 132.860001 9.429000 -3.060000 4.099000 1467001.333000 453087.824000 13.269691 80.566925 0.000000 -0.043000 0.334000 -0.023000 0.000000 0.000000
13:01:16 80.500000 -53.150002 0.000000 126.839996 24.319000 132.860001 9.429000 -3.060000 4.099000 1467001.451000 453087.807000 13.269691 80.566925 0.000000 -0.043000 0.334000 -0.023000 0.000000 0.000000
13:01:16 80.500000 -53.150002 0.000000 126.839996 24.319000 132.860001 9.429000 -3.060000 4.099000 1467001.568000 453087.790000 13.269691 80.566925 0.000000 -0.043000 0.334000 -0.023000 0.000000 0.000000
13:01:16 80.500000 -53.150002 0.000000 126.839996 23.493000 132.860001 9.402000 -3.060000 4.103000 0.004000 0.004700 13.269700 80.566925 0.000000 -0.043000 0.334000 -0.023000 0.000000 0.000000
13:01:17 80.500000 -53.150002 0.000000 126.839996 23.400999 132.860001 9.410000 -3.060000 4.109000 1467002.005000 453087.762000 13.269702 80.566925 0.000000 -0.043000 0.334000 -0.023000 0.000000 0.000000
13:01:17 80.500000 -53.150002 0.000000 126.839996 23.400999 132.860001 9.410000 -3.060000 4.109000 1467002.122000 453087.745000 13.269702 80.566925 0.000000 -0.043000 0.334000 -0.023000 0.000000 0.000000
13:01:17 80.500000 -53.150002 0.000000 126.839996 23.400999 132.860001 9.410000 -3.060000 4.109000 1467002.239000 453087.728000 13.269702 80.566925 0.000000 -0.043000 0.334000 -0.023000 0.000000 0.000000
13:01:17 80.500000 -53.150002 0.000000 126.839996 23.400999 132.860001 9.410000 -3.060000 4.109000 1467002.356000 453087.711000 13.269702 80.566925 0.000000 -0.043000 0.334000 -0.023000 0.000000 0.000000
13:01:17 80.500000 -53.150002 0.000000 126.839996 23.400999 132.860001 9.410000 -3.060000 4.109000 1467002.556000 453087.730000 13.269702 80.566925 0.000000 -0.043000 0.334000 -0.023000 0.000000 0.000000
13:01:18 80.500000 -53.150002 0.000000 126.839996 23.400999 132.860001 9.410000 -3.060000 4.109000 1467002.673000 453087.713000 13.269702 80.566925 0.000000 -0.043000 0.334000 -0.023000 0.000000 0.000000
13:01:18 80.500000 -53.150002 0.000000 126.839996 23.400999 132.860001 9.410000 -3.060000 4.109000 1467002.791000 453087.696000 13.269702 80.566925 0.000000 -0.043000 0.334000 -0.023000 0.000000 0.000000
13:01:18 80.500000 -53.150002 0.000000 126.839996 23.400999 132.860001 9.410000 -3.060000 4.109000 0.004000 0.004700 13.269702 80.566925 0.000000 -0.043000 0.334000 -0.023000 0.000000 0.000000
13:01:18 80.500000 -53.150002 0.000000 126.839996 22.570000 132.860001 9.547000 -3.060000 4.179000 0.004000 0.004700 13.269712 80.566925 0.000000 -0.043000 0.334000 -0.023000 0.000000 0.000000
13:01:19 80.500000 -53.150002 0.000000 126.839996 22.476000 132.860001 9.567000 -3.060000 4.192000 1467003.351000 453087.652000 13.269713 80.566925 0.000000 -0.043000 0.334000 -0.023000 0.000000 0.000000
13:01:19 80.500000 -53.150002 0.000000 126.839996 22.476000 132.860001 9.567000 -3.060000 4.192000 1467003.468000 453087.635000 13.269713 80.566925 0.000000 -0.043000 0.334000 -0.023000 0.000000 0.000000
13:01:19 80.500000 -53.150002 0.000000 126.839996 22.476000 132.860001 9.567000 -3.060000 4.192000 0.004000 0.004700 13.269713 80.566925 0.000000 -0.043000 0.334000 -0.023000 0.000000 0.000000
13:01:19 80.400002 -53.150002 0.000000 126.839996 22.097000 132.860001 9.650000 -3.060000 4.137000 0.004000 0.004700 13.269719 80.566925 0.000000 -0.043000 0.334000 -0.023000 0.000000 0.000000
13:01:20 80.400002 -53.150002 0.000000 126.839996 22.000000 132.860001 9.670000 -3.060000 4.122000 1467004.020000 453087.577000 13.269720 80.566925 0.000000 -0.043000 0.334000 -0.023000 0.000000 0.000000
13:01:20 80.400002 -53.150002 0.000000 126.839996 22.000000 132.860001 9.670000 -3.060000 4.122000 1467004.138000 453087.560000 13.269720 80.566925 0.000000 -0.043000 0.334000 -0.023000 0.000000 0.000000
13:01:20 80.400002 -53.150002 0.000000 126.839996 22.000000 132.860001 9.670000 -3.060000 4.122000 1467004.255000 453087.543000 13.269720 80.566925 0.000000 -0.043000 0.334000 -0.023000 0.000000 0.000000
13:01:20 80.400002 -53.150002 0.000000 126.839996 22.000000 132.860001 9.670000 -3.060000 4.122000 1467004.372000 453087.526000 13.269720 80.566925 0.000000 -0.043000 0.334000 -0.023000 0.000000 0.000000
13:01:20 80.400002 -53.150002 0.000000 126.839996 22.000000 132.860001 9.670000 -3.060000 4.122000 1467004.489000 453087.509000 13.269720 80.566925 0.000000 -0.043000 0.334000 -0.023000 0.000000 0.000000
13:01:21 80.400002 -53.150002 0.000000 126.839996 22.000000 132.860001 9.670000 -3.060000 4.122000 1467004.693000 453087.515000 13.269720 80.566925 0.000000 -0.043000 0.334000 -0.023000 0.000000 0.000000
13:01:21 80.400002 -53.150002 0.000000 126.839996 22.000000 132.860001 9.670000 -3.060000 4.122000 0.004000 0.004700 13.269720 80.566925 0.000000 -0.043000 0.334000 -0.023000 0.000000 0.000000
13:01:21 80.400002 -53.150002 0.000000 126.839996 22.000000 132.860001 9.670000 -3.060000 4.122000 0.004000 0.004700 13.269720 80.566925 0.000000 -0.043000 0.334000 -0.023000 0.000000 0.000000
13:01:21 80.300003 -53.150002 0.000000 126.839996 22.000000 132.860001 9.670000 -3.060000 4.122000 0.004000 0.004700 13.269720 80.566925 0.000000 -0.043000 0.334000 -0.023000 0.000000 0.000000
13:01:22 80.300003 -53.150002 0.000000 126.839996 21.014000 132.860001 9.846000 -3.060000 4.149000 0.004000 0.004700 13.269732 80.566925 0.000000 -0.043000 0.334000 -0.023000 0.000000 0.000000
13:01:22 80.300003 -53.150002 0.000000 126.839996 21.014000 132.860001 9.846000 -3.060000 4.149000 1467005.461000 453087.438000 13.269733 80.566925 0.000000 -0.043000 0.334000 -0.023000 0.000000 0.000000
13:01:22 80.300003 -53.150002 0.000000 126.839996 21.014000 132.860001 9.846000 -3.060000 4.149000 1467005.578000 453087.424000 13.269733 80.566925 0.000000 -0.043000 0.334000 -0.023000 0.000000 0.000000
13:01:22 80.300003 -53.150002 0.000000 126.839996 21.014000 132.860001 9.846000 -3.060000 4.149000 1467005.695000 453087.409000 13.269733 80.566925 0.000000 -0.043000 0.334000 -0.023000 0.000000 0.000000
13:01:22 80.300003 -53.150002 0.000000 126.839996 21.014000 132.860001 9.846000 -3.060000 4.149000 1467005.812000 453087.394000 13.269733 80.566925 0.000000 -0.043000 0.334000 -0.023000 0.000000 0.000000
13:01:23 80.300003 -53.150002 0.000000 126.839996 21.014000 132.860001 9.846000 -3.060000 4.149000 1467005.990000 453087.406000 13.269733 80.566925 0.000000 -0.043000 0.334000 -0.023000 0.000000 0.000000
13:01:23 80.300003 -53.150002 0.000000 126.839996 21.014000 132.860001 9.846000 -3.060000 4.149000 0.004000 0.004700 13.269733 80.566925 0.000000 -0.043000 0.334000 -0.023000 0.000000 0.000000
13:01:23 80.199997 -53.150002 0.000000 126.839996 21.014000 132.860001 9.846000 -3.060000 4.149000 0.004000 0.004700 13.269733 80.566925 0.000000 -0.043000 0.334000 -0.023000 0.000000 0.000000
13:01:23 80.199997 -53.150002 0.000000 126.839996 20.084999 132.860001 10.017000 -3.060000 4.204000 0.004000 0.004700 13.269742 80.566925 0.000000 -0.043000 0.334000 -0.023000 0.000000 0.000000
13:01:24 80.199997 -53.150002 0.000000 126.839996 19.979000 132.860001 10.038000 -3.060000 4.230000 1467006.631000 453087.357000 13.269743 80.566925 0.000000 -0.043000 0.334000 -0.023000 0.000000 0.000000
13:01:24 80.199997 -53.150002 0.000000 126.839996 19.979000 132.860001 10.038000 -3.060000 4.230000 1467006.748000 453087.343000 13.269743 80.566925 0.000000 -0.043000 0.334000 -0.023000 0.000000 0.000000
13:01:24 80.199997 -53.150002 0.000000 126.839996 19.979000 132.860001 10.038000 -3.060000 4.230000 1467006.865000 453087.328000 13.269743 80.566925 0.000000 -0.043000 0.334000 -0.023000 0.000000 0.000000
13:01:24 80.199997 -53.150002 0.000000 126.839996 19.979000 132.860001 10.038000 -3.060000 4.230000 1467006.982000 453087.313000 13.269743 80.566925 0.000000 -0.043000 0.334000 -0.023000 0.000000 0.000000
13:01:24 80.199997 -53.150002 0.000000 126.839996 19.979000 132.860001 10.038000 -3.060000 4.230000 1467007.100000 453087.299000 13.269743 80.566925 0.000000 -0.043000 0.334000 -0.023000 0.000000 0.000000
13:01:25 80.199997 -53.150002 0.000000 126.839996 19.979000 132.860001 10.038000 -3.060000 4.230000 1467007.267000 453087.321000 13.269743 80.566925 0.000000 -0.043000 0.334000 -0.023000 0.000000 0.000000
13:01:25 80.199997 -53.150002 0.000000 126.839996 19.979000 132.860001 10.038000 -3.060000 4.230000 1467007.384000 453087.306000 13.269743 80.566925 0.000000 -0.043000 0.334000 -0.023000 0.000000 0.000000
13:01:25 80.199997 -53.150002 0.000000 126.839996 19.979000 132.860001 10.038000 -3.060000 4.230000 1467007.501000 453087.292000 13.269743 80.566925 0.000000 -0.043000 0.334000 -0.023000 0.000000 0.000000
13:01:25 80.199997 -53.150002 0.000000 126.839996 18.989000 132.860001 10.185000 -3.060000 4.057000 0.004000 0.004700 13.269753 80.566925 0.000000 -0.043000 0.334000 -0.023000 0.000000 0.000000
13:01:26 80.199997 -53.150002 0.000000 126.839996 18.875999 132.860001 10.197000 -3.060000 4.067000 1467007.900000 453087.285000 13.269754 80.566925 0.000000 -0.043000 0.334000 -0.023000 0.000000 0.000000
13:01:26 80.199997 -53.150002 0.000000 126.839996 18.875999 132.860001 10.197000 -3.060000 4.067000 1467008.017000 453087.270000 13.269754 80.566925 0.000000 -0.043000 0.334000 -0.023000 0.000000 0.000000
13:01:26 80.199997 -53.150002 0.000000 126.839996 18.875999 132.860001 10.197000 -3.060000 4.067000 1467008.134000 453087.256000 13.269754 80.566925 0.000000 -0.043000 0.334000 -0.023000 0.000000 0.000000
13:01:26 80.199997 -53.150002 0.000000 126.839996 18.875999 132.860001 10.197000 -3.060000 4.067000 1467008.251000 453087.241000 13.269754 80.566925 0.000000 -0.043000 0.334000 -0.023000 0.000000 0.000000
13:01:26 80.099998 -53.150002 0.000000 126.839996 18.875999 132.860001 10.197000 -3.060000 4.067000 1467008.369000 453087.226000 13.269754 80.566925 0.000000 -0.043000 0.334000 -0.023000 0.000000 0.000000
13:01:27 80.099998 -53.150002 0.000000 126.839996 18.875999 132.860001 10.197000 -3.060000 4.067000 1467008.533000 453087.262000 13.269754 80.566925 0.000000 -0.043000 0.334000 -0.023000 0.000000 0.000000
13:01:27 80.099998 -53.150002 0.000000 126.839996 18.875999 132.860001 10.197000 -3.060000 4.067000 1467008.650000 453087.247000 13.269754 80.566925 0.000000 -0.043000 0.334000 -0.023000 0.000000 0.000000
13:01:27 80.099998 -53.150002 0.000000 126.839996 18.875999 132.860001 10.197000 -3.060000 4.067000 1467008.767000 453087.232000 13.269754 80.566925 0.000000 -0.043000 0.334000 -0.023000 0.000000 0.000000
13:01:27 80.099998 -53.150002 0.000000 126.839996 17.829000 132.860001 10.238000 -3.060000 4.118000 0.004000 0.004700 13.269765 80.566925 0.000000 -0.043000 0.334000 -0.023000 0.000000 0.000000
13:01:28 80.099998 -53.150002 0.000000 126.839996 17.708000 132.860001 10.235000 -3.060000 4.073000 1467009.165000 453087.213000 13.269766 80.566925 0.000000 -0.043000 0.334000 -0.023000 0.000000 0.000000
13:01:28 80.099998 -53.150002 0.000000 126.839996 17.708000 132.860001 10.235000 -3.060000 4.073000 1467009.282000 453087.198000 13.269766 80.566925 0.000000 -0.043000 0.334000 -0.023000 0.000000 0.000000
13:01:28 80.099998 -53.150002 0.000000 126.839996 17.708000 132.860001 10.235000 -3.060000 4.073000 1467009.399000 453087.183000 13.269766 80.566925 0.000000 -0.043000 0.334000 -0.023000 0.000000 0.000000
13:01:28 79.900002 -53.150002 0.000000 126.839996 17.222000 132.860001 10.218000 -3.060000 4.115000 0.004000 0.004700 13.269771 80.566917 0.000000 -0.043000 0.334000 -0.023000 0.000000 0.000000
13:01:29 79.900002 -53.150002 0.000000 126.839996 17.222000 132.860001 10.218000 -3.060000 4.115000 1467009.834000 453087.189000 13.269773 80.566925 0.000000 -0.043000 0.334000 -0.023000 0.000000 0.000000
13:01:29 79.900002 -53.150002 0.000000 126.839996 17.222000 132.860001 10.218000 -3.060000 4.115000 1467009.951000 453087.172000 13.269773 80.566917 0.000000 -0.043000 0.334000 -0.023000 0.000000 0.000000
13:01:29 79.900002 -53.150002 0.000000 126.839996 17.222000 132.860001 10.218000 -3.060000 4.115000 1467010.068000 453087.155000 13.269773 80.566917 0.000000 -0.043000 0.334000 -0.023000 0.000000 0.000000
13:01:29 79.900002 -53.150002 0.000000 126.839996 17.222000 132.860001 10.218000 -3.060000 4.115000 1467010.186000 453087.138000 13.269773 80.566917 0.000000 -0.043000 0.334000 -0.023000 0.000000 0.000000
13:01:29 79.900002 -53.150002 0.000000 126.839996 17.222000 132.860001 10.218000 -3.060000 4.115000 1467010.303000 453087.121000 13.269773 80.566917 0.000000 -0.043000 0.334000 -0.023000 0.000000 0.000000
13:01:30 79.900002 -53.150002 0.000000 126.839996 17.222000 132.860001 10.218000 -3.060000 4.115000 1467010.420000 453087.104000 13.269773 80.566917 0.000000 -0.043000 0.334000 -0.023000 0.000000 0.000000
13:01:30 79.900002 -53.150002 0.000000 126.839996 17.222000 132.860001 10.218000 -3.060000 4.115000 1467010.555000 453087.098000 13.269773 80.566917 0.000000 -0.043000 0.334000 -0.023000 0.000000 0.000000
13:01:30 79.900002 -53.150002 0.000000 126.839996 17.222000 132.860001 10.218000 -3.060000 4.115000 1467010.672000 453087.081000 13.269773 80.566917 0.000000 -0.043000 0.334000 -0.023000 0.000000 0.000000
13:01:30 79.900002 -53.150002 0.000000 126.839996 15.951000 132.860001 10.218000 -3.060000 4.170000 0.004000 0.004700 13.269783 80.566917 0.000000 -0.043000 0.334000 -0.023000 0.000000 0.000000
13:01:31 79.900002 -53.150002 0.000000 126.839996 15.819000 132.860001 10.227000 -3.060000 4.171000 1467011.023000 453087.029000 13.269784 80.566917 0.000000 -0.043000 0.334000 -0.023000 0.000000 0.000000
13:01:31 79.900002 -53.150002 0.000000 126.839996 15.819000 132.860001 10.227000 -3.060000 4.171000 1467011.246000 453087.062000 13.269784 80.566917 0.000000 -0.043000 0.334000 -0.023000 0.000000 0.000000
13:01:31 79.900002 -53.150002 0.000000 126.839996 15.819000 132.860001 10.227000 -3.060000 4.171000 0.004000 0.004700 13.269784 80.566917 0.000000 -0.043000 0.334000 -0.023000 0.000000 0.000000
13:01:31 79.900002 -53.150002 0.000000 126.839996 15.282000 132.860001 10.285000 -3.060000 4.267000 0.004000 0.004700 13.269789 80.566917 0.000000 -0.043000 0.334000 -0.023000 0.000000 0.000000
13:01:32 79.800003 -53.150002 0.000000 126.839996 15.146000 132.860001 10.304000 -3.060000 4.299000 1467011.714000 453086.993000 13.269790 80.566917 0.000000 -0.043000 0.334000 -0.023000 0.000000 0.000000
13:01:32 79.800003 -53.150002 0.000000 126.839996 15.146000 132.860001 10.304000 -3.060000 4.299000 1467011.861000 453086.974000 13.269790 80.566917 0.000000 -0.043000 0.334000 -0.023000 0.000000 0.000000
13:01:32 79.800003 -53.150002 0.000000 126.839996 15.146000 132.860001 10.304000 -3.060000 4.299000 1467011.978000 453086.957000 13.269790 80.566917 0.000000 -0.043000 0.334000 -0.023000 0.000000 0.000000
13:01:32 79.800003 -53.150002 0.000000 126.839996 15.146000 132.860001 10.304000 -3.060000 4.299000 1467012.095000 453086.940000 13.269790 80.566917 0.000000 -0.043000 0.334000 -0.023000 0.000000 0.000000
13:01:32 79.900002 -53.150002 0.000000 126.839996 15.146000 132.860001 10.304000 -3.060000 4.299000 1467012.212000 453086.923000 13.269790 80.566917 0.000000 -0.043000 0.334000 -0.023000 0.000000 0.000000
13:01:33 79.900002 -53.150002 0.000000 126.839996 15.146000 132.860001 10.304000 -3.060000 4.299000 1467012.330000 453086.906000 13.269790 80.566917 0.000000 -0.043000 0.334000 -0.023000 0.000000 0.000000
13:01:33 79.900002 -53.150002 0.000000 126.839996 15.146000 132.860001 10.304000 -3.060000 4.299000 1467012.584000 453086.926000 13.269790 80.566917 0.000000 -0.043000 0.334000 -0.023000 0.000000 0.000000
13:01:33 79.900002 -53.150002 0.000000 126.839996 15.146000 132.860001 10.304000 -3.060000 4.299000 0.004000 0.004600 13.269790 80.566917 0.000000 -0.043000 0.334000 -0.023000 0.000000 0.000000
13:01:33 79.800003 -53.150002 0.000000 126.839996 13.867000 132.860001 10.501000 -3.060000 4.238000 0.004000 0.004600 13.269800 80.566917 0.000000 -0.043000 0.334000 -0.023000 0.000000 0.000000
13:01:34 79.800003 -53.150002 0.000000 126.839996 13.719000 132.860001 10.522000 -3.060000 4.248000 1467013.053000 453086.857000 13.269802 80.566917 0.000000 -0.043000 0.334000 -0.023000 0.000000 0.000000
13:01:34 79.800003 -53.150002 0.000000 126.839996 13.719000 132.860001 10.522000 -3.060000 4.248000 1467013.206000 453086.838000 13.269802 80.566917 0.000000 -0.043000 0.334000 -0.023000 0.000000 0.000000
13:01:34 79.800003 -53.150002 0.000000 126.839996 13.719000 132.860001 10.522000 -3.060000 4.248000 1467013.323000 453086.821000 13.269802 80.566917 0.000000 -0.043000 0.334000 -0.023000 0.000000 0.000000
13:01:34 79.699997 -53.150002 0.000000 126.839996 13.719000 132.860001 10.522000 -3.060000 4.248000 1467013.440000 453086.804000 13.269802 80.566917 0.000000 -0.043000 0.334000 -0.023000 0.000000 0.000000
13:01:34 79.699997 -53.150002 0.000000 126.839996 13.719000 132.860001 10.522000 -3.060000 4.248000 1467013.558000 453086.787000 13.269802 80.566917 0.000000 -0.043000 0.334000 -0.023000 0.000000 0.000000
13:01:35 79.699997 -53.150002 0.000000 126.839996 13.719000 132.860001 10.522000 -3.060000 4.248000 1467013.675000 453086.770000 13.269802 80.566917 0.000000 -0.043000 0.334000 -0.023000 0.000000 0.000000
13:01:35 79.699997 -53.150002 0.000000 126.839996 13.719000 132.860001 10.522000 -3.060000 4.248000 0.004000 0.004600 13.269802 80.566917 0.000000 -0.043000 0.334000 -0.023000 0.000000 0.000000
13:01:35 79.699997 -53.150002 0.000000 126.839996 13.719000 132.860001 10.522000 -3.060000 4.248000 0.004000 0.004600 13.269802 80.566917 0.000000 -0.043000 0.334000 -0.023000 0.000000 0.000000
13:01:35 79.699997 -53.150002 0.000000 126.839996 12.314000 132.860001 10.693000 -3.060000 4.306000 0.004000 0.004600 13.269813 80.566917 0.000000 -0.043000 0.334000 -0.023000 0.000000 0.000000
13:01:36 79.699997 -53.150002 0.000000 126.839996 12.152000 132.860001 10.711000 -3.060000 4.304000 1467014.354000 453086.695000 13.269814 80.566917 0.000000 -0.043000 0.334000 -0.023000 0.000000 0.000000
13:01:36 79.699997 -53.150002 0.000000 126.839996 12.152000 132.860001 10.711000 -3.060000 4.304000 1467014.550000 453086.702000 13.269814 80.566917 0.000000 -0.043000 0.334000 -0.023000 0.000000 0.000000
13:01:36 79.699997 -53.150002 0.000000 126.839996 12.152000 132.860001 10.711000 -3.060000 4.304000 1467014.667000 453086.685000 13.269814 80.566917 0.000000 -0.043000 0.334000 -0.023000 0.000000 0.000000
13:01:36 79.699997 -53.150002 0.000000 126.839996 12.152000 132.860001 10.711000 -3.060000 4.304000 1467014.784000 453086.668000 13.269814 80.566917 0.000000 -0.043000 0.334000 -0.023000 0.000000 0.000000
13:01:36 79.699997 -53.150002 0.000000 126.839996 12.152000 132.860001 10.711000 -3.060000 4.304000 1467014.901000 453086.651000 13.269814 80.566917 0.000000 -0.043000 0.334000 -0.023000 0.000000 0.000000
13:01:37 79.699997 -53.150002 0.000000 126.839996 12.152000 132.860001 10.711000 -3.060000 4.304000 1467015.019000 453086.633000 13.269814 80.566917 0.000000 -0.043000 0.334000 -0.023000 0.000000 0.000000
13:01:37 79.699997 -53.150002 0.000000 126.839996 12.152000 132.860001 10.711000 -3.060000 4.304000 1467015.195000 453086.640000 13.269814 80.566917 0.000000 -0.043000 0.334000 -0.023000 0.000000 0.000000
13:01:37 79.699997 -53.150002 0.000000 126.839996 10.835000 132.860001 10.850000 -3.060000 4.314000 0.004000 0.004600 13.269823 80.566917 0.000000 -0.043000 0.334000 -0.023000 0.000000 0.000000
13:01:37 79.699997 -53.150002 0.000000 126.839996 10.835000 132.860001 10.850000 -3.060000 4.314000 1467015.526000 453086.596000 13.269824 80.566917 0.000000 -0.043000 0.334000 -0.023000 0.000000 0.000000
13:01:38 79.699997 -53.150002 0.000000 126.839996 10.835000 132.860001 10.850000 -3.060000 4.314000 1467015.633000 453086.582000 13.269826 80.566917 0.000000 -0.043000 0.334000 -0.023000 0.000000 0.000000
13:01:38 79.699997 -53.150002 0.000000 126.839996 10.835000 132.860001 10.850000 -3.060000 4.314000 1467015.845000 453086.604000 13.269827 80.566917 0.000000 -0.043000 0.334000 -0.023000 0.000000 0.000000
13:01:38 79.699997 -53.150002 0.000000 126.839996 10.835000 132.860001 10.850000 -3.060000 4.314000 1467015.952000 453086.590000 13.269827 80.566917 0.000000 -0.043000 0.334000 -0.023000 0.000000 0.000000
13:01:38 79.699997 -53.150002 0.000000 126.839996 10.835000 132.860001 10.850000 -3.060000 4.314000 1467016.060000 453086.575000 13.269827 80.566917 0.000000 -0.043000 0.334000 -0.023000 0.000000 0.000000
13:01:38 79.699997 -53.150002 0.000000 126.839996 10.835000 132.860001 10.850000 -3.060000 4.314000 1467016.167000 453086.560000 13.269827 80.566917 0.000000 -0.043000 0.334000 -0.023000 0.000000 0.000000
13:01:39 79.699997 -53.150002 0.000000 126.839996 10.835000 132.860001 10.850000 -3.060000 4.314000 1467016.274000 453086.546000 13.269827 80.566917 0.000000 -0.043000 0.334000 -0.023000 0.000000 0.000000
13:01:39 79.699997 -53.150002 0.000000 126.839996 10.835000 132.860001 10.850000 -3.060000 4.314000 1467016.416000 453086.542000 13.269827 80.566917 0.000000 -0.043000 0.334000 -0.023000 0.000000 0.000000
13:01:39 79.699997 -53.150002 0.000000 126.839996 9.169000 132.860001 11.035000 -3.060000 4.307000 1467016.631000 453086.513000 13.269834 80.566917 0.000000 -0.043000 0.334000 -0.023000 0.000000 0.000000
13:01:39 79.599998 -53.150002 0.000000 126.839996 9.169000 132.860001 11.035000 -3.060000 4.307000 1467016.739000 453086.498000 13.269835 80.566917 0.000000 -0.043000 0.334000 -0.023000 0.000000 0.000000
13:01:40 79.599998 -53.150002 0.000000 126.839996 9.169000 132.860001 11.035000 -3.060000 4.307000 1467016.846000 453086.484000 13.269836 80.566917 0.000000 -0.043000 0.334000 -0.023000 0.000000 0.000000
13:01:40 79.599998 -53.150002 0.000000 126.839996 9.169000 132.860001 11.035000 -3.060000 4.307000 1467016.954000 453086.469000 13.269836 80.566917 0.000000 -0.043000 0.334000 -0.023000 0.000000 0.000000
13:01:40 79.599998 -53.150002 0.000000 126.839996 9.169000 132.860001 11.035000 -3.060000 4.307000 1467017.099000 453086.504000 13.269836 80.566917 0.000000 -0.043000 0.334000 -0.023000 0.000000 0.000000
13:01:40 79.699997 -53.150002 0.000000 126.839996 9.169000 132.860001 11.035000 -3.060000 4.307000 1467017.207000 453086.490000 13.269836 80.566917 0.000000 -0.043000 0.334000 -0.023000 0.000000 0.000000
13:01:40 79.699997 -53.150002 0.000000 126.839996 9.169000 132.860001 11.035000 -3.060000 4.307000 1467017.314000 453086.475000 13.269836 80.566917 0.000000 -0.043000 0.334000 -0.023000 0.000000 0.000000
13:01:41 79.699997 -53.150002 0.000000 126.839996 9.169000 132.860001 11.035000 -3.060000 4.307000 1467017.421000 453086.460000 13.269836 80.566917 0.000000 -0.043000 0.334000 -0.023000 0.000000 0.000000
13:01:41 79.699997 -53.150002 0.000000 126.839996 9.169000 132.860001 11.035000 -3.060000 4.307000 1467017.529000 453086.446000 13.269836 80.566917 0.000000 -0.043000 0.334000 -0.023000 0.000000 0.000000
13:01:41 79.699997 -53.150002 0.000000 126.839996 9.169000 132.860001 11.035000 -3.060000 4.307000 0.004000 0.003600 13.269836 80.566917 0.000000 -0.043000 0.334000 -0.023000 0.000000 0.000000
13:01:41 79.699997 -53.150002 0.000000 126.839996 7.401000 132.860001 11.234000 -3.060000 4.336000 0.004000 0.003600 13.269845 80.566917 0.000000 -0.043000 0.334000 -0.023000 0.000000 0.000000
13:01:42 79.699997 -53.150002 0.000000 126.839996 7.245000 132.860001 11.249000 -3.060000 4.366000 1467017.990000 453086.398000 13.269846 80.566917 0.000000 -0.043000 0.334000 -0.023000 0.000000 0.000000
13:01:42 79.699997 -53.150002 0.000000 126.839996 7.245000 132.860001 11.249000 -3.060000 4.366000 1467018.098000 453086.384000 13.269846 80.566917 0.000000 -0.043000 0.334000 -0.023000 0.000000 0.000000
13:01:42 79.599998 -53.150002 0.000000 126.839996 7.245000 132.860001 11.249000 -3.060000 4.366000 1467018.245000 453086.432000 13.269846 80.566917 0.000000 -0.043000 0.334000 -0.023000 0.000000 0.000000
13:01:42 79.599998 -53.150002 0.000000 126.839996 7.245000 132.860001 11.249000 -3.060000 4.366000 1467018.356000 453086.417000 13.269846 80.566917 0.000000 -0.043000 0.334000 -0.023000 0.000000 0.000000
13:01:42 79.599998 -53.150002 0.000000 126.839996 7.245000 132.860001 11.249000 -3.060000 4.366000 1467018.473000 453086.402000 13.269846 80.566917 0.000000 -0.043000 0.334000 -0.023000 0.000000 0.000000
13:01:43 79.599998 -53.150002 0.000000 126.839996 7.245000 132.860001 11.249000 -3.060000 4.366000 1467018.590000 453086.385000 13.269846 80.566917 0.000000 -0.043000 0.334000 -0.023000 0.000000 0.000000
13:01:43 79.599998 -53.150002 0.000000 126.839996 7.245000 132.860001 11.249000 -3.060000 4.366000 1467018.708000 453086.368000 13.269846 80.566917 0.000000 -0.043000 0.334000 -0.023000 0.000000 0.000000
13:01:43 79.599998 -53.150002 0.000000 126.839996 7.245000 132.860001 11.249000 -3.060000 4.366000 0.004000 0.003600 13.269846 80.566917 0.000000 -0.043000 0.334000 -0.023000 0.000000 0.000000
13:01:43 79.599998 -53.150002 0.000000 126.839996 5.864000 132.860001 11.321000 -3.060000 4.334000 0.004000 0.003600 13.269856 80.566910 0.000000 -0.043000 0.334000 -0.023000 0.000000 0.000000
13:01:44 79.599998 -53.150002 0.000000 126.839996 5.713000 132.860001 11.322000 -3.060000 4.308000 1467019.191000 453086.304000 13.269857 80.566910 0.000000 -0.043000 0.334000 -0.023000 0.000000 0.000000
13:01:44 79.599998 -53.150002 0.000000 126.839996 5.713000 132.860001 11.322000 -3.060000 4.308000 1467019.308000 453086.287000 13.269857 80.566910 0.000000 -0.043000 0.334000 -0.023000 0.000000 0.000000
13:01:44 79.599998 -53.150002 0.000000 126.839996 5.713000 132.860001 11.322000 -3.060000 4.308000 1467019.490000 453086.332000 13.269857 80.566910 0.000000 -0.043000 0.334000 -0.023000 0.000000 0.000000
13:01:44 79.599998 -53.150002 0.000000 126.839996 5.112000 132.860001 11.315000 -3.060000 4.428000 0.004000 0.003600 13.269862 80.566910 0.000000 -0.043000 0.334000 -0.023000 0.000000 0.000000
13:01:45 79.599998 -53.150002 0.000000 126.839996 4.962000 132.860001 11.311000 -3.060000 4.482000 1467019.841000 453086.281000 13.269863 80.566910 0.000000 -0.043000 0.334000 -0.023000 0.000000 0.000000
13:01:45 79.599998 -53.150002 0.000000 126.839996 4.962000 132.860001 11.311000 -3.060000 4.482000 1467019.958000 453086.264000 13.269864 80.566910 0.000000 -0.043000 0.334000 -0.023000 0.000000 0.000000
13:01:45 79.599998 -53.150002 0.000000 126.839996 4.962000 132.860001 11.311000 -3.060000 4.482000 1467020.130000 453086.271000 13.269864 80.566910 0.000000 -0.043000 0.334000 -0.023000 0.000000 0.000000
13:01:45 79.599998 -53.150002 0.000000 126.839996 4.962000 132.860001 11.311000 -3.060000 4.482000 1467020.248000 453086.254000 13.269864 80.566910 0.000000 -0.043000 0.334000 -0.023000 0.000000 0.000000
13:01:45 79.599998 -53.150002 0.000000 126.839996 4.962000 132.860001 11.311000 -3.060000 4.482000 1467020.365000 453086.236000 13.269864 80.566910 0.000000 -0.043000 0.334000 -0.023000 0.000000 0.000000
13:01:46 79.699997 -53.150002 0.000000 126.839996 4.962000 132.860001 11.311000 -3.060000 4.482000 1467020.482000 453086.219000 13.269864 80.566910 0.000000 -0.043000 0.334000 -0.023000 0.000000 0.000000
13:01:46 79.699997 -53.150002 0.000000 126.839996 4.962000 132.860001 11.311000 -3.060000 4.482000 0.004000 0.003600 13.269864 80.566910 0.000000 -0.043000 0.334000 -0.023000 0.000000 0.000000
13:01:46 79.699997 -53.150002 0.000000 126.839996 3.781000 132.860001 11.249000 -3.060000 4.280000 1467020.784000 453086.209000 13.269873 80.566910 0.000000 -0.043000 0.334000 -0.023000 0.000000 0.000000
13:01:46 79.699997 -53.150002 0.000000 126.839996 3.781000 132.860001 11.240000 -3.060000 4.273000 1467021.018000 453086.175000 13.269874 80.566910 0.000000 -0.043000 0.334000 -0.023000 0.000000 0.000000
13:01:47 79.699997 -53.150002 0.000000 126.839996 3.781000 132.860001 11.240000 -3.060000 4.273000 1467021.135000 453086.158000 13.269875 80.566910 0.000000 -0.043000 0.334000 -0.023000 0.000000 0.000000
13:01:47 79.699997 -53.150002 0.000000 126.839996 3.781000 132.860001 11.240000 -3.060000 4.273000 1467021.252000 453086.141000 13.269875 80.566910 0.000000 -0.043000 0.334000 -0.023000 0.000000 0.000000
13:01:47 79.699997 -53.150002 0.000000 126.839996 3.781000 132.860001 11.240000 -3.060000 4.273000 1467021.421000 453086.134000 13.269875 80.566910 0.000000 -0.043000 0.334000 -0.023000 0.000000 0.000000
13:01:47 79.699997 -53.150002 0.000000 126.839996 3.781000 132.860001 11.240000 -3.060000 4.273000 1467021.535000 453086.117000 13.269875 80.566910 0.000000 -0.043000 0.334000 -0.023000 0.000000 0.000000
13:01:47 79.699997 -53.150002 0.000000 126.839996 3.781000 132.860001 11.240000 -3.060000 4.273000 1467021.643000 453086.100000 13.269875 80.566910 0.000000 -0.043000 0.334000 -0.023000 0.000000 0.000000
13:01:48 79.699997 -53.150002 0.000000 126.839996 3.781000 132.860001 11.240000 -3.060000 4.273000 1467021.750000 453086.083000 13.269875 80.566910 0.000000 -0.043000 0.334000 -0.023000 0.000000 0.000000
13:01:48 79.699997 -53.150002 0.000000 126.839996 3.781000 132.860001 11.240000 -3.060000 4.273000 0.004000 0.003600 13.269875 80.566910 0.000000 -0.043000 0.334000 -0.023000 0.000000 0.000000
13:01:48 79.800003 -53.150002 0.000000 126.839996 2.406000 132.860001 11.201000 -3.060000 4.568000 0.004000 0.003600 13.269884 80.566910 0.000000 -0.043000 0.334000 -0.023000 0.000000 0.000000
13:01:48 79.800003 -53.150002 0.000000 126.839996 2.406000 132.860001 11.201000 -3.060000 4.568000 1467022.256000 453086.038000 13.269885 80.566910 0.000000 -0.043000 0.334000 -0.023000 0.000000 0.000000
13:01:49 79.800003 -53.150002 0.000000 126.839996 2.406000 132.860001 11.201000 -3.060000 4.568000 1467022.364000 453086.021000 13.269886 80.566910 0.000000 -0.043000 0.334000 -0.023000 0.000000 0.000000
13:01:49 79.800003 -53.150002 0.000000 126.839996 2.406000 132.860001 11.201000 -3.060000 4.568000 1467022.471000 453086.006000 13.269886 80.566910 0.000000 -0.043000 0.334000 -0.023000 0.000000 0.000000
13:01:49 79.699997 -53.150002 0.000000 126.839996 2.406000 132.860001 11.201000 -3.060000 4.568000 1467022.635000 453086.024000 13.269886 80.566910 0.000000 -0.043000 0.334000 -0.023000 0.000000 0.000000
13:01:49 79.699997 -53.150002 0.000000 126.839996 2.406000 132.860001 11.201000 -3.060000 4.568000 1467022.742000 453086.009000 13.269886 80.566910 0.000000 -0.043000 0.334000 -0.023000 0.000000 0.000000
13:01:49 79.699997 -53.150002 0.000000 126.839996 2.406000 132.860001 11.201000 -3.060000 4.568000 1467022.850000 453085.994000 13.269886 80.566910 0.000000 -0.043000 0.334000 -0.023000 0.000000 0.000000
13:01:50 79.699997 -53.150002 0.000000 126.839996 2.406000 132.860001 11.201000 -3.060000 4.568000 1467022.957000 453085.980000 13.269886 80.566910 0.000000 -0.043000 0.334000 -0.023000 0.000000 0.000000
13:01:50 79.800003 -53.150002 0.000000 126.839996 2.406000 132.860001 11.201000 -3.060000 4.568000 1467023.064000 453085.965000 13.269886 80.566910 0.000000 -0.043000 0.334000 -0.023000 0.000000 0.000000
13:01:50 79.800003 -53.150002 0.000000 126.839996 2.406000 132.860001 11.201000 -3.060000 4.568000 0.004000 0.003500 13.269886 80.566910 0.000000 -0.043000 0.334000 -0.023000 0.000000 0.000000
13:01:50 79.800003 -53.150002 0.000000 126.839996 1.070000 132.860001 11.278000 -3.060000 4.569000 0.004000 0.003500 13.269896 80.566910 0.000000 -0.043000 0.334000 -0.023000 0.000000 0.000000
13:01:51 79.800003 -53.150002 0.000000 126.839996 0.956000 132.860001 11.286000 -3.060000 4.554000 1467023.538000 453085.931000 13.269897 80.566910 0.000000 -0.043000 0.334000 -0.023000 0.000000 0.000000
13:01:51 79.800003 -53.150002 0.000000 126.839996 0.956000 132.860001 11.286000 -3.060000 4.554000 1467023.645000 453085.916000 13.269897 80.566910 0.000000 -0.043000 0.334000 -0.023000 0.000000 0.000000
13:01:51 79.800003 -53.150002 0.000000 126.839996 0.956000 132.860001 11.286000 -3.060000 4.554000 1467023.752000 453085.901000 13.269897 80.566910 0.000000 -0.043000 0.334000 -0.023000 0.000000 0.000000
13:01:51 79.800003 -53.150002 0.000000 126.839996 0.956000 132.860001 11.286000 -3.060000 4.554000 1467023.887000 453085.936000 13.269897 80.566910 0.000000 -0.043000 0.334000 -0.023000 0.000000 0.000000
13:01:51 79.800003 -53.150002 0.000000 126.839996 0.956000 132.860001 11.286000 -3.060000 4.554000 1467023.994000 453085.922000 13.269897 80.566910 0.000000 -0.043000 0.334000 -0.023000 0.000000 0.000000
13:01:52 79.900002 -53.150002 0.000000 126.839996 0.956000 132.860001 11.286000 -3.060000 4.554000 1467024.102000 453085.907000 13.269897 80.566910 0.000000 -0.043000 0.334000 -0.023000 0.000000 0.000000
13:01:52 79.900002 -53.150002 0.000000 126.839996 0.956000 132.860001 11.286000 -3.060000 4.554000 1467024.209000 453085.892000 13.269897 80.566910 0.000000 -0.043000 0.334000 -0.023000 0.000000 0.000000
13:01:52 79.900002 -53.150002 0.000000 126.839996 0.956000 132.860001 11.286000 -3.060000 4.554000 0.004000 0.003500 13.269897 80.566910 0.000000 -0.043000 0.334000 -0.023000 0.000000 0.000000
13:01:52 79.900002 -53.150002 0.000000 126.839996 0.007000 132.860001 11.312000 -3.060000 4.412000 0.004000 0.003500 13.269905 80.566910 0.000000 -0.043000 0.334000 -0.023000 0.000000 0.000000
13:01:53 79.900002 -53.150002 0.000000 126.839996 359.911987 132.860001 11.310000 -3.060000 4.415000 1467024.665000 453085.871000 13.269906 80.566910 0.000000 -0.043000 0.334000 -0.023000 0.000000 0.000000
13:01:53 79.900002 -53.150002 0.000000 126.839996 359.911987 132.860001 11.310000 -3.060000 4.415000 1467024.772000 453085.856000 13.269906 80.566910 0.000000 -0.043000 0.334000 -0.023000 0.000000 0.000000
13:01:53 79.900002 -53.150002 0.000000 126.839996 359.636993 132.860001 11.296000 -3.060000 4.409000 1467024.880000 453085.842000 13.269910 80.566910 0.000000 -0.043000 0.334000 -0.023000 0.000000 0.000000
13:01:53 79.900002 -53.150002 0.000000 126.839996 359.636993 132.860001 11.290000 -3.060000 4.399000 1467025.121000 453085.862000 13.269911 80.566910 0.000000 -0.043000 0.334000 -0.023000 0.000000 0.000000
13:01:54 79.900002 -53.150002 0.000000 126.839996 359.636993 132.860001 11.290000 -3.060000 4.399000 1467025.228000 453085.848000 13.269912 80.566910 0.000000 -0.043000 0.334000 -0.023000 0.000000 0.000000
13:01:54 79.900002 -53.150002 0.000000 126.839996 359.636993 132.860001 11.290000 -3.060000 4.399000 1467025.335000 453085.833000 13.269913 80.566910 0.000000 -0.043000 0.334000 -0.023000 0.000000 0.000000
13:01:54 79.900002 -53.150002 0.000000 126.839996 359.636993 132.860001 11.290000 -3.060000 4.399000 1467025.443000 453085.818000 13.269913 80.566910 0.000000 -0.043000 0.334000 -0.023000 0.000000 0.000000
13:01:54 79.900002 -53.150002 0.000000 126.839996 359.636993 132.860001 11.290000 -3.060000 4.399000 1467025.579000 453085.828000 13.269913 80.566910 0.000000 -0.043000 0.334000 -0.023000 0.000000 0.000000
13:01:54 79.900002 -53.150002 0.000000 126.839996 359.636993 132.860001 11.290000 -3.060000 4.399000 1467025.687000 453085.813000 13.269913 80.566910 0.000000 -0.043000 0.334000 -0.023000 0.000000 0.000000
13:01:55 79.900002 -53.150002 0.000000 126.839996 359.636993 132.860001 11.290000 -3.060000 4.399000 1467025.794000 453085.798000 13.269913 80.566910 0.000000 -0.043000 0.334000 -0.023000 0.000000 0.000000
13:01:55 79.900002 -53.150002 0.000000 126.839996 359.636993 132.860001 11.290000 -3.060000 4.399000 1467025.901000 453085.784000 13.269913 80.566910 0.000000 -0.043000 0.334000 -0.023000 0.000000 0.000000
13:01:55 79.900002 -53.150002 0.000000 126.839996 358.862000 132.860001 11.245000 -3.060000 4.634000 0.004000 0.003500 13.269920 80.566910 0.000000 -0.043000 0.334000 -0.023000 0.000000 0.000000
13:01:55 79.900002 -53.150002 0.000000 126.839996 358.862000 132.860001 11.245000 -3.060000 4.634000 1467026.267000 453085.777000 13.269921 80.566910 0.000000 -0.043000 0.334000 -0.023000 0.000000 0.000000
13:01:56 79.900002 -53.150002 0.000000 126.839996 358.862000 132.860001 11.245000 -3.060000 4.634000 1467026.374000 453085.762000 13.269922 80.566910 0.000000 -0.043000 0.334000 -0.023000 0.000000 0.000000
13:01:56 79.900002 -53.150002 0.000000 126.839996 358.862000 132.860001 11.245000 -3.060000 4.634000 1467026.481000 453085.747000 13.269922 80.566910 0.000000 -0.043000 0.334000 -0.023000 0.000000 0.000000
13:01:56 80.000000 -53.150002 0.000000 126.839996 358.862000 132.860001 11.245000 -3.060000 4.634000 1467026.589000 453085.733000 13.269922 80.566910 0.000000 -0.043000 0.334000 -0.023000 0.000000 0.000000
13:01:56 80.000000 -53.150002 0.000000 126.839996 358.862000 132.860001 11.245000 -3.060000 4.634000 1467026.756000 453085.755000 13.269922 80.566910 0.000000 -0.043000 0.334000 -0.023000 0.000000 0.000000
13:01:56 80.000000 -53.150002 0.000000 126.839996 358.862000 132.860001 11.245000 -3.060000 4.634000 1467026.863000 453085.740000 13.269922 80.566910 0.000000 -0.043000 0.334000 -0.023000 0.000000 0.000000
13:01:57 80.000000 -53.150002 0.000000 126.839996 358.862000 132.860001 11.245000 -3.060000 4.634000 1467026.971000 453085.726000 13.269922 80.566910 0.000000 -0.043000 0.334000 -0.023000 0.000000 0.000000
13:01:57 80.000000 -53.150002 0.000000 126.839996 358.862000 132.860001 11.245000 -3.060000 4.634000 0.004000 0.003500 13.269922 80.566910 0.000000 -0.043000 0.334000 -0.023000 0.000000 0.000000
13:01:57 80.000000 -53.150002 0.000000 126.839996 358.295013 132.860001 11.196000 -3.060000 4.707000 0.004000 0.003500 13.269931 80.566910 0.000000 -0.043000 0.334000 -0.023000 0.000000 0.000000
13:01:57 80.000000 -53.150002 0.000000 126.839996 358.295013 132.860001 11.196000 -3.060000 4.707000 1467027.463000 453085.717000 13.269932 80.566910 0.000000 -0.043000 0.334000 -0.023000 0.000000 0.000000
13:01:58 80.000000 -53.150002 0.000000 126.839996 358.295013 132.860001 11.196000 -3.060000 4.707000 1467027.571000 453085.703000 13.269933 80.566910 0.000000 -0.043000 0.334000 -0.023000 0.000000 0.000000
13:01:58 80.000000 -53.150002 0.000000 126.839996 358.295013 132.860001 11.196000 -3.060000 4.707000 1467027.678000 453085.688000 13.269933 80.566910 0.000000 -0.043000 0.334000 -0.023000 0.000000 0.000000
13:01:58 80.000000 -53.150002 0.000000 126.839996 358.295013 132.860001 11.196000 -3.060000 4.707000 1467027.786000 453085.673000 13.269933 80.566910 0.000000 -0.043000 0.334000 -0.023000 0.000000 0.000000
13:01:58 80.000000 -53.150002 0.000000 126.839996 358.295013 132.860001 11.196000 -3.060000 4.707000 1467027.971000 453085.708000 13.269933 80.566910 0.000000 -0.043000 0.334000 -0.023000 0.000000 0.000000
13:01:58 80.000000 -53.150002 0.000000 126.839996 358.295013 132.860001 11.196000 -3.060000 4.707000 1467028.078000 453085.694000 13.269933 80.566910 0.000000 -0.043000 0.334000 -0.023000 0.000000 0.000000
13:01:59 80.099998 -53.150002 0.000000 126.839996 358.295013 132.860001 11.196000 -3.060000 4.707000 1467028.186000 453085.679000 13.269933 80.566910 0.000000 -0.043000 0.334000 -0.023000 0.000000 0.000000
13:01:59 80.099998 -53.150002 0.000000 126.839996 358.295013 132.860001 11.196000 -3.060000 4.707000 1467028.293000 453085.665000 13.269933 80.566910 0.000000 -0.043000 0.334000 -0.023000 0.000000 0.000000
13:01:59 80.099998 -53.150002 0.000000 126.839996 358.295013 132.860001 11.196000 -3.060000 4.707000 0.004000 0.003500 13.269933 80.566910 0.000000 -0.043000 0.334000 -0.023000 0.000000 0.000000
13:01:59 80.099998 -53.150002 0.000000 126.839996 357.796997 132.860001 11.084000 -3.060000 4.420000 0.004000 0.003500 13.269943 80.566910 0.000000 -0.043000 0.334000 -0.023000 0.000000 0.000000
13:02:00 80.099998 -53.150002 0.000000 126.839996 357.756989 132.860001 11.066000 -3.060000 4.463000 1467028.796000 453085.661000 13.269944 80.566910 0.000000 -0.043000 0.334000 -0.023000 0.000000 0.000000
13:02:00 80.099998 -53.150002 0.000000 126.839996 357.756989 132.860001 11.066000 -3.060000 4.463000 1467028.904000 453085.649000 13.269944 80.566910 0.000000 -0.043000 0.334000 -0.023000 0.000000 0.000000
13:02:00 80.099998 -53.150002 0.000000 126.839996 357.756989 132.860001 11.066000 -3.060000 4.463000 1467029.011000 453085.636000 13.269944 80.566910 0.000000 -0.043000 0.334000 -0.023000 0.000000 0.000000
13:02:00 80.099998 -53.150002 0.000000 126.839996 357.756989 132.860001 11.066000 -3.060000 4.463000 1467029.119000 453085.624000 13.269944 80.566910 0.000000 -0.043000 0.334000 -0.023000 0.000000 0.000000
13:02:00 80.099998 -53.150002 0.000000 126.839996 357.756989 132.860001 11.066000 -3.060000 4.463000 1467029.301000 453085.650000 13.269944 80.566910 0.000000 -0.043000 0.334000 -0.023000 0.000000 0.000000
13:02:01 80.099998 -53.150002 0.000000 126.839996 357.756989 132.860001 11.066000 -3.060000 4.463000 1467029.409000 453085.637000 13.269944 80.566910 0.000000 -0.043000 0.334000 -0.023000 0.000000 0.000000
13:02:01 80.099998 -53.150002 0.000000 126.839996 357.756989 132.860001 11.066000 -3.060000 4.463000 1467029.516000 453085.625000 13.269944 80.566910 0.000000 -0.043000 0.334000 -0.023000 0.000000 0.000000
13:02:01 80.099998 -53.150002 0.000000 126.839996 357.756989 132.860001 11.066000 -3.060000 4.463000 0.004000 0.003500 13.269944 80.566910 0.000000 -0.043000 0.334000 -0.023000 0.000000 0.000000
13:02:01 80.199997 -53.150002 0.000000 126.839996 357.425995 132.860001 10.854000 -3.060000 4.495000 0.004000 0.003500 13.269954 80.566910 0.000000 -0.043000 0.334000 -0.023000 0.000000 0.000000
13:02:02 80.199997 -53.150002 0.000000 126.839996 357.393005 132.860001 10.828000 -3.060000 4.483000 1467030.014000 453085.627000 13.269955 80.566910 0.000000 -0.043000 0.334000 -0.023000 0.000000 0.000000
13:02:02 80.199997 -53.150002 0.000000 126.839996 357.393005 132.860001 10.828000 -3.060000 4.483000 1467030.121000 453085.614000 13.269955 80.566910 0.000000 -0.043000 0.334000 -0.023000 0.000000 0.000000
13:02:02 80.099998 -53.150002 0.000000 126.839996 357.299988 132.860001 10.751000 -3.060000 4.423000 0.004000 0.003500 13.269958 80.566910 0.000000 -0.043000 0.334000 -0.023000 0.000000 0.000000
13:02:02 80.099998 -53.150002 0.000000 126.839996 357.299988 132.860001 10.727000 -3.060000 4.436000 1467030.507000 453085.615000 13.269959 80.566910 0.000000 -0.043000 0.334000 -0.023000 0.000000 0.000000
13:02:03 80.099998 -53.150002 0.000000 126.839996 357.299988 132.860001 10.727000 -3.060000 4.436000 1467030.614000 453085.603000 13.269960 80.566910 0.000000 -0.043000 0.334000 -0.023000 0.000000 0.000000
13:02:03 80.099998 -53.150002 0.000000 126.839996 357.299988 132.860001 10.727000 -3.060000 4.436000 1467030.722000 453085.591000 13.269961 80.566910 0.000000 -0.043000 0.334000 -0.023000 0.000000 0.000000
13:02:03 80.099998 -53.150002 0.000000 126.839996 357.299988 132.860001 10.727000 -3.060000 4.436000 1467030.829000 453085.579000 13.269961 80.566910 0.000000 -0.043000 0.334000 -0.023000 0.000000 0.000000
13:02:03 80.099998 -53.150002 0.000000 126.839996 357.299988 132.860001 10.727000 -3.060000 4.436000 1467030.937000 453085.567000 13.269961 80.566910 0.000000 -0.043000 0.334000 -0.023000 0.000000 0.000000
13:02:03 80.099998 -53.150002 0.000000 126.839996 357.299988 132.860001 10.727000 -3.060000 4.436000 1467031.097000 453085.592000 13.269961 80.566910 0.000000 -0.043000 0.334000 -0.023000 0.000000 0.000000
13:02:04 80.099998 -53.150002 0.000000 126.839996 357.299988 132.860001 10.727000 -3.060000 4.436000 1467031.204000 453085.580000 13.269961 80.566910 0.000000 -0.043000 0.334000 -0.023000 0.000000 0.000000
13:02:04 80.099998 -53.150002 0.000000 126.839996 357.299988 132.860001 10.727000 -3.060000 4.436000 0.004000 0.003500 13.269961 80.566910 0.000000 -0.043000 0.334000 -0.023000 0.000000 0.000000
13:02:04 80.099998 -53.150002 0.000000 126.839996 357.035004 132.860001 10.538000 -3.060000 4.550000 0.004000 0.003500 13.269969 80.566910 0.000000 -0.043000 0.334000 -0.023000 0.000000 0.000000
13:02:04 80.099998 -53.150002 0.000000 126.839996 357.010986 132.860001 10.521000 -3.060000 4.518000 1467031.696000 453085.568000 13.269970 80.566910 0.000000 -0.043000 0.334000 -0.023000 0.000000 0.000000
13:02:05 80.199997 -53.150002 0.000000 126.839996 356.987000 132.860001 10.504000 -3.060000 4.483000 1467031.804000 453085.556000 13.269971 80.566902 0.000000 -0.043000 0.334000 -0.023000 0.000000 0.000000
13:02:05 80.199997 -53.150002 0.000000 126.839996 356.987000 132.860001 10.504000 -3.060000 4.483000 1467031.911000 453085.544000 13.269971 80.566902 0.000000 -0.043000 0.334000 -0.023000 0.000000 0.000000
13:02:05 80.199997 -53.150002 0.000000 126.839996 356.987000 132.860001 10.504000 -3.060000 4.483000 1467032.019000 453085.532000 13.269971 80.566902 0.000000 -0.043000 0.334000 -0.023000 0.000000 0.000000
13:02:05 80.199997 -53.150002 0.000000 126.839996 356.987000 132.860001 10.504000 -3.060000 4.483000 1467032.126000 453085.519000 13.269971 80.566902 0.000000 -0.043000 0.334000 -0.023000 0.000000 0.000000
13:02:05 80.199997 -53.150002 0.000000 126.839996 356.987000 132.860001 10.504000 -3.060000 4.483000 1467032.291000 453085.558000 13.269971 80.566902 0.000000 -0.043000 0.334000 -0.023000 0.000000 0.000000
13:02:06 80.199997 -53.150002 0.000000 126.839996 356.987000 132.860001 10.504000 -3.060000 4.483000 1467032.399000 453085.545000 13.269971 80.566902 0.000000 -0.043000 0.334000 -0.023000 0.000000 0.000000
13:02:06 80.199997 -53.150002 0.000000 126.839996 356.987000 132.860001 10.504000 -3.060000 4.483000 1467032.506000 453085.533000 13.269971 80.566902 0.000000 -0.043000 0.334000 -0.023000 0.000000 0.000000
13:02:06 80.199997 -53.150002 0.000000 126.839996 356.820007 132.860001 10.366000 -3.060000 4.430000 0.004000 0.003500 13.269979 80.566902 0.000000 -0.043000 0.334000 -0.023000 0.000000 0.000000
13:02:06 80.199997 -53.150002 0.000000 126.839996 356.820007 132.860001 10.366000 -3.060000 4.430000 1467032.897000 453085.534000 13.269980 80.566902 0.000000 -0.043000 0.334000 -0.023000 0.000000 0.000000
13:02:07 80.199997 -53.150002 0.000000 126.839996 356.820007 132.860001 10.366000 -3.060000 4.430000 1467033.005000 453085.522000 13.269982 80.566902 0.000000 -0.043000 0.334000 -0.023000 0.000000 0.000000
13:02:07 80.199997 -53.150002 0.000000 126.839996 356.820007 132.860001 10.366000 -3.060000 4.430000 1467033.112000 453085.510000 13.269982 80.566902 0.000000 -0.043000 0.334000 -0.023000 0.000000 0.000000
13:02:07 80.199997 -53.150002 0.000000 126.839996 356.820007 132.860001 10.366000 -3.060000 4.430000 1467033.220000 453085.497000 13.269982 80.566902 0.000000 -0.043000 0.334000 -0.023000 0.000000 0.000000
13:02:07 80.199997 -53.150002 0.000000 126.839996 356.820007 132.860001 10.366000 -3.060000 4.430000 1467033.327000 453085.485000 13.269982 80.566902 0.000000 -0.043000 0.334000 -0.023000 0.000000 0.000000
13:02:07 80.199997 -53.150002 0.000000 126.839996 356.820007 132.860001 10.366000 -3.060000 4.430000 1467033.508000 453085.510000 13.269982 80.566902 0.000000 -0.043000 0.334000 -0.023000 0.000000 0.000000
13:02:08 80.199997 -53.150002 0.000000 126.839996 356.820007 132.860001 10.366000 -3.060000 4.430000 1467033.615000 453085.498000 13.269982 80.566902 0.000000 -0.043000 0.334000 -0.023000 0.000000 0.000000
13:02:08 80.199997 -53.150002 0.000000 126.839996 356.820007 132.860001 10.366000 -3.060000 4.430000 1467033.728000 453085.486000 13.269982 80.566902 0.000000 -0.043000 0.334000 -0.023000 0.000000 0.000000
13:02:08 80.199997 -53.150002 0.000000 126.839996 356.820007 132.860001 10.366000 -3.060000 4.430000 0.004000 0.003500 13.269982 80.566902 0.000000 -0.043000 0.334000 -0.023000 0.000000 0.000000
13:02:08 80.300003 -53.150002 0.000000 126.839996 356.634003 132.860001 10.243000 -3.060000 4.474000 0.004000 0.003500 13.269992 80.566902 0.000000 -0.043000 0.334000 -0.023000 0.000000 0.000000
13:02:09 80.300003 -53.150002 0.000000 126.839996 356.618988 132.860001 10.237000 -3.060000 4.464000 1467034.250000 453085.475000 13.269993 80.566902 0.000000 -0.043000 0.334000 -0.023000 0.000000 0.000000
13:02:09 80.300003 -53.150002 0.000000 126.839996 356.618988 132.860001 10.237000 -3.060000 4.464000 1467034.367000 453085.463000 13.269993 80.566902 0.000000 -0.043000 0.334000 -0.023000 0.000000 0.000000
13:02:09 80.199997 -53.150002 0.000000 126.839996 356.618988 132.860001 10.237000 -3.060000 4.464000 1467034.484000 453085.450000 13.269993 80.566902 0.000000 -0.043000 0.334000 -0.023000 0.000000 0.000000
13:02:09 80.199997 -53.150002 0.000000 126.839996 356.618988 132.860001 10.237000 -3.060000 4.464000 1467034.601000 453085.438000 13.269993 80.566902 0.000000 -0.043000 0.334000 -0.023000 0.000000 0.000000
13:02:09 80.199997 -53.150002 0.000000 126.839996 356.618988 132.860001 10.237000 -3.060000 4.464000 1467034.772000 453085.476000 13.269993 80.566902 0.000000 -0.043000 0.334000 -0.023000 0.000000 0.000000
13:02:10 80.199997 -53.150002 0.000000 126.839996 356.618988 132.860001 10.237000 -3.060000 4.464000 1467034.889000 453085.464000 13.269993 80.566902 0.000000 -0.043000 0.334000 -0.023000 0.000000 0.000000
13:02:10 80.300003 -53.150002 0.000000 126.839996 356.618988 132.860001 10.237000 -3.060000 4.464000 1467035.006000 453085.452000 13.269993 80.566902 0.000000 -0.043000 0.334000 -0.023000 0.000000 0.000000
13:02:10 80.300003 -53.150002 0.000000 126.839996 356.618988 132.860001 10.237000 -3.060000 4.464000 0.004000 0.003500 13.269993 80.566902 0.000000 -0.043000 0.334000 -0.023000 0.000000 0.000000
13:02:10 80.300003 -53.150002 0.000000 126.839996 356.494995 132.860001 10.239000 -3.060000 4.449000 0.004000 0.003500 13.270003 80.566902 0.000000 -0.043000 0.334000 -0.023000 0.000000 0.000000
13:02:11 80.300003 -53.150002 0.000000 126.839996 356.481995 132.860001 10.247000 -3.060000 4.466000 1467035.528000 453085.454000 13.270004 80.566902 0.000000 -0.043000 0.334000 -0.023000 0.000000 0.000000
13:02:11 80.300003 -53.150002 0.000000 126.839996 356.481995 132.860001 10.247000 -3.060000 4.466000 0.004000 0.003500 13.270004 80.566902 0.000000 -0.043000 0.334000 -0.023000 0.000000 0.000000
13:02:11 80.300003 -53.150002 0.000000 126.839996 356.445007 132.860001 10.286000 -3.060000 4.523000 0.004000 0.003500 13.270008 80.566902 0.000000 -0.043000 0.334000 -0.023000 0.000000 0.000000
13:02:11 80.300003 -53.150002 0.000000 126.839996 356.433014 132.860001 10.302000 -3.060000 4.516000 1467035.970000 453085.405000 13.270009 80.566902 0.000000 -0.043000 0.334000 -0.023000 0.000000 0.000000
13:02:12 80.300003 -53.150002 0.000000 126.839996 356.420013 132.860001 10.319000 -3.060000 4.509000 1467036.153000 453085.443000 13.270010 80.566902 0.000000 -0.043000 0.334000 -0.023000 0.000000 0.000000
13:02:12 80.300003 -53.150002 0.000000 126.839996 356.420013 132.860001 10.319000 -3.060000 4.509000 1467036.260000 453085.431000 13.270010 80.566902 0.000000 -0.043000 0.334000 -0.023000 0.000000 0.000000
13:02:12 80.300003 -53.150002 0.000000 126.839996 356.382996 132.860001 10.378000 -3.060000 4.480000 0.004000 0.003500 13.270014 80.566902 0.000000 -0.043000 0.334000 -0.023000 0.000000 0.000000
13:02:12 80.300003 -53.150002 0.000000 126.839996 356.382996 132.860001 10.378000 -3.060000 4.480000 1467036.583000 453085.394000 13.270015 80.566902 0.000000 -0.043000 0.334000 -0.023000 0.000000 0.000000
13:02:13 80.300003 -53.150002 0.000000 126.839996 356.382996 132.860001 10.378000 -3.060000 4.480000 1467036.776000 453085.445000 13.270016 80.566902 0.000000 -0.043000 0.334000 -0.023000 0.000000 0.000000
13:02:13 80.300003 -53.150002 0.000000 126.839996 356.382996 132.860001 10.378000 -3.060000 4.480000 1467036.883000 453085.433000 13.270016 80.566902 0.000000 -0.043000 0.334000 -0.023000 0.000000 0.000000
13:02:13 80.300003 -53.150002 0.000000 126.839996 356.382996 132.860001 10.378000 -3.060000 4.480000 1467036.991000 453085.421000 13.270016 80.566902 0.000000 -0.043000 0.334000 -0.023000 0.000000 0.000000
13:02:13 80.300003 -53.150002 0.000000 126.839996 356.382996 132.860001 10.378000 -3.060000 4.480000 1467037.098000 453085.409000 13.270016 80.566902 0.000000 -0.043000 0.334000 -0.023000 0.000000 0.000000
13:02:13 80.400002 -53.150002 0.000000 126.839996 356.382996 132.860001 10.378000 -3.060000 4.480000 1467037.206000 453085.397000 13.270016 80.566902 0.000000 -0.043000 0.334000 -0.023000 0.000000 0.000000
13:02:14 80.400002 -53.150002 0.000000 126.839996 356.382996 132.860001 10.378000 -3.060000 4.480000 1467037.389000 453085.435000 13.270016 80.566902 0.000000 -0.043000 0.334000 -0.023000 0.000000 0.000000
13:02:14 80.400002 -53.150002 0.000000 126.839996 356.382996 132.860001 10.378000 -3.060000 4.480000 1467037.496000 453085.423000 13.270016 80.566902 0.000000 -0.043000 0.334000 -0.023000 0.000000 0.000000
13:02:14 80.400002 -53.150002 0.000000 126.839996 356.265991 132.860001 10.646000 -3.060000 4.435000 0.004000 0.003500 13.270025 80.566902 0.000000 -0.043000 0.334000 -0.023000 0.000000 0.000000
13:02:14 80.400002 -53.150002 0.000000 126.839996 356.253998 132.860001 10.677000 -3.060000 4.446000 1467037.818000 453085.386000 13.270026 80.566902 0.000000 -0.043000 0.334000 -0.023000 0.000000 0.000000
13:02:15 80.400002 -53.150002 0.000000 126.839996 356.242004 132.860001 10.707000 -3.060000 4.452000 1467038.002000 453085.424000 13.270027 80.566902 0.000000 -0.043000 0.334000 -0.023000 0.000000 0.000000
13:02:15 80.400002 -53.150002 0.000000 126.839996 356.242004 132.860001 10.707000 -3.060000 4.452000 1467038.109000 453085.412000 13.270027 80.566902 0.000000 -0.043000 0.334000 -0.023000 0.000000 0.000000
13:02:15 80.400002 -53.150002 0.000000 126.839996 356.242004 132.860001 10.707000 -3.060000 4.452000 1467038.217000 453085.400000 13.270027 80.566902 0.000000 -0.043000 0.334000 -0.023000 0.000000 0.000000
13:02:15 80.300003 -53.150002 0.000000 126.839996 356.242004 132.860001 10.707000 -3.060000 4.452000 1467038.324000 453085.388000 13.270027 80.566902 0.000000 -0.043000 0.334000 -0.023000 0.000000 0.000000
13:02:15 80.300003 -53.150002 0.000000 126.839996 356.242004 132.860001 10.707000 -3.060000 4.452000 1467038.432000 453085.375000 13.270027 80.566902 0.000000 -0.043000 0.334000 -0.023000 0.000000 0.000000
13:02:16 80.300003 -53.150002 0.000000 126.839996 356.242004 132.860001 10.707000 -3.060000 4.452000 1467038.606000 453085.414000 13.270027 80.566902 0.000000 -0.043000 0.334000 -0.023000 0.000000 0.000000
13:02:16 80.300003 -53.150002 0.000000 126.839996 356.242004 132.860001 10.707000 -3.060000 4.452000 0.004000 0.003500 13.270027 80.566902 0.000000 -0.043000 0.334000 -0.023000 0.000000 0.000000
13:02:16 80.400002 -53.150002 0.000000 126.839996 356.131989 132.860001 10.953000 -3.060000 4.515000 0.004000 0.003500 13.270036 80.566902 0.000000 -0.043000 0.334000 -0.023000 0.000000 0.000000
13:02:16 80.400002 -53.150002 0.000000 126.839996 356.117004 132.860001 10.982000 -3.060000 4.504000 1467039.036000 453085.365000 13.270037 80.566902 0.000000 -0.043000 0.334000 -0.023000 0.000000 0.000000
13:02:17 80.400002 -53.150002 0.000000 126.839996 356.100006 132.860001 11.010000 -3.060000 4.474000 1467039.212000 453085.403000 13.270039 80.566902 0.000000 -0.043000 0.334000 -0.023000 0.000000 0.000000
13:02:17 80.400002 -53.150002 0.000000 126.839996 356.100006 132.860001 11.010000 -3.060000 4.474000 1467039.319000 453085.391000 13.270039 80.566902 0.000000 -0.043000 0.334000 -0.023000 0.000000 0.000000
13:02:17 80.400002 -53.150002 0.000000 126.839996 356.100006 132.860001 11.010000 -3.060000 4.474000 1467039.427000 453085.379000 13.270039 80.566902 0.000000 -0.043000 0.334000 -0.023000 0.000000 0.000000
13:02:17 80.400002 -53.150002 0.000000 126.839996 356.100006 132.860001 11.010000 -3.060000 4.474000 1467039.534000 453085.366000 13.270039 80.566902 0.000000 -0.043000 0.334000 -0.023000 0.000000 0.000000
13:02:17 80.400002 -53.150002 0.000000 126.839996 356.100006 132.860001 11.010000 -3.060000 4.474000 1467039.642000 453085.354000 13.270039 80.566902 0.000000 -0.043000 0.334000 -0.023000 0.000000 0.000000
13:02:18 80.400002 -53.150002 0.000000 126.839996 356.100006 132.860001 11.010000 -3.060000 4.474000 1467039.827000 453085.380000 13.270039 80.566902 0.000000 -0.043000 0.334000 -0.023000 0.000000 0.000000
13:02:18 80.400002 -53.150002 0.000000 126.839996 356.100006 132.860001 11.010000 -3.060000 4.474000 0.004000 0.003500 13.270039 80.566902 0.000000 -0.043000 0.334000 -0.023000 0.000000 0.000000
13:02:18 80.400002 -53.150002 0.000000 126.839996 355.959991 132.860001 11.192000 -3.060000 4.430000 0.004000 0.003500 13.270047 80.566902 0.000000 -0.043000 0.334000 -0.023000 0.000000 0.000000
13:02:18 80.400002 -53.150002 0.000000 126.839996 355.941010 132.860001 11.207000 -3.060000 4.412000 1467040.256000 453085.331000 13.270048 80.566902 0.000000 -0.043000 0.334000 -0.023000 0.000000 0.000000
13:02:19 80.300003 -53.150002 0.000000 126.839996 355.921997 132.860001 11.220000 -3.060000 4.402000 1467040.449000 453085.369000 13.270049 80.566902 0.000000 -0.043000 0.334000 -0.023000 0.000000 0.000000
13:02:19 80.300003 -53.150002 0.000000 126.839996 355.921997 132.860001 11.220000 -3.060000 4.402000 1467040.557000 453085.357000 13.270050 80.566902 0.000000 -0.043000 0.334000 -0.023000 0.000000 0.000000
13:02:19 80.300003 -53.150002 0.000000 126.839996 355.921997 132.860001 11.220000 -3.060000 4.402000 1467040.666000 453085.344000 13.270050 80.566902 0.000000 -0.043000 0.334000 -0.023000 0.000000 0.000000
13:02:19 80.300003 -53.150002 0.000000 126.839996 355.921997 132.860001 11.220000 -3.060000 4.402000 1467040.783000 453085.332000 13.270050 80.566902 0.000000 -0.043000 0.334000 -0.023000 0.000000 0.000000
13:02:19 80.400002 -53.150002 0.000000 126.839996 355.921997 132.860001 11.220000 -3.060000 4.402000 1467040.900000 453085.320000 13.270050 80.566902 0.000000 -0.043000 0.334000 -0.023000 0.000000 0.000000
13:02:20 80.400002 -53.150002 0.000000 126.839996 355.921997 132.860001 11.220000 -3.060000 4.402000 1467041.073000 453085.358000 13.270050 80.566902 0.000000 -0.043000 0.334000 -0.023000 0.000000 0.000000
13:02:20 80.400002 -53.150002 0.000000 126.839996 355.921997 132.860001 11.220000 -3.060000 4.402000 1467041.190000 453085.346000 13.270050 80.566902 0.000000 -0.043000 0.334000 -0.023000 0.000000 0.000000
13:02:20 80.400002 -53.150002 0.000000 126.839996 355.751007 132.860001 11.275000 -3.060000 4.474000 0.004000 0.003500 13.270059 80.566902 0.000000 -0.043000 0.334000 -0.023000 0.000000 0.000000
13:02:20 80.300003 -53.150002 0.000000 126.839996 355.726990 132.860001 11.274000 -3.060000 4.449000 1467041.541000 453085.309000 13.270060 80.566902 0.000000 -0.043000 0.334000 -0.023000 0.000000 0.000000
13:02:21 80.300003 -53.150002 0.000000 126.839996 355.703003 132.860001 11.271000 -3.060000 4.424000 1467041.659000 453085.297000 13.270061 80.566902 0.000000 -0.043000 0.334000 -0.023000 0.000000 0.000000
13:02:21 80.300003 -53.150002 0.000000 126.839996 355.703003 132.860001 11.271000 -3.060000 4.424000 1467041.816000 453085.323000 13.270061 80.566902 0.000000 -0.043000 0.334000 -0.023000 0.000000 0.000000
13:02:21 80.300003 -53.150002 0.000000 126.839996 355.703003 132.860001 11.271000 -3.060000 4.424000 1467041.934000 453085.310000 13.270061 80.566902 0.000000 -0.043000 0.334000 -0.023000 0.000000 0.000000
13:02:21 80.300003 -53.150002 0.000000 126.839996 355.703003 132.860001 11.271000 -3.060000 4.424000 1467042.051000 453085.298000 13.270061 80.566902 0.000000 -0.043000 0.334000 -0.023000 0.000000 0.000000
13:02:21 80.300003 -53.150002 0.000000 126.839996 355.703003 132.860001 11.271000 -3.060000 4.424000 1467042.168000 453085.286000 13.270061 80.566902 0.000000 -0.043000 0.334000 -0.023000 0.000000 0.000000
13:02:22 80.300003 -53.150002 0.000000 126.839996 355.703003 132.860001 11.271000 -3.060000 4.424000 1467042.285000 453085.274000 13.270061 80.566902 0.000000 -0.043000 0.334000 -0.023000 0.000000 0.000000
13:02:22 80.300003 -53.150002 0.000000 126.839996 355.703003 132.860001 11.271000 -3.060000 4.424000 0.004000 0.003500 13.270061 80.566902 0.000000 -0.043000 0.334000 -0.023000 0.000000 0.000000
13:02:22 80.300003 -53.150002 0.000000 126.839996 355.489990 132.860001 11.201000 -3.060000 4.507000 0.004000 0.003500 13.270070 80.566902 0.000000 -0.043000 0.334000 -0.023000 0.000000 0.000000
13:02:22 80.300003 -53.150002 0.000000 126.839996 355.460999 132.860001 11.187000 -3.060000 4.502000 1467042.806000 453085.275000 13.270071 80.566902 0.000000 -0.043000 0.334000 -0.023000 0.000000 0.000000
13:02:23 80.300003 -53.150002 0.000000 126.839996 355.432007 132.860001 11.170000 -3.060000 4.478000 1467042.923000 453085.263000 13.270072 80.566902 0.000000 -0.043000 0.334000 -0.023000 0.000000 0.000000
13:02:23 80.300003 -53.150002 0.000000 126.839996 355.432007 132.860001 11.170000 -3.060000 4.478000 1467043.094000 453085.301000 13.270072 80.566902 0.000000 -0.043000 0.334000 -0.023000 0.000000 0.000000
13:02:23 80.300003 -53.150002 0.000000 126.839996 355.432007 132.860001 11.170000 -3.060000 4.478000 1467043.211000 453085.289000 13.270072 80.566902 0.000000 -0.043000 0.334000 -0.023000 0.000000 0.000000
13:02:23 80.300003 -53.150002 0.000000 126.839996 355.432007 132.860001 11.170000 -3.060000 4.478000 1467043.328000 453085.277000 13.270072 80.566902 0.000000 -0.043000 0.334000 -0.023000 0.000000 0.000000
13:02:23 80.300003 -53.150002 0.000000 126.839996 355.432007 132.860001 11.170000 -3.060000 4.478000 1467043.445000 453085.265000 13.270072 80.566902 0.000000 -0.043000 0.334000 -0.023000 0.000000 0.000000
13:02:24 80.300003 -53.150002 0.000000 126.839996 355.432007 132.860001 11.170000 -3.060000 4.478000 1467043.562000 453085.253000 13.270072 80.566902 0.000000 -0.043000 0.334000 -0.023000 0.000000 0.000000
13:02:24 80.300003 -53.150002 0.000000 126.839996 355.432007 132.860001 11.170000 -3.060000 4.478000 0.004000 0.003500 13.270072 80.566902 0.000000 -0.043000 0.334000 -0.023000 0.000000 0.000000
13:02:24 80.300003 -53.150002 0.000000 126.839996 355.166992 132.860001 11.015000 -3.060000 4.546000 0.004000 0.003500 13.270082 80.566902 0.000000 -0.043000 0.334000 -0.023000 0.000000 0.000000
13:02:24 80.300003 -53.150002 0.000000 126.839996 355.166992 132.860001 11.015000 -3.060000 4.546000 1467044.088000 453085.254000 13.270082 80.566902 0.000000 -0.043000 0.334000 -0.023000 0.000000 0.000000
13:02:25 80.300003 -53.150002 0.000000 126.839996 355.166992 132.860001 11.015000 -3.060000 4.546000 1467044.206000 453085.242000 13.270083 80.566902 0.000000 -0.043000 0.334000 -0.023000 0.000000 0.000000
13:02:25 80.300003 -53.150002 0.000000 126.839996 355.166992 132.860001 11.015000 -3.060000 4.546000 1467044.379000 453085.268000 13.270083 80.566902 0.000000 -0.043000 0.334000 -0.023000 0.000000 0.000000
13:02:25 80.300003 -53.150002 0.000000 126.839996 355.166992 132.860001 11.015000 -3.060000 4.546000 1467044.497000 453085.258000 13.270083 80.566902 0.000000 -0.043000 0.334000 -0.023000 0.000000 0.000000
13:02:25 80.300003 -53.150002 0.000000 126.839996 355.166992 132.860001 11.015000 -3.060000 4.546000 1467044.614000 453085.249000 13.270083 80.566902 0.000000 -0.043000 0.334000 -0.023000 0.000000 0.000000
13:02:25 80.300003 -53.150002 0.000000 126.839996 355.166992 132.860001 11.015000 -3.060000 4.546000 1467044.731000 453085.239000 13.270083 80.566902 0.000000 -0.043000 0.334000 -0.023000 0.000000 0.000000
13:02:26 80.300003 -53.150002 0.000000 126.839996 355.166992 132.860001 11.015000 -3.060000 4.546000 1467044.848000 453085.229000 13.270083 80.566902 0.000000 -0.043000 0.334000 -0.023000 0.000000 0.000000
13:02:26 80.300003 -53.150002 0.000000 126.839996 355.166992 132.860001 11.015000 -3.060000 4.546000 0.004000 0.003500 13.270083 80.566902 0.000000 -0.043000 0.334000 -0.023000 0.000000 0.000000
13:02:26 80.300003 -53.150002 0.000000 126.839996 355.166992 132.860001 11.015000 -3.060000 4.546000 0.004000 0.003500 13.270083 80.566902 0.000000 -0.043000 0.334000 -0.023000 0.000000 0.000000
13:02:26 80.300003 -53.150002 0.000000 126.839996 354.697998 132.860001 10.840000 -3.060000 4.384000 0.004000 0.003500 13.270094 80.566902 0.000000 -0.043000 0.334000 -0.023000 0.000000 0.000000
13:02:27 80.300003 -53.150002 0.000000 126.839996 354.651001 132.860001 10.825000 -3.060000 4.422000 1467045.538000 453085.270000 13.270095 80.566902 0.000000 -0.043000 0.334000 -0.023000 0.000000 0.000000
13:02:27 80.300003 -53.150002 0.000000 126.839996 354.651001 132.860001 10.825000 -3.060000 4.422000 1467045.654000 453085.273000 13.270095 80.566902 0.000000 -0.043000 0.334000 -0.023000 0.000000 0.000000
13:02:27 80.300003 -53.150002 0.000000 126.839996 354.651001 132.860001 10.825000 -3.060000 4.422000 1467045.762000 453085.263000 13.270095 80.566902 0.000000 -0.043000 0.334000 -0.023000 0.000000 0.000000
13:02:27 80.300003 -53.150002 0.000000 126.839996 354.651001 132.860001 10.825000 -3.060000 4.422000 1467045.870000 453085.253000 13.270095 80.566902 0.000000 -0.043000 0.334000 -0.023000 0.000000 0.000000
13:02:27 80.300003 -53.150002 0.000000 126.839996 354.651001 132.860001 10.825000 -3.060000 4.422000 1467045.977000 453085.244000 13.270095 80.566902 0.000000 -0.043000 0.334000 -0.023000 0.000000 0.000000
13:02:28 80.300003 -53.150002 0.000000 126.839996 354.651001 132.860001 10.825000 -3.060000 4.422000 1467046.084000 453085.234000 13.270095 80.566902 0.000000 -0.043000 0.334000 -0.023000 0.000000 0.000000
13:02:28 80.300003 -53.150002 0.000000 126.839996 354.651001 132.860001 10.825000 -3.060000 4.422000 0.004000 0.003500 13.270095 80.566902 0.000000 -0.043000 0.334000 -0.023000 0.000000 0.000000
13:02:28 80.300003 -53.150002 0.000000 126.839996 354.247009 132.860001 10.716000 -3.060000 4.459000 0.004000 0.003500 13.270104 80.566902 0.000000 -0.043000 0.334000 -0.023000 0.000000 0.000000
13:02:28 80.300003 -53.150002 0.000000 126.839996 354.194000 132.860001 10.704000 -3.060000 4.446000 1467046.647000 453085.271000 13.270105 80.566902 0.000000 -0.043000 0.334000 -0.023000 0.000000 0.000000
13:02:29 80.300003 -53.150002 0.000000 126.839996 354.140015 132.860001 10.692000 -3.060000 4.439000 1467046.755000 453085.262000 13.270106 80.566902 0.000000 -0.043000 0.334000 -0.023000 0.000000 0.000000
13:02:29 80.300003 -53.150002 0.000000 126.839996 354.140015 132.860001 10.692000 -3.060000 4.439000 1467046.906000 453085.264000 13.270106 80.566902 0.000000 -0.043000 0.334000 -0.023000 0.000000 0.000000
13:02:29 80.300003 -53.150002 0.000000 126.839996 354.140015 132.860001 10.692000 -3.060000 4.439000 1467047.014000 453085.254000 13.270106 80.566902 0.000000 -0.043000 0.334000 -0.023000 0.000000 0.000000
13:02:29 80.300003 -53.150002 0.000000 126.839996 354.140015 132.860001 10.692000 -3.060000 4.439000 1467047.121000 453085.244000 13.270106 80.566902 0.000000 -0.043000 0.334000 -0.023000 0.000000 0.000000
13:02:29 80.300003 -53.150002 0.000000 126.839996 354.140015 132.860001 10.692000 -3.060000 4.439000 1467047.229000 453085.235000 13.270106 80.566902 0.000000 -0.043000 0.334000 -0.023000 0.000000 0.000000
13:02:30 80.300003 -53.150002 0.000000 126.839996 354.140015 132.860001 10.692000 -3.060000 4.439000 1467047.336000 453085.225000 13.270106 80.566902 0.000000 -0.043000 0.334000 -0.023000 0.000000 0.000000
13:02:30 80.300003 -53.150002 0.000000 126.839996 354.140015 132.860001 10.692000 -3.060000 4.439000 0.004000 0.003500 13.270106 80.566902 0.000000 -0.043000 0.334000 -0.023000 0.000000 0.000000
13:02:30 80.300003 -53.150002 0.000000 126.839996 353.688995 132.860001 10.601000 -3.060000 4.400000 0.004000 0.003500 13.270116 80.566902 0.000000 -0.043000 0.334000 -0.023000 0.000000 0.000000
13:02:30 80.300003 -53.150002 0.000000 126.839996 353.630005 132.860001 10.591000 -3.060000 4.410000 1467047.883000 453085.287000 13.270117 80.566902 0.000000 -0.043000 0.334000 -0.023000 0.000000 0.000000
13:02:31 80.300003 -53.150002 0.000000 126.839996 353.571014 132.860001 10.582000 -3.060000 4.427000 1467047.991000 453085.275000 13.270118 80.566902 0.000000 -0.043000 0.334000 -0.023000 0.000000 0.000000
13:02:31 80.300003 -53.150002 0.000000 126.839996 353.571014 132.860001 10.582000 -3.060000 4.427000 1467048.098000 453085.263000 13.270118 80.566902 0.000000 -0.043000 0.334000 -0.023000 0.000000 0.000000
13:02:31 80.300003 -53.150002 0.000000 126.839996 353.571014 132.860001 10.582000 -3.060000 4.427000 1467048.251000 453085.256000 13.270118 80.566902 0.000000 -0.043000 0.334000 -0.023000 0.000000 0.000000
13:02:31 80.300003 -53.150002 0.000000 126.839996 353.571014 132.860001 10.582000 -3.060000 4.427000 1467048.359000 453085.244000 13.270118 80.566902 0.000000 -0.043000 0.334000 -0.023000 0.000000 0.000000
13:02:31 80.300003 -53.150002 0.000000 126.839996 353.571014 132.860001 10.582000 -3.060000 4.427000 1467048.476000 453085.232000 13.270118 80.566902 0.000000 -0.043000 0.334000 -0.023000 0.000000 0.000000
13:02:32 80.199997 -53.150002 0.000000 126.839996 353.571014 132.860001 10.582000 -3.060000 4.427000 1467048.593000 453085.220000 13.270118 80.566902 0.000000 -0.043000 0.334000 -0.023000 0.000000 0.000000
13:02:32 80.199997 -53.150002 0.000000 126.839996 353.571014 132.860001 10.582000 -3.060000 4.427000 1467048.710000 453085.207000 13.270118 80.566902 0.000000 -0.043000 0.334000 -0.023000 0.000000 0.000000
13:02:32 80.199997 -53.150002 0.000000 126.839996 353.072998 132.860001 10.552000 -3.060000 4.572000 0.004000 0.003500 13.270126 80.566902 0.000000 -0.043000 0.334000 -0.023000 0.000000 0.000000
13:02:32 80.199997 -53.150002 0.000000 126.839996 353.006012 132.860001 10.553000 -3.060000 4.555000 1467049.157000 453085.247000 13.270128 80.566902 0.000000 -0.043000 0.334000 -0.023000 0.000000 0.000000
13:02:33 80.199997 -53.150002 0.000000 126.839996 352.938995 132.860001 10.556000 -3.060000 4.533000 1467049.274000 453085.235000 13.270129 80.566902 0.000000 -0.043000 0.334000 -0.023000 0.000000 0.000000
13:02:33 80.199997 -53.150002 0.000000 126.839996 352.938995 132.860001 10.556000 -3.060000 4.533000 1467049.391000 453085.223000 13.270129 80.566902 0.000000 -0.043000 0.334000 -0.023000 0.000000 0.000000
13:02:33 80.199997 -53.150002 0.000000 126.839996 352.938995 132.860001 10.556000 -3.060000 4.533000 1467049.517000 453085.222000 13.270129 80.566902 0.000000 -0.043000 0.334000 -0.023000 0.000000 0.000000
13:02:33 80.199997 -53.150002 0.000000 126.839996 352.938995 132.860001 10.556000 -3.060000 4.533000 1467049.634000 453085.210000 13.270129 80.566902 0.000000 -0.043000 0.334000 -0.023000 0.000000 0.000000
13:02:33 80.199997 -53.150002 0.000000 126.839996 352.938995 132.860001 10.556000 -3.060000 4.533000 1467049.751000 453085.198000 13.270129 80.566902 0.000000 -0.043000 0.334000 -0.023000 0.000000 0.000000
13:02:34 80.199997 -53.150002 0.000000 126.839996 352.938995 132.860001 10.556000 -3.060000 4.533000 1467049.869000 453085.186000 13.270129 80.566902 0.000000 -0.043000 0.334000 -0.023000 0.000000 0.000000
13:02:34 80.199997 -53.150002 0.000000 126.839996 352.938995 132.860001 10.556000 -3.060000 4.533000 0.004000 0.003500 13.270129 80.566902 0.000000 -0.043000 0.334000 -0.023000 0.000000 0.000000
13:02:34 80.199997 -53.150002 0.000000 126.839996 352.368011 132.860001 10.629000 -3.060000 4.662000 0.004000 0.003500 13.270139 80.566902 0.000000 -0.043000 0.334000 -0.023000 0.000000 0.000000
13:02:34 80.199997 -53.150002 0.000000 126.839996 352.291992 132.860001 10.645000 -3.060000 4.659000 1467050.452000 453085.213000 13.270140 80.566902 0.000000 -0.043000 0.334000 -0.023000 0.000000 0.000000
13:02:35 80.199997 -53.150002 0.000000 126.839996 352.213989 132.860001 10.661000 -3.060000 4.646000 1467050.569000 453085.201000 13.270142 80.566902 0.000000 -0.043000 0.334000 -0.023000 0.000000 0.000000
13:02:35 80.199997 -53.150002 0.000000 126.839996 352.213989 132.860001 10.661000 -3.060000 4.646000 1467050.686000 453085.189000 13.270142 80.566902 0.000000 -0.043000 0.334000 -0.023000 0.000000 0.000000
13:02:35 80.199997 -53.150002 0.000000 126.839996 352.213989 132.860001 10.661000 -3.060000 4.646000 1467050.877000 453085.214000 13.270142 80.566902 0.000000 -0.043000 0.334000 -0.023000 0.000000 0.000000
13:02:35 80.199997 -53.150002 0.000000 126.839996 352.213989 132.860001 10.661000 -3.060000 4.646000 1467050.994000 453085.202000 13.270142 80.566902 0.000000 -0.043000 0.334000 -0.023000 0.000000 0.000000
13:02:35 80.199997 -53.150002 0.000000 126.839996 352.213989 132.860001 10.661000 -3.060000 4.646000 1467051.111000 453085.190000 13.270142 80.566902 0.000000 -0.043000 0.334000 -0.023000 0.000000 0.000000
13:02:36 80.199997 -53.150002 0.000000 126.839996 352.213989 132.860001 10.661000 -3.060000 4.646000 1467051.229000 453085.177000 13.270142 80.566902 0.000000 -0.043000 0.334000 -0.023000 0.000000 0.000000
13:02:36 80.199997 -53.150002 0.000000 126.839996 352.213989 132.860001 10.661000 -3.060000 4.646000 0.004000 0.003500 13.270142 80.566902 0.000000 -0.043000 0.334000 -0.023000 0.000000 0.000000
13:02:36 80.099998 -53.150002 0.000000 126.839996 351.563995 132.860001 10.795000 -3.060000 4.458000 0.004000 0.003500 13.270150 80.566902 0.000000 -0.043000 0.334000 -0.023000 0.000000 0.000000
13:02:36 80.099998 -53.150002 0.000000 126.839996 351.480011 132.860001 10.812000 -3.060000 4.483000 1467051.782000 453085.185000 13.270152 80.566902 0.000000 -0.043000 0.334000 -0.023000 0.000000 0.000000
13:02:37 80.099998 -53.150002 0.000000 126.839996 351.395996 132.860001 10.828000 -3.060000 4.524000 1467051.899000 453085.175000 13.270153 80.566902 0.000000 -0.043000 0.334000 -0.023000 0.000000 0.000000
13:02:37 80.099998 -53.150002 0.000000 126.839996 351.395996 132.860001 10.828000 -3.060000 4.524000 1467052.016000 453085.166000 13.270153 80.566902 0.000000 -0.043000 0.334000 -0.023000 0.000000 0.000000
13:02:37 80.099998 -53.150002 0.000000 126.839996 351.395996 132.860001 10.828000 -3.060000 4.524000 1467052.202000 453085.194000 13.270153 80.566902 0.000000 -0.043000 0.334000 -0.023000 0.000000 0.000000
13:02:37 80.099998 -53.150002 0.000000 126.839996 351.395996 132.860001 10.828000 -3.060000 4.524000 1467052.319000 453085.184000 13.270153 80.566902 0.000000 -0.043000 0.334000 -0.023000 0.000000 0.000000
13:02:37 80.099998 -53.150002 0.000000 126.839996 351.395996 132.860001 10.828000 -3.060000 4.524000 1467052.436000 453085.174000 13.270153 80.566902 0.000000 -0.043000 0.334000 -0.023000 0.000000 0.000000
13:02:38 80.099998 -53.150002 0.000000 126.839996 351.395996 132.860001 10.828000 -3.060000 4.524000 1467052.553000 453085.165000 13.270153 80.566902 0.000000 -0.043000 0.334000 -0.023000 0.000000 0.000000
13:02:38 80.099998 -53.150002 0.000000 126.839996 351.395996 132.860001 10.828000 -3.060000 4.524000 0.004000 0.003500 13.270153 80.566902 0.000000 -0.043000 0.334000 -0.023000 0.000000 0.000000
13:02:38 80.099998 -53.150002 0.000000 126.839996 350.707001 132.860001 10.938000 -3.060000 4.416000 0.004000 0.003500 13.270163 80.566902 0.000000 -0.043000 0.334000 -0.023000 0.000000 0.000000
13:02:38 80.099998 -53.150002 0.000000 126.839996 350.619995 132.860001 10.950000 -3.060000 4.432000 1467053.089000 453085.176000 13.270164 80.566902 0.000000 -0.043000 0.334000 -0.023000 0.000000 0.000000
13:02:39 80.099998 -53.150002 0.000000 126.839996 350.532990 132.860001 10.962000 -3.060000 4.456000 1467053.207000 453085.167000 13.270164 80.566902 0.000000 -0.043000 0.334000 -0.023000 0.000000 0.000000
13:02:39 80.099998 -53.150002 0.000000 126.839996 350.532990 132.860001 10.962000 -3.060000 4.456000 1467053.324000 453085.157000 13.270164 80.566902 0.000000 -0.043000 0.334000 -0.023000 0.000000 0.000000
13:02:39 80.099998 -53.150002 0.000000 126.839996 350.532990 132.860001 10.962000 -3.060000 4.456000 1467053.493000 453085.211000 13.270164 80.566902 0.000000 -0.043000 0.334000 -0.023000 0.000000 0.000000
13:02:39 80.099998 -53.150002 0.000000 126.839996 350.532990 132.860001 10.962000 -3.060000 4.456000 1467053.610000 453085.201000 13.270164 80.566902 0.000000 -0.043000 0.334000 -0.023000 0.000000 0.000000
13:02:39 80.099998 -53.150002 0.000000 126.839996 350.532990 132.860001 10.962000 -3.060000 4.456000 1467053.728000 453085.191000 13.270164 80.566902 0.000000 -0.043000 0.334000 -0.023000 0.000000 0.000000
13:02:40 80.099998 -53.150002 0.000000 126.839996 350.532990 132.860001 10.962000 -3.060000 4.456000 1467053.845000 453085.182000 13.270164 80.566902 0.000000 -0.043000 0.334000 -0.023000 0.000000 0.000000
13:02:40 80.099998 -53.150002 0.000000 126.839996 350.532990 132.860001 10.962000 -3.060000 4.456000 0.004000 0.003500 13.270164 80.566902 0.000000 -0.043000 0.334000 -0.023000 0.000000 0.000000
13:02:40 80.000000 -53.150002 0.000000 126.839996 349.828003 132.860001 11.031000 -3.060000 4.497000 0.004000 0.003500 13.270174 80.566902 0.000000 -0.043000 0.334000 -0.023000 0.000000 0.000000
13:02:40 80.000000 -53.150002 0.000000 126.839996 349.828003 132.860001 11.031000 -3.060000 4.497000 1467054.357000 453085.181000 13.270175 80.566902 0.000000 -0.043000 0.334000 -0.023000 0.000000 0.000000
13:02:41 80.000000 -53.150002 0.000000 126.839996 349.828003 132.860001 11.031000 -3.060000 4.497000 1467054.474000 453085.171000 13.270175 80.566902 0.000000 -0.043000 0.334000 -0.023000 0.000000 0.000000
13:02:41 80.000000 -53.150002 0.000000 126.839996 349.828003 132.860001 11.031000 -3.060000 4.497000 1467054.591000 453085.161000 13.270175 80.566902 0.000000 -0.043000 0.334000 -0.023000 0.000000 0.000000
13:02:41 80.000000 -53.150002 0.000000 126.839996 349.828003 132.860001 11.031000 -3.060000 4.497000 1467054.708000 453085.151000 13.270175 80.566902 0.000000 -0.043000 0.334000 -0.023000 0.000000 0.000000
13:02:41 80.000000 -53.150002 0.000000 126.839996 349.828003 132.860001 11.031000 -3.060000 4.497000 1467054.876000 453085.192000 13.270175 80.566902 0.000000 -0.043000 0.334000 -0.023000 0.000000 0.000000
13:02:41 80.000000 -53.150002 0.000000 126.839996 349.828003 132.860001 11.031000 -3.060000 4.497000 1467054.994000 453085.183000 13.270175 80.566902 0.000000 -0.043000 0.334000 -0.023000 0.000000 0.000000
13:02:42 80.000000 -53.150002 0.000000 126.839996 349.828003 132.860001 11.031000 -3.060000 4.497000 1467055.111000 453085.172000 13.270175 80.566902 0.000000 -0.043000 0.334000 -0.023000 0.000000 0.000000
13:02:42 80.000000 -53.150002 0.000000 126.839996 349.828003 132.860001 11.031000 -3.060000 4.497000 0.004000 0.003500 13.270175 80.566902 0.000000 -0.043000 0.334000 -0.023000 0.000000 0.000000
13:02:42 80.099998 -53.150002 0.000000 126.839996 348.917999 132.860001 11.094000 -3.060000 4.854000 0.004000 0.003500 13.270185 80.566902 0.000000 -0.043000 0.334000 -0.023000 0.000000 0.000000
13:02:42 80.099998 -53.150002 0.000000 126.839996 348.917999 132.860001 11.094000 -3.060000 4.854000 1467055.629000 453085.167000 13.270186 80.566902 0.000000 -0.043000 0.334000 -0.023000 0.000000 0.000000
13:02:43 80.099998 -53.150002 0.000000 126.839996 348.917999 132.860001 11.094000 -3.060000 4.854000 1467055.746000 453085.155000 13.270187 80.566902 0.000000 -0.043000 0.334000 -0.023000 0.000000 0.000000
13:02:43 80.000000 -53.150002 0.000000 126.839996 348.917999 132.860001 11.094000 -3.060000 4.854000 1467055.863000 453085.143000 13.270187 80.566902 0.000000 -0.043000 0.334000 -0.023000 0.000000 0.000000
13:02:43 80.000000 -53.150002 0.000000 126.839996 348.917999 132.860001 11.094000 -3.060000 4.854000 1467055.980000 453085.131000 13.270187 80.566902 0.000000 -0.043000 0.334000 -0.023000 0.000000 0.000000
13:02:43 80.000000 -53.150002 0.000000 126.839996 348.917999 132.860001 11.094000 -3.060000 4.854000 1467056.161000 453085.156000 13.270187 80.566902 0.000000 -0.043000 0.334000 -0.023000 0.000000 0.000000
13:02:43 80.000000 -53.150002 0.000000 126.839996 348.917999 132.860001 11.094000 -3.060000 4.854000 1467056.278000 453085.144000 13.270187 80.566902 0.000000 -0.043000 0.334000 -0.023000 0.000000 0.000000
13:02:44 80.000000 -53.150002 0.000000 126.839996 348.917999 132.860001 11.094000 -3.060000 4.854000 1467056.395000 453085.132000 13.270187 80.566902 0.000000 -0.043000 0.334000 -0.023000 0.000000 0.000000
13:02:44 80.000000 -53.150002 0.000000 126.839996 348.917999 132.860001 11.094000 -3.060000 4.854000 1467056.513000 453085.120000 13.270187 80.566902 0.000000 -0.043000 0.334000 -0.023000 0.000000 0.000000
13:02:44 80.000000 -53.150002 0.000000 126.839996 347.916992 132.860001 11.241000 -3.060000 4.740000 0.004000 0.003500 13.270197 80.566902 0.000000 -0.043000 0.334000 -0.023000 0.000000 0.000000
13:02:44 80.000000 -53.150002 0.000000 126.839996 347.812012 132.860001 11.256000 -3.060000 4.735000 1467056.940000 453085.121000 13.270198 80.566902 0.000000 -0.043000 0.334000 -0.023000 0.000000 0.000000
13:02:45 80.000000 -53.150002 0.000000 126.839996 347.705994 132.860001 11.270000 -3.060000 4.720000 1467057.057000 453085.108000 13.270200 80.566902 0.000000 -0.043000 0.334000 -0.023000 0.000000 0.000000
13:02:45 80.000000 -53.150002 0.000000 126.839996 347.705994 132.860001 11.270000 -3.060000 4.720000 1467057.174000 453085.096000 13.270200 80.566902 0.000000 -0.043000 0.334000 -0.023000 0.000000 0.000000
13:02:45 80.000000 -53.150002 0.000000 126.839996 347.705994 132.860001 11.270000 -3.060000 4.720000 1467057.291000 453085.084000 13.270200 80.566902 0.000000 -0.043000 0.334000 -0.023000 0.000000 0.000000
13:02:45 80.000000 -53.150002 0.000000 126.839996 347.705994 132.860001 11.270000 -3.060000 4.720000 1467057.478000 453085.122000 13.270200 80.566902 0.000000 -0.043000 0.334000 -0.023000 0.000000 0.000000
13:02:45 80.000000 -53.150002 0.000000 126.839996 347.705994 132.860001 11.270000 -3.060000 4.720000 1467057.595000 453085.110000 13.270200 80.566902 0.000000 -0.043000 0.334000 -0.023000 0.000000 0.000000
13:02:46 80.000000 -53.150002 0.000000 126.839996 347.705994 132.860001 11.270000 -3.060000 4.720000 1467057.712000 453085.098000 13.270200 80.566902 0.000000 -0.043000 0.334000 -0.023000 0.000000 0.000000
13:02:46 80.000000 -53.150002 0.000000 126.839996 347.705994 132.860001 11.270000 -3.060000 4.720000 0.004000 0.003500 13.270200 80.566902 0.000000 -0.043000 0.334000 -0.023000 0.000000 0.000000
13:02:46 80.000000 -53.150002 0.000000 126.839996 346.841003 132.860001 11.331000 -3.060000 4.552000 0.004000 0.003500 13.270209 80.566902 0.000000 -0.043000 0.334000 -0.023000 0.000000 0.000000
13:02:46 80.000000 -53.150002 0.000000 126.839996 346.730988 132.860001 11.333000 -3.060000 4.564000 1467058.231000 453085.090000 13.270210 80.566902 0.000000 -0.043000 0.334000 -0.023000 0.000000 0.000000
13:02:47 80.000000 -53.150002 0.000000 126.839996 346.622009 132.860001 11.334000 -3.060000 4.581000 1467058.338000 453085.080000 13.270211 80.566902 0.000000 -0.043000 0.334000 -0.023000 0.000000 0.000000
13:02:47 80.000000 -53.150002 0.000000 126.839996 346.622009 132.860001 11.334000 -3.060000 4.581000 1467058.446000 453085.070000 13.270211 80.566902 0.000000 -0.043000 0.334000 -0.023000 0.000000 0.000000
13:02:47 80.000000 -53.150002 0.000000 126.839996 346.622009 132.860001 11.334000 -3.060000 4.581000 1467058.553000 453085.061000 13.270211 80.566902 0.000000 -0.043000 0.334000 -0.023000 0.000000 0.000000
13:02:47 80.000000 -53.150002 0.000000 126.839996 346.622009 132.860001 11.334000 -3.060000 4.581000 1467058.739000 453085.089000 13.270211 80.566902 0.000000 -0.043000 0.334000 -0.023000 0.000000 0.000000
13:02:47 80.000000 -53.150002 0.000000 126.839996 346.622009 132.860001 11.334000 -3.060000 4.581000 1467058.846000 453085.079000 13.270211 80.566902 0.000000 -0.043000 0.334000 -0.023000 0.000000 0.000000
13:02:48 80.000000 -53.150002 0.000000 126.839996 346.622009 132.860001 11.334000 -3.060000 4.581000 1467058.954000 453085.069000 13.270211 80.566902 0.000000 -0.043000 0.334000 -0.023000 0.000000 0.000000
13:02:48 80.000000 -53.150002 0.000000 126.839996 346.622009 132.860001 11.334000 -3.060000 4.581000 1467059.061000 453085.060000 13.270211 80.566902 0.000000 -0.043000 0.334000 -0.023000 0.000000 0.000000
13:02:48 79.900002 -53.150002 0.000000 126.839996 345.746002 132.860001 11.324000 -3.060000 4.691000 0.004000 0.003500 13.270220 80.566902 0.000000 -0.043000 0.334000 -0.023000 0.000000 0.000000
13:02:48 79.900002 -53.150002 0.000000 126.839996 345.638000 132.860001 11.320000 -3.060000 4.667000 1467059.458000 453085.068000 13.270221 80.566902 0.000000 -0.043000 0.334000 -0.023000 0.000000 0.000000
13:02:49 79.900002 -53.150002 0.000000 126.839996 345.528992 132.860001 11.316000 -3.060000 4.647000 1467059.566000 453085.059000 13.270222 80.566902 0.000000 -0.043000 0.334000 -0.023000 0.000000 0.000000
13:02:49 79.900002 -53.150002 0.000000 126.839996 345.528992 132.860001 11.316000 -3.060000 4.647000 1467059.673000 453085.049000 13.270222 80.566902 0.000000 -0.043000 0.334000 -0.023000 0.000000 0.000000
13:02:49 80.000000 -53.150002 0.000000 126.839996 345.528992 132.860001 11.316000 -3.060000 4.647000 1467059.781000 453085.039000 13.270222 80.566902 0.000000 -0.043000 0.334000 -0.023000 0.000000 0.000000
13:02:49 80.000000 -53.150002 0.000000 126.839996 345.528992 132.860001 11.316000 -3.060000 4.647000 1467059.956000 453085.080000 13.270222 80.566902 0.000000 -0.043000 0.334000 -0.023000 0.000000 0.000000
13:02:49 80.000000 -53.150002 0.000000 126.839996 345.528992 132.860001 11.316000 -3.060000 4.647000 1467060.063000 453085.070000 13.270222 80.566902 0.000000 -0.043000 0.334000 -0.023000 0.000000 0.000000
13:02:50 80.000000 -53.150002 0.000000 126.839996 345.528992 132.860001 11.316000 -3.060000 4.647000 1467060.170000 453085.061000 13.270222 80.566902 0.000000 -0.043000 0.334000 -0.023000 0.000000 0.000000
13:02:50 79.900002 -53.150002 0.000000 126.839996 345.528992 132.860001 11.316000 -3.060000 4.647000 0.004000 0.003500 13.270222 80.566902 0.000000 -0.043000 0.334000 -0.023000 0.000000 0.000000
13:02:50 79.900002 -53.150002 0.000000 126.839996 344.665009 132.860001 11.275000 -3.060000 4.795000 0.004000 0.003500 13.270231 80.566902 0.000000 -0.043000 0.334000 -0.023000 0.000000 0.000000
13:02:50 79.900002 -53.150002 0.000000 126.839996 344.557007 132.860001 11.269000 -3.060000 4.826000 1467060.679000 453085.059000 13.270232 80.566902 0.000000 -0.043000 0.334000 -0.023000 0.000000 0.000000
13:02:51 79.900002 -53.150002 0.000000 126.839996 344.450012 132.860001 11.262000 -3.060000 4.861000 1467060.796000 453085.050000 13.270233 80.566902 0.000000 -0.043000 0.334000 -0.023000 0.000000 0.000000
13:02:51 79.900002 -53.150002 0.000000 126.839996 344.450012 132.860001 11.262000 -3.060000 4.861000 1467060.914000 453085.040000 13.270233 80.566902 0.000000 -0.043000 0.334000 -0.023000 0.000000 0.000000
13:02:51 79.900002 -53.150002 0.000000 126.839996 344.450012 132.860001 11.262000 -3.060000 4.861000 1467061.031000 453085.030000 13.270233 80.566902 0.000000 -0.043000 0.334000 -0.023000 0.000000 0.000000
13:02:51 79.900002 -53.150002 0.000000 126.839996 344.450012 132.860001 11.262000 -3.060000 4.861000 1467061.148000 453085.020000 13.270233 80.566902 0.000000 -0.043000 0.334000 -0.023000 0.000000 0.000000
13:02:51 79.900002 -53.150002 0.000000 126.839996 344.450012 132.860001 11.262000 -3.060000 4.861000 1467061.299000 453085.062000 13.270233 80.566902 0.000000 -0.043000 0.334000 -0.023000 0.000000 0.000000
13:02:52 80.000000 -53.150002 0.000000 126.839996 344.450012 132.860001 11.262000 -3.060000 4.861000 1467061.416000 453085.052000 13.270233 80.566902 0.000000 -0.043000 0.334000 -0.023000 0.000000 0.000000
13:02:52 80.000000 -53.150002 0.000000 126.839996 344.450012 132.860001 11.262000 -3.060000 4.861000 0.004000 0.003500 13.270233 80.566902 0.000000 -0.043000 0.334000 -0.023000 0.000000 0.000000
13:02:52 80.000000 -53.150002 0.000000 126.839996 343.580994 132.860001 11.224000 -3.060000 4.960000 0.004000 0.003500 13.270243 80.566902 0.000000 -0.043000 0.334000 -0.023000 0.000000 0.000000
13:02:52 80.000000 -53.150002 0.000000 126.839996 343.471008 132.860001 11.221000 -3.060000 4.949000 1467061.946000 453085.051000 13.270244 80.566902 0.000000 -0.043000 0.334000 -0.023000 0.000000 0.000000
13:02:53 80.000000 -53.150002 0.000000 126.839996 343.360992 132.860001 11.216000 -3.060000 4.917000 1467062.063000 453085.041000 13.270245 80.566902 0.000000 -0.043000 0.334000 -0.023000 0.000000 0.000000
13:02:53 80.000000 -53.150002 0.000000 126.839996 343.360992 132.860001 11.216000 -3.060000 4.917000 0.004000 0.003500 13.270245 80.566902 0.000000 -0.043000 0.334000 -0.023000 0.000000 0.000000
13:02:53 80.000000 -53.150002 0.000000 126.839996 343.027008 132.860001 11.194000 -3.060000 4.749000 0.004000 0.003500 13.270248 80.566902 0.000000 -0.043000 0.334000 -0.023000 0.000000 0.000000
13:02:53 80.000000 -53.150002 0.000000 126.839996 342.915985 132.860001 11.183000 -3.060000 4.691000 1467062.614000 453085.040000 13.270249 80.566902 0.000000 -0.043000 0.334000 -0.023000 0.000000 0.000000
13:02:54 80.000000 -53.150002 0.000000 126.839996 342.803986 132.860001 11.172000 -3.060000 4.639000 1467062.731000 453085.030000 13.270250 80.566902 0.000000 -0.043000 0.334000 -0.023000 0.000000 0.000000
13:02:54 80.000000 -53.150002 0.000000 126.839996 342.803986 132.860001 11.172000 -3.060000 4.639000 1467062.849000 453085.020000 13.270250 80.566902 0.000000 -0.043000 0.334000 -0.023000 0.000000 0.000000
13:02:54 80.000000 -53.150002 0.000000 126.839996 342.803986 132.860001 11.172000 -3.060000 4.639000 1467062.966000 453085.011000 13.270250 80.566902 0.000000 -0.043000 0.334000 -0.023000 0.000000 0.000000
13:02:54 79.900002 -53.150002 0.000000 126.839996 342.803986 132.860001 11.172000 -3.060000 4.639000 1467063.083000 453085.001000 13.270250 80.566902 0.000000 -0.043000 0.334000 -0.023000 0.000000 0.000000
13:02:54 79.900002 -53.150002 0.000000 126.839996 342.803986 132.860001 11.172000 -3.060000 4.639000 1467063.295000 453085.029000 13.270250 80.566902 0.000000 -0.043000 0.334000 -0.023000 0.000000 0.000000
13:02:55 79.900002 -53.150002 0.000000 126.839996 342.803986 132.860001 11.172000 -3.060000 4.639000 1467063.412000 453085.020000 13.270250 80.566902 0.000000 -0.043000 0.334000 -0.023000 0.000000 0.000000
13:02:55 79.900002 -53.150002 0.000000 126.839996 342.803986 132.860001 11.172000 -3.060000 4.639000 1467063.529000 453085.010000 13.270250 80.566902 0.000000 -0.043000 0.334000 -0.023000 0.000000 0.000000
13:02:55 80.000000 -53.150002 0.000000 126.839996 341.915985 132.860001 11.061000 -3.060000 4.935000 0.004000 0.003500 13.270261 80.566902 0.000000 -0.043000 0.334000 -0.023000 0.000000 0.000000
13:02:55 80.000000 -53.150002 0.000000 126.839996 341.804993 132.860001 11.046000 -3.060000 4.946000 1467063.976000 453085.031000 13.270262 80.566902 0.000000 -0.043000 0.334000 -0.023000 0.000000 0.000000
13:02:56 80.000000 -53.150002 0.000000 126.839996 341.695007 132.860001 11.031000 -3.060000 4.925000 1467064.093000 453085.022000 13.270263 80.566902 0.000000 -0.043000 0.334000 -0.023000 0.000000 0.000000
13:02:56 80.000000 -53.150002 0.000000 126.839996 341.695007 132.860001 11.031000 -3.060000 4.925000 1467064.210000 453085.012000 13.270263 80.566902 0.000000 -0.043000 0.334000 -0.023000 0.000000 0.000000
13:02:56 79.900002 -53.150002 0.000000 126.839996 341.695007 132.860001 11.031000 -3.060000 4.925000 1467064.327000 453085.002000 13.270263 80.566902 0.000000 -0.043000 0.334000 -0.023000 0.000000 0.000000
13:02:56 79.900002 -53.150002 0.000000 126.839996 341.695007 132.860001 11.031000 -3.060000 4.925000 1467064.444000 453084.992000 13.270263 80.566902 0.000000 -0.043000 0.334000 -0.023000 0.000000 0.000000
13:02:56 79.900002 -53.150002 0.000000 126.839996 341.695007 132.860001 11.031000 -3.060000 4.925000 1467064.655000 453085.021000 13.270263 80.566902 0.000000 -0.043000 0.334000 -0.023000 0.000000 0.000000
13:02:57 79.900002 -53.150002 0.000000 126.839996 341.695007 132.860001 11.031000 -3.060000 4.925000 1467064.772000 453085.011000 13.270263 80.566902 0.000000 -0.043000 0.334000 -0.023000 0.000000 0.000000
13:02:57 79.900002 -53.150002 0.000000 126.839996 341.695007 132.860001 11.031000 -3.060000 4.925000 0.004000 0.003500 13.270263 80.566902 0.000000 -0.043000 0.334000 -0.023000 0.000000 0.000000
13:02:57 79.900002 -53.150002 0.000000 126.839996 340.813995 132.860001 10.931000 -3.060000 4.870000 0.004000 0.003500 13.270273 80.566902 0.000000 -0.043000 0.334000 -0.023000 0.000000 0.000000
13:02:57 79.900002 -53.150002 0.000000 126.839996 340.704010 132.860001 10.924000 -3.060000 4.935000 1467065.312000 453085.023000 13.270274 80.566902 0.000000 -0.043000 0.334000 -0.023000 0.000000 0.000000
13:02:58 79.900002 -53.150002 0.000000 126.839996 340.592987 132.860001 10.918000 -3.060000 4.987000 1467065.429000 453085.014000 13.270275 80.566902 0.000000 -0.043000 0.334000 -0.023000 0.000000 0.000000
13:02:58 79.900002 -53.150002 0.000000 126.839996 340.592987 132.860001 10.918000 -3.060000 4.987000 1467065.546000 453085.007000 13.270275 80.566902 0.000000 -0.043000 0.334000 -0.023000 0.000000 0.000000
13:02:58 79.900002 -53.150002 0.000000 126.839996 340.592987 132.860001 10.918000 -3.060000 4.987000 1467065.664000 453085.000000 13.270275 80.566902 0.000000 -0.043000 0.334000 -0.023000 0.000000 0.000000
13:02:58 79.900002 -53.150002 0.000000 126.839996 340.592987 132.860001 10.918000 -3.060000 4.987000 1467065.781000 453084.992000 13.270275 80.566902 0.000000 -0.043000 0.334000 -0.023000 0.000000 0.000000
13:02:58 79.900002 -53.150002 0.000000 126.839996 340.592987 132.860001 10.918000 -3.060000 4.987000 1467065.947000 453085.026000 13.270275 80.566902 0.000000 -0.043000 0.334000 -0.023000 0.000000 0.000000
13:02:59 80.000000 -53.150002 0.000000 126.839996 340.592987 132.860001 10.918000 -3.060000 4.987000 1467066.064000 453085.018000 13.270275 80.566902 0.000000 -0.043000 0.334000 -0.023000 0.000000 0.000000
13:02:59 80.000000 -53.150002 0.000000 126.839996 340.592987 132.860001 10.918000 -3.060000 4.987000 0.004000 0.003500 13.270275 80.566902 0.000000 -0.043000 0.334000 -0.023000 0.000000 0.000000
13:02:59 80.000000 -53.150002 0.000000 126.839996 339.704010 132.860001 10.925000 -3.060000 5.065000 0.004000 0.003500 13.270285 80.566902 0.000000 -0.043000 0.334000 -0.023000 0.000000 0.000000
13:02:59 79.900002 -53.150002 0.000000 126.839996 339.591003 132.860001 10.934000 -3.060000 5.061000 1467066.576000 453085.040000 13.270286 80.566902 0.000000 -0.043000 0.334000 -0.023000 0.000000 0.000000
13:03:00 79.900002 -53.150002 0.000000 126.839996 339.477997 132.860001 10.943000 -3.060000 5.065000 1467066.693000 453085.033000 13.270287 80.566902 0.000000 -0.043000 0.334000 -0.023000 0.000000 0.000000
13:03:00 79.900002 -53.150002 0.000000 126.839996 339.477997 132.860001 10.943000 -3.060000 5.065000 1467066.811000 453085.026000 13.270287 80.566902 0.000000 -0.043000 0.334000 -0.023000 0.000000 0.000000
13:03:00 79.900002 -53.150002 0.000000 126.839996 339.477997 132.860001 10.943000 -3.060000 5.065000 1467066.928000 453085.018000 13.270287 80.566902 0.000000 -0.043000 0.334000 -0.023000 0.000000 0.000000
13:03:00 79.900002 -53.150002 0.000000 126.839996 339.477997 132.860001 10.943000 -3.060000 5.065000 1467067.045000 453085.011000 13.270287 80.566902 0.000000 -0.043000 0.334000 -0.023000 0.000000 0.000000
13:03:00 79.900002 -53.150002 0.000000 126.839996 339.477997 132.860001 10.943000 -3.060000 5.065000 1467067.198000 453085.055000 13.270287 80.566902 0.000000 -0.043000 0.334000 -0.023000 0.000000 0.000000
13:03:01 79.900002 -53.150002 0.000000 126.839996 339.477997 132.860001 10.943000 -3.060000 5.065000 1467067.315000 453085.048000 13.270287 80.566902 0.000000 -0.043000 0.334000 -0.023000 0.000000 0.000000
13:03:01 79.900002 -53.150002 0.000000 126.839996 339.477997 132.860001 10.943000 -3.060000 5.065000 1467067.432000 453085.040000 13.270287 80.566902 0.000000 -0.043000 0.334000 -0.023000 0.000000 0.000000
13:03:01 79.900002 -53.150002 0.000000 126.839996 338.562012 132.860001 11.041000 -3.060000 4.941000 0.004000 0.003500 13.270295 80.566902 0.000000 -0.043000 0.334000 -0.023000 0.000000 0.000000
13:03:01 79.900002 -53.150002 0.000000 126.839996 338.446014 132.860001 11.052000 -3.060000 4.885000 1467067.784000 453085.018000 13.270296 80.566902 0.000000 -0.043000 0.334000 -0.023000 0.000000 0.000000
13:03:02 79.900002 -53.150002 0.000000 126.839996 338.330994 132.860001 11.062000 -3.060000 4.841000 1467067.934000 453085.049000 13.270298 80.566902 0.000000 -0.043000 0.334000 -0.023000 0.000000 0.000000
13:03:02 79.900002 -53.150002 0.000000 126.839996 338.330994 132.860001 11.062000 -3.060000 4.841000 1467068.051000 453085.042000 13.270298 80.566902 0.000000 -0.043000 0.334000 -0.023000 0.000000 0.000000
13:03:02 79.900002 -53.150002 0.000000 126.839996 338.330994 132.860001 11.062000 -3.060000 4.841000 1467068.168000 453085.035000 13.270298 80.566902 0.000000 -0.043000 0.334000 -0.023000 0.000000 0.000000
13:03:02 79.900002 -53.150002 0.000000 126.839996 338.330994 132.860001 11.062000 -3.060000 4.841000 1467068.286000 453085.028000 13.270298 80.566902 0.000000 -0.043000 0.334000 -0.023000 0.000000 0.000000
13:03:02 79.900002 -53.150002 0.000000 126.839996 338.330994 132.860001 11.062000 -3.060000 4.841000 1467068.403000 453085.023000 13.270298 80.566902 0.000000 -0.043000 0.334000 -0.023000 0.000000 0.000000
13:03:03 79.900002 -53.150002 0.000000 126.839996 338.330994 132.860001 11.062000 -3.060000 4.841000 1467068.551000 453085.078000 13.270298 80.566902 0.000000 -0.043000 0.334000 -0.023000 0.000000 0.000000
13:03:03 79.900002 -53.150002 0.000000 126.839996 338.330994 132.860001 11.062000 -3.060000 4.841000 0.004000 0.003500 13.270298 80.566902 0.000000 -0.043000 0.334000 -0.023000 0.000000 0.000000
13:03:03 79.900002 -53.150002 0.000000 126.839996 337.415985 132.860001 11.118000 -3.060000 4.913000 0.004000 0.003500 13.270307 80.566902 0.000000 -0.043000 0.334000 -0.023000 0.000000 0.000000
13:03:03 79.900002 -53.150002 0.000000 126.839996 337.303009 132.860001 11.121000 -3.060000 4.929000 1467069.020000 453085.052000 13.270308 80.566902 0.000000 -0.043000 0.334000 -0.023000 0.000000 0.000000
13:03:04 79.900002 -53.150002 0.000000 126.839996 337.191010 132.860001 11.125000 -3.060000 4.945000 1467069.171000 453085.092000 13.270308 80.566902 0.000000 -0.043000 0.334000 -0.023000 0.000000 0.000000
13:03:04 79.900002 -53.150002 0.000000 126.839996 337.191010 132.860001 11.125000 -3.060000 4.945000 1467069.289000 453085.084000 13.270308 80.566902 0.000000 -0.043000 0.334000 -0.023000 0.000000 0.000000
13:03:04 79.900002 -53.150002 0.000000 126.839996 337.191010 132.860001 11.125000 -3.060000 4.945000 1467069.406000 453085.077000 13.270308 80.566902 0.000000 -0.043000 0.334000 -0.023000 0.000000 0.000000
13:03:04 79.900002 -53.150002 0.000000 126.839996 337.191010 132.860001 11.125000 -3.060000 4.945000 1467069.523000 453085.070000 13.270308 80.566902 0.000000 -0.043000 0.334000 -0.023000 0.000000 0.000000
13:03:04 79.900002 -53.150002 0.000000 126.839996 337.191010 132.860001 11.125000 -3.060000 4.945000 1467069.640000 453085.062000 13.270308 80.566902 0.000000 -0.043000 0.334000 -0.023000 0.000000 0.000000
13:03:05 79.900002 -53.150002 0.000000 126.839996 337.191010 132.860001 11.125000 -3.060000 4.945000 1467069.792000 453085.119000 13.270308 80.566902 0.000000 -0.043000 0.334000 -0.023000 0.000000 0.000000
13:03:05 79.900002 -53.150002 0.000000 126.839996 337.191010 132.860001 11.125000 -3.060000 4.945000 1467069.909000 453085.112000 13.270308 80.566902 0.000000 -0.043000 0.334000 -0.023000 0.000000 0.000000
13:03:05 79.900002 -53.150002 0.000000 126.839996 336.303009 132.860001 11.129000 -3.060000 4.764000 0.004000 0.003500 13.270318 80.566902 0.000000 -0.043000 0.334000 -0.023000 0.000000 0.000000
13:03:05 79.900002 -53.150002 0.000000 126.839996 336.195007 132.860001 11.126000 -3.060000 4.748000 1467070.261000 453085.090000 13.270319 80.566902 0.000000 -0.043000 0.334000 -0.023000 0.000000 0.000000
13:03:06 79.900002 -53.150002 0.000000 126.839996 336.087006 132.860001 11.123000 -3.060000 4.746000 1467070.419000 453085.134000 13.270320 80.566902 0.000000 -0.043000 0.334000 -0.023000 0.000000 0.000000
13:03:06 79.900002 -53.150002 0.000000 126.839996 336.087006 132.860001 11.123000 -3.060000 4.746000 1467070.536000 453085.127000 13.270320 80.566902 0.000000 -0.043000 0.334000 -0.023000 0.000000 0.000000
13:03:06 79.900002 -53.150002 0.000000 126.839996 336.087006 132.860001 11.123000 -3.060000 4.746000 1467070.653000 453085.120000 13.270320 80.566902 0.000000 -0.043000 0.334000 -0.023000 0.000000 0.000000
13:03:06 79.900002 -53.150002 0.000000 126.839996 336.087006 132.860001 11.123000 -3.060000 4.746000 1467070.770000 453085.112000 13.270320 80.566902 0.000000 -0.043000 0.334000 -0.023000 0.000000 0.000000
13:03:06 79.900002 -53.150002 0.000000 126.839996 336.087006 132.860001 11.123000 -3.060000 4.746000 1467070.888000 453085.105000 13.270320 80.566902 0.000000 -0.043000 0.334000 -0.023000 0.000000 0.000000
13:03:07 79.900002 -53.150002 0.000000 126.839996 336.087006 132.860001 11.123000 -3.060000 4.746000 1467071.066000 453085.148000 13.270320 80.566902 0.000000 -0.043000 0.334000 -0.023000 0.000000 0.000000
13:03:07 79.900002 -53.150002 0.000000 126.839996 336.087006 132.860001 11.123000 -3.060000 4.746000 1467071.184000 453085.138000 13.270320 80.566902 0.000000 -0.043000 0.334000 -0.023000 0.000000 0.000000
13:03:07 79.900002 -53.150002 0.000000 126.839996 335.257996 132.860001 11.068000 -3.060000 4.890000 0.004000 0.003500 13.270329 80.566902 0.000000 -0.043000 0.334000 -0.023000 0.000000 0.000000
13:03:07 79.900002 -53.150002 0.000000 126.839996 335.257996 132.860001 11.068000 -3.060000 4.890000 1467071.535000 453085.109000 13.270330 80.566902 0.000000 -0.043000 0.334000 -0.023000 0.000000 0.000000
13:03:08 79.900002 -53.150002 0.000000 126.839996 335.257996 132.860001 11.068000 -3.060000 4.890000 1467071.726000 453085.150000 13.270332 80.566902 0.000000 -0.043000 0.334000 -0.023000 0.000000 0.000000
13:03:08 79.900002 -53.150002 0.000000 126.839996 335.257996 132.860001 11.068000 -3.060000 4.890000 1467071.843000 453085.140000 13.270332 80.566902 0.000000 -0.043000 0.334000 -0.023000 0.000000 0.000000
13:03:08 79.900002 -53.150002 0.000000 126.839996 335.257996 132.860001 11.068000 -3.060000 4.890000 1467071.960000 453085.131000 13.270332 80.566902 0.000000 -0.043000 0.334000 -0.023000 0.000000 0.000000
13:03:08 79.900002 -53.150002 0.000000 126.839996 335.257996 132.860001 11.068000 -3.060000 4.890000 1467072.078000 453085.121000 13.270332 80.566902 0.000000 -0.043000 0.334000 -0.023000 0.000000 0.000000
13:03:08 79.900002 -53.150002 0.000000 126.839996 335.257996 132.860001 11.068000 -3.060000 4.890000 1467072.195000 453085.111000 13.270332 80.566902 0.000000 -0.043000 0.334000 -0.023000 0.000000 0.000000
13:03:09 79.900002 -53.150002 0.000000 126.839996 335.257996 132.860001 11.068000 -3.060000 4.890000 1467072.395000 453085.139000 13.270332 80.566902 0.000000 -0.043000 0.334000 -0.023000 0.000000 0.000000
13:03:09 79.900002 -53.150002 0.000000 126.839996 334.376007 132.860001 11.010000 -3.060000 5.234000 0.004000 0.003500 13.270341 80.566902 0.000000 -0.043000 0.334000 -0.023000 0.000000 0.000000
13:03:09 79.900002 -53.150002 0.000000 126.839996 334.376007 132.860001 11.010000 -3.060000 5.234000 1467072.746000 453085.110000 13.270342 80.566902 0.000000 -0.043000 0.334000 -0.023000 0.000000 0.000000
13:03:09 79.900002 -53.150002 0.000000 126.839996 334.376007 132.860001 11.010000 -3.060000 5.234000 1467072.863000 453085.100000 13.270343 80.566902 0.000000 -0.043000 0.334000 -0.023000 0.000000 0.000000
13:03:10 79.900002 -53.150002 0.000000 126.839996 334.376007 132.860001 11.010000 -3.060000 5.234000 1467073.078000 453085.129000 13.270343 80.566902 0.000000 -0.043000 0.334000 -0.023000 0.000000 0.000000
13:03:10 79.900002 -53.150002 0.000000 126.839996 334.376007 132.860001 11.010000 -3.060000 5.234000 1467073.195000 453085.119000 13.270343 80.566902 0.000000 -0.043000 0.334000 -0.023000 0.000000 0.000000
13:03:10 79.900002 -53.150002 0.000000 126.839996 334.376007 132.860001 11.010000 -3.060000 5.234000 1467073.312000 453085.109000 13.270343 80.566902 0.000000 -0.043000 0.334000 -0.023000 0.000000 0.000000
13:03:10 79.900002 -53.150002 0.000000 126.839996 334.376007 132.860001 11.010000 -3.060000 5.234000 1467073.430000 453085.100000 13.270343 80.566902 0.000000 -0.043000 0.334000 -0.023000 0.000000 0.000000
13:03:10 79.900002 -53.150002 0.000000 126.839996 334.376007 132.860001 11.010000 -3.060000 5.234000 1467073.547000 453085.093000 13.270343 80.566902 0.000000 -0.043000 0.334000 -0.023000 0.000000 0.000000
13:03:11 79.900002 -53.150002 0.000000 126.839996 334.376007 132.860001 11.010000 -3.060000 5.234000 1467073.768000 453085.131000 13.270343 80.566902 0.000000 -0.043000 0.334000 -0.023000 0.000000 0.000000
13:03:11 79.900002 -53.150002 0.000000 126.839996 333.432007 132.860001 10.970000 -3.060000 5.043000 0.004000 0.003500 13.270353 80.566902 0.000000 -0.043000 0.334000 -0.023000 0.000000 0.000000
13:03:11 79.900002 -53.150002 0.000000 126.839996 333.432007 132.860001 10.970000 -3.060000 5.043000 1467074.120000 453085.109000 13.270354 80.566902 0.000000 -0.043000 0.334000 -0.023000 0.000000 0.000000
13:03:11 79.900002 -53.150002 0.000000 126.839996 333.432007 132.860001 10.970000 -3.060000 5.043000 1467074.237000 453085.102000 13.270355 80.566902 0.000000 -0.043000 0.334000 -0.023000 0.000000 0.000000
13:03:12 79.900002 -53.150002 0.000000 126.839996 333.432007 132.860001 10.970000 -3.060000 5.043000 1467074.354000 453085.094000 13.270355 80.566902 0.000000 -0.043000 0.334000 -0.023000 0.000000 0.000000
13:03:12 79.900002 -53.150002 0.000000 126.839996 333.432007 132.860001 10.970000 -3.060000 5.043000 1467074.555000 453085.128000 13.270355 80.566902 0.000000 -0.043000 0.334000 -0.023000 0.000000 0.000000
13:03:12 79.900002 -53.150002 0.000000 126.839996 333.432007 132.860001 10.970000 -3.060000 5.043000 1467074.672000 453085.123000 13.270355 80.566902 0.000000 -0.043000 0.334000 -0.023000 0.000000 0.000000
13:03:12 79.900002 -53.150002 0.000000 126.839996 333.432007 132.860001 10.970000 -3.060000 5.043000 1467074.790000 453085.118000 13.270355 80.566902 0.000000 -0.043000 0.334000 -0.023000 0.000000 0.000000
13:03:12 80.000000 -53.150002 0.000000 126.839996 333.432007 132.860001 10.970000 -3.060000 5.043000 1467074.907000 453085.113000 13.270355 80.566902 0.000000 -0.043000 0.334000 -0.023000 0.000000 0.000000
13:03:13 80.000000 -53.150002 0.000000 126.839996 333.432007 132.860001 10.970000 -3.060000 5.043000 1467075.024000 453085.108000 13.270355 80.566902 0.000000 -0.043000 0.334000 -0.023000 0.000000 0.000000
13:03:13 80.000000 -53.150002 0.000000 126.839996 333.432007 132.860001 10.970000 -3.060000 5.043000 1467075.201000 453085.129000 13.270355 80.566902 0.000000 -0.043000 0.334000 -0.023000 0.000000 0.000000
13:03:13 80.000000 -53.150002 0.000000 126.839996 332.459991 132.860001 10.986000 -3.060000 4.770000 0.004000 0.003500 13.270366 80.566902 0.000000 -0.043000 0.334000 -0.023000 0.000000 0.000000
13:03:13 80.000000 -53.150002 0.000000 126.839996 332.377991 132.860001 10.992000 -3.060000 4.789000 1467075.529000 453085.119000 13.270367 80.566902 0.000000 -0.043000 0.334000 -0.023000 0.000000 0.000000
13:03:14 80.000000 -53.150002 0.000000 126.839996 332.295990 132.860001 10.998000 -3.060000 4.843000 1467075.636000 453085.116000 13.270368 80.566902 0.000000 -0.043000 0.334000 -0.023000 0.000000 0.000000
13:03:14 80.000000 -53.150002 0.000000 126.839996 332.295990 132.860001 10.998000 -3.060000 4.843000 1467075.830000 453085.171000 13.270368 80.566902 0.000000 -0.043000 0.334000 -0.023000 0.000000 0.000000
13:03:14 80.000000 -53.150002 0.000000 126.839996 332.295990 132.860001 10.998000 -3.060000 4.843000 1467075.937000 453085.169000 13.270368 80.566902 0.000000 -0.043000 0.334000 -0.023000 0.000000 0.000000
13:03:14 80.000000 -53.150002 0.000000 126.839996 332.295990 132.860001 10.998000 -3.060000 4.843000 1467076.044000 453085.166000 13.270368 80.566902 0.000000 -0.043000 0.334000 -0.023000 0.000000 0.000000
13:03:14 80.000000 -53.150002 0.000000 126.839996 332.295990 132.860001 10.998000 -3.060000 4.843000 1467076.152000 453085.164000 13.270368 80.566902 0.000000 -0.043000 0.334000 -0.023000 0.000000 0.000000
13:03:15 80.000000 -53.150002 0.000000 126.839996 332.295990 132.860001 10.998000 -3.060000 4.843000 1467076.259000 453085.162000 13.270368 80.566902 0.000000 -0.043000 0.334000 -0.023000 0.000000 0.000000
13:03:15 80.000000 -53.150002 0.000000 126.839996 332.295990 132.860001 10.998000 -3.060000 4.843000 0.004000 0.003500 13.270368 80.566902 0.000000 -0.043000 0.334000 -0.023000 0.000000 0.000000
13:03:15 80.000000 -53.150002 0.000000 126.839996 331.682007 132.860001 11.064000 -3.060000 4.933000 0.004000 0.003500 13.270376 80.566902 0.000000 -0.043000 0.334000 -0.023000 0.000000 0.000000
13:03:15 80.000000 -53.150002 0.000000 126.839996 331.609985 132.860001 11.072000 -3.060000 4.874000 1467076.744000 453085.204000 13.270378 80.566902 0.000000 -0.043000 0.334000 -0.023000 0.000000 0.000000
13:03:16 80.000000 -53.150002 0.000000 126.839996 331.539001 132.860001 11.080000 -3.060000 4.834000 1467076.852000 453085.202000 13.270379 80.566902 0.000000 -0.043000 0.334000 -0.023000 0.000000 0.000000
13:03:16 80.000000 -53.150002 0.000000 126.839996 331.539001 132.860001 11.080000 -3.060000 4.834000 1467077.015000 453085.316000 13.270379 80.566902 0.000000 -0.043000 0.334000 -0.023000 0.000000 0.000000
13:03:16 80.000000 -53.150002 0.000000 126.839996 331.539001 132.860001 11.080000 -3.060000 4.834000 1467077.123000 453085.314000 13.270379 80.566902 0.000000 -0.043000 0.334000 -0.023000 0.000000 0.000000
13:03:16 80.000000 -53.150002 0.000000 126.839996 331.539001 132.860001 11.080000 -3.060000 4.834000 1467077.230000 453085.311000 13.270379 80.566902 0.000000 -0.043000 0.334000 -0.023000 0.000000 0.000000
13:03:16 80.000000 -53.150002 0.000000 126.839996 331.539001 132.860001 11.080000 -3.060000 4.834000 1467077.337000 453085.307000 13.270379 80.566902 0.000000 -0.043000 0.334000 -0.023000 0.000000 0.000000
13:03:17 80.000000 -53.150002 0.000000 126.839996 331.539001 132.860001 11.080000 -3.060000 4.834000 1467077.445000 453085.302000 13.270379 80.566902 0.000000 -0.043000 0.334000 -0.023000 0.000000 0.000000
13:03:17 80.000000 -53.150002 0.000000 126.839996 331.539001 132.860001 11.080000 -3.060000 4.834000 0.004000 0.003500 13.270379 80.566902 0.000000 -0.043000 0.334000 -0.023000 0.000000 0.000000
13:03:17 80.000000 -53.150002 0.000000 126.839996 331.014008 132.860001 11.158000 -3.060000 5.352000 0.004000 0.003500 13.270388 80.566902 0.000000 -0.043000 0.334000 -0.023000 0.000000 0.000000
13:03:17 80.000000 -53.150002 0.000000 126.839996 330.951996 132.860001 11.166000 -3.060000 5.295000 1467077.933000 453085.289000 13.270389 80.566902 0.000000 -0.043000 0.334000 -0.023000 0.000000 0.000000
13:03:18 80.000000 -53.150002 0.000000 126.839996 330.890991 132.860001 11.172000 -3.060000 5.200000 1467078.050000 453085.283000 13.270390 80.566902 0.000000 -0.043000 0.334000 -0.023000 0.000000 0.000000
13:03:18 80.000000 -53.150002 0.000000 126.839996 330.890991 132.860001 11.172000 -3.060000 5.200000 1467078.219000 453085.382000 13.270390 80.566902 0.000000 -0.043000 0.334000 -0.023000 0.000000 0.000000
13:03:18 80.000000 -53.150002 0.000000 126.839996 330.890991 132.860001 11.172000 -3.060000 5.200000 1467078.336000 453085.374000 13.270390 80.566902 0.000000 -0.043000 0.334000 -0.023000 0.000000 0.000000
13:03:18 80.000000 -53.150002 0.000000 126.839996 330.890991 132.860001 11.172000 -3.060000 5.200000 1467078.454000 453085.367000 13.270390 80.566902 0.000000 -0.043000 0.334000 -0.023000 0.000000 0.000000
13:03:18 80.099998 -53.150002 0.000000 126.839996 330.890991 132.860001 11.172000 -3.060000 5.200000 1467078.571000 453085.360000 13.270390 80.566902 0.000000 -0.043000 0.334000 -0.023000 0.000000 0.000000
13:03:19 80.099998 -53.150002 0.000000 126.839996 330.890991 132.860001 11.172000 -3.060000 5.200000 0.004000 0.003500 13.270390 80.566902 0.000000 -0.043000 0.334000 -0.023000 0.000000 0.000000
13:03:19 80.099998 -53.150002 0.000000 126.839996 330.480011 132.860001 11.226000 -3.060000 5.336000 0.004000 0.003500 13.270397 80.566902 0.000000 -0.043000 0.334000 -0.023000 0.000000 0.000000
13:03:19 80.099998 -53.150002 0.000000 126.839996 330.480011 132.860001 11.226000 -3.060000 5.336000 1467079.055000 453085.343000 13.270398 80.566902 0.000000 -0.043000 0.334000 -0.023000 0.000000 0.000000
13:03:19 80.099998 -53.150002 0.000000 126.839996 330.480011 132.860001 11.226000 -3.060000 5.336000 1467079.172000 453085.336000 13.270400 80.566902 0.000000 -0.043000 0.334000 -0.023000 0.000000 0.000000
13:03:20 80.099998 -53.150002 0.000000 126.839996 330.480011 132.860001 11.226000 -3.060000 5.336000 1467079.290000 453085.328000 13.270400 80.566902 0.000000 -0.043000 0.334000 -0.023000 0.000000 0.000000
13:03:20 80.099998 -53.150002 0.000000 126.839996 330.480011 132.860001 11.226000 -3.060000 5.336000 1467079.515000 453085.398000 13.270400 80.566902 0.000000 -0.043000 0.334000 -0.023000 0.000000 0.000000
13:03:20 80.099998 -53.150002 0.000000 126.839996 330.480011 132.860001 11.226000 -3.060000 5.336000 1467079.632000 453085.390000 13.270400 80.566902 0.000000 -0.043000 0.334000 -0.023000 0.000000 0.000000
13:03:20 80.099998 -53.150002 0.000000 126.839996 330.480011 132.860001 11.226000 -3.060000 5.336000 1467079.749000 453085.382000 13.270400 80.566902 0.000000 -0.043000 0.334000 -0.023000 0.000000 0.000000
13:03:20 80.099998 -53.150002 0.000000 126.839996 330.480011 132.860001 11.226000 -3.060000 5.336000 1467079.866000 453085.374000 13.270400 80.566902 0.000000 -0.043000 0.334000 -0.023000 0.000000 0.000000
13:03:21 80.099998 -53.150002 0.000000 126.839996 330.480011 132.860001 11.226000 -3.060000 5.336000 0.004000 0.003500 13.270400 80.566902 0.000000 -0.043000 0.334000 -0.023000 0.000000 0.000000
13:03:21 80.099998 -53.150002 0.000000 126.839996 329.940002 132.860001 11.229000 -3.060000 5.115000 1467080.136000 453085.362000 13.270410 80.566902 0.000000 -0.043000 0.334000 -0.023000 0.000000 0.000000
13:03:21 80.099998 -53.150002 0.000000 126.839996 329.940002 132.860001 11.229000 -3.060000 5.115000 1467080.371000 453085.347000 13.270411 80.566902 0.000000 -0.043000 0.334000 -0.023000 0.000000 0.000000
13:03:21 80.099998 -53.150002 0.000000 126.839996 329.940002 132.860001 11.229000 -3.060000 5.115000 1467080.488000 453085.340000 13.270411 80.566902 0.000000 -0.043000 0.334000 -0.023000 0.000000 0.000000
13:03:22 80.099998 -53.150002 0.000000 126.839996 329.940002 132.860001 11.229000 -3.060000 5.115000 1467080.605000 453085.332000 13.270411 80.566902 0.000000 -0.043000 0.334000 -0.023000 0.000000 0.000000
13:03:22 80.099998 -53.150002 0.000000 126.839996 329.940002 132.860001 11.229000 -3.060000 5.115000 1467080.722000 453085.325000 13.270411 80.566902 0.000000 -0.043000 0.334000 -0.023000 0.000000 0.000000
13:03:22 80.099998 -53.150002 0.000000 126.839996 329.940002 132.860001 11.229000 -3.060000 5.115000 1467081.000000 453085.382000 13.270411 80.566902 0.000000 -0.043000 0.334000 -0.023000 0.000000 0.000000
13:03:22 80.099998 -53.150002 0.000000 126.839996 329.940002 132.860001 11.229000 -3.060000 5.115000 1467081.117000 453085.375000 13.270411 80.566902 0.000000 -0.043000 0.334000 -0.023000 0.000000 0.000000
13:03:22 80.099998 -53.150002 0.000000 126.839996 329.940002 132.860001 11.229000 -3.060000 5.115000 1467081.234000 453085.367000 13.270411 80.566902 0.000000 -0.043000 0.334000 -0.023000 0.000000 0.000000
13:03:23 80.099998 -53.150002 0.000000 126.839996 329.940002 132.860001 11.229000 -3.060000 5.115000 1467081.351000 453085.360000 13.270411 80.566902 0.000000 -0.043000 0.334000 -0.023000 0.000000 0.000000
13:03:23 80.099998 -53.150002 0.000000 126.839996 329.423004 132.860001 11.179000 -3.060000 5.163000 0.004000 0.003500 13.270422 80.566902 0.000000 -0.043000 0.334000 -0.023000 0.000000 0.000000
13:03:23 80.099998 -53.150002 0.000000 126.839996 329.423004 132.860001 11.179000 -3.060000 5.163000 1467081.811000 453085.379000 13.270423 80.566902 0.000000 -0.043000 0.334000 -0.023000 0.000000 0.000000
13:03:23 80.099998 -53.150002 0.000000 126.839996 329.423004 132.860001 11.179000 -3.060000 5.163000 1467081.928000 453085.374000 13.270424 80.566902 0.000000 -0.043000 0.334000 -0.023000 0.000000 0.000000
13:03:24 80.099998 -53.150002 0.000000 126.839996 329.423004 132.860001 11.179000 -3.060000 5.163000 1467082.045000 453085.369000 13.270424 80.566902 0.000000 -0.043000 0.334000 -0.023000 0.000000 0.000000
13:03:24 80.099998 -53.150002 0.000000 126.839996 329.423004 132.860001 11.179000 -3.060000 5.163000 1467082.162000 453085.365000 13.270424 80.566902 0.000000 -0.043000 0.334000 -0.023000 0.000000 0.000000
13:03:24 80.099998 -53.150002 0.000000 126.839996 329.423004 132.860001 11.179000 -3.060000 5.163000 1467082.368000 453085.401000 13.270424 80.566902 0.000000 -0.043000 0.334000 -0.023000 0.000000 0.000000
13:03:24 80.099998 -53.150002 0.000000 126.839996 329.423004 132.860001 11.179000 -3.060000 5.163000 1467082.485000 453085.396000 13.270424 80.566902 0.000000 -0.043000 0.334000 -0.023000 0.000000 0.000000
13:03:24 80.099998 -53.150002 0.000000 126.839996 329.423004 132.860001 11.179000 -3.060000 5.163000 1467082.603000 453085.391000 13.270424 80.566902 0.000000 -0.043000 0.334000 -0.023000 0.000000 0.000000
13:03:25 80.099998 -53.150002 0.000000 126.839996 329.423004 132.860001 11.179000 -3.060000 5.163000 0.004000 0.003500 13.270424 80.566902 0.000000 -0.043000 0.334000 -0.023000 0.000000 0.000000
13:03:25 80.099998 -53.150002 0.000000 126.839996 328.898987 132.860001 11.161000 -3.060000 5.234000 1467082.837000 453085.381000 13.270434 80.566902 0.000000 -0.043000 0.334000 -0.023000 0.000000 0.000000
13:03:25 80.099998 -53.150002 0.000000 126.839996 328.846008 132.860001 11.160000 -3.060000 5.274000 1467083.158000 453085.427000 13.270435 80.566902 0.000000 -0.043000 0.334000 -0.023000 0.000000 0.000000
13:03:25 80.099998 -53.150002 0.000000 126.839996 328.791992 132.860001 11.161000 -3.060000 5.358000 1467083.275000 453085.425000 13.270436 80.566902 0.000000 -0.043000 0.334000 -0.023000 0.000000 0.000000
13:03:26 80.099998 -53.150002 0.000000 126.839996 328.738007 132.860001 11.162000 -3.060000 5.473000 1467083.392000 453085.422000 13.270437 80.566902 0.000000 -0.043000 0.334000 -0.023000 0.000000 0.000000
13:03:26 80.099998 -53.150002 0.000000 126.839996 328.738007 132.860001 11.162000 -3.060000 5.473000 1467083.509000 453085.420000 13.270437 80.566902 0.000000 -0.043000 0.334000 -0.023000 0.000000 0.000000
13:03:26 80.099998 -53.150002 0.000000 126.839996 328.738007 132.860001 11.162000 -3.060000 5.473000 1467083.707000 453085.457000 13.270437 80.566902 0.000000 -0.043000 0.334000 -0.023000 0.000000 0.000000
13:03:26 80.099998 -53.150002 0.000000 126.839996 328.738007 132.860001 11.162000 -3.060000 5.473000 1467083.824000 453085.454000 13.270437 80.566902 0.000000 -0.043000 0.334000 -0.023000 0.000000 0.000000
13:03:26 80.099998 -53.150002 0.000000 126.839996 328.738007 132.860001 11.162000 -3.060000 5.473000 1467083.941000 453085.452000 13.270437 80.566902 0.000000 -0.043000 0.334000 -0.023000 0.000000 0.000000
13:03:27 80.099998 -53.150002 0.000000 126.839996 328.738007 132.860001 11.162000 -3.060000 5.473000 0.004000 0.003500 13.270437 80.566902 0.000000 -0.043000 0.334000 -0.023000 0.000000 0.000000
13:03:27 80.099998 -53.150002 0.000000 126.839996 328.335999 132.860001 11.153000 -3.060000 5.415000 0.004000 0.003500 13.270446 80.566902 0.000000 -0.043000 0.334000 -0.023000 0.000000 0.000000
13:03:27 80.000000 -53.150002 0.000000 126.839996 328.335999 132.860001 11.153000 -3.060000 5.415000 1467084.480000 453085.508000 13.270448 80.566902 0.000000 -0.043000 0.334000 -0.023000 0.000000 0.000000
13:03:27 80.000000 -53.150002 0.000000 126.839996 328.335999 132.860001 11.153000 -3.060000 5.415000 1467084.597000 453085.508000 13.270449 80.566902 0.000000 -0.043000 0.334000 -0.023000 0.000000 0.000000
13:03:28 80.000000 -53.150002 0.000000 126.839996 328.335999 132.860001 11.153000 -3.060000 5.415000 1467084.714000 453085.508000 13.270449 80.566902 0.000000 -0.043000 0.334000 -0.023000 0.000000 0.000000
13:03:28 80.000000 -53.150002 0.000000 126.839996 328.335999 132.860001 11.153000 -3.060000 5.415000 1467084.832000 453085.508000 13.270449 80.566902 0.000000 -0.043000 0.334000 -0.023000 0.000000 0.000000
13:03:28 80.099998 -53.150002 0.000000 126.839996 328.335999 132.860001 11.153000 -3.060000 5.415000 1467085.014000 453085.564000 13.270449 80.566902 0.000000 -0.043000 0.334000 -0.023000 0.000000 0.000000
13:03:28 80.099998 -53.150002 0.000000 126.839996 328.335999 132.860001 11.153000 -3.060000 5.415000 1467085.131000 453085.564000 13.270449 80.566902 0.000000 -0.043000 0.334000 -0.023000 0.000000 0.000000
13:03:28 80.099998 -53.150002 0.000000 126.839996 328.335999 132.860001 11.153000 -3.060000 5.415000 1467085.248000 453085.564000 13.270449 80.566902 0.000000 -0.043000 0.334000 -0.023000 0.000000 0.000000
13:03:29 80.099998 -53.150002 0.000000 126.839996 328.335999 132.860001 11.153000 -3.060000 5.415000 0.004000 0.003500 13.270449 80.566902 0.000000 -0.043000 0.334000 -0.023000 0.000000 0.000000
13:03:29 80.099998 -53.150002 0.000000 126.839996 327.721008 132.860001 11.065000 -3.060000 5.352000 0.004000 0.003500 13.270458 80.566902 0.000000 -0.043000 0.334000 -0.023000 0.000000 0.000000
13:03:29 80.099998 -53.150002 0.000000 126.839996 327.721008 132.860001 11.065000 -3.060000 5.352000 1467085.769000 453085.616000 13.270459 80.566902 0.000000 -0.043000 0.334000 -0.023000 0.000000 0.000000
13:03:29 80.099998 -53.150002 0.000000 126.839996 327.721008 132.860001 11.065000 -3.060000 5.352000 1467085.886000 453085.616000 13.270460 80.566902 0.000000 -0.043000 0.334000 -0.023000 0.000000 0.000000
13:03:30 80.099998 -53.150002 0.000000 126.839996 327.721008 132.860001 11.065000 -3.060000 5.352000 1467086.003000 453085.616000 13.270460 80.566902 0.000000 -0.043000 0.334000 -0.023000 0.000000 0.000000
13:03:30 80.099998 -53.150002 0.000000 126.839996 327.721008 132.860001 11.065000 -3.060000 5.352000 1467086.121000 453085.616000 13.270460 80.566902 0.000000 -0.043000 0.334000 -0.023000 0.000000 0.000000
13:03:30 80.099998 -53.150002 0.000000 126.839996 327.721008 132.860001 11.065000 -3.060000 5.352000 1467086.294000 453085.669000 13.270460 80.566902 0.000000 -0.043000 0.334000 -0.023000 0.000000 0.000000
13:03:30 80.099998 -53.150002 0.000000 126.839996 327.721008 132.860001 11.065000 -3.060000 5.352000 1467086.411000 453085.669000 13.270460 80.566902 0.000000 -0.043000 0.334000 -0.023000 0.000000 0.000000
13:03:30 80.099998 -53.150002 0.000000 126.839996 327.721008 132.860001 11.065000 -3.060000 5.352000 1467086.528000 453085.667000 13.270460 80.566902 0.000000 -0.043000 0.334000 -0.023000 0.000000 0.000000
13:03:31 80.000000 -53.150002 0.000000 126.839996 327.721008 132.860001 11.065000 -3.060000 5.352000 1467086.645000 453085.665000 13.270460 80.566902 0.000000 -0.043000 0.334000 -0.023000 0.000000 0.000000
13:03:31 80.000000 -53.150002 0.000000 126.839996 327.721008 132.860001 11.065000 -3.060000 5.352000 0.004000 0.003500 13.270460 80.566902 0.000000 -0.043000 0.334000 -0.023000 0.000000 0.000000
13:03:31 80.000000 -53.150002 0.000000 126.839996 326.990997 132.860001 10.831000 -3.060000 5.329000 0.004000 0.003500 13.270471 80.566910 0.000000 -0.043000 0.334000 -0.023000 0.000000 0.000000
13:03:31 80.000000 -53.150002 0.000000 126.839996 326.921997 132.860001 10.806000 -3.060000 5.417000 1467087.168000 453085.717000 13.270472 80.566910 0.000000 -0.043000 0.334000 -0.023000 0.000000 0.000000
13:03:32 80.000000 -53.150002 0.000000 126.839996 326.851990 132.860001 10.781000 -3.060000 5.502000 1467087.286000 453085.715000 13.270473 80.566910 0.000000 -0.043000 0.334000 -0.023000 0.000000 0.000000
13:03:32 80.000000 -53.150002 0.000000 126.839996 326.851990 132.860001 10.781000 -3.060000 5.502000 1467087.403000 453085.712000 13.270473 80.566910 0.000000 -0.043000 0.334000 -0.023000 0.000000 0.000000
13:03:32 80.000000 -53.150002 0.000000 126.839996 326.851990 132.860001 10.781000 -3.060000 5.502000 1467087.520000 453085.710000 13.270473 80.566910 0.000000 -0.043000 0.334000 -0.023000 0.000000 0.000000
13:03:32 80.000000 -53.150002 0.000000 126.839996 326.851990 132.860001 10.781000 -3.060000 5.502000 1467087.699000 453085.760000 13.270473 80.566910 0.000000 -0.043000 0.334000 -0.023000 0.000000 0.000000
13:03:32 79.900002 -53.150002 0.000000 126.839996 326.851990 132.860001 10.781000 -3.060000 5.502000 1467087.816000 453085.757000 13.270473 80.566910 0.000000 -0.043000 0.334000 -0.023000 0.000000 0.000000
13:03:33 79.900002 -53.150002 0.000000 126.839996 326.851990 132.860001 10.781000 -3.060000 5.502000 1467087.934000 453085.755000 13.270473 80.566910 0.000000 -0.043000 0.334000 -0.023000 0.000000 0.000000
13:03:33 79.900002 -53.150002 0.000000 126.839996 326.851990 132.860001 10.781000 -3.060000 5.502000 0.004000 0.003500 13.270473 80.566910 0.000000 -0.043000 0.334000 -0.023000 0.000000 0.000000
13:03:33 80.000000 -53.150002 0.000000 126.839996 326.252014 132.860001 10.602000 -3.060000 5.821000 0.004000 0.003500 13.270482 80.566910 0.000000 -0.043000 0.334000 -0.023000 0.000000 0.000000
13:03:33 80.000000 -53.150002 0.000000 126.839996 326.170990 132.860001 10.583000 -3.060000 5.837000 1467088.476000 453085.784000 13.270484 80.566910 0.000000 -0.043000 0.334000 -0.023000 0.000000 0.000000
13:03:34 80.000000 -53.150002 0.000000 126.839996 326.089996 132.860001 10.565000 -3.060000 5.829000 1467088.603000 453085.782000 13.270485 80.566910 0.000000 -0.043000 0.334000 -0.023000 0.000000 0.000000
13:03:34 79.900002 -53.150002 0.000000 126.839996 325.921997 132.860001 10.531000 -3.060000 5.799000 0.004000 0.003500 13.270488 80.566910 0.000000 -0.043000 0.334000 -0.023000 0.000000 0.000000
13:03:34 79.900002 -53.150002 0.000000 126.839996 325.837006 132.860001 10.516000 -3.060000 5.795000 1467089.057000 453085.827000 13.270489 80.566910 0.000000 -0.043000 0.334000 -0.023000 0.000000 0.000000
13:03:34 79.900002 -53.150002 0.000000 126.839996 325.750000 132.860001 10.502000 -3.060000 5.820000 1467089.184000 453085.825000 13.270490 80.566910 0.000000 -0.043000 0.334000 -0.023000 0.000000 0.000000
13:03:35 79.900002 -53.150002 0.000000 126.839996 325.662994 132.860001 10.489000 -3.060000 5.865000 1467089.311000 453085.822000 13.270491 80.566910 0.000000 -0.043000 0.334000 -0.023000 0.000000 0.000000
13:03:35 79.900002 -53.150002 0.000000 126.839996 325.662994 132.860001 10.489000 -3.060000 5.865000 1467089.438000 453085.820000 13.270491 80.566910 0.000000 -0.043000 0.334000 -0.023000 0.000000 0.000000
13:03:35 79.900002 -53.150002 0.000000 126.839996 325.662994 132.860001 10.489000 -3.060000 5.865000 1467089.565000 453085.817000 13.270491 80.566910 0.000000 -0.043000 0.334000 -0.023000 0.000000 0.000000
13:03:35 79.900002 -53.150002 0.000000 126.839996 325.662994 132.860001 10.489000 -3.060000 5.865000 1467089.764000 453085.867000 13.270491 80.566910 0.000000 -0.043000 0.334000 -0.023000 0.000000 0.000000
13:03:35 79.900002 -53.150002 0.000000 126.839996 325.662994 132.860001 10.489000 -3.060000 5.865000 1467089.891000 453085.865000 13.270491 80.566910 0.000000 -0.043000 0.334000 -0.023000 0.000000 0.000000
13:03:36 79.900002 -53.150002 0.000000 126.839996 325.662994 132.860001 10.489000 -3.060000 5.865000 1467090.018000 453085.862000 13.270491 80.566910 0.000000 -0.043000 0.334000 -0.023000 0.000000 0.000000
13:03:36 79.800003 -53.150002 0.000000 126.839996 325.015991 132.860001 10.395000 -3.060000 5.654000 0.004000 0.003500 13.270500 80.566910 0.000000 -0.043000 0.334000 -0.023000 0.000000 0.000000
13:03:36 79.800003 -53.150002 0.000000 126.839996 325.015991 132.860001 10.395000 -3.060000 5.654000 1467090.497000 453085.908000 13.270502 80.566910 0.000000 -0.043000 0.334000 -0.023000 0.000000 0.000000
13:03:36 79.800003 -53.150002 0.000000 126.839996 325.015991 132.860001 10.395000 -3.060000 5.654000 1467090.624000 453085.905000 13.270503 80.566910 0.000000 -0.043000 0.334000 -0.023000 0.000000 0.000000
13:03:37 79.800003 -53.150002 0.000000 126.839996 325.015991 132.860001 10.395000 -3.060000 5.654000 1467090.750000 453085.903000 13.270503 80.566910 0.000000 -0.043000 0.334000 -0.023000 0.000000 0.000000
13:03:37 79.800003 -53.150002 0.000000 126.839996 325.015991 132.860001 10.395000 -3.060000 5.654000 1467090.877000 453085.900000 13.270503 80.566910 0.000000 -0.043000 0.334000 -0.023000 0.000000 0.000000
13:03:37 79.800003 -53.150002 0.000000 126.839996 325.015991 132.860001 10.395000 -3.060000 5.654000 1467091.004000 453085.898000 13.270503 80.566910 0.000000 -0.043000 0.334000 -0.023000 0.000000 0.000000
13:03:37 79.800003 -53.150002 0.000000 126.839996 325.015991 132.860001 10.395000 -3.060000 5.654000 1467091.239000 453085.948000 13.270503 80.566910 0.000000 -0.043000 0.334000 -0.023000 0.000000 0.000000
13:03:37 79.800003 -53.150002 0.000000 126.839996 325.015991 132.860001 10.395000 -3.060000 5.654000 1467091.366000 453085.945000 13.270503 80.566910 0.000000 -0.043000 0.334000 -0.023000 0.000000 0.000000
13:03:38 79.800003 -53.150002 0.000000 126.839996 325.015991 132.860001 10.395000 -3.060000 5.654000 1467091.493000 453085.944000 13.270503 80.566910 0.000000 -0.043000 0.334000 -0.023000 0.000000 0.000000
13:03:38 79.800003 -53.150002 0.000000 126.839996 325.015991 132.860001 10.395000 -3.060000 5.654000 0.004000 0.003500 13.270503 80.566910 0.000000 -0.043000 0.334000 -0.023000 0.000000 0.000000
13:03:38 79.800003 -53.150002 0.000000 126.839996 323.964996 132.860001 10.222000 -3.060000 5.862000 0.004000 0.003500 13.270515 80.566910 0.000000 -0.043000 0.334000 -0.023000 0.000000 0.000000
13:03:38 79.699997 -53.150002 0.000000 126.839996 323.868011 132.860001 10.208000 -3.060000 5.896000 1467092.110000 453085.989000 13.270516 80.566910 0.000000 -0.043000 0.334000 -0.023000 0.000000 0.000000
13:03:39 79.699997 -53.150002 0.000000 126.839996 323.769989 132.860001 10.195000 -3.060000 5.908000 1467092.237000 453085.989000 13.270518 80.566910 0.000000 -0.043000 0.334000 -0.023000 0.000000 0.000000
13:03:39 79.699997 -53.150002 0.000000 126.839996 323.769989 132.860001 10.195000 -3.060000 5.908000 1467092.364000 453085.989000 13.270518 80.566910 0.000000 -0.043000 0.334000 -0.023000 0.000000 0.000000
13:03:39 79.699997 -53.150002 0.000000 126.839996 323.769989 132.860001 10.195000 -3.060000 5.908000 1467092.491000 453085.989000 13.270518 80.566910 0.000000 -0.043000 0.334000 -0.023000 0.000000 0.000000
13:03:39 79.599998 -53.150002 0.000000 126.839996 323.769989 132.860001 10.195000 -3.060000 5.908000 1467092.707000 453086.042000 13.270518 80.566910 0.000000 -0.043000 0.334000 -0.023000 0.000000 0.000000
13:03:39 79.599998 -53.150002 0.000000 126.839996 323.769989 132.860001 10.195000 -3.060000 5.908000 1467092.833000 453086.042000 13.270518 80.566910 0.000000 -0.043000 0.334000 -0.023000 0.000000 0.000000
13:03:40 79.599998 -53.150002 0.000000 126.839996 323.769989 132.860001 10.195000 -3.060000 5.908000 1467092.960000 453086.042000 13.270518 80.566910 0.000000 -0.043000 0.334000 -0.023000 0.000000 0.000000
13:03:40 79.599998 -53.150002 0.000000 126.839996 323.769989 132.860001 10.195000 -3.060000 5.908000 0.004000 0.003600 13.270518 80.566910 0.000000 -0.043000 0.334000 -0.023000 0.000000 0.000000
13:03:40 79.599998 -53.150002 0.000000 126.839996 322.971008 132.860001 10.122000 -3.060000 6.160000 0.004000 0.003600 13.270528 80.566910 0.000000 -0.043000 0.334000 -0.023000 0.000000 0.000000
13:03:40 79.599998 -53.150002 0.000000 126.839996 322.868011 132.860001 10.115000 -3.060000 6.102000 1467093.544000 453086.095000 13.270530 80.566910 0.000000 -0.043000 0.334000 -0.023000 0.000000 0.000000
13:03:41 79.599998 -53.150002 0.000000 126.839996 322.765015 132.860001 10.106000 -3.060000 6.017000 1467093.671000 453086.095000 13.270531 80.566910 0.000000 -0.043000 0.334000 -0.023000 0.000000 0.000000
13:03:41 79.599998 -53.150002 0.000000 126.839996 322.765015 132.860001 10.106000 -3.060000 6.017000 1467093.798000 453086.095000 13.270531 80.566910 0.000000 -0.043000 0.334000 -0.023000 0.000000 0.000000
13:03:41 79.500000 -53.150002 0.000000 126.839996 322.765015 132.860001 10.106000 -3.060000 6.017000 1467093.925000 453086.095000 13.270531 80.566910 0.000000 -0.043000 0.334000 -0.023000 0.000000 0.000000
13:03:41 79.500000 -53.150002 0.000000 126.839996 322.765015 132.860001 10.106000 -3.060000 6.017000 1467094.131000 453086.161000 13.270531 80.566910 0.000000 -0.043000 0.334000 -0.023000 0.000000 0.000000
13:03:41 79.500000 -53.150002 0.000000 126.839996 322.765015 132.860001 10.106000 -3.060000 6.017000 1467094.258000 453086.161000 13.270531 80.566910 0.000000 -0.043000 0.334000 -0.023000 0.000000 0.000000
13:03:42 79.500000 -53.150002 0.000000 126.839996 322.765015 132.860001 10.106000 -3.060000 6.017000 0.004000 0.003600 13.270531 80.566910 0.000000 -0.043000 0.334000 -0.023000 0.000000 0.000000
13:03:42 79.400002 -53.150002 0.000000 126.839996 322.032990 132.860001 10.054000 -3.060000 6.060000 1467094.512000 453086.161000 13.270539 80.566910 0.000000 -0.043000 0.334000 -0.023000 0.000000 0.000000
13:03:42 79.400002 -53.150002 0.000000 126.839996 321.928009 132.860001 10.045000 -3.060000 6.110000 1467094.766000 453086.161000 13.270541 80.566910 0.000000 -0.043000 0.334000 -0.023000 0.000000 0.000000
13:03:42 79.400002 -53.150002 0.000000 126.839996 321.824005 132.860001 10.034000 -3.060000 6.114000 1467094.966000 453086.213000 13.270542 80.566910 0.000000 -0.043000 0.334000 -0.023000 0.000000 0.000000
13:03:43 79.400002 -53.150002 0.000000 126.839996 321.718994 132.860001 10.021000 -3.060000 6.120000 1467095.093000 453086.213000 13.270543 80.566910 0.000000 -0.043000 0.334000 -0.023000 0.000000 0.000000
13:03:43 79.300003 -53.150002 0.000000 126.839996 321.718994 132.860001 10.021000 -3.060000 6.120000 1467095.220000 453086.213000 13.270543 80.566910 0.000000 -0.043000 0.334000 -0.023000 0.000000 0.000000
13:03:43 79.300003 -53.150002 0.000000 126.839996 321.718994 132.860001 10.021000 -3.060000 6.120000 1467095.347000 453086.213000 13.270543 80.566910 0.000000 -0.043000 0.334000 -0.023000 0.000000 0.000000
13:03:43 79.300003 -53.150002 0.000000 126.839996 321.718994 132.860001 10.021000 -3.060000 6.120000 1467095.474000 453086.213000 13.270543 80.566910 0.000000 -0.043000 0.334000 -0.023000 0.000000 0.000000
13:03:43 79.300003 -53.150002 0.000000 126.839996 321.718994 132.860001 10.021000 -3.060000 6.120000 1467095.674000 453086.266000 13.270543 80.566910 0.000000 -0.043000 0.334000 -0.023000 0.000000 0.000000
13:03:44 79.300003 -53.150002 0.000000 126.839996 321.718994 132.860001 10.021000 -3.060000 6.120000 0.004000 0.003600 13.270543 80.566910 0.000000 -0.043000 0.334000 -0.023000 0.000000 0.000000
13:03:44 79.300003 -53.150002 0.000000 126.839996 320.997009 132.860001 9.928000 -3.060000 6.528000 0.004000 0.003600 13.270553 80.566910 0.000000 -0.043000 0.334000 -0.023000 0.000000 0.000000
13:03:44 79.300003 -53.150002 0.000000 126.839996 320.895996 132.860001 9.912000 -3.060000 6.519000 1467096.182000 453086.266000 13.270554 80.566910 0.000000 -0.043000 0.334000 -0.023000 0.000000 0.000000
13:03:44 79.300003 -53.150002 0.000000 126.839996 320.795990 132.860001 9.894000 -3.060000 6.448000 1467096.392000 453086.306000 13.270555 80.566910 0.000000 -0.043000 0.334000 -0.023000 0.000000 0.000000
13:03:45 79.300003 -53.150002 0.000000 126.839996 320.696991 132.860001 9.874000 -3.060000 6.336000 1467096.519000 453086.306000 13.270556 80.566910 0.000000 -0.043000 0.334000 -0.023000 0.000000 0.000000
13:03:45 79.300003 -53.150002 0.000000 126.839996 320.696991 132.860001 9.874000 -3.060000 6.336000 1467096.645000 453086.306000 13.270556 80.566910 0.000000 -0.043000 0.334000 -0.023000 0.000000 0.000000
13:03:45 79.300003 -53.150002 0.000000 126.839996 320.696991 132.860001 9.874000 -3.060000 6.336000 1467096.772000 453086.306000 13.270556 80.566910 0.000000 -0.043000 0.334000 -0.023000 0.000000 0.000000
13:03:45 79.300003 -53.150002 0.000000 126.839996 320.696991 132.860001 9.874000 -3.060000 6.336000 1467096.899000 453086.306000 13.270556 80.566910 0.000000 -0.043000 0.334000 -0.023000 0.000000 0.000000
13:03:45 79.199997 -53.150002 0.000000 126.839996 320.696991 132.860001 9.874000 -3.060000 6.336000 1467097.122000 453086.346000 13.270556 80.566910 0.000000 -0.043000 0.334000 -0.023000 0.000000 0.000000
13:03:46 79.199997 -53.150002 0.000000 126.839996 320.696991 132.860001 9.874000 -3.060000 6.336000 1467097.249000 453086.346000 13.270556 80.566910 0.000000 -0.043000 0.334000 -0.023000 0.000000 0.000000
13:03:46 79.199997 -53.150002 0.000000 126.839996 320.046997 132.860001 9.690000 -3.060000 5.854000 0.004000 0.003600 13.270566 80.566910 0.000000 -0.043000 0.334000 -0.023000 0.000000 0.000000
13:03:46 79.000000 -53.150002 0.000000 126.839996 319.962006 132.860001 9.659000 -3.060000 5.856000 1467097.629000 453086.346000 13.270567 80.566910 0.000000 -0.043000 0.334000 -0.023000 0.000000 0.000000
13:03:46 79.000000 -53.150002 0.000000 126.839996 319.877991 132.860001 9.628000 -3.060000 5.870000 1467097.857000 453086.399000 13.270568 80.566910 0.000000 -0.043000 0.334000 -0.023000 0.000000 0.000000
13:03:47 79.000000 -53.150002 0.000000 126.839996 319.795990 132.860001 9.597000 -3.060000 5.893000 1467097.984000 453086.399000 13.270570 80.566910 0.000000 -0.043000 0.334000 -0.023000 0.000000 0.000000
13:03:47 79.000000 -53.150002 0.000000 126.839996 319.795990 132.860001 9.597000 -3.060000 5.893000 1467098.111000 453086.399000 13.270570 80.566910 0.000000 -0.043000 0.334000 -0.023000 0.000000 0.000000
13:03:47 79.000000 -53.150002 0.000000 126.839996 319.795990 132.860001 9.597000 -3.060000 5.893000 1467098.238000 453086.399000 13.270570 80.566910 0.000000 -0.043000 0.334000 -0.023000 0.000000 0.000000
13:03:47 78.900002 -53.150002 0.000000 126.839996 319.795990 132.860001 9.597000 -3.060000 5.893000 1467098.365000 453086.399000 13.270570 80.566910 0.000000 -0.043000 0.334000 -0.023000 0.000000 0.000000
13:03:47 78.900002 -53.150002 0.000000 126.839996 319.795990 132.860001 9.597000 -3.060000 5.893000 1467098.589000 453086.452000 13.270570 80.566910 0.000000 -0.043000 0.334000 -0.023000 0.000000 0.000000
13:03:48 78.900002 -53.150002 0.000000 126.839996 319.795990 132.860001 9.597000 -3.060000 5.893000 0.004000 0.003600 13.270570 80.566910 0.000000 -0.043000 0.334000 -0.023000 0.000000 0.000000
13:03:48 78.900002 -53.150002 0.000000 126.839996 319.266998 132.860001 9.396000 -3.060000 5.780000 0.004000 0.003600 13.270579 80.566910 0.000000 -0.043000 0.334000 -0.023000 0.000000 0.000000
13:03:48 78.900002 -53.150002 0.000000 126.839996 319.197998 132.860001 9.374000 -3.060000 5.801000 1467099.097000 453086.452000 13.270580 80.566910 0.000000 -0.043000 0.334000 -0.023000 0.000000 0.000000
13:03:48 78.900002 -53.150002 0.000000 126.839996 319.130005 132.860001 9.354000 -3.060000 5.890000 1467099.315000 453086.505000 13.270581 80.566910 0.000000 -0.043000 0.334000 -0.023000 0.000000 0.000000
13:03:49 78.900002 -53.150002 0.000000 126.839996 319.062012 132.860001 9.339000 -3.060000 6.027000 1467099.442000 453086.505000 13.270582 80.566910 0.000000 -0.043000 0.334000 -0.023000 0.000000 0.000000
13:03:49 78.900002 -53.150002 0.000000 126.839996 319.062012 132.860001 9.339000 -3.060000 6.027000 1467099.569000 453086.505000 13.270582 80.566910 0.000000 -0.043000 0.334000 -0.023000 0.000000 0.000000
13:03:49 78.900002 -53.150002 0.000000 126.839996 319.062012 132.860001 9.339000 -3.060000 6.027000 1467099.696000 453086.505000 13.270582 80.566910 0.000000 -0.043000 0.334000 -0.023000 0.000000 0.000000
13:03:49 78.900002 -53.150002 0.000000 126.839996 319.062012 132.860001 9.339000 -3.060000 6.027000 1467099.823000 453086.505000 13.270582 80.566910 0.000000 -0.043000 0.334000 -0.023000 0.000000 0.000000
13:03:50 78.900002 -53.150002 0.000000 126.839996 318.720001 132.860001 9.311000 -3.060000 6.666000 1467100.167000 453086.558000 13.270589 80.566917 0.000000 -0.043000 0.334000 -0.023000 0.000000 0.000000
13:03:50 78.900002 -53.150002 0.000000 126.839996 318.720001 132.860001 9.311000 -3.060000 6.666000 1467100.294000 453086.558000 13.270589 80.566917 0.000000 -0.043000 0.334000 -0.023000 0.000000 0.000000
13:03:50 78.900002 -53.150002 0.000000 126.839996 318.720001 132.860001 9.311000 -3.060000 6.666000 1467100.421000 453086.558000 13.270589 80.566917 0.000000 -0.043000 0.334000 -0.023000 0.000000 0.000000
13:03:50 78.900002 -53.150002 0.000000 126.839996 318.720001 132.860001 9.311000 -3.060000 6.666000 1467100.548000 453086.558000 13.270589 80.566917 0.000000 -0.043000 0.334000 -0.023000 0.000000 0.000000
13:03:50 78.900002 -53.150002 0.000000 126.839996 318.720001 132.860001 9.311000 -3.060000 6.666000 1467100.774000 453086.611000 13.270589 80.566917 0.000000 -0.043000 0.334000 -0.023000 0.000000 0.000000
13:03:51 78.800003 -53.150002 0.000000 126.839996 318.720001 132.860001 9.311000 -3.060000 6.666000 1467100.901000 453086.611000 13.270589 80.566917 0.000000 -0.043000 0.334000 -0.023000 0.000000 0.000000
13:03:51 78.800003 -53.150002 0.000000 126.839996 318.230988 132.860001 9.404000 -3.060000 6.592000 0.004000 0.003600 13.270599 80.566917 0.000000 -0.043000 0.334000 -0.023000 0.000000 0.000000
13:03:51 78.800003 -53.150002 0.000000 126.839996 318.161011 132.860001 9.425000 -3.060000 6.498000 1467101.282000 453086.611000 13.270600 80.566917 0.000000 -0.043000 0.334000 -0.023000 0.000000 0.000000
13:03:51 78.800003 -53.150002 0.000000 126.839996 318.092010 132.860001 9.448000 -3.060000 6.403000 1467101.527000 453086.664000 13.270601 80.566917 0.000000 -0.043000 0.334000 -0.023000 0.000000 0.000000
13:03:52 78.800003 -53.150002 0.000000 126.839996 318.024994 132.860001 9.472000 -3.060000 6.340000 1467101.654000 453086.664000 13.270602 80.566917 0.000000 -0.043000 0.334000 -0.023000 0.000000 0.000000
13:03:52 78.800003 -53.150002 0.000000 126.839996 318.024994 132.860001 9.472000 -3.060000 6.340000 1467101.781000 453086.664000 13.270602 80.566917 0.000000 -0.043000 0.334000 -0.023000 0.000000 0.000000
13:03:52 78.800003 -53.150002 0.000000 126.839996 318.024994 132.860001 9.472000 -3.060000 6.340000 1467101.908000 453086.664000 13.270602 80.566917 0.000000 -0.043000 0.334000 -0.023000 0.000000 0.000000
13:03:52 78.699997 -53.150002 0.000000 126.839996 318.024994 132.860001 9.472000 -3.060000 6.340000 1467102.035000 453086.664000 13.270602 80.566917 0.000000 -0.043000 0.334000 -0.023000 0.000000 0.000000
13:03:52 78.699997 -53.150002 0.000000 126.839996 318.024994 132.860001 9.472000 -3.060000 6.340000 1467102.163000 453086.664000 13.270602 80.566917 0.000000 -0.043000 0.334000 -0.023000 0.000000 0.000000
13:03:53 78.699997 -53.150002 0.000000 126.839996 318.024994 132.860001 9.472000 -3.060000 6.340000 1467102.407000 453086.730000 13.270602 80.566917 0.000000 -0.043000 0.334000 -0.023000 0.000000 0.000000
13:03:53 78.699997 -53.150002 0.000000 126.839996 317.588989 132.860001 9.680000 -3.060000 6.601000 0.004000 0.003600 13.270613 80.566917 0.000000 -0.043000 0.334000 -0.023000 0.000000 0.000000
13:03:53 78.599998 -53.150002 0.000000 126.839996 317.532013 132.860001 9.710000 -3.060000 6.528000 1467102.788000 453086.730000 13.270614 80.566917 0.000000 -0.043000 0.334000 -0.023000 0.000000 0.000000
13:03:53 78.599998 -53.150002 0.000000 126.839996 317.476990 132.860001 9.739000 -3.060000 6.414000 1467102.915000 453086.730000 13.270615 80.566917 0.000000 -0.043000 0.334000 -0.023000 0.000000 0.000000
13:03:54 78.599998 -53.150002 0.000000 126.839996 317.424011 132.860001 9.769000 -3.060000 6.288000 1467103.157000 453086.783000 13.270617 80.566917 0.000000 -0.043000 0.334000 -0.023000 0.000000 0.000000
13:03:54 78.599998 -53.150002 0.000000 126.839996 317.424011 132.860001 9.769000 -3.060000 6.288000 1467103.284000 453086.783000 13.270617 80.566917 0.000000 -0.043000 0.334000 -0.023000 0.000000 0.000000
13:03:54 78.599998 -53.150002 0.000000 126.839996 317.424011 132.860001 9.769000 -3.060000 6.288000 1467103.411000 453086.783000 13.270617 80.566917 0.000000 -0.043000 0.334000 -0.023000 0.000000 0.000000
13:03:54 78.599998 -53.150002 0.000000 126.839996 317.424011 132.860001 9.769000 -3.060000 6.288000 1467103.538000 453086.783000 13.270617 80.566917 0.000000 -0.043000 0.334000 -0.023000 0.000000 0.000000
13:03:54 78.599998 -53.150002 0.000000 126.839996 317.424011 132.860001 9.769000 -3.060000 6.288000 1467103.665000 453086.783000 13.270617 80.566917 0.000000 -0.043000 0.334000 -0.023000 0.000000 0.000000
13:03:55 78.599998 -53.150002 0.000000 126.839996 317.424011 132.860001 9.769000 -3.060000 6.288000 0.004000 0.003600 13.270617 80.566917 0.000000 -0.043000 0.334000 -0.023000 0.000000 0.000000
13:03:55 78.400002 -53.150002 0.000000 126.839996 317.097992 132.860001 10.005000 -3.060000 6.684000 0.004000 0.003600 13.270626 80.566917 0.000000 -0.043000 0.334000 -0.023000 0.000000 0.000000
13:03:55 78.400002 -53.150002 0.000000 126.839996 317.057007 132.860001 10.039000 -3.060000 6.692000 1467104.284000 453086.849000 13.270627 80.566917 0.000000 -0.043000 0.334000 -0.023000 0.000000 0.000000
13:03:55 78.400002 -53.150002 0.000000 126.839996 317.016998 132.860001 10.073000 -3.060000 6.674000 1467104.411000 453086.849000 13.270628 80.566917 0.000000 -0.043000 0.334000 -0.023000 0.000000 0.000000
13:03:56 78.400002 -53.150002 0.000000 126.839996 316.977997 132.860001 10.106000 -3.060000 6.653000 1467104.632000 453086.902000 13.270630 80.566917 0.000000 -0.043000 0.334000 -0.023000 0.000000 0.000000
13:03:56 78.500000 -53.150002 0.000000 126.839996 316.977997 132.860001 10.106000 -3.060000 6.653000 1467104.759000 453086.902000 13.270630 80.566917 0.000000 -0.043000 0.334000 -0.023000 0.000000 0.000000
13:03:56 78.500000 -53.150002 0.000000 126.839996 316.977997 132.860001 10.106000 -3.060000 6.653000 1467104.886000 453086.902000 13.270630 80.566917 0.000000 -0.043000 0.334000 -0.023000 0.000000 0.000000
13:03:56 78.500000 -53.150002 0.000000 126.839996 316.977997 132.860001 10.106000 -3.060000 6.653000 1467105.013000 453086.902000 13.270630 80.566917 0.000000 -0.043000 0.334000 -0.023000 0.000000 0.000000
13:03:56 78.500000 -53.150002 0.000000 126.839996 316.977997 132.860001 10.106000 -3.060000 6.653000 1467105.140000 453086.902000 13.270630 80.566917 0.000000 -0.043000 0.334000 -0.023000 0.000000 0.000000
13:03:57 78.500000 -53.150002 0.000000 126.839996 316.977997 132.860001 10.106000 -3.060000 6.653000 1467105.356000 453086.942000 13.270630 80.566917 0.000000 -0.043000 0.334000 -0.023000 0.000000 0.000000
13:03:57 78.500000 -53.150002 0.000000 126.839996 316.731995 132.860001 10.334000 -3.060000 6.763000 0.004000 0.003600 13.270638 80.566917 0.000000 -0.043000 0.334000 -0.023000 0.000000 0.000000
13:03:57 78.500000 -53.150002 0.000000 126.839996 316.700012 132.860001 10.361000 -3.060000 6.685000 1467105.737000 453086.942000 13.270640 80.566917 0.000000 -0.043000 0.334000 -0.023000 0.000000 0.000000
13:03:57 78.500000 -53.150002 0.000000 126.839996 316.670013 132.860001 10.386000 -3.060000 6.597000 1467105.864000 453086.942000 13.270641 80.566917 0.000000 -0.043000 0.334000 -0.023000 0.000000 0.000000
13:03:58 78.400002 -53.150002 0.000000 126.839996 316.640991 132.860001 10.409000 -3.060000 6.526000 1467106.064000 453086.995000 13.270642 80.566917 0.000000 -0.043000 0.334000 -0.023000 0.000000 0.000000
13:03:58 78.400002 -53.150002 0.000000 126.839996 316.640991 132.860001 10.409000 -3.060000 6.526000 1467106.191000 453086.995000 13.270642 80.566917 0.000000 -0.043000 0.334000 -0.023000 0.000000 0.000000
13:03:58 78.400002 -53.150002 0.000000 126.839996 316.640991 132.860001 10.409000 -3.060000 6.526000 1467106.318000 453086.995000 13.270642 80.566917 0.000000 -0.043000 0.334000 -0.023000 0.000000 0.000000
13:03:58 78.400002 -53.150002 0.000000 126.839996 316.640991 132.860001 10.409000 -3.060000 6.526000 1467106.445000 453086.995000 13.270642 80.566917 0.000000 -0.043000 0.334000 -0.023000 0.000000 0.000000
13:03:58 78.500000 -53.150002 0.000000 126.839996 316.640991 132.860001 10.409000 -3.060000 6.526000 1467106.572000 453086.997000 13.270642 80.566917 0.000000 -0.043000 0.334000 -0.023000 0.000000 0.000000
13:03:59 78.500000 -53.150002 0.000000 126.839996 316.640991 132.860001 10.409000 -3.060000 6.526000 0.004000 0.003600 13.270642 80.566917 0.000000 -0.043000 0.334000 -0.023000 0.000000 0.000000
13:03:59 78.500000 -53.150002 0.000000 126.839996 316.475006 132.860001 10.514000 -3.060000 6.626000 0.004000 0.003600 13.270652 80.566917 0.000000 -0.043000 0.334000 -0.023000 0.000000 0.000000
13:03:59 78.500000 -53.150002 0.000000 126.839996 316.459015 132.860001 10.520000 -3.060000 6.597000 1467107.155000 453087.056000 13.270653 80.566917 0.000000 -0.043000 0.334000 -0.023000 0.000000 0.000000
13:03:59 78.400002 -53.150002 0.000000 126.839996 316.445007 132.860001 10.525000 -3.060000 6.553000 1467107.282000 453087.058000 13.270654 80.566917 0.000000 -0.043000 0.334000 -0.023000 0.000000 0.000000
13:04:00 78.400002 -53.150002 0.000000 126.839996 316.432007 132.860001 10.528000 -3.060000 6.526000 1467107.470000 453087.101000 13.270655 80.566917 0.000000 -0.043000 0.334000 -0.023000 0.000000 0.000000
13:04:00 78.400002 -53.150002 0.000000 126.839996 316.432007 132.860001 10.528000 -3.060000 6.526000 1467107.597000 453087.104000 13.270655 80.566917 0.000000 -0.043000 0.334000 -0.023000 0.000000 0.000000
13:04:00 78.400002 -53.150002 0.000000 126.839996 316.432007 132.860001 10.528000 -3.060000 6.526000 1467107.724000 453087.106000 13.270655 80.566917 0.000000 -0.043000 0.334000 -0.023000 0.000000 0.000000
13:04:00 78.300003 -53.150002 0.000000 126.839996 316.432007 132.860001 10.528000 -3.060000 6.526000 1467107.851000 453087.108000 13.270655 80.566917 0.000000 -0.043000 0.334000 -0.023000 0.000000 0.000000
13:04:00 78.300003 -53.150002 0.000000 126.839996 316.432007 132.860001 10.528000 -3.060000 6.526000 1467107.978000 453087.111000 13.270655 80.566917 0.000000 -0.043000 0.334000 -0.023000 0.000000 0.000000
13:04:01 78.300003 -53.150002 0.000000 126.839996 316.432007 132.860001 10.528000 -3.060000 6.526000 0.004000 0.003700 13.270655 80.566917 0.000000 -0.043000 0.334000 -0.023000 0.000000 0.000000
13:04:01 78.300003 -53.150002 0.000000 126.839996 316.390991 132.860001 10.516000 -3.060000 6.462000 0.004000 0.003700 13.270664 80.566917 0.000000 -0.043000 0.334000 -0.023000 0.000000 0.000000
13:04:01 78.300003 -53.150002 0.000000 126.839996 316.391998 132.860001 10.512000 -3.060000 6.440000 1467108.546000 453087.174000 13.270665 80.566917 0.000000 -0.043000 0.334000 -0.023000 0.000000 0.000000
13:04:01 78.300003 -53.150002 0.000000 126.839996 316.395996 132.860001 10.510000 -3.060000 6.465000 1467108.673000 453087.176000 13.270666 80.566917 0.000000 -0.043000 0.334000 -0.023000 0.000000 0.000000
13:04:02 78.300003 -53.150002 0.000000 126.839996 316.403015 132.860001 10.508000 -3.060000 6.504000 1467108.854000 453087.245000 13.270668 80.566917 0.000000 -0.043000 0.334000 -0.023000 0.000000 0.000000
13:04:02 78.300003 -53.150002 0.000000 126.839996 316.403015 132.860001 10.508000 -3.060000 6.504000 1467108.981000 453087.247000 13.270668 80.566917 0.000000 -0.043000 0.334000 -0.023000 0.000000 0.000000
13:04:02 78.300003 -53.150002 0.000000 126.839996 316.403015 132.860001 10.508000 -3.060000 6.504000 1467109.108000 453087.251000 13.270668 80.566917 0.000000 -0.043000 0.334000 -0.023000 0.000000 0.000000
13:04:02 78.300003 -53.150002 0.000000 126.839996 316.403015 132.860001 10.508000 -3.060000 6.504000 1467109.235000 453087.255000 13.270668 80.566917 0.000000 -0.043000 0.334000 -0.023000 0.000000 0.000000
13:04:02 78.300003 -53.150002 0.000000 126.839996 316.403015 132.860001 10.508000 -3.060000 6.504000 1467109.362000 453087.258000 13.270668 80.566917 0.000000 -0.043000 0.334000 -0.023000 0.000000 0.000000
13:04:03 78.300003 -53.150002 0.000000 126.839996 316.403015 132.860001 10.508000 -3.060000 6.504000 0.004000 0.003700 13.270668 80.566917 0.000000 -0.043000 0.334000 -0.023000 0.000000 0.000000
13:04:03 78.300003 -53.150002 0.000000 126.839996 316.513000 132.860001 10.518000 -3.060000 6.392000 0.004000 0.003700 13.270677 80.566925 0.000000 -0.043000 0.334000 -0.023000 0.000000 0.000000
13:04:03 78.300003 -53.150002 0.000000 126.839996 316.513000 132.860001 10.518000 -3.060000 6.392000 1467109.914000 453087.331000 13.270678 80.566925 0.000000 -0.043000 0.334000 -0.023000 0.000000 0.000000
13:04:03 78.300003 -53.150002 0.000000 126.839996 316.513000 132.860001 10.518000 -3.060000 6.392000 1467110.041000 453087.333000 13.270679 80.566925 0.000000 -0.043000 0.334000 -0.023000 0.000000 0.000000
13:04:04 78.300003 -53.150002 0.000000 126.839996 316.513000 132.860001 10.518000 -3.060000 6.392000 1467110.167000 453087.336000 13.270679 80.566925 0.000000 -0.043000 0.334000 -0.023000 0.000000 0.000000
13:04:04 78.300003 -53.150002 0.000000 126.839996 316.513000 132.860001 10.518000 -3.060000 6.392000 1467110.363000 453087.445000 13.270679 80.566925 0.000000 -0.043000 0.334000 -0.023000 0.000000 0.000000
13:04:04 78.300003 -53.150002 0.000000 126.839996 316.513000 132.860001 10.518000 -3.060000 6.392000 1467110.490000 453087.447000 13.270679 80.566925 0.000000 -0.043000 0.334000 -0.023000 0.000000 0.000000
13:04:04 78.300003 -53.150002 0.000000 126.839996 316.513000 132.860001 10.518000 -3.060000 6.392000 1467110.617000 453087.450000 13.270679 80.566925 0.000000 -0.043000 0.334000 -0.023000 0.000000 0.000000
13:04:04 78.300003 -53.150002 0.000000 126.839996 316.513000 132.860001 10.518000 -3.060000 6.392000 1467110.744000 453087.452000 13.270679 80.566925 0.000000 -0.043000 0.334000 -0.023000 0.000000 0.000000
13:04:05 78.300003 -53.150002 0.000000 126.839996 316.513000 132.860001 10.518000 -3.060000 6.392000 0.004000 0.003700 13.270679 80.566925 0.000000 -0.043000 0.334000 -0.023000 0.000000 0.000000
13:04:05 78.300003 -53.150002 0.000000 126.839996 316.513000 132.860001 10.518000 -3.060000 6.392000 0.004000 0.003700 13.270679 80.566925 0.000000 -0.043000 0.334000 -0.023000 0.000000 0.000000
13:04:05 78.300003 -53.150002 0.000000 126.839996 316.852997 132.860001 10.640000 -3.060000 6.928000 0.004000 0.003700 13.270690 80.566925 0.000000 -0.043000 0.334000 -0.023000 0.000000 0.000000
13:04:05 78.300003 -53.150002 0.000000 126.839996 316.885986 132.860001 10.657000 -3.060000 7.034000 1467111.399000 453087.477000 13.270691 80.566925 0.000000 -0.043000 0.334000 -0.023000 0.000000 0.000000
13:04:06 78.300003 -53.150002 0.000000 126.839996 316.920013 132.860001 10.675000 -3.060000 7.142000 1467111.526000 453087.480000 13.270692 80.566925 0.000000 -0.043000 0.334000 -0.023000 0.000000 0.000000
13:04:06 78.300003 -53.150002 0.000000 126.839996 316.920013 132.860001 10.675000 -3.060000 7.142000 1467111.742000 453087.574000 13.270692 80.566925 0.000000 -0.043000 0.334000 -0.023000 0.000000 0.000000
13:04:06 78.300003 -53.150002 0.000000 126.839996 316.920013 132.860001 10.675000 -3.060000 7.142000 1467111.869000 453087.577000 13.270692 80.566925 0.000000 -0.043000 0.334000 -0.023000 0.000000 0.000000
13:04:06 78.300003 -53.150002 0.000000 126.839996 316.920013 132.860001 10.675000 -3.060000 7.142000 1467111.996000 453087.579000 13.270692 80.566925 0.000000 -0.043000 0.334000 -0.023000 0.000000 0.000000
13:04:06 78.300003 -53.150002 0.000000 126.839996 316.920013 132.860001 10.675000 -3.060000 7.142000 1467112.123000 453087.582000 13.270692 80.566925 0.000000 -0.043000 0.334000 -0.023000 0.000000 0.000000
13:04:07 78.300003 -53.150002 0.000000 126.839996 316.920013 132.860001 10.675000 -3.060000 7.142000 0.004000 0.003700 13.270692 80.566925 0.000000 -0.043000 0.334000 -0.023000 0.000000 0.000000
13:04:07 78.300003 -53.150002 0.000000 126.839996 317.135986 132.860001 10.784000 -3.060000 6.967000 0.004000 0.003700 13.270701 80.566925 0.000000 -0.043000 0.334000 -0.023000 0.000000 0.000000
13:04:07 78.400002 -53.150002 0.000000 126.839996 317.165009 132.860001 10.796000 -3.060000 6.877000 1467112.667000 453087.606000 13.270702 80.566925 0.000000 -0.043000 0.334000 -0.023000 0.000000 0.000000
13:04:07 78.400002 -53.150002 0.000000 126.839996 317.194000 132.860001 10.808000 -3.060000 6.875000 1467112.794000 453087.608000 13.270704 80.566925 0.000000 -0.043000 0.334000 -0.023000 0.000000 0.000000
13:04:08 78.400002 -53.150002 0.000000 126.839996 317.223999 132.860001 10.821000 -3.060000 6.970000 1467112.921000 453087.611000 13.270705 80.566925 0.000000 -0.043000 0.334000 -0.023000 0.000000 0.000000
13:04:08 78.400002 -53.150002 0.000000 126.839996 317.223999 132.860001 10.821000 -3.060000 6.970000 1467113.188000 453087.692000 13.270705 80.566925 0.000000 -0.043000 0.334000 -0.023000 0.000000 0.000000
13:04:08 78.400002 -53.150002 0.000000 126.839996 317.223999 132.860001 10.821000 -3.060000 6.970000 1467113.315000 453087.695000 13.270705 80.566925 0.000000 -0.043000 0.334000 -0.023000 0.000000 0.000000
13:04:08 78.400002 -53.150002 0.000000 126.839996 317.223999 132.860001 10.821000 -3.060000 6.970000 1467113.442000 453087.697000 13.270705 80.566925 0.000000 -0.043000 0.334000 -0.023000 0.000000 0.000000
13:04:08 78.400002 -53.150002 0.000000 126.839996 317.223999 132.860001 10.821000 -3.060000 6.970000 1467113.569000 453087.700000 13.270705 80.566925 0.000000 -0.043000 0.334000 -0.023000 0.000000 0.000000
13:04:09 78.400002 -53.150002 0.000000 126.839996 317.223999 132.860001 10.821000 -3.060000 6.970000 0.004000 0.003700 13.270705 80.566925 0.000000 -0.043000 0.334000 -0.023000 0.000000 0.000000
13:04:09 78.300003 -53.150002 0.000000 126.839996 317.428986 132.860001 10.865000 -3.060000 6.712000 0.004000 0.003700 13.270715 80.566925 0.000000 -0.043000 0.334000 -0.023000 0.000000 0.000000
13:04:09 78.300003 -53.150002 0.000000 126.839996 317.459991 132.860001 10.867000 -3.060000 6.619000 1467114.120000 453087.711000 13.270716 80.566925 0.000000 -0.043000 0.334000 -0.023000 0.000000 0.000000
13:04:09 78.300003 -53.150002 0.000000 126.839996 317.492004 132.860001 10.869000 -3.060000 6.601000 1467114.247000 453087.714000 13.270718 80.566925 0.000000 -0.043000 0.334000 -0.023000 0.000000 0.000000
13:04:10 78.300003 -53.150002 0.000000 126.839996 317.524994 132.860001 10.873000 -3.060000 6.693000 1467114.374000 453087.716000 13.270719 80.566925 0.000000 -0.043000 0.334000 -0.023000 0.000000 0.000000
13:04:10 78.300003 -53.150002 0.000000 126.839996 317.524994 132.860001 10.873000 -3.060000 6.693000 1467114.653000 453087.824000 13.270719 80.566925 0.000000 -0.043000 0.334000 -0.023000 0.000000 0.000000
13:04:10 78.300003 -53.150002 0.000000 126.839996 317.524994 132.860001 10.873000 -3.060000 6.693000 1467114.780000 453087.826000 13.270719 80.566925 0.000000 -0.043000 0.334000 -0.023000 0.000000 0.000000
13:04:10 78.300003 -53.150002 0.000000 126.839996 317.524994 132.860001 10.873000 -3.060000 6.693000 1467114.907000 453087.829000 13.270719 80.566925 0.000000 -0.043000 0.334000 -0.023000 0.000000 0.000000
13:04:10 78.300003 -53.150002 0.000000 126.839996 317.524994 132.860001 10.873000 -3.060000 6.693000 1467115.034000 453087.831000 13.270719 80.566925 0.000000 -0.043000 0.334000 -0.023000 0.000000 0.000000
13:04:11 78.300003 -53.150002 0.000000 126.839996 317.524994 132.860001 10.873000 -3.060000 6.693000 0.004000 0.003700 13.270719 80.566925 0.000000 -0.043000 0.334000 -0.023000 0.000000 0.000000
13:04:11 78.300003 -53.150002 0.000000 126.839996 317.776001 132.860001 10.890000 -3.060000 6.457000 0.004000 0.003700 13.270728 80.566925 0.000000 -0.043000 0.334000 -0.023000 0.000000 0.000000
13:04:11 78.300003 -53.150002 0.000000 126.839996 317.816010 132.860001 10.895000 -3.060000 6.428000 1467115.568000 453087.848000 13.270729 80.566925 0.000000 -0.043000 0.334000 -0.023000 0.000000 0.000000
13:04:11 78.300003 -53.150002 0.000000 126.839996 317.855988 132.860001 10.900000 -3.060000 6.436000 1467115.695000 453087.852000 13.270730 80.566925 0.000000 -0.043000 0.334000 -0.023000 0.000000 0.000000
13:04:12 78.300003 -53.150002 0.000000 126.839996 317.898010 132.860001 10.906000 -3.060000 6.457000 1467115.822000 453087.857000 13.270731 80.566925 0.000000 -0.043000 0.334000 -0.023000 0.000000 0.000000
13:04:12 78.300003 -53.150002 0.000000 126.839996 317.898010 132.860001 10.906000 -3.060000 6.457000 1467116.041000 453087.968000 13.270731 80.566925 0.000000 -0.043000 0.334000 -0.023000 0.000000 0.000000
13:04:12 78.300003 -53.150002 0.000000 126.839996 317.898010 132.860001 10.906000 -3.060000 6.457000 1467116.167000 453087.973000 13.270731 80.566925 0.000000 -0.043000 0.334000 -0.023000 0.000000 0.000000
13:04:12 78.300003 -53.150002 0.000000 126.839996 317.898010 132.860001 10.906000 -3.060000 6.457000 1467116.294000 453087.978000 13.270731 80.566925 0.000000 -0.043000 0.334000 -0.023000 0.000000 0.000000
13:04:12 78.300003 -53.150002 0.000000 126.839996 317.898010 132.860001 10.906000 -3.060000 6.457000 1467116.421000 453087.982000 13.270731 80.566925 0.000000 -0.043000 0.334000 -0.023000 0.000000 0.000000
13:04:13 78.300003 -53.150002 0.000000 126.839996 317.898010 132.860001 10.906000 -3.060000 6.457000 0.004000 0.003700 13.270731 80.566925 0.000000 -0.043000 0.334000 -0.023000 0.000000 0.000000
13:04:13 78.300003 -53.150002 0.000000 126.839996 318.200012 132.860001 10.970000 -3.060000 6.570000 0.004000 0.003700 13.270740 80.566925 0.000000 -0.043000 0.334000 -0.023000 0.000000 0.000000
13:04:13 78.300003 -53.150002 0.000000 126.839996 318.243011 132.860001 10.982000 -3.060000 6.570000 1467116.933000 453088.060000 13.270741 80.566925 0.000000 -0.043000 0.334000 -0.023000 0.000000 0.000000
13:04:13 78.300003 -53.150002 0.000000 126.839996 318.286011 132.860001 10.996000 -3.060000 6.594000 1467117.050000 453088.067000 13.270742 80.566925 0.000000 -0.043000 0.334000 -0.023000 0.000000 0.000000
13:04:14 78.300003 -53.150002 0.000000 126.839996 318.329010 132.860001 11.009000 -3.060000 6.591000 1467117.167000 453088.075000 13.270743 80.566925 0.000000 -0.043000 0.334000 -0.023000 0.000000 0.000000
13:04:14 78.300003 -53.150002 0.000000 126.839996 318.329010 132.860001 11.009000 -3.060000 6.591000 1467117.285000 453088.082000 13.270743 80.566925 0.000000 -0.043000 0.334000 -0.023000 0.000000 0.000000
13:04:14 78.300003 -53.150002 0.000000 126.839996 318.329010 132.860001 11.009000 -3.060000 6.591000 1467117.457000 453088.144000 13.270743 80.566925 0.000000 -0.043000 0.334000 -0.023000 0.000000 0.000000
13:04:14 78.300003 -53.150002 0.000000 126.839996 318.329010 132.860001 11.009000 -3.060000 6.591000 1467117.574000 453088.151000 13.270743 80.566925 0.000000 -0.043000 0.334000 -0.023000 0.000000 0.000000
13:04:14 78.300003 -53.150002 0.000000 126.839996 318.329010 132.860001 11.009000 -3.060000 6.591000 1467117.691000 453088.158000 13.270743 80.566925 0.000000 -0.043000 0.334000 -0.023000 0.000000 0.000000
13:04:15 78.300003 -53.150002 0.000000 126.839996 318.329010 132.860001 11.009000 -3.060000 6.591000 1467117.808000 453088.165000 13.270743 80.566925 0.000000 -0.043000 0.334000 -0.023000 0.000000 0.000000
13:04:15 78.300003 -53.150002 0.000000 126.839996 318.622986 132.860001 11.106000 -3.060000 6.401000 0.004000 0.003800 13.270751 80.566933 0.000000 -0.043000 0.334000 -0.023000 0.000000 0.000000
13:04:15 78.300003 -53.150002 0.000000 126.839996 318.665009 132.860001 11.120000 -3.060000 6.380000 1467118.204000 453088.251000 13.270752 80.566933 0.000000 -0.043000 0.334000 -0.023000 0.000000 0.000000
13:04:15 78.300003 -53.150002 0.000000 126.839996 318.707001 132.860001 11.135000 -3.060000 6.370000 1467118.328000 453088.256000 13.270754 80.566933 0.000000 -0.043000 0.334000 -0.023000 0.000000 0.000000
13:04:16 78.300003 -53.150002 0.000000 126.839996 318.748993 132.860001 11.149000 -3.060000 6.403000 1467118.455000 453088.261000 13.270755 80.566933 0.000000 -0.043000 0.334000 -0.023000 0.000000 0.000000
13:04:16 78.300003 -53.150002 0.000000 126.839996 318.748993 132.860001 11.149000 -3.060000 6.403000 1467118.582000 453088.266000 13.270755 80.566933 0.000000 -0.043000 0.334000 -0.023000 0.000000 0.000000
13:04:16 78.300003 -53.150002 0.000000 126.839996 318.748993 132.860001 11.149000 -3.060000 6.403000 1467118.734000 453088.324000 13.270755 80.566933 0.000000 -0.043000 0.334000 -0.023000 0.000000 0.000000
13:04:16 78.300003 -53.150002 0.000000 126.839996 318.748993 132.860001 11.149000 -3.060000 6.403000 1467118.861000 453088.329000 13.270755 80.566933 0.000000 -0.043000 0.334000 -0.023000 0.000000 0.000000
13:04:16 78.300003 -53.150002 0.000000 126.839996 318.748993 132.860001 11.149000 -3.060000 6.403000 1467118.988000 453088.334000 13.270755 80.566933 0.000000 -0.043000 0.334000 -0.023000 0.000000 0.000000
13:04:17 78.300003 -53.150002 0.000000 126.839996 318.748993 132.860001 11.149000 -3.060000 6.403000 0.004000 0.003800 13.270755 80.566933 0.000000 -0.043000 0.334000 -0.023000 0.000000 0.000000
13:04:17 78.300003 -53.150002 0.000000 126.839996 319.023987 132.860001 11.241000 -3.060000 7.158000 0.004000 0.003800 13.270762 80.566933 0.000000 -0.043000 0.334000 -0.023000 0.000000 0.000000
13:04:17 78.300003 -53.150002 0.000000 126.839996 319.059998 132.860001 11.250000 -3.060000 7.130000 1467119.510000 453088.407000 13.270764 80.566933 0.000000 -0.043000 0.334000 -0.023000 0.000000 0.000000
13:04:17 78.300003 -53.150002 0.000000 126.839996 319.095001 132.860001 11.257000 -3.060000 7.060000 1467119.637000 453088.412000 13.270765 80.566933 0.000000 -0.043000 0.334000 -0.023000 0.000000 0.000000
13:04:18 78.300003 -53.150002 0.000000 126.839996 319.130005 132.860001 11.261000 -3.060000 6.946000 1467119.764000 453088.416000 13.270766 80.566933 0.000000 -0.043000 0.334000 -0.023000 0.000000 0.000000
13:04:18 78.300003 -53.150002 0.000000 126.839996 319.130005 132.860001 11.261000 -3.060000 6.946000 1467119.891000 453088.419000 13.270766 80.566933 0.000000 -0.043000 0.334000 -0.023000 0.000000 0.000000
13:04:18 78.300003 -53.150002 0.000000 126.839996 319.130005 132.860001 11.261000 -3.060000 6.946000 1467120.059000 453088.467000 13.270766 80.566933 0.000000 -0.043000 0.334000 -0.023000 0.000000 0.000000
13:04:18 78.300003 -53.150002 0.000000 126.839996 319.130005 132.860001 11.261000 -3.060000 6.946000 1467120.186000 453088.472000 13.270766 80.566933 0.000000 -0.043000 0.334000 -0.023000 0.000000 0.000000
13:04:18 78.300003 -53.150002 0.000000 126.839996 319.130005 132.860001 11.261000 -3.060000 6.946000 1467120.312000 453088.477000 13.270766 80.566933 0.000000 -0.043000 0.334000 -0.023000 0.000000 0.000000
13:04:19 78.300003 -53.150002 0.000000 126.839996 319.130005 132.860001 11.261000 -3.060000 6.946000 0.004000 0.003800 13.270766 80.566933 0.000000 -0.043000 0.334000 -0.023000 0.000000 0.000000
13:04:19 78.300003 -53.150002 0.000000 126.839996 319.373993 132.860001 11.240000 -3.060000 7.204000 0.004000 0.003800 13.270776 80.566933 0.000000 -0.043000 0.334000 -0.023000 0.000000 0.000000
13:04:19 78.400002 -53.150002 0.000000 126.839996 319.410004 132.860001 11.226000 -3.060000 7.198000 1467120.884000 453088.550000 13.270777 80.566933 0.000000 -0.043000 0.334000 -0.023000 0.000000 0.000000
13:04:19 78.400002 -53.150002 0.000000 126.839996 319.446014 132.860001 11.210000 -3.060000 7.178000 1467121.011000 453088.555000 13.270778 80.566933 0.000000 -0.043000 0.334000 -0.023000 0.000000 0.000000
13:04:20 78.400002 -53.150002 0.000000 126.839996 319.480988 132.860001 11.191000 -3.060000 7.113000 1467121.138000 453088.559000 13.270779 80.566933 0.000000 -0.043000 0.334000 -0.023000 0.000000 0.000000
13:04:20 78.400002 -53.150002 0.000000 126.839996 319.480988 132.860001 11.191000 -3.060000 7.113000 1467121.265000 453088.562000 13.270779 80.566933 0.000000 -0.043000 0.334000 -0.023000 0.000000 0.000000
13:04:20 78.400002 -53.150002 0.000000 126.839996 319.480988 132.860001 11.191000 -3.060000 7.113000 1467121.472000 453088.611000 13.270779 80.566933 0.000000 -0.043000 0.334000 -0.023000 0.000000 0.000000
13:04:20 78.400002 -53.150002 0.000000 126.839996 319.480988 132.860001 11.191000 -3.060000 7.113000 1467121.599000 453088.616000 13.270779 80.566933 0.000000 -0.043000 0.334000 -0.023000 0.000000 0.000000
13:04:20 78.400002 -53.150002 0.000000 126.839996 319.480988 132.860001 11.191000 -3.060000 7.113000 1467121.726000 453088.621000 13.270779 80.566933 0.000000 -0.043000 0.334000 -0.023000 0.000000 0.000000
13:04:21 78.400002 -53.150002 0.000000 126.839996 319.480988 132.860001 11.191000 -3.060000 7.113000 1467121.853000 453088.625000 13.270779 80.566933 0.000000 -0.043000 0.334000 -0.023000 0.000000 0.000000
13:04:21 78.300003 -53.150002 0.000000 126.839996 319.748993 132.860001 10.999000 -3.060000 6.838000 0.004000 0.003800 13.270788 80.566933 0.000000 -0.043000 0.334000 -0.023000 0.000000 0.000000
13:04:21 78.300003 -53.150002 0.000000 126.839996 319.748993 132.860001 10.999000 -3.060000 6.838000 1467122.317000 453088.681000 13.270789 80.566933 0.000000 -0.043000 0.334000 -0.023000 0.000000 0.000000
13:04:21 78.300003 -53.150002 0.000000 126.839996 319.748993 132.860001 10.999000 -3.060000 6.838000 1467122.444000 453088.686000 13.270791 80.566933 0.000000 -0.043000 0.334000 -0.023000 0.000000 0.000000
13:04:22 78.300003 -53.150002 0.000000 126.839996 319.748993 132.860001 10.999000 -3.060000 6.838000 1467122.571000 453088.691000 13.270791 80.566933 0.000000 -0.043000 0.334000 -0.023000 0.000000 0.000000
13:04:22 78.300003 -53.150002 0.000000 126.839996 319.748993 132.860001 10.999000 -3.060000 6.838000 1467122.698000 453088.696000 13.270791 80.566933 0.000000 -0.043000 0.334000 -0.023000 0.000000 0.000000
13:04:22 78.300003 -53.150002 0.000000 126.839996 319.748993 132.860001 10.999000 -3.060000 6.838000 1467122.908000 453088.742000 13.270791 80.566933 0.000000 -0.043000 0.334000 -0.023000 0.000000 0.000000
13:04:22 78.300003 -53.150002 0.000000 126.839996 319.748993 132.860001 10.999000 -3.060000 6.838000 1467123.035000 453088.746000 13.270791 80.566933 0.000000 -0.043000 0.334000 -0.023000 0.000000 0.000000
13:04:22 78.300003 -53.150002 0.000000 126.839996 319.748993 132.860001 10.999000 -3.060000 6.838000 1467123.162000 453088.751000 13.270791 80.566933 0.000000 -0.043000 0.334000 -0.023000 0.000000 0.000000
13:04:23 78.400002 -53.150002 0.000000 126.839996 319.748993 132.860001 10.999000 -3.060000 6.838000 0.004000 0.003800 13.270791 80.566933 0.000000 -0.043000 0.334000 -0.023000 0.000000 0.000000
13:04:23 78.400002 -53.150002 0.000000 126.839996 320.227997 132.860001 10.647000 -3.060000 6.434000 0.004000 0.003800 13.270802 80.566933 0.000000 -0.043000 0.334000 -0.023000 0.000000 0.000000
13:04:23 78.400002 -53.150002 0.000000 126.839996 320.282013 132.860001 10.612000 -3.060000 6.400000 1467123.732000 453088.825000 13.270802 80.566933 0.000000 -0.043000 0.334000 -0.023000 0.000000 0.000000
13:04:23 78.300003 -53.150002 0.000000 126.839996 320.337006 132.860001 10.577000 -3.060000 6.370000 1467123.859000 453088.830000 13.270803 80.566933 0.000000 -0.043000 0.334000 -0.023000 0.000000 0.000000
13:04:24 78.300003 -53.150002 0.000000 126.839996 320.337006 132.860001 10.544000 -3.060000 6.350000 1467123.986000 453088.834000 13.270804 80.566933 0.000000 -0.043000 0.334000 -0.023000 0.000000 0.000000
13:04:24 78.300003 -53.150002 0.000000 126.839996 320.337006 132.860001 10.544000 -3.060000 6.350000 1467124.113000 453088.841000 13.270804 80.566933 0.000000 -0.043000 0.334000 -0.023000 0.000000 0.000000
13:04:24 78.300003 -53.150002 0.000000 126.839996 320.337006 132.860001 10.544000 -3.060000 6.350000 1467124.240000 453088.849000 13.270804 80.566933 0.000000 -0.043000 0.334000 -0.023000 0.000000 0.000000
13:04:24 78.300003 -53.150002 0.000000 126.839996 320.337006 132.860001 10.544000 -3.060000 6.350000 1467124.409000 453088.905000 13.270804 80.566933 0.000000 -0.043000 0.334000 -0.023000 0.000000 0.000000
13:04:24 78.300003 -53.150002 0.000000 126.839996 320.337006 132.860001 10.544000 -3.060000 6.350000 0.004000 0.003800 13.270804 80.566933 0.000000 -0.043000 0.334000 -0.023000 0.000000 0.000000
13:04:25 78.300003 -53.150002 0.000000 126.839996 320.337006 132.860001 10.544000 -3.060000 6.350000 0.004000 0.003800 13.270804 80.566933 0.000000 -0.043000 0.334000 -0.023000 0.000000 0.000000
13:04:25 78.300003 -53.150002 0.000000 126.839996 320.800995 132.860001 10.370000 -3.060000 6.537000 0.004000 0.003800 13.270813 80.566933 0.000000 -0.043000 0.334000 -0.023000 0.000000 0.000000
13:04:25 78.300003 -53.150002 0.000000 126.839996 320.859985 132.860001 10.357000 -3.060000 6.641000 1467125.055000 453088.996000 13.270814 80.566933 0.000000 -0.043000 0.334000 -0.023000 0.000000 0.000000
13:04:25 78.300003 -53.150002 0.000000 126.839996 320.920990 132.860001 10.349000 -3.060000 6.768000 1467125.182000 453089.003000 13.270815 80.566933 0.000000 -0.043000 0.334000 -0.023000 0.000000 0.000000
13:04:26 78.300003 -53.150002 0.000000 126.839996 320.920990 132.860001 10.343000 -3.060000 6.896000 1467125.309000 453089.010000 13.270817 80.566933 0.000000 -0.043000 0.334000 -0.023000 0.000000 0.000000
13:04:26 78.300003 -53.150002 0.000000 126.839996 320.920990 132.860001 10.343000 -3.060000 6.896000 1467125.436000 453089.018000 13.270817 80.566933 0.000000 -0.043000 0.334000 -0.023000 0.000000 0.000000
13:04:26 78.300003 -53.150002 0.000000 126.839996 320.920990 132.860001 10.343000 -3.060000 6.896000 1467125.563000 453089.025000 13.270817 80.566933 0.000000 -0.043000 0.334000 -0.023000 0.000000 0.000000
13:04:26 78.300003 -53.150002 0.000000 126.839996 320.920990 132.860001 10.343000 -3.060000 6.896000 1467125.690000 453089.073000 13.270817 80.566933 0.000000 -0.043000 0.334000 -0.023000 0.000000 0.000000
13:04:26 78.300003 -53.150002 0.000000 126.839996 320.920990 132.860001 10.343000 -3.060000 6.896000 1467125.817000 453089.081000 13.270817 80.566933 0.000000 -0.043000 0.334000 -0.023000 0.000000 0.000000
13:04:27 78.300003 -53.150002 0.000000 126.839996 320.920990 132.860001 10.343000 -3.060000 6.896000 0.004000 0.003900 13.270817 80.566933 0.000000 -0.043000 0.334000 -0.023000 0.000000 0.000000
13:04:27 78.199997 -53.150002 0.000000 126.839996 321.394989 132.860001 10.381000 -3.060000 6.749000 0.004000 0.003900 13.270824 80.566940 0.000000 -0.043000 0.334000 -0.023000 0.000000 0.000000
13:04:27 78.199997 -53.150002 0.000000 126.839996 321.454010 132.860001 10.398000 -3.060000 6.812000 1467126.332000 453089.151000 13.270825 80.566940 0.000000 -0.043000 0.334000 -0.023000 0.000000 0.000000
13:04:27 78.199997 -53.150002 0.000000 126.839996 321.513000 132.860001 10.419000 -3.060000 6.916000 1467126.459000 453089.159000 13.270827 80.566940 0.000000 -0.043000 0.334000 -0.023000 0.000000 0.000000
13:04:28 78.199997 -53.150002 0.000000 126.839996 321.571991 132.860001 10.442000 -3.060000 7.025000 1467126.586000 453089.166000 13.270828 80.566940 0.000000 -0.043000 0.334000 -0.023000 0.000000 0.000000
13:04:28 78.199997 -53.150002 0.000000 126.839996 321.571991 132.860001 10.442000 -3.060000 7.025000 1467126.713000 453089.173000 13.270828 80.566940 0.000000 -0.043000 0.334000 -0.023000 0.000000 0.000000
13:04:28 78.199997 -53.150002 0.000000 126.839996 321.571991 132.860001 10.442000 -3.060000 7.025000 1467126.840000 453089.181000 13.270828 80.566940 0.000000 -0.043000 0.334000 -0.023000 0.000000 0.000000
13:04:28 78.199997 -53.150002 0.000000 126.839996 321.571991 132.860001 10.442000 -3.060000 7.025000 1467126.983000 453089.242000 13.270828 80.566940 0.000000 -0.043000 0.334000 -0.023000 0.000000 0.000000
13:04:28 78.199997 -53.150002 0.000000 126.839996 321.571991 132.860001 10.442000 -3.060000 7.025000 1467127.110000 453089.250000 13.270828 80.566940 0.000000 -0.043000 0.334000 -0.023000 0.000000 0.000000
13:04:29 78.199997 -53.150002 0.000000 126.839996 321.924988 132.860001 10.606000 -3.060000 7.332000 1467127.364000 453089.264000 13.270835 80.566940 0.000000 -0.043000 0.334000 -0.023000 0.000000 0.000000
13:04:29 78.199997 -53.150002 0.000000 126.839996 321.924988 132.860001 10.606000 -3.060000 7.332000 1467127.491000 453089.271000 13.270837 80.566940 0.000000 -0.043000 0.334000 -0.023000 0.000000 0.000000
13:04:29 78.199997 -53.150002 0.000000 126.839996 321.924988 132.860001 10.606000 -3.060000 7.332000 1467127.656000 453089.320000 13.270838 80.566940 0.000000 -0.043000 0.334000 -0.023000 0.000000 0.000000
13:04:29 78.199997 -53.150002 0.000000 126.839996 321.924988 132.860001 10.606000 -3.060000 7.332000 1467127.783000 453089.327000 13.270838 80.566940 0.000000 -0.043000 0.334000 -0.023000 0.000000 0.000000
13:04:30 78.300003 -53.150002 0.000000 126.839996 321.924988 132.860001 10.606000 -3.060000 7.332000 1467127.910000 453089.335000 13.270838 80.566940 0.000000 -0.043000 0.334000 -0.023000 0.000000 0.000000
13:04:30 78.300003 -53.150002 0.000000 126.839996 321.924988 132.860001 10.606000 -3.060000 7.332000 1467128.037000 453089.342000 13.270838 80.566940 0.000000 -0.043000 0.334000 -0.023000 0.000000 0.000000
13:04:30 78.300003 -53.150002 0.000000 126.839996 321.924988 132.860001 10.606000 -3.060000 7.332000 1467128.164000 453089.349000 13.270838 80.566940 0.000000 -0.043000 0.334000 -0.023000 0.000000 0.000000
13:04:30 78.300003 -53.150002 0.000000 126.839996 321.924988 132.860001 10.606000 -3.060000 7.332000 1467128.358000 453089.398000 13.270838 80.566940 0.000000 -0.043000 0.334000 -0.023000 0.000000 0.000000
13:04:30 78.199997 -53.150002 0.000000 126.839996 321.924988 132.860001 10.606000 -3.060000 7.332000 1467128.487000 453089.405000 13.270838 80.566940 0.000000 -0.043000 0.334000 -0.023000 0.000000 0.000000
13:04:31 78.199997 -53.150002 0.000000 126.839996 321.924988 132.860001 10.606000 -3.060000 7.332000 0.004000 0.003900 13.270838 80.566940 0.000000 -0.043000 0.334000 -0.023000 0.000000 0.000000
13:04:31 78.199997 -53.150002 0.000000 126.839996 322.640015 132.860001 10.888000 -3.060000 7.205000 0.004000 0.003900 13.270849 80.566940 0.000000 -0.043000 0.334000 -0.023000 0.000000 0.000000
13:04:31 78.199997 -53.150002 0.000000 126.839996 322.714996 132.860001 10.904000 -3.060000 7.083000 1467129.086000 453089.489000 13.270850 80.566940 0.000000 -0.043000 0.334000 -0.023000 0.000000 0.000000
13:04:31 78.099998 -53.150002 0.000000 126.839996 322.790009 132.860001 10.918000 -3.060000 6.941000 1467129.223000 453089.496000 13.270852 80.566940 0.000000 -0.043000 0.334000 -0.023000 0.000000 0.000000
13:04:32 78.099998 -53.150002 0.000000 126.839996 322.790009 132.860001 10.931000 -3.060000 6.871000 1467129.359000 453089.504000 13.270853 80.566940 0.000000 -0.043000 0.334000 -0.023000 0.000000 0.000000
13:04:32 78.099998 -53.150002 0.000000 126.839996 322.790009 132.860001 10.931000 -3.060000 6.871000 1467129.496000 453089.511000 13.270853 80.566940 0.000000 -0.043000 0.334000 -0.023000 0.000000 0.000000
13:04:32 78.099998 -53.150002 0.000000 126.839996 322.790009 132.860001 10.931000 -3.060000 6.871000 1467129.633000 453089.518000 13.270853 80.566940 0.000000 -0.043000 0.334000 -0.023000 0.000000 0.000000
13:04:32 78.099998 -53.150002 0.000000 126.839996 322.790009 132.860001 10.931000 -3.060000 6.871000 1467129.816000 453089.567000 13.270853 80.566940 0.000000 -0.043000 0.334000 -0.023000 0.000000 0.000000
13:04:32 78.099998 -53.150002 0.000000 126.839996 322.790009 132.860001 10.931000 -3.060000 6.871000 1467129.953000 453089.574000 13.270853 80.566940 0.000000 -0.043000 0.334000 -0.023000 0.000000 0.000000
13:04:33 78.099998 -53.150002 0.000000 126.839996 322.790009 132.860001 10.931000 -3.060000 6.871000 0.004000 0.003900 13.270853 80.566940 0.000000 -0.043000 0.334000 -0.023000 0.000000 0.000000
13:04:33 78.099998 -53.150002 0.000000 126.839996 323.467010 132.860001 10.985000 -3.060000 6.706000 0.004000 0.003900 13.270863 80.566940 0.000000 -0.043000 0.334000 -0.023000 0.000000 0.000000
13:04:33 78.099998 -53.150002 0.000000 126.839996 323.559998 132.860001 10.986000 -3.060000 6.550000 1467130.495000 453089.604000 13.270864 80.566940 0.000000 -0.043000 0.334000 -0.023000 0.000000 0.000000
13:04:33 78.099998 -53.150002 0.000000 126.839996 323.653992 132.860001 10.987000 -3.060000 6.414000 1467130.683000 453089.652000 13.270865 80.566940 0.000000 -0.043000 0.334000 -0.023000 0.000000 0.000000
13:04:34 78.099998 -53.150002 0.000000 126.839996 323.653992 132.860001 10.987000 -3.060000 6.334000 1467130.810000 453089.660000 13.270866 80.566940 0.000000 -0.043000 0.334000 -0.023000 0.000000 0.000000
13:04:34 78.099998 -53.150002 0.000000 126.839996 323.653992 132.860001 10.987000 -3.060000 6.334000 1467130.937000 453089.667000 13.270866 80.566940 0.000000 -0.043000 0.334000 -0.023000 0.000000 0.000000
13:04:34 78.000000 -53.150002 0.000000 126.839996 323.653992 132.860001 10.987000 -3.060000 6.334000 1467131.064000 453089.674000 13.270866 80.566940 0.000000 -0.043000 0.334000 -0.023000 0.000000 0.000000
13:04:34 78.000000 -53.150002 0.000000 126.839996 323.653992 132.860001 10.987000 -3.060000 6.334000 1467131.191000 453089.682000 13.270866 80.566940 0.000000 -0.043000 0.334000 -0.023000 0.000000 0.000000
13:04:34 78.000000 -53.150002 0.000000 126.839996 323.653992 132.860001 10.987000 -3.060000 6.334000 1467131.408000 453089.730000 13.270866 80.566940 0.000000 -0.043000 0.334000 -0.023000 0.000000 0.000000
13:04:35 78.000000 -53.150002 0.000000 126.839996 323.653992 132.860001 10.987000 -3.060000 6.334000 1467131.535000 453089.738000 13.270866 80.566940 0.000000 -0.043000 0.334000 -0.023000 0.000000 0.000000
13:04:35 78.000000 -53.150002 0.000000 126.839996 324.434998 132.860001 11.003000 -3.060000 6.572000 0.004000 0.003900 13.270876 80.566940 0.000000 -0.043000 0.334000 -0.023000 0.000000 0.000000
13:04:35 78.000000 -53.150002 0.000000 126.839996 324.532013 132.860001 11.009000 -3.060000 6.645000 1467131.916000 453089.760000 13.270877 80.566940 0.000000 -0.043000 0.334000 -0.023000 0.000000 0.000000
13:04:35 78.000000 -53.150002 0.000000 126.839996 324.627991 132.860001 11.016000 -3.060000 6.670000 1467132.113000 453089.821000 13.270878 80.566940 0.000000 -0.043000 0.334000 -0.023000 0.000000 0.000000
13:04:36 78.000000 -53.150002 0.000000 126.839996 324.627991 132.860001 11.023000 -3.060000 6.657000 1467132.240000 453089.829000 13.270879 80.566940 0.000000 -0.043000 0.334000 -0.023000 0.000000 0.000000
13:04:36 78.000000 -53.150002 0.000000 126.839996 324.627991 132.860001 11.023000 -3.060000 6.657000 1467132.367000 453089.836000 13.270879 80.566940 0.000000 -0.043000 0.334000 -0.023000 0.000000 0.000000
13:04:36 78.000000 -53.150002 0.000000 126.839996 324.627991 132.860001 11.023000 -3.060000 6.657000 1467132.494000 453089.843000 13.270879 80.566940 0.000000 -0.043000 0.334000 -0.023000 0.000000 0.000000
13:04:36 78.000000 -53.150002 0.000000 126.839996 324.627991 132.860001 11.023000 -3.060000 6.657000 1467132.621000 453089.851000 13.270879 80.566940 0.000000 -0.043000 0.334000 -0.023000 0.000000 0.000000
13:04:36 78.000000 -53.150002 0.000000 126.839996 324.627991 132.860001 11.023000 -3.060000 6.657000 1467132.777000 453089.899000 13.270879 80.566940 0.000000 -0.043000 0.334000 -0.023000 0.000000 0.000000
13:04:37 77.900002 -53.150002 0.000000 126.839996 324.627991 132.860001 11.023000 -3.060000 6.657000 1467132.904000 453089.907000 13.270879 80.566940 0.000000 -0.043000 0.334000 -0.023000 0.000000 0.000000
13:04:37 77.900002 -53.150002 0.000000 126.839996 325.351990 132.860001 11.120000 -3.060000 6.342000 0.004000 0.003900 13.270887 80.566948 0.000000 -0.043000 0.334000 -0.023000 0.000000 0.000000
13:04:37 77.900002 -53.150002 0.000000 126.839996 325.437012 132.860001 11.145000 -3.060000 6.466000 1467133.255000 453089.934000 13.270888 80.566948 0.000000 -0.043000 0.334000 -0.023000 0.000000 0.000000
13:04:37 77.900002 -53.150002 0.000000 126.839996 325.519012 132.860001 11.171000 -3.060000 6.541000 1467133.416000 453089.990000 13.270890 80.566948 0.000000 -0.043000 0.334000 -0.023000 0.000000 0.000000
13:04:38 77.900002 -53.150002 0.000000 126.839996 325.519012 132.860001 11.199000 -3.060000 6.556000 1467133.534000 453089.998000 13.270891 80.566948 0.000000 -0.043000 0.334000 -0.023000 0.000000 0.000000
13:04:38 77.900002 -53.150002 0.000000 126.839996 325.519012 132.860001 11.199000 -3.060000 6.556000 1467133.651000 453090.005000 13.270891 80.566948 0.000000 -0.043000 0.334000 -0.023000 0.000000 0.000000
13:04:38 77.900002 -53.150002 0.000000 126.839996 325.519012 132.860001 11.199000 -3.060000 6.556000 1467133.768000 453090.012000 13.270891 80.566948 0.000000 -0.043000 0.334000 -0.023000 0.000000 0.000000
13:04:38 77.900002 -53.150002 0.000000 126.839996 325.519012 132.860001 11.199000 -3.060000 6.556000 1467133.885000 453090.020000 13.270891 80.566948 0.000000 -0.043000 0.334000 -0.023000 0.000000 0.000000
13:04:38 77.900002 -53.150002 0.000000 126.839996 325.519012 132.860001 11.199000 -3.060000 6.556000 0.004000 0.003000 13.270891 80.566948 0.000000 -0.043000 0.334000 -0.023000 0.000000 0.000000
13:04:39 77.900002 -53.150002 0.000000 126.839996 326.061005 132.860001 11.399000 -3.060000 6.136000 0.004000 0.003000 13.270898 80.566948 0.000000 -0.043000 0.334000 -0.023000 0.000000 0.000000
13:04:39 77.900002 -53.150002 0.000000 126.839996 326.061005 132.860001 11.399000 -3.060000 6.136000 1467134.384000 453090.090000 13.270899 80.566948 0.000000 -0.043000 0.334000 -0.023000 0.000000 0.000000
13:04:39 77.900002 -53.150002 0.000000 126.839996 326.061005 132.860001 11.399000 -3.060000 6.136000 1467134.501000 453090.097000 13.270900 80.566948 0.000000 -0.043000 0.334000 -0.023000 0.000000 0.000000
13:04:39 77.900002 -53.150002 0.000000 126.839996 326.061005 132.860001 11.399000 -3.060000 6.136000 1467134.629000 453090.145000 13.270900 80.566948 0.000000 -0.043000 0.334000 -0.023000 0.000000 0.000000
13:04:40 77.900002 -53.150002 0.000000 126.839996 326.061005 132.860001 11.399000 -3.060000 6.136000 1467134.747000 453090.150000 13.270900 80.566948 0.000000 -0.043000 0.334000 -0.023000 0.000000 0.000000
13:04:40 77.900002 -53.150002 0.000000 126.839996 326.061005 132.860001 11.399000 -3.060000 6.136000 1467134.864000 453090.155000 13.270900 80.566948 0.000000 -0.043000 0.334000 -0.023000 0.000000 0.000000
13:04:40 77.900002 -53.150002 0.000000 126.839996 326.061005 132.860001 11.399000 -3.060000 6.136000 1467134.981000 453090.160000 13.270900 80.566948 0.000000 -0.043000 0.334000 -0.023000 0.000000 0.000000
13:04:40 77.900002 -53.150002 0.000000 126.839996 326.061005 132.860001 11.399000 -3.060000 6.136000 1467135.098000 453090.165000 13.270900 80.566948 0.000000 -0.043000 0.334000 -0.023000 0.000000 0.000000
13:04:40 77.900002 -53.150002 0.000000 126.839996 326.061005 132.860001 11.399000 -3.060000 6.136000 0.004000 0.003000 13.270900 80.566948 0.000000 -0.043000 0.334000 -0.023000 0.000000 0.000000
13:04:41 77.900002 -53.150002 0.000000 126.839996 326.734985 132.860001 11.884000 -3.060000 6.357000 0.004000 0.003000 13.270908 80.566948 0.000000 -0.043000 0.334000 -0.023000 0.000000 0.000000
13:04:41 78.000000 -53.150002 0.000000 126.839996 326.734985 132.860001 11.884000 -3.060000 6.357000 1467135.581000 453090.207000 13.270909 80.566948 0.000000 -0.043000 0.334000 -0.023000 0.000000 0.000000
13:04:41 78.000000 -53.150002 0.000000 126.839996 326.734985 132.860001 11.884000 -3.060000 6.357000 1467135.698000 453090.209000 13.270910 80.566948 0.000000 -0.043000 0.334000 -0.023000 0.000000 0.000000
13:04:41 78.000000 -53.150002 0.000000 126.839996 326.734985 132.860001 11.884000 -3.060000 6.357000 1467135.825000 453090.249000 13.270910 80.566948 0.000000 -0.043000 0.334000 -0.023000 0.000000 0.000000
13:04:42 78.000000 -53.150002 0.000000 126.839996 326.734985 132.860001 11.884000 -3.060000 6.357000 1467135.942000 453090.252000 13.270910 80.566948 0.000000 -0.043000 0.334000 -0.023000 0.000000 0.000000
13:04:42 78.099998 -53.150002 0.000000 126.839996 326.734985 132.860001 11.884000 -3.060000 6.357000 1467136.059000 453090.254000 13.270910 80.566948 0.000000 -0.043000 0.334000 -0.023000 0.000000 0.000000
13:04:42 78.099998 -53.150002 0.000000 126.839996 326.734985 132.860001 11.884000 -3.060000 6.357000 1467136.176000 453090.256000 13.270910 80.566948 0.000000 -0.043000 0.334000 -0.023000 0.000000 0.000000
13:04:42 78.099998 -53.150002 0.000000 126.839996 326.734985 132.860001 11.884000 -3.060000 6.357000 1467136.293000 453090.256000 13.270910 80.566948 0.000000 -0.043000 0.334000 -0.023000 0.000000 0.000000
13:04:42 78.099998 -53.150002 0.000000 126.839996 326.734985 132.860001 11.884000 -3.060000 6.357000 1467136.442000 453090.276000 13.270910 80.566948 0.000000 -0.043000 0.334000 -0.023000 0.000000 0.000000
13:04:43 78.099998 -53.150002 0.000000 126.839996 326.734985 132.860001 11.884000 -3.060000 6.357000 0.004000 0.003000 13.270910 80.566948 0.000000 -0.043000 0.334000 -0.023000 0.000000 0.000000
13:04:43 78.099998 -53.150002 0.000000 126.839996 327.183990 132.860001 12.373000 -3.060000 6.311000 0.004000 0.003000 13.270921 80.566948 0.000000 -0.043000 0.334000 -0.023000 0.000000 0.000000
13:04:43 78.099998 -53.150002 0.000000 126.839996 327.208008 132.860001 12.404000 -3.060000 6.317000 1467136.911000 453090.276000 13.270922 80.566948 0.000000 -0.043000 0.334000 -0.023000 0.000000 0.000000
13:04:43 78.099998 -53.150002 0.000000 126.839996 327.230011 132.860001 12.432000 -3.060000 6.354000 1467137.028000 453090.276000 13.270923 80.566948 0.000000 -0.043000 0.334000 -0.023000 0.000000 0.000000
13:04:44 78.099998 -53.150002 0.000000 126.839996 327.248993 132.860001 12.457000 -3.060000 6.389000 1467137.189000 453090.290000 13.270924 80.566948 0.000000 -0.043000 0.334000 -0.023000 0.000000 0.000000
13:04:44 78.099998 -53.150002 0.000000 126.839996 327.248993 132.860001 12.457000 -3.060000 6.389000 1467137.307000 453090.290000 13.270924 80.566948 0.000000 -0.043000 0.334000 -0.023000 0.000000 0.000000
13:04:44 78.099998 -53.150002 0.000000 126.839996 327.248993 132.860001 12.457000 -3.060000 6.389000 1467137.424000 453090.290000 13.270924 80.566948 0.000000 -0.043000 0.334000 -0.023000 0.000000 0.000000
13:04:44 78.099998 -53.150002 0.000000 126.839996 327.248993 132.860001 12.457000 -3.060000 6.389000 1467137.541000 453090.290000 13.270924 80.566948 0.000000 -0.043000 0.334000 -0.023000 0.000000 0.000000
13:04:44 78.199997 -53.150002 0.000000 126.839996 327.248993 132.860001 12.457000 -3.060000 6.389000 1467137.658000 453090.290000 13.270924 80.566948 0.000000 -0.043000 0.334000 -0.023000 0.000000 0.000000
13:04:45 78.199997 -53.150002 0.000000 126.839996 327.248993 132.860001 12.457000 -3.060000 6.389000 0.004000 0.003000 13.270924 80.566948 0.000000 -0.043000 0.334000 -0.023000 0.000000 0.000000
13:04:45 78.199997 -53.150002 0.000000 126.839996 327.317993 132.860001 12.539000 -3.060000 6.268000 0.004000 0.003000 13.270932 80.566948 0.000000 -0.043000 0.334000 -0.023000 0.000000 0.000000
13:04:45 78.199997 -53.150002 0.000000 126.839996 327.321014 132.860001 12.539000 -3.060000 6.304000 1467138.177000 453090.291000 13.270933 80.566948 0.000000 -0.043000 0.334000 -0.023000 0.000000 0.000000
13:04:45 78.199997 -53.150002 0.000000 126.839996 327.321014 132.860001 12.536000 -3.060000 6.348000 1467138.294000 453090.291000 13.270934 80.566948 0.000000 -0.043000 0.334000 -0.023000 0.000000 0.000000
13:04:46 78.199997 -53.150002 0.000000 126.839996 327.320007 132.860001 12.529000 -3.060000 6.413000 1467138.465000 453090.292000 13.270935 80.566948 0.000000 -0.043000 0.334000 -0.023000 0.000000 0.000000
13:04:46 78.199997 -53.150002 0.000000 126.839996 327.320007 132.860001 12.529000 -3.060000 6.413000 1467138.582000 453090.292000 13.270935 80.566948 0.000000 -0.043000 0.334000 -0.023000 0.000000 0.000000
13:04:46 78.199997 -53.150002 0.000000 126.839996 327.320007 132.860001 12.529000 -3.060000 6.413000 1467138.699000 453090.292000 13.270935 80.566948 0.000000 -0.043000 0.334000 -0.023000 0.000000 0.000000
13:04:46 78.300003 -53.150002 0.000000 126.839996 327.320007 132.860001 12.529000 -3.060000 6.413000 1467138.816000 453090.292000 13.270935 80.566948 0.000000 -0.043000 0.334000 -0.023000 0.000000 0.000000
13:04:46 78.300003 -53.150002 0.000000 126.839996 327.320007 132.860001 12.529000 -3.060000 6.413000 1467138.934000 453090.292000 13.270935 80.566948 0.000000 -0.043000 0.334000 -0.023000 0.000000 0.000000
13:04:47 78.300003 -53.150002 0.000000 126.839996 327.320007 132.860001 12.529000 -3.060000 6.413000 0.004000 0.003000 13.270935 80.566948 0.000000 -0.043000 0.334000 -0.023000 0.000000 0.000000
13:04:47 78.300003 -53.150002 0.000000 126.839996 327.279999 132.860001 12.402000 -3.060000 6.854000 0.004000 0.003000 13.270944 80.566948 0.000000 -0.043000 0.334000 -0.023000 0.000000 0.000000
13:04:47 78.300003 -53.150002 0.000000 126.839996 327.269989 132.860001 12.369000 -3.060000 6.681000 1467139.455000 453090.314000 13.270945 80.566948 0.000000 -0.043000 0.334000 -0.023000 0.000000 0.000000
13:04:47 78.300003 -53.150002 0.000000 126.839996 327.260986 132.860001 12.334000 -3.060000 6.567000 1467139.572000 453090.317000 13.270946 80.566948 0.000000 -0.043000 0.334000 -0.023000 0.000000 0.000000
13:04:48 78.300003 -53.150002 0.000000 126.839996 327.260986 132.860001 12.297000 -3.060000 6.545000 1467139.733000 453090.309000 13.270947 80.566948 0.000000 -0.043000 0.334000 -0.023000 0.000000 0.000000
13:04:48 78.400002 -53.150002 0.000000 126.839996 327.260986 132.860001 12.297000 -3.060000 6.545000 1467139.850000 453090.311000 13.270947 80.566948 0.000000 -0.043000 0.334000 -0.023000 0.000000 0.000000
13:04:48 78.400002 -53.150002 0.000000 126.839996 327.260986 132.860001 12.297000 -3.060000 6.545000 1467139.967000 453090.313000 13.270947 80.566948 0.000000 -0.043000 0.334000 -0.023000 0.000000 0.000000
13:04:48 78.400002 -53.150002 0.000000 126.839996 327.260986 132.860001 12.297000 -3.060000 6.545000 1467140.084000 453090.316000 13.270947 80.566948 0.000000 -0.043000 0.334000 -0.023000 0.000000 0.000000
13:04:48 78.400002 -53.150002 0.000000 126.839996 327.260986 132.860001 12.297000 -3.060000 6.545000 1467140.202000 453090.318000 13.270947 80.566948 0.000000 -0.043000 0.334000 -0.023000 0.000000 0.000000
13:04:49 78.400002 -53.150002 0.000000 126.839996 327.192993 132.860001 12.022000 -3.060000 6.238000 1467140.479000 453090.340000 13.270954 80.566948 0.000000 -0.043000 0.334000 -0.023000 0.000000 0.000000
13:04:49 78.400002 -53.150002 0.000000 126.839996 327.192993 132.860001 12.022000 -3.060000 6.238000 1467140.596000 453090.345000 13.270955 80.566948 0.000000 -0.043000 0.334000 -0.023000 0.000000 0.000000
13:04:49 78.400002 -53.150002 0.000000 126.839996 327.192993 132.860001 12.022000 -3.060000 6.238000 1467140.713000 453090.350000 13.270956 80.566948 0.000000 -0.043000 0.334000 -0.023000 0.000000 0.000000
13:04:49 78.400002 -53.150002 0.000000 126.839996 327.192993 132.860001 12.022000 -3.060000 6.238000 1467140.830000 453090.355000 13.270956 80.566948 0.000000 -0.043000 0.334000 -0.023000 0.000000 0.000000
13:04:50 78.400002 -53.150002 0.000000 126.839996 327.192993 132.860001 12.022000 -3.060000 6.238000 1467140.972000 453090.376000 13.270956 80.566948 0.000000 -0.043000 0.334000 -0.023000 0.000000 0.000000
13:04:50 78.400002 -53.150002 0.000000 126.839996 327.192993 132.860001 12.022000 -3.060000 6.238000 1467141.089000 453090.380000 13.270956 80.566948 0.000000 -0.043000 0.334000 -0.023000 0.000000 0.000000
13:04:50 78.400002 -53.150002 0.000000 126.839996 327.192993 132.860001 12.022000 -3.060000 6.238000 0.004000 0.003000 13.270956 80.566948 0.000000 -0.043000 0.334000 -0.023000 0.000000 0.000000
13:04:50 78.400002 -53.150002 0.000000 126.839996 327.192993 132.860001 12.022000 -3.060000 6.238000 1467141.323000 453090.390000 13.270956 80.566948 0.000000 -0.043000 0.334000 -0.023000 0.000000 0.000000
13:04:50 78.400002 -53.150002 0.000000 126.839996 327.192993 132.860001 12.022000 -3.060000 6.238000 0.004000 0.003000 13.270956 80.566948 0.000000 -0.043000 0.334000 -0.023000 0.000000 0.000000
13:04:51 78.400002 -53.150002 0.000000 126.839996 327.062988 132.860001 11.467000 -3.060000 5.863000 0.004000 0.003000 13.270965 80.566948 0.000000 -0.043000 0.334000 -0.023000 0.000000 0.000000
13:04:51 78.400002 -53.150002 0.000000 126.839996 327.062988 132.860001 11.467000 -3.060000 5.863000 1467141.804000 453090.425000 13.270966 80.566948 0.000000 -0.043000 0.334000 -0.023000 0.000000 0.000000
13:04:51 78.400002 -53.150002 0.000000 126.839996 327.062988 132.860001 11.467000 -3.060000 5.863000 1467141.921000 453090.430000 13.270967 80.566948 0.000000 -0.043000 0.334000 -0.023000 0.000000 0.000000
13:04:51 78.400002 -53.150002 0.000000 126.839996 327.062988 132.860001 11.467000 -3.060000 5.863000 1467142.038000 453090.434000 13.270967 80.566948 0.000000 -0.043000 0.334000 -0.023000 0.000000 0.000000
13:04:52 78.400002 -53.150002 0.000000 126.839996 327.062988 132.860001 11.467000 -3.060000 5.863000 1467142.149000 453090.454000 13.270967 80.566948 0.000000 -0.043000 0.334000 -0.023000 0.000000 0.000000
13:04:52 78.400002 -53.150002 0.000000 126.839996 327.062988 132.860001 11.467000 -3.060000 5.863000 1467142.267000 453090.459000 13.270967 80.566948 0.000000 -0.043000 0.334000 -0.023000 0.000000 0.000000
13:04:52 78.400002 -53.150002 0.000000 126.839996 327.062988 132.860001 11.467000 -3.060000 5.863000 1467142.384000 453090.464000 13.270967 80.566948 0.000000 -0.043000 0.334000 -0.023000 0.000000 0.000000
13:04:52 78.500000 -53.150002 0.000000 126.839996 327.062988 132.860001 11.467000 -3.060000 5.863000 1467142.501000 453090.469000 13.270967 80.566948 0.000000 -0.043000 0.334000 -0.023000 0.000000 0.000000
13:04:52 78.500000 -53.150002 0.000000 126.839996 327.062988 132.860001 11.467000 -3.060000 5.863000 0.004000 0.003000 13.270967 80.566948 0.000000 -0.043000 0.334000 -0.023000 0.000000 0.000000
13:04:53 78.500000 -53.150002 0.000000 126.839996 326.881012 132.860001 11.035000 -3.060000 6.567000 0.004000 0.003000 13.270975 80.566948 0.000000 -0.043000 0.334000 -0.023000 0.000000 0.000000
13:04:53 78.500000 -53.150002 0.000000 126.839996 326.881012 132.860001 11.002000 -3.060000 6.473000 1467142.956000 453090.503000 13.270976 80.566948 0.000000 -0.043000 0.334000 -0.023000 0.000000 0.000000
13:04:53 78.500000 -53.150002 0.000000 126.839996 326.881012 132.860001 11.002000 -3.060000 6.473000 1467143.073000 453090.508000 13.270977 80.566948 0.000000 -0.043000 0.334000 -0.023000 0.000000 0.000000
13:04:53 78.500000 -53.150002 0.000000 126.839996 326.881012 132.860001 11.002000 -3.060000 6.473000 1467143.190000 453090.513000 13.270977 80.566948 0.000000 -0.043000 0.334000 -0.023000 0.000000 0.000000
13:04:54 78.500000 -53.150002 0.000000 126.839996 326.881012 132.860001 11.002000 -3.060000 6.473000 1467143.308000 453090.518000 13.270977 80.566948 0.000000 -0.043000 0.334000 -0.023000 0.000000 0.000000
13:04:54 78.500000 -53.150002 0.000000 126.839996 326.881012 132.860001 11.002000 -3.060000 6.473000 1467143.397000 453090.550000 13.270977 80.566948 0.000000 -0.043000 0.334000 -0.023000 0.000000 0.000000
13:04:54 78.599998 -53.150002 0.000000 126.839996 326.881012 132.860001 11.002000 -3.060000 6.473000 1467143.514000 453090.555000 13.270977 80.566948 0.000000 -0.043000 0.334000 -0.023000 0.000000 0.000000
13:04:54 78.599998 -53.150002 0.000000 126.839996 326.881012 132.860001 11.002000 -3.060000 6.473000 1467143.631000 453090.560000 13.270977 80.566948 0.000000 -0.043000 0.334000 -0.023000 0.000000 0.000000
13:04:55 78.599998 -53.150002 0.000000 126.839996 326.644989 132.860001 10.834000 -3.060000 6.317000 1467144.005000 453090.577000 13.270986 80.566948 0.000000 -0.043000 0.334000 -0.023000 0.000000 0.000000
13:04:55 78.599998 -53.150002 0.000000 126.839996 326.644989 132.860001 10.828000 -3.060000 6.364000 1467144.122000 453090.582000 13.270987 80.566948 0.000000 -0.043000 0.334000 -0.023000 0.000000 0.000000
13:04:55 78.599998 -53.150002 0.000000 126.839996 326.644989 132.860001 10.828000 -3.060000 6.364000 1467144.239000 453090.587000 13.270988 80.566948 0.000000 -0.043000 0.334000 -0.023000 0.000000 0.000000
13:04:55 78.599998 -53.150002 0.000000 126.839996 326.644989 132.860001 10.828000 -3.060000 6.364000 1467144.356000 453090.592000 13.270988 80.566948 0.000000 -0.043000 0.334000 -0.023000 0.000000 0.000000
13:04:56 78.599998 -53.150002 0.000000 126.839996 326.511993 132.860001 10.815000 -3.060000 6.380000 1467144.591000 453090.642000 13.270991 80.566948 0.000000 -0.043000 0.334000 -0.023000 0.000000 0.000000
13:04:56 78.599998 -53.150002 0.000000 126.839996 326.511993 132.860001 10.815000 -3.060000 6.380000 1467144.708000 453090.647000 13.270992 80.566948 0.000000 -0.043000 0.334000 -0.023000 0.000000 0.000000
13:04:56 78.599998 -53.150002 0.000000 126.839996 326.511993 132.860001 10.815000 -3.060000 6.380000 1467144.826000 453090.652000 13.270993 80.566948 0.000000 -0.043000 0.334000 -0.023000 0.000000 0.000000
13:04:56 78.599998 -53.150002 0.000000 126.839996 326.511993 132.860001 10.815000 -3.060000 6.380000 1467144.943000 453090.656000 13.270993 80.566948 0.000000 -0.043000 0.334000 -0.023000 0.000000 0.000000
13:04:57 78.699997 -53.150002 0.000000 126.839996 326.511993 132.860001 10.815000 -3.060000 6.380000 1467145.060000 453090.658000 13.270993 80.566948 0.000000 -0.043000 0.334000 -0.023000 0.000000 0.000000
13:04:57 78.699997 -53.150002 0.000000 126.839996 326.511993 132.860001 10.815000 -3.060000 6.380000 1467145.217000 453090.667000 13.270993 80.566948 0.000000 -0.043000 0.334000 -0.023000 0.000000 0.000000
13:04:57 78.699997 -53.150002 0.000000 126.839996 326.511993 132.860001 10.815000 -3.060000 6.380000 1467145.334000 453090.669000 13.270993 80.566948 0.000000 -0.043000 0.334000 -0.023000 0.000000 0.000000
13:04:57 78.699997 -53.150002 0.000000 126.839996 326.511993 132.860001 10.815000 -3.060000 6.380000 1467145.454000 453090.674000 13.270993 80.566948 0.000000 -0.043000 0.334000 -0.023000 0.000000 0.000000
13:04:57 78.699997 -53.150002 0.000000 126.839996 326.511993 132.860001 10.815000 -3.060000 6.380000 0.004000 0.003000 13.270993 80.566948 0.000000 -0.043000 0.334000 -0.023000 0.000000 0.000000
13:04:58 78.699997 -53.150002 0.000000 126.839996 326.210999 132.860001 10.866000 -3.060000 6.048000 0.004000 0.003000 13.271003 80.566948 0.000000 -0.043000 0.334000 -0.023000 0.000000 0.000000
13:04:58 78.699997 -53.150002 0.000000 126.839996 326.210999 132.860001 10.866000 -3.060000 6.048000 1467146.009000 453090.700000 13.271004 80.566948 0.000000 -0.043000 0.334000 -0.023000 0.000000 0.000000
13:04:58 78.800003 -53.150002 0.000000 126.839996 326.210999 132.860001 10.866000 -3.060000 6.048000 1467146.136000 453090.705000 13.271005 80.566948 0.000000 -0.043000 0.334000 -0.023000 0.000000 0.000000
13:04:58 78.800003 -53.150002 0.000000 126.839996 326.210999 132.860001 10.866000 -3.060000 6.048000 1467146.263000 453090.710000 13.271005 80.566948 0.000000 -0.043000 0.334000 -0.023000 0.000000 0.000000
13:04:59 78.800003 -53.150002 0.000000 126.839996 326.053986 132.860001 10.940000 -3.060000 6.063000 1467146.522000 453090.734000 13.271008 80.566948 0.000000 -0.043000 0.334000 -0.023000 0.000000 0.000000
13:04:59 78.800003 -53.150002 0.000000 126.839996 326.053986 132.860001 10.940000 -3.060000 6.063000 1467146.649000 453090.739000 13.271009 80.566956 0.000000 -0.043000 0.334000 -0.023000 0.000000 0.000000
13:04:59 78.800003 -53.150002 0.000000 126.839996 326.053986 132.860001 10.940000 -3.060000 6.063000 1467146.776000 453090.744000 13.271010 80.566956 0.000000 -0.043000 0.334000 -0.023000 0.000000 0.000000
13:04:59 78.800003 -53.150002 0.000000 126.839996 326.053986 132.860001 10.940000 -3.060000 6.063000 1467146.903000 453090.749000 13.271010 80.566956 0.000000 -0.043000 0.334000 -0.023000 0.000000 0.000000
13:05:00 78.800003 -53.150002 0.000000 126.839996 326.053986 132.860001 10.940000 -3.060000 6.063000 1467147.030000 453090.754000 13.271010 80.566956 0.000000 -0.043000 0.334000 -0.023000 0.000000 0.000000
13:05:00 78.800003 -53.150002 0.000000 126.839996 326.053986 132.860001 10.940000 -3.060000 6.063000 1467147.196000 453090.774000 13.271010 80.566956 0.000000 -0.043000 0.334000 -0.023000 0.000000 0.000000
13:05:00 78.800003 -53.150002 0.000000 126.839996 326.053986 132.860001 10.940000 -3.060000 6.063000 1467147.323000 453090.782000 13.271010 80.566956 0.000000 -0.043000 0.334000 -0.023000 0.000000 0.000000
13:05:00 78.800003 -53.150002 0.000000 126.839996 326.053986 132.860001 10.940000 -3.060000 6.063000 1467147.450000 453090.789000 13.271010 80.566956 0.000000 -0.043000 0.334000 -0.023000 0.000000 0.000000
13:05:00 78.800003 -53.150002 0.000000 126.839996 326.053986 132.860001 10.940000 -3.060000 6.063000 1467147.577000 453090.796000 13.271010 80.566956 0.000000 -0.043000 0.334000 -0.023000 0.000000 0.000000
13:05:01 78.800003 -53.150002 0.000000 126.839996 326.053986 132.860001 10.940000 -3.060000 6.063000 0.004000 0.003000 13.271010 80.566956 0.000000 -0.043000 0.334000 -0.023000 0.000000 0.000000
13:05:01 78.900002 -53.150002 0.000000 126.839996 325.723999 132.860001 11.201000 -3.060000 6.535000 0.004000 0.003000 13.271022 80.566956 0.000000 -0.043000 0.334000 -0.023000 0.000000 0.000000
13:05:01 78.900002 -53.150002 0.000000 126.839996 325.696991 132.860001 11.220000 -3.060000 6.256000 1467148.096000 453090.828000 13.271023 80.566956 0.000000 -0.043000 0.334000 -0.023000 0.000000 0.000000
13:05:01 78.900002 -53.150002 0.000000 126.839996 325.670990 132.860001 11.238000 -3.060000 6.051000 1467148.223000 453090.836000 13.271024 80.566956 0.000000 -0.043000 0.334000 -0.023000 0.000000 0.000000
13:05:02 78.900002 -53.150002 0.000000 126.839996 325.604004 132.860001 11.292000 -3.060000 5.930000 1467148.645000 453090.902000 13.271028 80.566956 0.000000 -0.043000 0.334000 -0.023000 0.000000 0.000000
13:05:02 78.900002 -53.150002 0.000000 126.839996 325.584991 132.860001 11.309000 -3.060000 6.012000 1467148.768000 453090.911000 13.271029 80.566956 0.000000 -0.043000 0.334000 -0.023000 0.000000 0.000000
13:05:02 78.900002 -53.150002 0.000000 126.839996 325.566986 132.860001 11.325000 -3.060000 6.118000 1467148.885000 453090.921000 13.271029 80.566956 0.000000 -0.043000 0.334000 -0.023000 0.000000 0.000000
13:05:03 78.900002 -53.150002 0.000000 126.839996 325.532013 132.860001 11.351000 -3.060000 6.220000 1467149.167000 453090.969000 13.271032 80.566956 0.000000 -0.043000 0.334000 -0.023000 0.000000 0.000000
13:05:03 78.900002 -53.150002 0.000000 126.839996 325.532013 132.860001 11.351000 -3.060000 6.220000 1467149.285000 453090.979000 13.271033 80.566956 0.000000 -0.043000 0.334000 -0.023000 0.000000 0.000000
13:05:03 78.900002 -53.150002 0.000000 126.839996 325.532013 132.860001 11.351000 -3.060000 6.220000 1467149.402000 453090.989000 13.271034 80.566956 0.000000 -0.043000 0.334000 -0.023000 0.000000 0.000000
13:05:03 78.900002 -53.150002 0.000000 126.839996 325.532013 132.860001 11.351000 -3.060000 6.220000 1467149.519000 453090.999000 13.271034 80.566956 0.000000 -0.043000 0.334000 -0.023000 0.000000 0.000000
13:05:04 78.900002 -53.150002 0.000000 126.839996 325.532013 132.860001 11.351000 -3.060000 6.220000 1467149.636000 453091.009000 13.271034 80.566956 0.000000 -0.043000 0.334000 -0.023000 0.000000 0.000000
13:05:04 78.900002 -53.150002 0.000000 126.839996 325.532013 132.860001 11.351000 -3.060000 6.220000 1467149.753000 453091.018000 13.271034 80.566956 0.000000 -0.043000 0.334000 -0.023000 0.000000 0.000000
13:05:04 78.900002 -53.150002 0.000000 126.839996 325.532013 132.860001 11.351000 -3.060000 6.220000 1467149.903000 453091.044000 13.271034 80.566956 0.000000 -0.043000 0.334000 -0.023000 0.000000 0.000000
13:05:04 78.900002 -53.150002 0.000000 126.839996 325.532013 132.860001 11.351000 -3.060000 6.220000 1467150.020000 453091.054000 13.271034 80.566956 0.000000 -0.043000 0.334000 -0.023000 0.000000 0.000000
13:05:04 78.900002 -53.150002 0.000000 126.839996 325.532013 132.860001 11.351000 -3.060000 6.220000 1467150.138000 453091.064000 13.271034 80.566956 0.000000 -0.043000 0.334000 -0.023000 0.000000 0.000000
13:05:05 78.900002 -53.150002 0.000000 126.839996 325.415985 132.860001 11.399000 -3.060000 5.556000 0.004000 0.003100 13.271043 80.566956 0.000000 -0.043000 0.334000 -0.023000 0.000000 0.000000
13:05:05 78.900002 -53.150002 0.000000 126.839996 325.415985 132.860001 11.399000 -3.060000 5.556000 1467150.505000 453091.162000 13.271045 80.566956 0.000000 -0.043000 0.334000 -0.023000 0.000000 0.000000
13:05:05 79.000000 -53.150002 0.000000 126.839996 325.415985 132.860001 11.399000 -3.060000 5.556000 1467150.623000 453091.174000 13.271046 80.566956 0.000000 -0.043000 0.334000 -0.023000 0.000000 0.000000
13:05:05 79.000000 -53.150002 0.000000 126.839996 325.415985 132.860001 11.399000 -3.060000 5.556000 1467150.740000 453091.186000 13.271046 80.566956 0.000000 -0.043000 0.334000 -0.023000 0.000000 0.000000
13:05:06 79.000000 -53.150002 0.000000 126.839996 325.415985 132.860001 11.399000 -3.060000 5.556000 1467150.857000 453091.195000 13.271046 80.566956 0.000000 -0.043000 0.334000 -0.023000 0.000000 0.000000
13:05:06 79.000000 -53.150002 0.000000 126.839996 325.385986 132.860001 11.438000 -3.060000 6.261000 1467151.104000 453091.225000 13.271049 80.566956 0.000000 -0.043000 0.334000 -0.023000 0.000000 0.000000
13:05:06 79.000000 -53.150002 0.000000 126.839996 325.381012 132.860001 11.442000 -3.060000 6.202000 1467151.222000 453091.235000 13.271050 80.566956 0.000000 -0.043000 0.334000 -0.023000 0.000000 0.000000
13:05:06 79.000000 -53.150002 0.000000 126.839996 325.377014 132.860001 11.445000 -3.060000 6.105000 1467151.339000 453091.244000 13.271051 80.566956 0.000000 -0.043000 0.334000 -0.023000 0.000000 0.000000
13:05:07 79.000000 -53.150002 0.000000 126.839996 325.377014 132.860001 11.445000 -3.060000 6.105000 1467151.456000 453091.254000 13.271051 80.566956 0.000000 -0.043000 0.334000 -0.023000 0.000000 0.000000
13:05:07 79.000000 -53.150002 0.000000 126.839996 325.377014 132.860001 11.445000 -3.060000 6.105000 1467151.573000 453091.264000 13.271051 80.566956 0.000000 -0.043000 0.334000 -0.023000 0.000000 0.000000
13:05:07 79.099998 -53.150002 0.000000 126.839996 325.377014 132.860001 11.445000 -3.060000 6.105000 1467151.659000 453091.341000 13.271051 80.566956 0.000000 -0.043000 0.334000 -0.023000 0.000000 0.000000
13:05:07 79.099998 -53.150002 0.000000 126.839996 325.377014 132.860001 11.445000 -3.060000 6.105000 1467151.776000 453091.351000 13.271051 80.566956 0.000000 -0.043000 0.334000 -0.023000 0.000000 0.000000
13:05:07 79.099998 -53.150002 0.000000 126.839996 325.377014 132.860001 11.445000 -3.060000 6.105000 1467151.893000 453091.361000 13.271051 80.566956 0.000000 -0.043000 0.334000 -0.023000 0.000000 0.000000
13:05:08 79.099998 -53.150002 0.000000 126.839996 325.351990 132.860001 11.457000 -3.060000 5.835000 0.004000 0.003100 13.271059 80.566956 0.000000 -0.043000 0.334000 -0.023000 0.000000 0.000000
13:05:08 79.099998 -53.150002 0.000000 126.839996 325.351990 132.860001 11.457000 -3.060000 5.835000 1467152.257000 453091.392000 13.271060 80.566956 0.000000 -0.043000 0.334000 -0.023000 0.000000 0.000000
13:05:08 79.099998 -53.150002 0.000000 126.839996 325.351990 132.860001 11.457000 -3.060000 5.835000 1467152.375000 453091.399000 13.271061 80.566956 0.000000 -0.043000 0.334000 -0.023000 0.000000 0.000000
13:05:08 79.099998 -53.150002 0.000000 126.839996 325.351990 132.860001 11.457000 -3.060000 5.835000 1467152.492000 453091.406000 13.271061 80.566956 0.000000 -0.043000 0.334000 -0.023000 0.000000 0.000000
13:05:09 79.099998 -53.150002 0.000000 126.839996 325.351990 132.860001 11.457000 -3.060000 5.835000 1467152.609000 453091.414000 13.271061 80.566956 0.000000 -0.043000 0.334000 -0.023000 0.000000 0.000000
13:05:09 79.099998 -53.150002 0.000000 126.839996 325.351990 132.860001 11.457000 -3.060000 5.835000 1467152.726000 453091.421000 13.271061 80.566956 0.000000 -0.043000 0.334000 -0.023000 0.000000 0.000000
13:05:09 79.099998 -53.150002 0.000000 126.839996 325.351990 132.860001 11.457000 -3.060000 5.835000 0.004000 0.003100 13.271061 80.566956 0.000000 -0.043000 0.334000 -0.023000 0.000000 0.000000
13:05:09 79.099998 -53.150002 0.000000 126.839996 325.351990 132.860001 11.457000 -3.060000 5.835000 1467152.947000 453091.477000 13.271061 80.566956 0.000000 -0.043000 0.334000 -0.023000 0.000000 0.000000
13:05:09 79.099998 -53.150002 0.000000 126.839996 325.351990 132.860001 11.457000 -3.060000 5.835000 1467153.064000 453091.484000 13.271061 80.566956 0.000000 -0.043000 0.334000 -0.023000 0.000000 0.000000
13:05:10 79.099998 -53.150002 0.000000 126.839996 325.351990 132.860001 11.457000 -3.060000 5.835000 0.004000 0.003100 13.271061 80.566956 0.000000 -0.043000 0.334000 -0.023000 0.000000 0.000000
13:05:10 79.099998 -53.150002 0.000000 126.839996 325.273010 132.860001 11.453000 -3.060000 5.752000 0.004000 0.003100 13.271070 80.566956 0.000000 -0.043000 0.334000 -0.023000 0.000000 0.000000
13:05:10 79.099998 -53.150002 0.000000 126.839996 325.261993 132.860001 11.453000 -3.060000 5.794000 1467153.557000 453091.529000 13.271072 80.566956 0.000000 -0.043000 0.334000 -0.023000 0.000000 0.000000
13:05:10 79.199997 -53.150002 0.000000 126.839996 325.261993 132.860001 11.453000 -3.060000 5.794000 1467153.674000 453091.536000 13.271072 80.566956 0.000000 -0.043000 0.334000 -0.023000 0.000000 0.000000
13:05:11 79.199997 -53.150002 0.000000 126.839996 325.261993 132.860001 11.453000 -3.060000 5.794000 1467153.791000 453091.543000 13.271072 80.566956 0.000000 -0.043000 0.334000 -0.023000 0.000000 0.000000
13:05:11 79.199997 -53.150002 0.000000 126.839996 325.261993 132.860001 11.453000 -3.060000 5.794000 1467153.909000 453091.551000 13.271072 80.566956 0.000000 -0.043000 0.334000 -0.023000 0.000000 0.000000
13:05:11 79.199997 -53.150002 0.000000 126.839996 325.261993 132.860001 11.453000 -3.060000 5.794000 1467154.060000 453091.573000 13.271072 80.566956 0.000000 -0.043000 0.334000 -0.023000 0.000000 0.000000
13:05:11 79.199997 -53.150002 0.000000 126.839996 325.261993 132.860001 11.453000 -3.060000 5.794000 1467154.177000 453091.581000 13.271072 80.566956 0.000000 -0.043000 0.334000 -0.023000 0.000000 0.000000
13:05:12 79.199997 -53.150002 0.000000 126.839996 325.157990 132.860001 11.441000 -3.060000 5.707000 1467154.411000 453091.595000 13.271080 80.566963 0.000000 -0.043000 0.334000 -0.023000 0.000000 0.000000
13:05:12 79.199997 -53.150002 0.000000 126.839996 325.157990 132.860001 11.441000 -3.060000 5.707000 1467154.528000 453091.603000 13.271080 80.566963 0.000000 -0.043000 0.334000 -0.023000 0.000000 0.000000
13:05:12 79.199997 -53.150002 0.000000 126.839996 325.157990 132.860001 11.441000 -3.060000 5.707000 1467154.688000 453091.625000 13.271080 80.566963 0.000000 -0.043000 0.334000 -0.023000 0.000000 0.000000
13:05:12 79.300003 -53.150002 0.000000 126.839996 325.157990 132.860001 11.441000 -3.060000 5.707000 1467154.805000 453091.633000 13.271080 80.566963 0.000000 -0.043000 0.334000 -0.023000 0.000000 0.000000
13:05:12 79.300003 -53.150002 0.000000 126.839996 325.157990 132.860001 11.441000 -3.060000 5.707000 0.004000 0.003100 13.271080 80.566963 0.000000 -0.043000 0.334000 -0.023000 0.000000 0.000000
13:05:13 79.300003 -53.150002 0.000000 126.839996 325.028992 132.860001 11.422000 -3.060000 6.157000 0.004000 0.003100 13.271087 80.566963 0.000000 -0.043000 0.334000 -0.023000 0.000000 0.000000
13:05:13 79.300003 -53.150002 0.000000 126.839996 325.003998 132.860001 11.418000 -3.060000 6.238000 1467155.328000 453091.677000 13.271088 80.566963 0.000000 -0.043000 0.334000 -0.023000 0.000000 0.000000
13:05:13 79.400002 -53.150002 0.000000 126.839996 324.977997 132.860001 11.413000 -3.060000 6.292000 1467155.445000 453091.687000 13.271090 80.566963 0.000000 -0.043000 0.334000 -0.023000 0.000000 0.000000
13:05:13 79.400002 -53.150002 0.000000 126.839996 324.950012 132.860001 11.408000 -3.060000 6.318000 1467155.562000 453091.697000 13.271091 80.566963 0.000000 -0.043000 0.334000 -0.023000 0.000000 0.000000
13:05:14 79.400002 -53.150002 0.000000 126.839996 324.950012 132.860001 11.401000 -3.060000 6.292000 1467155.680000 453091.707000 13.271091 80.566963 0.000000 -0.043000 0.334000 -0.023000 0.000000 0.000000
13:05:14 79.400002 -53.150002 0.000000 126.839996 324.950012 132.860001 11.401000 -3.060000 6.292000 1467155.797000 453091.717000 13.271091 80.566963 0.000000 -0.043000 0.334000 -0.023000 0.000000 0.000000
13:05:14 79.400002 -53.150002 0.000000 126.839996 324.950012 132.860001 11.401000 -3.060000 6.292000 1467155.914000 453091.726000 13.271091 80.566963 0.000000 -0.043000 0.334000 -0.023000 0.000000 0.000000
13:05:14 79.400002 -53.150002 0.000000 126.839996 324.950012 132.860001 11.401000 -3.060000 6.292000 1467156.075000 453091.752000 13.271091 80.566963 0.000000 -0.043000 0.334000 -0.023000 0.000000 0.000000
13:05:14 79.400002 -53.150002 0.000000 126.839996 324.950012 132.860001 11.401000 -3.060000 6.292000 0.004000 0.003100 13.271091 80.566963 0.000000 -0.043000 0.334000 -0.023000 0.000000 0.000000
13:05:15 79.500000 -53.150002 0.000000 126.839996 324.731995 132.860001 11.342000 -3.060000 5.736000 0.004000 0.003100 13.271098 80.566963 0.000000 -0.043000 0.334000 -0.023000 0.000000 0.000000
13:05:15 79.500000 -53.150002 0.000000 126.839996 324.699005 132.860001 11.331000 -3.060000 5.759000 1467156.544000 453091.791000 13.271099 80.566963 0.000000 -0.043000 0.334000 -0.023000 0.000000 0.000000
13:05:15 79.500000 -53.150002 0.000000 126.839996 324.665985 132.860001 11.320000 -3.060000 5.871000 1467156.712000 453091.817000 13.271100 80.566963 0.000000 -0.043000 0.334000 -0.023000 0.000000 0.000000
13:05:15 79.500000 -53.150002 0.000000 126.839996 324.631989 132.860001 11.308000 -3.060000 6.036000 1467156.829000 453091.826000 13.271102 80.566963 0.000000 -0.043000 0.334000 -0.023000 0.000000 0.000000
13:05:16 79.500000 -53.150002 0.000000 126.839996 324.631989 132.860001 11.295000 -3.060000 6.188000 1467156.946000 453091.836000 13.271103 80.566963 0.000000 -0.043000 0.334000 -0.023000 0.000000 0.000000
13:05:16 79.500000 -53.150002 0.000000 126.839996 324.631989 132.860001 11.295000 -3.060000 6.188000 1467157.063000 453091.846000 13.271103 80.566963 0.000000 -0.043000 0.334000 -0.023000 0.000000 0.000000
13:05:16 79.500000 -53.150002 0.000000 126.839996 324.631989 132.860001 11.295000 -3.060000 6.188000 1467157.181000 453091.856000 13.271103 80.566963 0.000000 -0.043000 0.334000 -0.023000 0.000000 0.000000
13:05:16 79.500000 -53.150002 0.000000 126.839996 324.631989 132.860001 11.295000 -3.060000 6.188000 1467157.340000 453091.907000 13.271103 80.566963 0.000000 -0.043000 0.334000 -0.023000 0.000000 0.000000
13:05:16 79.500000 -53.150002 0.000000 126.839996 324.631989 132.860001 11.295000 -3.060000 6.188000 1467157.457000 453091.917000 13.271103 80.566963 0.000000 -0.043000 0.334000 -0.023000 0.000000 0.000000
13:05:17 79.500000 -53.150002 0.000000 126.839996 324.369995 132.860001 11.167000 -3.060000 5.584000 0.004000 0.003100 13.271110 80.566963 0.000000 -0.043000 0.334000 -0.023000 0.000000 0.000000
13:05:17 79.500000 -53.150002 0.000000 126.839996 324.369995 132.860001 11.167000 -3.060000 5.584000 1467157.809000 453091.946000 13.271111 80.566963 0.000000 -0.043000 0.334000 -0.023000 0.000000 0.000000
13:05:17 79.500000 -53.150002 0.000000 126.839996 324.369995 132.860001 11.167000 -3.060000 5.584000 1467157.959000 453091.972000 13.271111 80.566963 0.000000 -0.043000 0.334000 -0.023000 0.000000 0.000000
13:05:17 79.500000 -53.150002 0.000000 126.839996 324.369995 132.860001 11.167000 -3.060000 5.584000 1467158.076000 453091.982000 13.271111 80.566963 0.000000 -0.043000 0.334000 -0.023000 0.000000 0.000000
13:05:18 79.500000 -53.150002 0.000000 126.839996 324.369995 132.860001 11.167000 -3.060000 5.584000 1467158.193000 453091.991000 13.271111 80.566963 0.000000 -0.043000 0.334000 -0.023000 0.000000 0.000000
13:05:18 79.500000 -53.150002 0.000000 126.839996 324.369995 132.860001 11.167000 -3.060000 5.584000 1467158.311000 453092.001000 13.271111 80.566963 0.000000 -0.043000 0.334000 -0.023000 0.000000 0.000000
13:05:18 79.500000 -53.150002 0.000000 126.839996 324.369995 132.860001 11.167000 -3.060000 5.584000 1467158.428000 453092.011000 13.271111 80.566963 0.000000 -0.043000 0.334000 -0.023000 0.000000 0.000000
13:05:18 79.500000 -53.150002 0.000000 126.839996 324.369995 132.860001 11.167000 -3.060000 5.584000 1467158.569000 453092.049000 13.271111 80.566963 0.000000 -0.043000 0.334000 -0.023000 0.000000 0.000000
13:05:18 79.500000 -53.150002 0.000000 126.839996 324.369995 132.860001 11.167000 -3.060000 5.584000 1467158.686000 453092.059000 13.271111 80.566963 0.000000 -0.043000 0.334000 -0.023000 0.000000 0.000000
13:05:19 79.500000 -53.150002 0.000000 126.839996 324.369995 132.860001 11.167000 -3.060000 5.584000 0.004000 0.003200 13.271111 80.566963 0.000000 -0.043000 0.334000 -0.023000 0.000000 0.000000
13:05:19 79.500000 -53.150002 0.000000 126.839996 323.886993 132.860001 10.842000 -3.060000 6.038000 0.004000 0.003200 13.271122 80.566963 0.000000 -0.043000 0.334000 -0.023000 0.000000 0.000000
13:05:19 79.599998 -53.150002 0.000000 126.839996 323.838013 132.860001 10.807000 -3.060000 5.955000 1467159.176000 453092.100000 13.271123 80.566963 0.000000 -0.043000 0.334000 -0.023000 0.000000 0.000000
13:05:19 79.599998 -53.150002 0.000000 126.839996 323.787994 132.860001 10.771000 -3.060000 5.818000 1467159.293000 453092.108000 13.271124 80.566963 0.000000 -0.043000 0.334000 -0.023000 0.000000 0.000000
13:05:20 79.599998 -53.150002 0.000000 126.839996 323.737000 132.860001 10.734000 -3.060000 5.635000 1467159.411000 453092.115000 13.271125 80.566963 0.000000 -0.043000 0.334000 -0.023000 0.000000 0.000000
13:05:20 79.599998 -53.150002 0.000000 126.839996 323.737000 132.860001 10.734000 -3.060000 5.635000 1467159.528000 453092.122000 13.271125 80.566963 0.000000 -0.043000 0.334000 -0.023000 0.000000 0.000000
13:05:20 79.599998 -53.150002 0.000000 126.839996 323.737000 132.860001 10.734000 -3.060000 5.635000 1467159.645000 453092.130000 13.271125 80.566963 0.000000 -0.043000 0.334000 -0.023000 0.000000 0.000000
13:05:20 79.599998 -53.150002 0.000000 126.839996 323.737000 132.860001 10.734000 -3.060000 5.635000 1467159.792000 453092.152000 13.271125 80.566963 0.000000 -0.043000 0.334000 -0.023000 0.000000 0.000000
13:05:20 79.599998 -53.150002 0.000000 126.839996 323.737000 132.860001 10.734000 -3.060000 5.635000 0.004000 0.003200 13.271125 80.566963 0.000000 -0.043000 0.334000 -0.023000 0.000000 0.000000
13:05:21 79.599998 -53.150002 0.000000 126.839996 323.424988 132.860001 10.542000 -3.060000 5.798000 0.004000 0.003200 13.271132 80.566963 0.000000 -0.043000 0.334000 -0.023000 0.000000 0.000000
13:05:21 79.699997 -53.150002 0.000000 126.839996 323.372009 132.860001 10.513000 -3.060000 5.918000 1467160.261000 453092.191000 13.271132 80.566963 0.000000 -0.043000 0.334000 -0.023000 0.000000 0.000000
13:05:21 79.699997 -53.150002 0.000000 126.839996 323.317993 132.860001 10.486000 -3.060000 6.056000 1467160.403000 453092.218000 13.271133 80.566963 0.000000 -0.043000 0.334000 -0.023000 0.000000 0.000000
13:05:21 79.699997 -53.150002 0.000000 126.839996 323.264008 132.860001 10.461000 -3.060000 6.213000 1467160.520000 453092.227000 13.271135 80.566963 0.000000 -0.043000 0.334000 -0.023000 0.000000 0.000000
13:05:22 79.699997 -53.150002 0.000000 126.839996 323.264008 132.860001 10.437000 -3.060000 6.357000 1467160.638000 453092.237000 13.271136 80.566963 0.000000 -0.043000 0.334000 -0.023000 0.000000 0.000000
13:05:22 79.599998 -53.150002 0.000000 126.839996 323.264008 132.860001 10.437000 -3.060000 6.357000 1467160.755000 453092.247000 13.271136 80.566963 0.000000 -0.043000 0.334000 -0.023000 0.000000 0.000000
13:05:22 79.599998 -53.150002 0.000000 126.839996 323.264008 132.860001 10.437000 -3.060000 6.357000 1467160.872000 453092.257000 13.271136 80.566963 0.000000 -0.043000 0.334000 -0.023000 0.000000 0.000000
13:05:22 79.599998 -53.150002 0.000000 126.839996 323.264008 132.860001 10.437000 -3.060000 6.357000 1467161.007000 453092.269000 13.271136 80.566963 0.000000 -0.043000 0.334000 -0.023000 0.000000 0.000000
13:05:22 79.599998 -53.150002 0.000000 126.839996 323.264008 132.860001 10.437000 -3.060000 6.357000 0.004000 0.003200 13.271136 80.566963 0.000000 -0.043000 0.334000 -0.023000 0.000000 0.000000
13:05:23 79.599998 -53.150002 0.000000 126.839996 322.794006 132.860001 10.271000 -3.060000 5.829000 0.004000 0.003200 13.271144 80.566963 0.000000 -0.043000 0.334000 -0.023000 0.000000 0.000000
13:05:23 79.599998 -53.150002 0.000000 126.839996 322.734009 132.860001 10.252000 -3.060000 5.810000 1467161.616000 453092.347000 13.271145 80.566963 0.000000 -0.043000 0.334000 -0.023000 0.000000 0.000000
13:05:23 79.599998 -53.150002 0.000000 126.839996 322.674011 132.860001 10.235000 -3.060000 5.838000 1467161.733000 453092.357000 13.271146 80.566963 0.000000 -0.043000 0.334000 -0.023000 0.000000 0.000000
13:05:24 79.699997 -53.150002 0.000000 126.839996 322.674011 132.860001 10.219000 -3.060000 5.924000 1467161.851000 453092.369000 13.271147 80.566963 0.000000 -0.043000 0.334000 -0.023000 0.000000 0.000000
13:05:24 79.699997 -53.150002 0.000000 126.839996 322.674011 132.860001 10.219000 -3.060000 5.924000 1467161.968000 453092.381000 13.271147 80.566963 0.000000 -0.043000 0.334000 -0.023000 0.000000 0.000000
13:05:24 79.699997 -53.150002 0.000000 126.839996 322.674011 132.860001 10.219000 -3.060000 5.924000 1467162.085000 453092.394000 13.271147 80.566963 0.000000 -0.043000 0.334000 -0.023000 0.000000 0.000000
13:05:24 79.699997 -53.150002 0.000000 126.839996 322.674011 132.860001 10.219000 -3.060000 5.924000 1467162.202000 453092.406000 13.271147 80.566963 0.000000 -0.043000 0.334000 -0.023000 0.000000 0.000000
13:05:24 79.699997 -53.150002 0.000000 126.839996 322.674011 132.860001 10.219000 -3.060000 5.924000 0.004000 0.003200 13.271147 80.566963 0.000000 -0.043000 0.334000 -0.023000 0.000000 0.000000
13:05:25 79.699997 -53.150002 0.000000 126.839996 322.247986 132.860001 10.143000 -3.060000 6.314000 0.004000 0.003200 13.271153 80.566971 0.000000 -0.043000 0.334000 -0.023000 0.000000 0.000000
13:05:25 79.699997 -53.150002 0.000000 126.839996 322.187012 132.860001 10.130000 -3.060000 6.268000 1467162.711000 453092.460000 13.271155 80.566971 0.000000 -0.043000 0.334000 -0.023000 0.000000 0.000000
13:05:25 79.699997 -53.150002 0.000000 126.839996 322.126007 132.860001 10.117000 -3.060000 6.189000 1467162.828000 453092.471000 13.271156 80.566971 0.000000 -0.043000 0.334000 -0.023000 0.000000 0.000000
13:05:25 79.699997 -53.150002 0.000000 126.839996 322.065002 132.860001 10.105000 -3.060000 6.140000 1467162.991000 453092.500000 13.271157 80.566971 0.000000 -0.043000 0.334000 -0.023000 0.000000 0.000000
13:05:26 79.699997 -53.150002 0.000000 126.839996 322.065002 132.860001 10.094000 -3.060000 6.165000 1467163.115000 453092.511000 13.271158 80.566971 0.000000 -0.043000 0.334000 -0.023000 0.000000 0.000000
13:05:26 79.699997 -53.150002 0.000000 126.839996 322.065002 132.860001 10.094000 -3.060000 6.165000 1467163.242000 453092.521000 13.271158 80.566971 0.000000 -0.043000 0.334000 -0.023000 0.000000 0.000000
13:05:26 79.699997 -53.150002 0.000000 126.839996 322.065002 132.860001 10.094000 -3.060000 6.165000 1467163.369000 453092.531000 13.271158 80.566971 0.000000 -0.043000 0.334000 -0.023000 0.000000 0.000000
13:05:26 79.699997 -53.150002 0.000000 126.839996 322.065002 132.860001 10.094000 -3.060000 6.165000 1467163.496000 453092.541000 13.271158 80.566971 0.000000 -0.043000 0.334000 -0.023000 0.000000 0.000000
13:05:26 79.699997 -53.150002 0.000000 126.839996 322.065002 132.860001 10.094000 -3.060000 6.165000 0.004000 0.003200 13.271158 80.566971 0.000000 -0.043000 0.334000 -0.023000 0.000000 0.000000
13:05:27 79.699997 -53.150002 0.000000 126.839996 321.648987 132.860001 10.020000 -3.060000 6.442000 0.004000 0.003200 13.271166 80.566971 0.000000 -0.043000 0.334000 -0.023000 0.000000 0.000000
13:05:27 79.699997 -53.150002 0.000000 126.839996 321.592010 132.860001 10.003000 -3.060000 6.390000 1467164.033000 453092.606000 13.271167 80.566971 0.000000 -0.043000 0.334000 -0.023000 0.000000 0.000000
13:05:27 79.699997 -53.150002 0.000000 126.839996 321.536011 132.860001 9.986000 -3.060000 6.369000 1467164.160000 453092.616000 13.271168 80.566971 0.000000 -0.043000 0.334000 -0.023000 0.000000 0.000000
13:05:27 79.699997 -53.150002 0.000000 126.839996 321.480988 132.860001 9.967000 -3.060000 6.322000 1467164.315000 453092.654000 13.271170 80.566971 0.000000 -0.043000 0.334000 -0.023000 0.000000 0.000000
13:05:28 79.699997 -53.150002 0.000000 126.839996 321.480988 132.860001 9.946000 -3.060000 6.287000 1467164.442000 453092.664000 13.271171 80.566971 0.000000 -0.043000 0.334000 -0.023000 0.000000 0.000000
13:05:28 79.699997 -53.150002 0.000000 126.839996 321.480988 132.860001 9.946000 -3.060000 6.287000 1467164.569000 453092.674000 13.271171 80.566971 0.000000 -0.043000 0.334000 -0.023000 0.000000 0.000000
13:05:28 79.699997 -53.150002 0.000000 126.839996 321.480988 132.860001 9.946000 -3.060000 6.287000 1467164.696000 453092.684000 13.271171 80.566971 0.000000 -0.043000 0.334000 -0.023000 0.000000 0.000000
13:05:28 79.699997 -53.150002 0.000000 126.839996 321.480988 132.860001 9.946000 -3.060000 6.287000 1467164.823000 453092.693000 13.271171 80.566971 0.000000 -0.043000 0.334000 -0.023000 0.000000 0.000000
13:05:28 79.699997 -53.150002 0.000000 126.839996 321.480988 132.860001 9.946000 -3.060000 6.287000 1467165.006000 453092.719000 13.271171 80.566971 0.000000 -0.043000 0.334000 -0.023000 0.000000 0.000000
13:05:29 79.599998 -53.150002 0.000000 126.839996 321.125000 132.860001 9.801000 -3.060000 6.772000 0.004000 0.003200 13.271178 80.566971 0.000000 -0.043000 0.334000 -0.023000 0.000000 0.000000
13:05:29 79.599998 -53.150002 0.000000 126.839996 321.078003 132.860001 9.772000 -3.060000 6.859000 1467165.387000 453092.749000 13.271179 80.566971 0.000000 -0.043000 0.334000 -0.023000 0.000000 0.000000
13:05:29 79.599998 -53.150002 0.000000 126.839996 321.032013 132.860001 9.741000 -3.060000 6.885000 1467165.514000 453092.758000 13.271181 80.566971 0.000000 -0.043000 0.334000 -0.023000 0.000000 0.000000
13:05:29 79.599998 -53.150002 0.000000 126.839996 320.988007 132.860001 9.708000 -3.060000 6.845000 1467165.711000 453092.784000 13.271182 80.566971 0.000000 -0.043000 0.334000 -0.023000 0.000000 0.000000
13:05:30 79.599998 -53.150002 0.000000 126.839996 320.988007 132.860001 9.673000 -3.060000 6.768000 1467165.838000 453092.794000 13.271183 80.566971 0.000000 -0.043000 0.334000 -0.023000 0.000000 0.000000
13:05:30 79.599998 -53.150002 0.000000 126.839996 320.988007 132.860001 9.673000 -3.060000 6.768000 1467165.965000 453092.804000 13.271183 80.566971 0.000000 -0.043000 0.334000 -0.023000 0.000000 0.000000
13:05:30 79.599998 -53.150002 0.000000 126.839996 320.988007 132.860001 9.673000 -3.060000 6.768000 1467166.092000 453092.813000 13.271183 80.566971 0.000000 -0.043000 0.334000 -0.023000 0.000000 0.000000
13:05:30 79.599998 -53.150002 0.000000 126.839996 320.988007 132.860001 9.673000 -3.060000 6.768000 1467166.219000 453092.823000 13.271183 80.566971 0.000000 -0.043000 0.334000 -0.023000 0.000000 0.000000
13:05:30 79.599998 -53.150002 0.000000 126.839996 320.988007 132.860001 9.673000 -3.060000 6.768000 1467166.429000 453092.849000 13.271183 80.566971 0.000000 -0.043000 0.334000 -0.023000 0.000000 0.000000
13:05:31 79.599998 -53.150002 0.000000 126.839996 320.718994 132.860001 9.463000 -3.060000 6.931000 0.004000 0.003200 13.271191 80.566971 0.000000 -0.043000 0.334000 -0.023000 0.000000 0.000000
13:05:31 79.599998 -53.150002 0.000000 126.839996 320.688995 132.860001 9.429000 -3.060000 7.122000 1467166.810000 453092.878000 13.271193 80.566971 0.000000 -0.043000 0.334000 -0.023000 0.000000 0.000000
13:05:31 79.599998 -53.150002 0.000000 126.839996 320.661011 132.860001 9.392000 -3.060000 7.200000 1467166.937000 453092.888000 13.271194 80.566971 0.000000 -0.043000 0.334000 -0.023000 0.000000 0.000000
13:05:31 79.500000 -53.150002 0.000000 126.839996 320.635010 132.860001 9.352000 -3.060000 7.198000 1467167.153000 453092.914000 13.271194 80.566971 0.000000 -0.043000 0.334000 -0.023000 0.000000 0.000000
13:05:32 79.500000 -53.150002 0.000000 126.839996 320.635010 132.860001 9.310000 -3.060000 7.115000 1467167.280000 453092.927000 13.271196 80.566971 0.000000 -0.043000 0.334000 -0.023000 0.000000 0.000000
13:05:32 79.500000 -53.150002 0.000000 126.839996 320.635010 132.860001 9.310000 -3.060000 7.115000 1467167.407000 453092.939000 13.271196 80.566971 0.000000 -0.043000 0.334000 -0.023000 0.000000 0.000000
13:05:32 79.500000 -53.150002 0.000000 126.839996 320.635010 132.860001 9.310000 -3.060000 7.115000 1467167.534000 453092.951000 13.271196 80.566971 0.000000 -0.043000 0.334000 -0.023000 0.000000 0.000000
13:05:32 79.500000 -53.150002 0.000000 126.839996 320.635010 132.860001 9.310000 -3.060000 7.115000 1467167.661000 453092.963000 13.271196 80.566971 0.000000 -0.043000 0.334000 -0.023000 0.000000 0.000000
13:05:32 79.400002 -53.150002 0.000000 126.839996 320.635010 132.860001 9.310000 -3.060000 7.115000 0.004000 0.003200 13.271196 80.566971 0.000000 -0.043000 0.334000 -0.023000 0.000000 0.000000
13:05:33 79.400002 -53.150002 0.000000 126.839996 320.554993 132.860001 9.015000 -3.060000 6.381000 0.004000 0.003200 13.271204 80.566971 0.000000 -0.043000 0.334000 -0.023000 0.000000 0.000000
13:05:33 79.400002 -53.150002 0.000000 126.839996 320.561005 132.860001 8.959000 -3.060000 6.357000 1467168.251000 453093.032000 13.271206 80.566971 0.000000 -0.043000 0.334000 -0.023000 0.000000 0.000000
13:05:33 79.300003 -53.150002 0.000000 126.839996 320.571991 132.860001 8.903000 -3.060000 6.346000 1467168.378000 453093.047000 13.271207 80.566971 0.000000 -0.043000 0.334000 -0.023000 0.000000 0.000000
13:05:33 79.300003 -53.150002 0.000000 126.839996 320.588989 132.860001 8.845000 -3.060000 6.303000 1467168.581000 453093.082000 13.271208 80.566971 0.000000 -0.043000 0.334000 -0.023000 0.000000 0.000000
13:05:34 79.300003 -53.150002 0.000000 126.839996 320.588989 132.860001 8.786000 -3.060000 6.256000 1467168.708000 453093.097000 13.271209 80.566971 0.000000 -0.043000 0.334000 -0.023000 0.000000 0.000000
13:05:34 79.300003 -53.150002 0.000000 126.839996 320.588989 132.860001 8.786000 -3.060000 6.256000 1467168.835000 453093.112000 13.271209 80.566971 0.000000 -0.043000 0.334000 -0.023000 0.000000 0.000000
13:05:34 79.199997 -53.150002 0.000000 126.839996 320.588989 132.860001 8.786000 -3.060000 6.256000 1467168.962000 453093.126000 13.271209 80.566971 0.000000 -0.043000 0.334000 -0.023000 0.000000 0.000000
13:05:34 79.199997 -53.150002 0.000000 126.839996 320.588989 132.860001 8.786000 -3.060000 6.256000 1467169.089000 453093.141000 13.271209 80.566971 0.000000 -0.043000 0.334000 -0.023000 0.000000 0.000000
13:05:34 79.199997 -53.150002 0.000000 126.839996 320.588989 132.860001 8.786000 -3.060000 6.256000 0.004000 0.003300 13.271209 80.566971 0.000000 -0.043000 0.334000 -0.023000 0.000000 0.000000
13:05:35 79.199997 -53.150002 0.000000 126.839996 320.588989 132.860001 8.786000 -3.060000 6.256000 0.004000 0.003300 13.271209 80.566971 0.000000 -0.043000 0.334000 -0.023000 0.000000 0.000000
13:05:35 79.099998 -53.150002 0.000000 126.839996 320.890015 132.860001 8.384000 -3.060000 5.801000 0.004000 0.003300 13.271218 80.566978 0.000000 -0.043000 0.334000 -0.023000 0.000000 0.000000
13:05:35 79.099998 -53.150002 0.000000 126.839996 320.947998 132.860001 8.334000 -3.060000 5.815000 1467169.791000 453093.244000 13.271219 80.566978 0.000000 -0.043000 0.334000 -0.023000 0.000000 0.000000
13:05:35 79.099998 -53.150002 0.000000 126.839996 320.947998 132.860001 8.288000 -3.060000 5.883000 1467169.917000 453093.259000 13.271220 80.566978 0.000000 -0.043000 0.334000 -0.023000 0.000000 0.000000
13:05:36 79.099998 -53.150002 0.000000 126.839996 321.074005 132.860001 8.245000 -3.060000 5.972000 1467170.097000 453093.303000 13.271221 80.566978 0.000000 -0.043000 0.334000 -0.023000 0.000000 0.000000
13:05:36 79.000000 -53.150002 0.000000 126.839996 321.074005 132.860001 8.245000 -3.060000 5.972000 1467170.224000 453093.318000 13.271221 80.566978 0.000000 -0.043000 0.334000 -0.023000 0.000000 0.000000
13:05:36 79.000000 -53.150002 0.000000 126.839996 321.074005 132.860001 8.245000 -3.060000 5.972000 1467170.351000 453093.332000 13.271221 80.566978 0.000000 -0.043000 0.334000 -0.023000 0.000000 0.000000
13:05:36 79.000000 -53.150002 0.000000 126.839996 321.074005 132.860001 8.245000 -3.060000 5.972000 1467170.478000 453093.347000 13.271221 80.566978 0.000000 -0.043000 0.334000 -0.023000 0.000000 0.000000
13:05:36 79.000000 -53.150002 0.000000 126.839996 321.074005 132.860001 8.245000 -3.060000 5.972000 0.004000 0.003300 13.271221 80.566978 0.000000 -0.043000 0.334000 -0.023000 0.000000 0.000000
13:05:37 79.000000 -53.150002 0.000000 126.839996 321.506012 132.860001 8.055000 -3.060000 5.826000 1467170.780000 453093.432000 13.271229 80.566978 0.000000 -0.043000 0.334000 -0.023000 0.000000 0.000000
13:05:37 79.000000 -53.150002 0.000000 126.839996 321.580994 132.860001 8.038000 -3.060000 5.740000 1467171.034000 453093.461000 13.271231 80.566978 0.000000 -0.043000 0.334000 -0.023000 0.000000 0.000000
13:05:37 79.000000 -53.150002 0.000000 126.839996 321.657013 132.860001 8.027000 -3.060000 5.668000 1467171.161000 453093.476000 13.271232 80.566978 0.000000 -0.043000 0.334000 -0.023000 0.000000 0.000000
13:05:37 79.000000 -53.150002 0.000000 126.839996 321.733002 132.860001 8.020000 -3.060000 5.603000 1467171.288000 453093.489000 13.271233 80.566978 0.000000 -0.043000 0.334000 -0.023000 0.000000 0.000000
13:05:38 78.900002 -53.150002 0.000000 126.839996 321.733002 132.860001 8.018000 -3.060000 5.544000 1467171.456000 453093.533000 13.271234 80.566978 0.000000 -0.043000 0.334000 -0.023000 0.000000 0.000000
13:05:38 78.900002 -53.150002 0.000000 126.839996 321.733002 132.860001 8.018000 -3.060000 5.544000 1467171.583000 453093.546000 13.271234 80.566978 0.000000 -0.043000 0.334000 -0.023000 0.000000 0.000000
13:05:38 78.900002 -53.150002 0.000000 126.839996 321.733002 132.860001 8.018000 -3.060000 5.544000 1467171.710000 453093.558000 13.271234 80.566978 0.000000 -0.043000 0.334000 -0.023000 0.000000 0.000000
13:05:38 78.900002 -53.150002 0.000000 126.839996 321.733002 132.860001 8.018000 -3.060000 5.544000 1467171.837000 453093.570000 13.271234 80.566978 0.000000 -0.043000 0.334000 -0.023000 0.000000 0.000000
13:05:38 78.800003 -53.150002 0.000000 126.839996 321.733002 132.860001 8.018000 -3.060000 5.544000 0.004000 0.003300 13.271234 80.566978 0.000000 -0.043000 0.334000 -0.023000 0.000000 0.000000
13:05:39 78.800003 -53.150002 0.000000 126.839996 322.252014 132.860001 8.090000 -3.060000 5.717000 0.004000 0.003300 13.271241 80.566978 0.000000 -0.043000 0.334000 -0.023000 0.000000 0.000000
13:05:39 78.800003 -53.150002 0.000000 126.839996 322.325012 132.860001 8.114000 -3.060000 5.729000 1467172.398000 453093.671000 13.271243 80.566978 0.000000 -0.043000 0.334000 -0.023000 0.000000 0.000000
13:05:39 78.699997 -53.150002 0.000000 126.839996 322.398010 132.860001 8.140000 -3.060000 5.723000 1467172.525000 453093.680000 13.271244 80.566978 0.000000 -0.043000 0.334000 -0.023000 0.000000 0.000000
13:05:39 78.699997 -53.150002 0.000000 126.839996 322.470001 132.860001 8.169000 -3.060000 5.683000 1467172.652000 453093.690000 13.271245 80.566978 0.000000 -0.043000 0.334000 -0.023000 0.000000 0.000000
13:05:40 78.699997 -53.150002 0.000000 126.839996 322.470001 132.860001 8.202000 -3.060000 5.631000 1467172.828000 453093.726000 13.271246 80.566978 0.000000 -0.043000 0.334000 -0.023000 0.000000 0.000000
13:05:40 78.699997 -53.150002 0.000000 126.839996 322.470001 132.860001 8.202000 -3.060000 5.631000 1467172.955000 453093.735000 13.271246 80.566978 0.000000 -0.043000 0.334000 -0.023000 0.000000 0.000000
13:05:40 78.699997 -53.150002 0.000000 126.839996 322.470001 132.860001 8.202000 -3.060000 5.631000 1467173.082000 453093.742000 13.271246 80.566978 0.000000 -0.043000 0.334000 -0.023000 0.000000 0.000000
13:05:40 78.699997 -53.150002 0.000000 126.839996 322.470001 132.860001 8.202000 -3.060000 5.631000 1467173.209000 453093.749000 13.271246 80.566978 0.000000 -0.043000 0.334000 -0.023000 0.000000 0.000000
13:05:40 78.699997 -53.150002 0.000000 126.839996 322.470001 132.860001 8.202000 -3.060000 5.631000 0.004000 0.003300 13.271246 80.566978 0.000000 -0.043000 0.334000 -0.023000 0.000000 0.000000
13:05:41 78.699997 -53.150002 0.000000 126.839996 322.954987 132.860001 8.484000 -3.060000 5.971000 0.004000 0.003300 13.271255 80.566978 0.000000 -0.043000 0.334000 -0.023000 0.000000 0.000000
13:05:41 78.699997 -53.150002 0.000000 126.839996 323.020996 132.860001 8.544000 -3.060000 6.043000 1467173.803000 453093.805000 13.271255 80.566978 0.000000 -0.043000 0.334000 -0.023000 0.000000 0.000000
13:05:41 78.699997 -53.150002 0.000000 126.839996 323.085999 132.860001 8.608000 -3.060000 6.056000 1467173.939000 453093.810000 13.271256 80.566978 0.000000 -0.043000 0.334000 -0.023000 0.000000 0.000000
13:05:41 78.699997 -53.150002 0.000000 126.839996 323.149994 132.860001 8.674000 -3.060000 6.033000 1467174.076000 453093.815000 13.271258 80.566978 0.000000 -0.043000 0.334000 -0.023000 0.000000 0.000000
13:05:42 78.699997 -53.150002 0.000000 126.839996 323.149994 132.860001 8.744000 -3.060000 5.985000 1467174.259000 453093.842000 13.271259 80.566978 0.000000 -0.043000 0.334000 -0.023000 0.000000 0.000000
13:05:42 78.599998 -53.150002 0.000000 126.839996 323.149994 132.860001 8.744000 -3.060000 5.985000 1467174.395000 453093.847000 13.271259 80.566978 0.000000 -0.043000 0.334000 -0.023000 0.000000 0.000000
13:05:42 78.599998 -53.150002 0.000000 126.839996 323.149994 132.860001 8.744000 -3.060000 5.985000 1467174.532000 453093.852000 13.271259 80.566978 0.000000 -0.043000 0.334000 -0.023000 0.000000 0.000000
13:05:42 78.599998 -53.150002 0.000000 126.839996 323.149994 132.860001 8.744000 -3.060000 5.985000 1467174.669000 453093.857000 13.271259 80.566978 0.000000 -0.043000 0.334000 -0.023000 0.000000 0.000000
13:05:42 78.599998 -53.150002 0.000000 126.839996 323.149994 132.860001 8.744000 -3.060000 5.985000 0.004000 0.003300 13.271259 80.566978 0.000000 -0.043000 0.334000 -0.023000 0.000000 0.000000
13:05:43 78.599998 -53.150002 0.000000 126.839996 323.606995 132.860001 9.247000 -3.060000 5.934000 0.004000 0.003300 13.271268 80.566978 0.000000 -0.043000 0.334000 -0.023000 0.000000 0.000000
13:05:43 78.599998 -53.150002 0.000000 126.839996 323.673004 132.860001 9.342000 -3.060000 5.967000 1467175.271000 453093.891000 13.271269 80.566978 0.000000 -0.043000 0.334000 -0.023000 0.000000 0.000000
13:05:43 78.599998 -53.150002 0.000000 126.839996 323.739014 132.860001 9.440000 -3.060000 6.010000 1467175.408000 453093.896000 13.271270 80.566978 0.000000 -0.043000 0.334000 -0.023000 0.000000 0.000000
13:05:43 78.599998 -53.150002 0.000000 126.839996 323.804993 132.860001 9.540000 -3.060000 6.043000 1467175.544000 453093.901000 13.271272 80.566978 0.000000 -0.043000 0.334000 -0.023000 0.000000 0.000000
13:05:44 78.599998 -53.150002 0.000000 126.839996 323.804993 132.860001 9.643000 -3.060000 6.087000 1467175.812000 453093.908000 13.271274 80.566978 0.000000 -0.043000 0.334000 -0.023000 0.000000 0.000000
13:05:44 78.599998 -53.150002 0.000000 126.839996 323.804993 132.860001 9.643000 -3.060000 6.087000 1467175.949000 453093.913000 13.271274 80.566978 0.000000 -0.043000 0.334000 -0.023000 0.000000 0.000000
13:05:44 78.599998 -53.150002 0.000000 126.839996 323.804993 132.860001 9.643000 -3.060000 6.087000 1467176.086000 453093.918000 13.271274 80.566978 0.000000 -0.043000 0.334000 -0.023000 0.000000 0.000000
13:05:44 78.599998 -53.150002 0.000000 126.839996 323.804993 132.860001 9.643000 -3.060000 6.087000 1467176.223000 453093.923000 13.271274 80.566978 0.000000 -0.043000 0.334000 -0.023000 0.000000 0.000000
13:05:44 78.599998 -53.150002 0.000000 126.839996 323.804993 132.860001 9.643000 -3.060000 6.087000 1467176.359000 453093.928000 13.271274 80.566978 0.000000 -0.043000 0.334000 -0.023000 0.000000 0.000000
13:05:45 78.599998 -53.150002 0.000000 126.839996 323.804993 132.860001 9.643000 -3.060000 6.087000 0.004000 0.003300 13.271274 80.566978 0.000000 -0.043000 0.334000 -0.023000 0.000000 0.000000
13:05:45 78.599998 -53.150002 0.000000 126.839996 324.320007 132.860001 10.396000 -3.060000 5.871000 0.004000 0.003300 13.271282 80.566978 0.000000 -0.043000 0.334000 -0.023000 0.000000 0.000000
13:05:45 78.599998 -53.150002 0.000000 126.839996 324.384003 132.860001 10.507000 -3.060000 5.800000 1467176.883000 453093.969000 13.271284 80.566978 0.000000 -0.043000 0.334000 -0.023000 0.000000 0.000000
13:05:45 78.500000 -53.150002 0.000000 126.839996 324.446014 132.860001 10.618000 -3.060000 5.772000 1467177.010000 453093.976000 13.271285 80.566978 0.000000 -0.043000 0.334000 -0.023000 0.000000 0.000000
13:05:46 78.500000 -53.150002 0.000000 126.839996 324.446014 132.860001 10.731000 -3.060000 5.781000 1467177.137000 453093.983000 13.271286 80.566978 0.000000 -0.043000 0.334000 -0.023000 0.000000 0.000000
13:05:46 78.500000 -53.150002 0.000000 126.839996 324.446014 132.860001 10.731000 -3.060000 5.781000 1467177.364000 453093.994000 13.271286 80.566978 0.000000 -0.043000 0.334000 -0.023000 0.000000 0.000000
13:05:46 78.500000 -53.150002 0.000000 126.839996 324.446014 132.860001 10.731000 -3.060000 5.781000 1467177.491000 453094.001000 13.271286 80.566978 0.000000 -0.043000 0.334000 -0.023000 0.000000 0.000000
13:05:46 78.500000 -53.150002 0.000000 126.839996 324.446014 132.860001 10.731000 -3.060000 5.781000 1467177.618000 453094.010000 13.271286 80.566978 0.000000 -0.043000 0.334000 -0.023000 0.000000 0.000000
13:05:46 78.500000 -53.150002 0.000000 126.839996 324.446014 132.860001 10.731000 -3.060000 5.781000 0.004000 0.003400 13.271286 80.566978 0.000000 -0.043000 0.334000 -0.023000 0.000000 0.000000
13:05:47 78.500000 -53.150002 0.000000 126.839996 324.864990 132.860001 11.403000 -3.060000 5.708000 0.004000 0.003400 13.271294 80.566978 0.000000 -0.043000 0.334000 -0.023000 0.000000 0.000000
13:05:47 78.500000 -53.150002 0.000000 126.839996 324.920013 132.860001 11.512000 -3.060000 5.694000 1467178.165000 453094.058000 13.271295 80.566978 0.000000 -0.043000 0.334000 -0.023000 0.000000 0.000000
13:05:47 78.500000 -53.150002 0.000000 126.839996 324.972992 132.860001 11.620000 -3.060000 5.686000 1467178.282000 453094.067000 13.271296 80.566978 0.000000 -0.043000 0.334000 -0.023000 0.000000 0.000000
13:05:47 78.500000 -53.150002 0.000000 126.839996 325.026001 132.860001 11.728000 -3.060000 5.678000 1467178.399000 453094.077000 13.271297 80.566978 0.000000 -0.043000 0.334000 -0.023000 0.000000 0.000000
13:05:48 78.500000 -53.150002 0.000000 126.839996 325.026001 132.860001 11.834000 -3.060000 5.689000 1467178.517000 453094.087000 13.271298 80.566986 0.000000 -0.043000 0.334000 -0.023000 0.000000 0.000000
13:05:48 78.500000 -53.150002 0.000000 126.839996 325.026001 132.860001 11.834000 -3.060000 5.689000 1467178.699000 453094.113000 13.271298 80.566986 0.000000 -0.043000 0.334000 -0.023000 0.000000 0.000000
13:05:48 78.599998 -53.150002 0.000000 126.839996 325.026001 132.860001 11.834000 -3.060000 5.689000 1467178.816000 453094.123000 13.271298 80.566986 0.000000 -0.043000 0.334000 -0.023000 0.000000 0.000000
13:05:48 78.599998 -53.150002 0.000000 126.839996 325.026001 132.860001 11.834000 -3.060000 5.689000 1467178.933000 453094.133000 13.271298 80.566986 0.000000 -0.043000 0.334000 -0.023000 0.000000 0.000000
13:05:48 78.599998 -53.150002 0.000000 126.839996 325.026001 132.860001 11.834000 -3.060000 5.689000 0.004000 0.003400 13.271298 80.566986 0.000000 -0.043000 0.334000 -0.023000 0.000000 0.000000
13:05:49 78.599998 -53.150002 0.000000 126.839996 325.365997 132.860001 12.435000 -3.060000 5.779000 0.004000 0.003400 13.271305 80.566986 0.000000 -0.043000 0.334000 -0.023000 0.000000 0.000000
13:05:49 78.599998 -53.150002 0.000000 126.839996 325.412994 132.860001 12.525000 -3.060000 5.810000 1467179.418000 453094.204000 13.271306 80.566986 0.000000 -0.043000 0.334000 -0.023000 0.000000 0.000000
13:05:49 78.599998 -53.150002 0.000000 126.839996 325.459015 132.860001 12.614000 -3.060000 5.888000 1467179.535000 453094.216000 13.271307 80.566986 0.000000 -0.043000 0.334000 -0.023000 0.000000 0.000000
13:05:49 78.599998 -53.150002 0.000000 126.839996 325.505005 132.860001 12.699000 -3.060000 6.003000 1467179.652000 453094.228000 13.271308 80.566986 0.000000 -0.043000 0.334000 -0.023000 0.000000 0.000000
13:05:50 78.599998 -53.150002 0.000000 126.839996 325.505005 132.860001 12.781000 -3.060000 6.107000 1467179.770000 453094.240000 13.271309 80.566986 0.000000 -0.043000 0.334000 -0.023000 0.000000 0.000000
13:05:50 78.599998 -53.150002 0.000000 126.839996 325.505005 132.860001 12.781000 -3.060000 6.107000 1467179.864000 453094.268000 13.271309 80.566986 0.000000 -0.043000 0.334000 -0.023000 0.000000 0.000000
13:05:50 78.599998 -53.150002 0.000000 126.839996 325.505005 132.860001 12.781000 -3.060000 6.107000 1467179.971000 453094.278000 13.271309 80.566986 0.000000 -0.043000 0.334000 -0.023000 0.000000 0.000000
13:05:50 78.599998 -53.150002 0.000000 126.839996 325.505005 132.860001 12.781000 -3.060000 6.107000 1467180.079000 453094.287000 13.271309 80.566986 0.000000 -0.043000 0.334000 -0.023000 0.000000 0.000000
13:05:50 78.599998 -53.150002 0.000000 126.839996 325.505005 132.860001 12.781000 -3.060000 6.107000 1467180.186000 453094.297000 13.271309 80.566986 0.000000 -0.043000 0.334000 -0.023000 0.000000 0.000000
13:05:51 78.599998 -53.150002 0.000000 126.839996 325.795013 132.860001 13.160000 -3.060000 6.033000 0.004000 0.003400 13.271315 80.566986 0.000000 -0.043000 0.334000 -0.023000 0.000000 0.000000
13:05:51 78.599998 -53.150002 0.000000 126.839996 325.795013 132.860001 13.160000 -3.060000 6.033000 1467180.482000 453094.355000 13.271316 80.566986 0.000000 -0.043000 0.334000 -0.023000 0.000000 0.000000
13:05:51 78.599998 -53.150002 0.000000 126.839996 325.795013 132.860001 13.160000 -3.060000 6.033000 1467180.600000 453094.365000 13.271317 80.566986 0.000000 -0.043000 0.334000 -0.023000 0.000000 0.000000
13:05:51 78.599998 -53.150002 0.000000 126.839996 325.795013 132.860001 13.160000 -3.060000 6.033000 1467180.717000 453094.375000 13.271317 80.566986 0.000000 -0.043000 0.334000 -0.023000 0.000000 0.000000
13:05:52 78.599998 -53.150002 0.000000 126.839996 325.795013 132.860001 13.160000 -3.060000 6.033000 1467180.834000 453094.384000 13.271317 80.566986 0.000000 -0.043000 0.334000 -0.023000 0.000000 0.000000
13:05:52 78.599998 -53.150002 0.000000 126.839996 325.795013 132.860001 13.160000 -3.060000 6.033000 1467180.955000 453094.396000 13.271317 80.566986 0.000000 -0.043000 0.334000 -0.023000 0.000000 0.000000
13:05:52 78.599998 -53.150002 0.000000 126.839996 325.795013 132.860001 13.160000 -3.060000 6.033000 1467181.072000 453094.404000 13.271317 80.566986 0.000000 -0.043000 0.334000 -0.023000 0.000000 0.000000
13:05:52 78.699997 -53.150002 0.000000 126.839996 325.795013 132.860001 13.160000 -3.060000 6.033000 0.004000 0.003400 13.271317 80.566986 0.000000 -0.043000 0.334000 -0.023000 0.000000 0.000000
13:05:52 78.699997 -53.150002 0.000000 126.839996 325.795013 132.860001 13.160000 -3.060000 6.033000 1467181.306000 453094.418000 13.271317 80.566986 0.000000 -0.043000 0.334000 -0.023000 0.000000 0.000000
13:05:53 78.699997 -53.150002 0.000000 126.839996 326.122009 132.860001 13.325000 -3.060000 5.657000 0.004000 0.003400 13.271324 80.566986 0.000000 -0.043000 0.334000 -0.023000 0.000000 0.000000
13:05:53 78.699997 -53.150002 0.000000 126.839996 326.148987 132.860001 13.312000 -3.060000 5.659000 1467181.600000 453094.443000 13.271326 80.566986 0.000000 -0.043000 0.334000 -0.023000 0.000000 0.000000
13:05:53 78.699997 -53.150002 0.000000 126.839996 326.174011 132.860001 13.293000 -3.060000 5.671000 1467181.717000 453094.450000 13.271327 80.566986 0.000000 -0.043000 0.334000 -0.023000 0.000000 0.000000
13:05:53 78.699997 -53.150002 0.000000 126.839996 326.174011 132.860001 13.271000 -3.060000 5.699000 1467181.834000 453094.457000 13.271328 80.566986 0.000000 -0.043000 0.334000 -0.023000 0.000000 0.000000
13:05:54 78.699997 -53.150002 0.000000 126.839996 326.174011 132.860001 13.245000 -3.060000 5.717000 1467181.952000 453094.461000 13.271329 80.566986 0.000000 -0.043000 0.334000 -0.023000 0.000000 0.000000
13:05:54 78.699997 -53.150002 0.000000 126.839996 326.174011 132.860001 13.245000 -3.060000 5.717000 1467182.096000 453094.474000 13.271329 80.566986 0.000000 -0.043000 0.334000 -0.023000 0.000000 0.000000
13:05:54 78.800003 -53.150002 0.000000 126.839996 326.174011 132.860001 13.245000 -3.060000 5.717000 1467182.213000 453094.479000 13.271329 80.566986 0.000000 -0.043000 0.334000 -0.023000 0.000000 0.000000
13:05:54 78.800003 -53.150002 0.000000 126.839996 326.174011 132.860001 13.245000 -3.060000 5.717000 1467182.331000 453094.484000 13.271329 80.566986 0.000000 -0.043000 0.334000 -0.023000 0.000000 0.000000
13:05:54 78.800003 -53.150002 0.000000 126.839996 326.174011 132.860001 13.245000 -3.060000 5.717000 1467182.448000 453094.489000 13.271329 80.566986 0.000000 -0.043000 0.334000 -0.023000 0.000000 0.000000
13:05:55 78.800003 -53.150002 0.000000 126.839996 326.339996 132.860001 13.008000 -3.060000 5.810000 0.004000 0.003400 13.271336 80.566986 0.000000 -0.043000 0.334000 -0.023000 0.000000 0.000000
13:05:55 78.800003 -53.150002 0.000000 126.839996 326.359985 132.860001 12.960000 -3.060000 6.000000 1467182.820000 453094.467000 13.271337 80.566986 0.000000 -0.043000 0.334000 -0.023000 0.000000 0.000000
13:05:55 78.800003 -53.150002 0.000000 126.839996 326.378998 132.860001 12.910000 -3.060000 6.221000 1467182.937000 453094.472000 13.271338 80.566986 0.000000 -0.043000 0.334000 -0.023000 0.000000 0.000000
13:05:55 78.800003 -53.150002 0.000000 126.839996 326.398010 132.860001 12.855000 -3.060000 6.372000 1467183.055000 453094.477000 13.271339 80.566986 0.000000 -0.043000 0.334000 -0.023000 0.000000 0.000000
13:05:56 78.800003 -53.150002 0.000000 126.839996 326.398010 132.860001 12.796000 -3.060000 6.395000 1467183.172000 453094.482000 13.271340 80.566986 0.000000 -0.043000 0.334000 -0.023000 0.000000 0.000000
13:05:56 78.900002 -53.150002 0.000000 126.839996 326.398010 132.860001 12.796000 -3.060000 6.395000 1467183.289000 453094.487000 13.271340 80.566986 0.000000 -0.043000 0.334000 -0.023000 0.000000 0.000000
13:05:56 78.900002 -53.150002 0.000000 126.839996 326.398010 132.860001 12.796000 -3.060000 6.395000 1467183.452000 453094.506000 13.271340 80.566986 0.000000 -0.043000 0.334000 -0.023000 0.000000 0.000000
13:05:56 78.900002 -53.150002 0.000000 126.839996 326.398010 132.860001 12.796000 -3.060000 6.395000 1467183.569000 453094.511000 13.271340 80.566986 0.000000 -0.043000 0.334000 -0.023000 0.000000 0.000000
13:05:56 78.900002 -53.150002 0.000000 126.839996 326.398010 132.860001 12.796000 -3.060000 6.395000 1467183.687000 453094.516000 13.271340 80.566986 0.000000 -0.043000 0.334000 -0.023000 0.000000 0.000000
13:05:57 78.900002 -53.150002 0.000000 126.839996 326.509003 132.860001 12.386000 -3.060000 5.820000 0.004000 0.003400 13.271347 80.566986 0.000000 -0.043000 0.334000 -0.023000 0.000000 0.000000
13:05:57 78.900002 -53.150002 0.000000 126.839996 326.523010 132.860001 12.314000 -3.060000 5.866000 1467184.118000 453094.494000 13.271348 80.566986 0.000000 -0.043000 0.334000 -0.023000 0.000000 0.000000
13:05:57 78.900002 -53.150002 0.000000 126.839996 326.536011 132.860001 12.241000 -3.060000 5.972000 1467184.235000 453094.500000 13.271350 80.566986 0.000000 -0.043000 0.334000 -0.023000 0.000000 0.000000
13:05:57 78.900002 -53.150002 0.000000 126.839996 326.548004 132.860001 12.168000 -3.060000 6.140000 1467184.352000 453094.507000 13.271351 80.566986 0.000000 -0.043000 0.334000 -0.023000 0.000000 0.000000
13:05:58 78.900002 -53.150002 0.000000 126.839996 326.548004 132.860001 12.093000 -3.060000 6.329000 1467184.469000 453094.514000 13.271352 80.566986 0.000000 -0.043000 0.334000 -0.023000 0.000000 0.000000
13:05:58 78.900002 -53.150002 0.000000 126.839996 326.548004 132.860001 12.093000 -3.060000 6.329000 1467184.586000 453094.522000 13.271352 80.566986 0.000000 -0.043000 0.334000 -0.023000 0.000000 0.000000
13:05:58 78.900002 -53.150002 0.000000 126.839996 326.548004 132.860001 12.093000 -3.060000 6.329000 1467184.751000 453094.535000 13.271352 80.566986 0.000000 -0.043000 0.334000 -0.023000 0.000000 0.000000
13:05:58 78.900002 -53.150002 0.000000 126.839996 326.548004 132.860001 12.093000 -3.060000 6.329000 1467184.869000 453094.542000 13.271352 80.566986 0.000000 -0.043000 0.334000 -0.023000 0.000000 0.000000
13:05:58 79.000000 -53.150002 0.000000 126.839996 326.548004 132.860001 12.093000 -3.060000 6.329000 0.004000 0.003400 13.271352 80.566986 0.000000 -0.043000 0.334000 -0.023000 0.000000 0.000000
13:05:59 79.000000 -53.150002 0.000000 126.839996 326.621002 132.860001 11.602000 -3.060000 5.998000 0.004000 0.003400 13.271359 80.566986 0.000000 -0.043000 0.334000 -0.023000 0.000000 0.000000
13:05:59 79.000000 -53.150002 0.000000 126.839996 326.630005 132.860001 11.514000 -3.060000 5.744000 1467185.421000 453094.536000 13.271360 80.566986 0.000000 -0.043000 0.334000 -0.023000 0.000000 0.000000
13:05:59 79.099998 -53.150002 0.000000 126.839996 326.636993 132.860001 11.426000 -3.060000 5.513000 1467185.538000 453094.543000 13.271361 80.566986 0.000000 -0.043000 0.334000 -0.023000 0.000000 0.000000
13:05:59 79.099998 -53.150002 0.000000 126.839996 326.645996 132.860001 11.340000 -3.060000 5.376000 1467185.655000 453094.550000 13.271362 80.566986 0.000000 -0.043000 0.334000 -0.023000 0.000000 0.000000
13:06:00 79.099998 -53.150002 0.000000 126.839996 326.645996 132.860001 11.254000 -3.060000 5.325000 1467185.772000 453094.557000 13.271363 80.566986 0.000000 -0.043000 0.334000 -0.023000 0.000000 0.000000
13:06:00 79.099998 -53.150002 0.000000 126.839996 326.645996 132.860001 11.254000 -3.060000 5.325000 1467185.890000 453094.567000 13.271363 80.566986 0.000000 -0.043000 0.334000 -0.023000 0.000000 0.000000
13:06:00 79.099998 -53.150002 0.000000 126.839996 326.645996 132.860001 11.254000 -3.060000 5.325000 1467186.051000 453094.588000 13.271363 80.566986 0.000000 -0.043000 0.334000 -0.023000 0.000000 0.000000
13:06:00 79.099998 -53.150002 0.000000 126.839996 326.645996 132.860001 11.254000 -3.060000 5.325000 1467186.168000 453094.598000 13.271363 80.566986 0.000000 -0.043000 0.334000 -0.023000 0.000000 0.000000
13:06:00 79.099998 -53.150002 0.000000 126.839996 326.645996 132.860001 11.254000 -3.060000 5.325000 0.004000 0.003400 13.271363 80.566986 0.000000 -0.043000 0.334000 -0.023000 0.000000 0.000000
13:06:01 79.099998 -53.150002 0.000000 126.839996 326.692993 132.860001 10.782000 -3.060000 5.901000 0.004000 0.003400 13.271370 80.566986 0.000000 -0.043000 0.334000 -0.023000 0.000000 0.000000
13:06:01 79.099998 -53.150002 0.000000 126.839996 326.696014 132.860001 10.710000 -3.060000 5.980000 1467186.651000 453094.627000 13.271371 80.566986 0.000000 -0.043000 0.334000 -0.023000 0.000000 0.000000
13:06:01 79.099998 -53.150002 0.000000 126.839996 326.697998 132.860001 10.639000 -3.060000 5.983000 1467186.768000 453094.637000 13.271373 80.566986 0.000000 -0.043000 0.334000 -0.023000 0.000000 0.000000
13:06:01 79.099998 -53.150002 0.000000 126.839996 326.697998 132.860001 10.571000 -3.060000 5.965000 1467186.885000 453094.647000 13.271374 80.566986 0.000000 -0.043000 0.334000 -0.023000 0.000000 0.000000
13:06:02 79.099998 -53.150002 0.000000 126.839996 326.697998 132.860001 10.506000 -3.060000 5.934000 1467187.002000 453094.657000 13.271375 80.566986 0.000000 -0.043000 0.334000 -0.023000 0.000000 0.000000
13:06:02 79.099998 -53.150002 0.000000 126.839996 326.697998 132.860001 10.506000 -3.060000 5.934000 1467187.120000 453094.667000 13.271375 80.566986 0.000000 -0.043000 0.334000 -0.023000 0.000000 0.000000
13:06:02 79.099998 -53.150002 0.000000 126.839996 326.697998 132.860001 10.506000 -3.060000 5.934000 1467187.233000 453094.692000 13.271375 80.566986 0.000000 -0.043000 0.334000 -0.023000 0.000000 0.000000
13:06:02 79.099998 -53.150002 0.000000 126.839996 326.697998 132.860001 10.506000 -3.060000 5.934000 0.004000 0.003400 13.271375 80.566986 0.000000 -0.043000 0.334000 -0.023000 0.000000 0.000000
13:06:02 79.099998 -53.150002 0.000000 126.839996 326.697998 132.860001 10.506000 -3.060000 5.934000 0.004000 0.003400 13.271375 80.566986 0.000000 -0.043000 0.334000 -0.023000 0.000000 0.000000
13:06:03 79.199997 -53.150002 0.000000 126.839996 326.679993 132.860001 10.191000 -3.060000 6.125000 0.004000 0.003400 13.271380 80.566986 0.000000 -0.043000 0.334000 -0.023000 0.000000 0.000000
13:06:03 79.199997 -53.150002 0.000000 126.839996 326.674011 132.860001 10.151000 -3.060000 6.156000 1467187.810000 453094.744000 13.271381 80.566986 0.000000 -0.043000 0.334000 -0.023000 0.000000 0.000000
13:06:03 79.199997 -53.150002 0.000000 126.839996 326.667999 132.860001 10.114000 -3.060000 6.137000 1467187.927000 453094.756000 13.271382 80.566986 0.000000 -0.043000 0.334000 -0.023000 0.000000 0.000000
13:06:03 79.199997 -53.150002 0.000000 126.839996 326.667999 132.860001 10.077000 -3.060000 6.052000 1467188.044000 453094.768000 13.271384 80.566986 0.000000 -0.043000 0.334000 -0.023000 0.000000 0.000000
13:06:04 79.199997 -53.150002 0.000000 126.839996 326.667999 132.860001 10.044000 -3.060000 5.966000 1467188.162000 453094.781000 13.271385 80.566986 0.000000 -0.043000 0.334000 -0.023000 0.000000 0.000000
13:06:04 79.199997 -53.150002 0.000000 126.839996 326.667999 132.860001 10.044000 -3.060000 5.966000 1467188.279000 453094.793000 13.271385 80.566986 0.000000 -0.043000 0.334000 -0.023000 0.000000 0.000000
13:06:04 79.199997 -53.150002 0.000000 126.839996 326.667999 132.860001 10.044000 -3.060000 5.966000 1467188.383000 453094.821000 13.271385 80.566986 0.000000 -0.043000 0.334000 -0.023000 0.000000 0.000000
13:06:04 79.199997 -53.150002 0.000000 126.839996 326.667999 132.860001 10.044000 -3.060000 5.966000 0.004000 0.003400 13.271385 80.566986 0.000000 -0.043000 0.334000 -0.023000 0.000000 0.000000
13:06:04 79.199997 -53.150002 0.000000 126.839996 326.667999 132.860001 10.044000 -3.060000 5.966000 0.004000 0.003400 13.271385 80.566986 0.000000 -0.043000 0.334000 -0.023000 0.000000 0.000000
13:06:05 79.199997 -53.150002 0.000000 126.839996 326.596985 132.860001 9.910000 -3.060000 6.001000 0.004000 0.003400 13.271391 80.566986 0.000000 -0.043000 0.334000 -0.023000 0.000000 0.000000
13:06:05 79.199997 -53.150002 0.000000 126.839996 326.585999 132.860001 9.897000 -3.060000 6.025000 1467188.969000 453094.882000 13.271392 80.566986 0.000000 -0.043000 0.334000 -0.023000 0.000000 0.000000
13:06:05 79.199997 -53.150002 0.000000 126.839996 326.574005 132.860001 9.887000 -3.060000 6.058000 1467189.079000 453094.911000 13.271393 80.566986 0.000000 -0.043000 0.334000 -0.023000 0.000000 0.000000
13:06:05 79.199997 -53.150002 0.000000 126.839996 326.574005 132.860001 9.879000 -3.060000 6.137000 1467189.196000 453094.923000 13.271395 80.566986 0.000000 -0.043000 0.334000 -0.023000 0.000000 0.000000
13:06:06 79.199997 -53.150002 0.000000 126.839996 326.574005 132.860001 9.874000 -3.060000 6.230000 1467189.313000 453094.935000 13.271396 80.566994 0.000000 -0.043000 0.334000 -0.023000 0.000000 0.000000
13:06:06 79.199997 -53.150002 0.000000 126.839996 326.574005 132.860001 9.874000 -3.060000 6.230000 1467189.431000 453094.947000 13.271396 80.566994 0.000000 -0.043000 0.334000 -0.023000 0.000000 0.000000
13:06:06 79.199997 -53.150002 0.000000 126.839996 326.574005 132.860001 9.874000 -3.060000 6.230000 1467189.548000 453094.959000 13.271396 80.566994 0.000000 -0.043000 0.334000 -0.023000 0.000000 0.000000
13:06:06 79.199997 -53.150002 0.000000 126.839996 326.574005 132.860001 9.874000 -3.060000 6.230000 1467189.664000 453094.988000 13.271396 80.566994 0.000000 -0.043000 0.334000 -0.023000 0.000000 0.000000
13:06:06 79.199997 -53.150002 0.000000 126.839996 326.574005 132.860001 9.874000 -3.060000 6.230000 0.004000 0.003400 13.271396 80.566994 0.000000 -0.043000 0.334000 -0.023000 0.000000 0.000000
13:06:07 79.199997 -53.150002 0.000000 126.839996 326.484009 132.860001 9.870000 -3.060000 5.882000 0.004000 0.003400 13.271401 80.566994 0.000000 -0.043000 0.334000 -0.023000 0.000000 0.000000
13:06:07 79.199997 -53.150002 0.000000 126.839996 326.473999 132.860001 9.872000 -3.060000 5.773000 1467190.132000 453095.037000 13.271403 80.566994 0.000000 -0.043000 0.334000 -0.023000 0.000000 0.000000
13:06:07 79.199997 -53.150002 0.000000 126.839996 326.466003 132.860001 9.875000 -3.060000 5.699000 1467190.278000 453095.051000 13.271404 80.566994 0.000000 -0.043000 0.334000 -0.023000 0.000000 0.000000
13:06:07 79.199997 -53.150002 0.000000 126.839996 326.466003 132.860001 9.879000 -3.060000 5.695000 1467190.395000 453095.060000 13.271405 80.566994 0.000000 -0.043000 0.334000 -0.023000 0.000000 0.000000
13:06:08 79.199997 -53.150002 0.000000 126.839996 326.466003 132.860001 9.886000 -3.060000 5.776000 1467190.517000 453095.070000 13.271406 80.566994 0.000000 -0.043000 0.334000 -0.023000 0.000000 0.000000
13:06:08 79.199997 -53.150002 0.000000 126.839996 326.466003 132.860001 9.886000 -3.060000 5.776000 1467190.644000 453095.080000 13.271406 80.566994 0.000000 -0.043000 0.334000 -0.023000 0.000000 0.000000
13:06:08 79.199997 -53.150002 0.000000 126.839996 326.466003 132.860001 9.886000 -3.060000 5.776000 1467190.770000 453095.090000 13.271406 80.566994 0.000000 -0.043000 0.334000 -0.023000 0.000000 0.000000
13:06:08 79.199997 -53.150002 0.000000 126.839996 326.466003 132.860001 9.886000 -3.060000 5.776000 0.004000 0.003500 13.271406 80.566994 0.000000 -0.043000 0.334000 -0.023000 0.000000 0.000000
13:06:09 79.199997 -53.150002 0.000000 126.839996 326.420013 132.860001 9.938000 -3.060000 6.503000 0.004000 0.003500 13.271412 80.566994 0.000000 -0.043000 0.334000 -0.023000 0.000000 0.000000
13:06:09 79.199997 -53.150002 0.000000 126.839996 326.420013 132.860001 9.938000 -3.060000 6.503000 1467191.305000 453095.145000 13.271412 80.566994 0.000000 -0.043000 0.334000 -0.023000 0.000000 0.000000
13:06:09 79.199997 -53.150002 0.000000 126.839996 326.420013 132.860001 9.938000 -3.060000 6.503000 1467191.432000 453095.154000 13.271412 80.566994 0.000000 -0.043000 0.334000 -0.023000 0.000000 0.000000
13:06:09 79.199997 -53.150002 0.000000 126.839996 326.420013 132.860001 9.938000 -3.060000 6.503000 0.004000 0.003500 13.271412 80.566994 0.000000 -0.043000 0.334000 -0.023000 0.000000 0.000000
13:06:09 79.199997 -53.150002 0.000000 126.839996 326.420013 132.860001 9.938000 -3.060000 6.503000 0.004000 0.003500 13.271412 80.566994 0.000000 -0.043000 0.334000 -0.023000 0.000000 0.000000
13:06:10 79.199997 -53.150002 0.000000 126.839996 326.393005 132.860001 10.002000 -3.060000 6.276000 0.004000 0.003500 13.271420 80.566994 0.000000 -0.043000 0.334000 -0.023000 0.000000 0.000000
13:06:10 79.199997 -53.150002 0.000000 126.839996 326.390015 132.860001 10.014000 -3.060000 6.359000 1467192.094000 453095.206000 13.271420 80.566994 0.000000 -0.043000 0.334000 -0.023000 0.000000 0.000000
13:06:10 79.199997 -53.150002 0.000000 126.839996 326.388000 132.860001 10.028000 -3.060000 6.464000 1467192.258000 453095.219000 13.271422 80.566994 0.000000 -0.043000 0.334000 -0.023000 0.000000 0.000000
13:06:10 79.199997 -53.150002 0.000000 126.839996 326.388000 132.860001 10.039000 -3.060000 6.539000 1467192.385000 453095.229000 13.271423 80.566994 0.000000 -0.043000 0.334000 -0.023000 0.000000 0.000000
13:06:11 79.199997 -53.150002 0.000000 126.839996 326.388000 132.860001 10.049000 -3.060000 6.563000 1467192.512000 453095.239000 13.271424 80.566994 0.000000 -0.043000 0.334000 -0.023000 0.000000 0.000000
13:06:11 79.199997 -53.150002 0.000000 126.839996 326.388000 132.860001 10.049000 -3.060000 6.563000 1467192.639000 453095.248000 13.271424 80.566994 0.000000 -0.043000 0.334000 -0.023000 0.000000 0.000000
13:06:11 79.199997 -53.150002 0.000000 126.839996 326.388000 132.860001 10.049000 -3.060000 6.563000 1467192.766000 453095.258000 13.271424 80.566994 0.000000 -0.043000 0.334000 -0.023000 0.000000 0.000000
13:06:11 79.199997 -53.150002 0.000000 126.839996 326.388000 132.860001 10.049000 -3.060000 6.563000 1467192.950000 453095.271000 13.271424 80.566994 0.000000 -0.043000 0.334000 -0.023000 0.000000 0.000000
13:06:11 79.199997 -53.150002 0.000000 126.839996 326.388000 132.860001 10.049000 -3.060000 6.563000 0.004000 0.003500 13.271424 80.566994 0.000000 -0.043000 0.334000 -0.023000 0.000000 0.000000
13:06:12 79.199997 -53.150002 0.000000 126.839996 326.403992 132.860001 10.057000 -3.060000 6.073000 0.004000 0.003500 13.271432 80.566994 0.000000 -0.043000 0.334000 -0.023000 0.000000 0.000000
13:06:12 79.199997 -53.150002 0.000000 126.839996 326.411011 132.860001 10.053000 -3.060000 6.059000 1467193.458000 453095.310000 13.271433 80.566994 0.000000 -0.043000 0.334000 -0.023000 0.000000 0.000000
13:06:12 79.199997 -53.150002 0.000000 126.839996 326.420990 132.860001 10.045000 -3.060000 6.036000 1467193.649000 453095.336000 13.271435 80.566994 0.000000 -0.043000 0.334000 -0.023000 0.000000 0.000000
13:06:12 79.099998 -53.150002 0.000000 126.839996 326.420990 132.860001 10.036000 -3.060000 5.994000 1467193.776000 453095.346000 13.271436 80.566994 0.000000 -0.043000 0.334000 -0.023000 0.000000 0.000000
13:06:13 79.099998 -53.150002 0.000000 126.839996 326.420990 132.860001 10.025000 -3.060000 5.942000 1467193.903000 453095.355000 13.271437 80.566994 0.000000 -0.043000 0.334000 -0.023000 0.000000 0.000000
13:06:13 79.099998 -53.150002 0.000000 126.839996 326.420990 132.860001 10.025000 -3.060000 5.942000 1467194.030000 453095.365000 13.271437 80.566994 0.000000 -0.043000 0.334000 -0.023000 0.000000 0.000000
13:06:13 79.099998 -53.150002 0.000000 126.839996 326.420990 132.860001 10.025000 -3.060000 5.942000 1467194.157000 453095.375000 13.271437 80.566994 0.000000 -0.043000 0.334000 -0.023000 0.000000 0.000000
13:06:13 79.099998 -53.150002 0.000000 126.839996 326.420990 132.860001 10.025000 -3.060000 5.942000 1467194.345000 453095.388000 13.271437 80.566994 0.000000 -0.043000 0.334000 -0.023000 0.000000 0.000000
13:06:13 79.099998 -53.150002 0.000000 126.839996 326.420990 132.860001 10.025000 -3.060000 5.942000 0.004000 0.003500 13.271437 80.566994 0.000000 -0.043000 0.334000 -0.023000 0.000000 0.000000
13:06:14 79.099998 -53.150002 0.000000 126.839996 326.554993 132.860001 9.936000 -3.060000 5.922000 0.004000 0.003500 13.271444 80.566994 0.000000 -0.043000 0.334000 -0.023000 0.000000 0.000000
13:06:14 79.099998 -53.150002 0.000000 126.839996 326.579010 132.860001 9.919000 -3.060000 6.023000 1467194.853000 453095.432000 13.271446 80.566994 0.000000 -0.043000 0.334000 -0.023000 0.000000 0.000000
13:06:14 79.000000 -53.150002 0.000000 126.839996 326.604004 132.860001 9.902000 -3.060000 6.132000 1467195.028000 453095.453000 13.271447 80.566994 0.000000 -0.043000 0.334000 -0.023000 0.000000 0.000000
13:06:14 79.000000 -53.150002 0.000000 126.839996 326.604004 132.860001 9.884000 -3.060000 6.231000 1467195.155000 453095.465000 13.271448 80.566994 0.000000 -0.043000 0.334000 -0.023000 0.000000 0.000000
13:06:15 79.000000 -53.150002 0.000000 126.839996 326.604004 132.860001 9.867000 -3.060000 6.328000 1467195.282000 453095.477000 13.271449 80.566994 0.000000 -0.043000 0.334000 -0.023000 0.000000 0.000000
13:06:15 79.000000 -53.150002 0.000000 126.839996 326.604004 132.860001 9.867000 -3.060000 6.328000 1467195.409000 453095.489000 13.271449 80.566994 0.000000 -0.043000 0.334000 -0.023000 0.000000 0.000000
13:06:15 79.000000 -53.150002 0.000000 126.839996 326.604004 132.860001 9.867000 -3.060000 6.328000 1467195.536000 453095.501000 13.271449 80.566994 0.000000 -0.043000 0.334000 -0.023000 0.000000 0.000000
13:06:15 79.000000 -53.150002 0.000000 126.839996 326.604004 132.860001 9.867000 -3.060000 6.328000 0.004000 0.003500 13.271449 80.566994 0.000000 -0.043000 0.334000 -0.023000 0.000000 0.000000
13:06:16 79.000000 -53.150002 0.000000 126.839996 326.794006 132.860001 9.785000 -3.060000 6.246000 1467195.833000 453095.529000 13.271456 80.566994 0.000000 -0.043000 0.334000 -0.023000 0.000000 0.000000
13:06:16 78.900002 -53.150002 0.000000 126.839996 326.794006 132.860001 9.785000 -3.060000 6.246000 1467196.087000 453095.554000 13.271456 80.566994 0.000000 -0.043000 0.334000 -0.023000 0.000000 0.000000
13:06:16 78.900002 -53.150002 0.000000 126.839996 326.794006 132.860001 9.785000 -3.060000 6.246000 1467196.214000 453095.566000 13.271456 80.566994 0.000000 -0.043000 0.334000 -0.023000 0.000000 0.000000
13:06:16 78.900002 -53.150002 0.000000 126.839996 326.794006 132.860001 9.785000 -3.060000 6.246000 1467196.341000 453095.578000 13.271456 80.566994 0.000000 -0.043000 0.334000 -0.023000 0.000000 0.000000
13:06:16 78.900002 -53.150002 0.000000 126.839996 326.794006 132.860001 9.785000 -3.060000 6.246000 0.004000 0.003500 13.271456 80.566994 0.000000 -0.043000 0.334000 -0.023000 0.000000 0.000000
13:06:17 79.000000 -53.150002 0.000000 126.839996 326.990997 132.860001 9.704000 -3.060000 6.162000 0.004000 0.003500 13.271462 80.566994 0.000000 -0.043000 0.334000 -0.023000 0.000000 0.000000
13:06:17 79.000000 -53.150002 0.000000 126.839996 327.028015 132.860001 9.691000 -3.060000 6.117000 1467196.878000 453095.630000 13.271464 80.566994 0.000000 -0.043000 0.334000 -0.023000 0.000000 0.000000
13:06:17 79.000000 -53.150002 0.000000 126.839996 327.066986 132.860001 9.679000 -3.060000 6.125000 1467197.005000 453095.643000 13.271465 80.566994 0.000000 -0.043000 0.334000 -0.023000 0.000000 0.000000
13:06:17 79.000000 -53.150002 0.000000 126.839996 327.066986 132.860001 9.669000 -3.060000 6.176000 1467197.167000 453095.684000 13.271466 80.566994 0.000000 -0.043000 0.334000 -0.023000 0.000000 0.000000
13:06:18 79.000000 -53.150002 0.000000 126.839996 327.148010 132.860001 9.658000 -3.060000 6.203000 1467197.294000 453095.696000 13.271467 80.566994 0.000000 -0.043000 0.334000 -0.023000 0.000000 0.000000
13:06:18 79.000000 -53.150002 0.000000 126.839996 327.148010 132.860001 9.658000 -3.060000 6.203000 1467197.421000 453095.709000 13.271467 80.566994 0.000000 -0.043000 0.334000 -0.023000 0.000000 0.000000
13:06:18 79.000000 -53.150002 0.000000 126.839996 327.148010 132.860001 9.658000 -3.060000 6.203000 1467197.548000 453095.721000 13.271467 80.566994 0.000000 -0.043000 0.334000 -0.023000 0.000000 0.000000
13:06:18 79.000000 -53.150002 0.000000 126.839996 327.148010 132.860001 9.658000 -3.060000 6.203000 1467197.675000 453095.733000 13.271467 80.566994 0.000000 -0.043000 0.334000 -0.023000 0.000000 0.000000
13:06:19 78.900002 -53.150002 0.000000 126.839996 327.367004 132.860001 9.609000 -3.060000 5.915000 0.004000 0.003500 13.271474 80.566994 0.000000 -0.043000 0.334000 -0.023000 0.000000 0.000000
13:06:19 78.900002 -53.150002 0.000000 126.839996 327.367004 132.860001 9.609000 -3.060000 5.915000 1467198.087000 453095.786000 13.271474 80.566994 0.000000 -0.043000 0.334000 -0.023000 0.000000 0.000000
13:06:19 78.900002 -53.150002 0.000000 126.839996 327.367004 132.860001 9.609000 -3.060000 5.915000 1467198.214000 453095.798000 13.271474 80.566994 0.000000 -0.043000 0.334000 -0.023000 0.000000 0.000000
13:06:19 78.900002 -53.150002 0.000000 126.839996 327.367004 132.860001 9.609000 -3.060000 5.915000 0.004000 0.003500 13.271474 80.566994 0.000000 -0.043000 0.334000 -0.023000 0.000000 0.000000
13:06:20 78.800003 -53.150002 0.000000 126.839996 327.621002 132.860001 9.593000 -3.060000 5.706000 0.004000 0.003500 13.271480 80.567001 0.000000 -0.043000 0.334000 -0.023000 0.000000 0.000000
13:06:20 78.800003 -53.150002 0.000000 126.839996 327.621002 132.860001 9.593000 -3.060000 5.706000 1467198.753000 453095.851000 13.271480 80.567001 0.000000 -0.043000 0.334000 -0.023000 0.000000 0.000000
13:06:20 78.800003 -53.150002 0.000000 126.839996 327.621002 132.860001 9.593000 -3.060000 5.706000 1467198.880000 453095.863000 13.271480 80.567001 0.000000 -0.043000 0.334000 -0.023000 0.000000 0.000000
13:06:20 78.800003 -53.150002 0.000000 126.839996 327.621002 132.860001 9.593000 -3.060000 5.706000 0.004000 0.003500 13.271480 80.567001 0.000000 -0.043000 0.334000 -0.023000 0.000000 0.000000
13:06:21 78.800003 -53.150002 0.000000 126.839996 327.908997 132.860001 9.634000 -3.060000 6.287000 0.004000 0.003500 13.271485 80.567001 0.000000 -0.043000 0.334000 -0.023000 0.000000 0.000000
13:06:21 78.800003 -53.150002 0.000000 126.839996 327.908997 132.860001 9.634000 -3.060000 6.287000 1467199.421000 453095.928000 13.271485 80.567001 0.000000 -0.043000 0.334000 -0.023000 0.000000 0.000000
13:06:21 78.800003 -53.150002 0.000000 126.839996 327.908997 132.860001 9.634000 -3.060000 6.287000 1467199.548000 453095.940000 13.271485 80.567001 0.000000 -0.043000 0.334000 -0.023000 0.000000 0.000000
13:06:21 78.699997 -53.150002 0.000000 126.839996 327.908997 132.860001 9.634000 -3.060000 6.287000 0.004000 0.003500 13.271485 80.567001 0.000000 -0.043000 0.334000 -0.023000 0.000000 0.000000
13:06:21 78.699997 -53.150002 0.000000 126.839996 327.908997 132.860001 9.634000 -3.060000 6.287000 0.004000 0.003500 13.271485 80.567001 0.000000 -0.043000 0.334000 -0.023000 0.000000 0.000000
13:06:22 78.699997 -53.150002 0.000000 126.839996 328.270996 132.860001 9.723000 -3.060000 5.599000 0.004000 0.003500 13.271493 80.567001 0.000000 -0.043000 0.334000 -0.023000 0.000000 0.000000
13:06:22 78.699997 -53.150002 0.000000 126.839996 328.333008 132.860001 9.746000 -3.060000 5.598000 1467200.209000 453096.005000 13.271494 80.567001 0.000000 -0.043000 0.334000 -0.023000 0.000000 0.000000
13:06:22 78.699997 -53.150002 0.000000 126.839996 328.395996 132.860001 9.772000 -3.060000 5.689000 1467200.336000 453096.017000 13.271495 80.567001 0.000000 -0.043000 0.334000 -0.023000 0.000000 0.000000
13:06:22 78.699997 -53.150002 0.000000 126.839996 328.459991 132.860001 9.800000 -3.060000 5.817000 1467200.488000 453096.046000 13.271497 80.567001 0.000000 -0.043000 0.334000 -0.023000 0.000000 0.000000
13:06:23 78.699997 -53.150002 0.000000 126.839996 328.459991 132.860001 9.830000 -3.060000 5.948000 1467200.615000 453096.058000 13.271498 80.567001 0.000000 -0.043000 0.334000 -0.023000 0.000000 0.000000
13:06:23 78.699997 -53.150002 0.000000 126.839996 328.459991 132.860001 9.830000 -3.060000 5.948000 1467200.742000 453096.070000 13.271498 80.567001 0.000000 -0.043000 0.334000 -0.023000 0.000000 0.000000
13:06:23 78.699997 -53.150002 0.000000 126.839996 328.459991 132.860001 9.830000 -3.060000 5.948000 1467200.869000 453096.082000 13.271498 80.567001 0.000000 -0.043000 0.334000 -0.023000 0.000000 0.000000
13:06:23 78.699997 -53.150002 0.000000 126.839996 328.459991 132.860001 9.830000 -3.060000 5.948000 0.004000 0.003600 13.271498 80.567001 0.000000 -0.043000 0.334000 -0.023000 0.000000 0.000000
13:06:23 78.699997 -53.150002 0.000000 126.839996 328.459991 132.860001 9.830000 -3.060000 5.948000 0.004000 0.003600 13.271498 80.567001 0.000000 -0.043000 0.334000 -0.023000 0.000000 0.000000
13:06:24 78.599998 -53.150002 0.000000 126.839996 328.911011 132.860001 10.046000 -3.060000 6.209000 0.004000 0.003600 13.271505 80.567001 0.000000 -0.043000 0.334000 -0.023000 0.000000 0.000000
13:06:24 78.599998 -53.150002 0.000000 126.839996 328.976990 132.860001 10.084000 -3.060000 6.052000 1467201.536000 453096.160000 13.271506 80.567001 0.000000 -0.043000 0.334000 -0.023000 0.000000 0.000000
13:06:24 78.599998 -53.150002 0.000000 126.839996 329.041992 132.860001 10.123000 -3.060000 5.915000 1467201.663000 453096.172000 13.271507 80.567001 0.000000 -0.043000 0.334000 -0.023000 0.000000 0.000000
13:06:24 78.599998 -53.150002 0.000000 126.839996 329.109009 132.860001 10.164000 -3.060000 5.849000 1467201.818000 453096.200000 13.271508 80.567001 0.000000 -0.043000 0.334000 -0.023000 0.000000 0.000000
13:06:25 78.599998 -53.150002 0.000000 126.839996 329.109009 132.860001 10.164000 -3.060000 5.849000 1467201.945000 453096.213000 13.271510 80.567001 0.000000 -0.043000 0.334000 -0.023000 0.000000 0.000000
13:06:25 78.599998 -53.150002 0.000000 126.839996 329.109009 132.860001 10.164000 -3.060000 5.849000 1467202.072000 453096.225000 13.271510 80.567001 0.000000 -0.043000 0.334000 -0.023000 0.000000 0.000000
13:06:25 78.599998 -53.150002 0.000000 126.839996 329.109009 132.860001 10.164000 -3.060000 5.849000 1467202.199000 453096.237000 13.271510 80.567001 0.000000 -0.043000 0.334000 -0.023000 0.000000 0.000000
13:06:25 78.599998 -53.150002 0.000000 126.839996 329.109009 132.860001 10.164000 -3.060000 5.849000 1467202.326000 453096.249000 13.271510 80.567001 0.000000 -0.043000 0.334000 -0.023000 0.000000 0.000000
13:06:26 78.599998 -53.150002 0.000000 126.839996 329.505005 132.860001 10.458000 -3.060000 6.734000 0.004000 0.003600 13.271516 80.567001 0.000000 -0.043000 0.334000 -0.023000 0.000000 0.000000
13:06:26 78.599998 -53.150002 0.000000 126.839996 329.505005 132.860001 10.458000 -3.060000 6.734000 1467202.749000 453096.298000 13.271516 80.567001 0.000000 -0.043000 0.334000 -0.023000 0.000000 0.000000
13:06:26 78.599998 -53.150002 0.000000 126.839996 329.505005 132.860001 10.458000 -3.060000 6.734000 1467202.875000 453096.308000 13.271516 80.567001 0.000000 -0.043000 0.334000 -0.023000 0.000000 0.000000
13:06:26 78.599998 -53.150002 0.000000 126.839996 329.505005 132.860001 10.458000 -3.060000 6.734000 0.004000 0.003600 13.271516 80.567001 0.000000 -0.043000 0.334000 -0.023000 0.000000 0.000000
13:06:27 78.599998 -53.150002 0.000000 126.839996 329.821014 132.860001 10.696000 -3.060000 6.003000 0.004000 0.003600 13.271522 80.567001 0.000000 -0.043000 0.334000 -0.023000 0.000000 0.000000
13:06:27 78.599998 -53.150002 0.000000 126.839996 329.821014 132.860001 10.696000 -3.060000 6.003000 1467203.432000 453096.349000 13.271522 80.567001 0.000000 -0.043000 0.334000 -0.023000 0.000000 0.000000
13:06:27 78.599998 -53.150002 0.000000 126.839996 329.821014 132.860001 10.696000 -3.060000 6.003000 1467203.559000 453096.359000 13.271522 80.567001 0.000000 -0.043000 0.334000 -0.023000 0.000000 0.000000
13:06:27 78.500000 -53.150002 0.000000 126.839996 329.821014 132.860001 10.696000 -3.060000 6.003000 0.004000 0.003600 13.271522 80.567001 0.000000 -0.043000 0.334000 -0.023000 0.000000 0.000000
13:06:28 78.500000 -53.150002 0.000000 126.839996 330.140015 132.860001 10.950000 -3.060000 6.457000 0.004000 0.003600 13.271528 80.567001 0.000000 -0.043000 0.334000 -0.023000 0.000000 0.000000
13:06:28 78.500000 -53.150002 0.000000 126.839996 330.140015 132.860001 10.950000 -3.060000 6.457000 1467204.123000 453096.401000 13.271528 80.567001 0.000000 -0.043000 0.334000 -0.023000 0.000000 0.000000
13:06:28 78.500000 -53.150002 0.000000 126.839996 330.140015 132.860001 10.950000 -3.060000 6.457000 1467204.250000 453096.411000 13.271528 80.567001 0.000000 -0.043000 0.334000 -0.023000 0.000000 0.000000
13:06:28 78.599998 -53.150002 0.000000 126.839996 330.140015 132.860001 10.950000 -3.060000 6.457000 1467204.377000 453096.421000 13.271528 80.567001 0.000000 -0.043000 0.334000 -0.023000 0.000000 0.000000
13:06:29 78.599998 -53.150002 0.000000 126.839996 330.457001 132.860001 11.197000 -3.060000 6.657000 0.004000 0.003600 13.271534 80.567001 0.000000 -0.043000 0.334000 -0.023000 0.000000 0.000000
13:06:29 78.599998 -53.150002 0.000000 126.839996 330.457001 132.860001 11.197000 -3.060000 6.657000 1467204.813000 453096.449000 13.271534 80.567001 0.000000 -0.043000 0.334000 -0.023000 0.000000 0.000000
13:06:29 78.500000 -53.150002 0.000000 126.839996 330.457001 132.860001 11.197000 -3.060000 6.657000 1467204.940000 453096.457000 13.271534 80.567001 0.000000 -0.043000 0.334000 -0.023000 0.000000 0.000000
13:06:29 78.500000 -53.150002 0.000000 126.839996 330.457001 132.860001 11.197000 -3.060000 6.657000 1467205.067000 453096.464000 13.271534 80.567001 0.000000 -0.043000 0.334000 -0.023000 0.000000 0.000000
13:06:30 78.500000 -53.150002 0.000000 126.839996 330.773987 132.860001 11.400000 -3.060000 6.056000 0.004000 0.003600 13.271541 80.567001 0.000000 -0.043000 0.334000 -0.023000 0.000000 0.000000
13:06:30 78.500000 -53.150002 0.000000 126.839996 330.773987 132.860001 11.400000 -3.060000 6.056000 1467205.511000 453096.490000 13.271541 80.567001 0.000000 -0.043000 0.334000 -0.023000 0.000000 0.000000
13:06:30 78.500000 -53.150002 0.000000 126.839996 330.773987 132.860001 11.400000 -3.060000 6.056000 1467205.638000 453096.498000 13.271541 80.567001 0.000000 -0.043000 0.334000 -0.023000 0.000000 0.000000
13:06:30 78.500000 -53.150002 0.000000 126.839996 330.773987 132.860001 11.400000 -3.060000 6.056000 1467205.765000 453096.506000 13.271541 80.567001 0.000000 -0.043000 0.334000 -0.023000 0.000000 0.000000
13:06:30 78.500000 -53.150002 0.000000 126.839996 330.773987 132.860001 11.400000 -3.060000 6.056000 0.004000 0.003600 13.271541 80.567001 0.000000 -0.043000 0.334000 -0.023000 0.000000 0.000000
13:06:31 78.500000 -53.150002 0.000000 126.839996 331.170990 132.860001 11.603000 -3.060000 6.587000 0.004000 0.003600 13.271548 80.567001 0.000000 -0.043000 0.334000 -0.023000 0.000000 0.000000
13:06:31 78.500000 -53.150002 0.000000 126.839996 331.238007 132.860001 11.627000 -3.060000 6.480000 1467206.328000 453096.548000 13.271549 80.567001 0.000000 -0.043000 0.334000 -0.023000 0.000000 0.000000
13:06:31 78.500000 -53.150002 0.000000 126.839996 331.306000 132.860001 11.649000 -3.060000 6.347000 1467206.455000 453096.555000 13.271551 80.567001 0.000000 -0.043000 0.334000 -0.023000 0.000000 0.000000
13:06:31 78.500000 -53.150002 0.000000 126.839996 331.372986 132.860001 11.668000 -3.060000 6.176000 1467206.582000 453096.563000 13.271552 80.567001 0.000000 -0.043000 0.334000 -0.023000 0.000000 0.000000
13:06:32 78.500000 -53.150002 0.000000 126.839996 331.372986 132.860001 11.686000 -3.060000 5.991000 1467206.747000 453096.573000 13.271553 80.567001 0.000000 -0.043000 0.334000 -0.023000 0.000000 0.000000
13:06:32 78.500000 -53.150002 0.000000 126.839996 331.372986 132.860001 11.686000 -3.060000 5.991000 1467206.874000 453096.580000 13.271553 80.567001 0.000000 -0.043000 0.334000 -0.023000 0.000000 0.000000
13:06:32 78.500000 -53.150002 0.000000 126.839996 331.372986 132.860001 11.686000 -3.060000 5.991000 1467207.001000 453096.587000 13.271553 80.567001 0.000000 -0.043000 0.334000 -0.023000 0.000000 0.000000
13:06:32 78.500000 -53.150002 0.000000 126.839996 331.372986 132.860001 11.686000 -3.060000 5.991000 1467207.128000 453096.595000 13.271553 80.567001 0.000000 -0.043000 0.334000 -0.023000 0.000000 0.000000
13:06:32 78.400002 -53.150002 0.000000 126.839996 331.372986 132.860001 11.686000 -3.060000 5.991000 0.004000 0.003600 13.271553 80.567001 0.000000 -0.043000 0.334000 -0.023000 0.000000 0.000000
13:06:33 78.400002 -53.150002 0.000000 126.839996 331.851013 132.860001 11.777000 -3.060000 5.779000 0.004000 0.003600 13.271560 80.567001 0.000000 -0.043000 0.334000 -0.023000 0.000000 0.000000
13:06:33 78.400002 -53.150002 0.000000 126.839996 331.917999 132.860001 11.790000 -3.060000 5.896000 1467207.636000 453096.632000 13.271562 80.567009 0.000000 -0.043000 0.334000 -0.023000 0.000000 0.000000
13:06:33 78.400002 -53.150002 0.000000 126.839996 331.984009 132.860001 11.804000 -3.060000 6.018000 1467207.753000 453096.642000 13.271563 80.567009 0.000000 -0.043000 0.334000 -0.023000 0.000000 0.000000
13:06:33 78.400002 -53.150002 0.000000 126.839996 332.049011 132.860001 11.817000 -3.060000 6.115000 1467207.870000 453096.651000 13.271564 80.567009 0.000000 -0.043000 0.334000 -0.023000 0.000000 0.000000
13:06:34 78.400002 -53.150002 0.000000 126.839996 332.049011 132.860001 11.817000 -3.060000 6.115000 1467208.042000 453096.664000 13.271564 80.567009 0.000000 -0.043000 0.334000 -0.023000 0.000000 0.000000
13:06:34 78.400002 -53.150002 0.000000 126.839996 332.049011 132.860001 11.817000 -3.060000 6.115000 1467208.159000 453096.672000 13.271564 80.567009 0.000000 -0.043000 0.334000 -0.023000 0.000000 0.000000
13:06:34 78.400002 -53.150002 0.000000 126.839996 332.049011 132.860001 11.817000 -3.060000 6.115000 1467208.276000 453096.681000 13.271564 80.567009 0.000000 -0.043000 0.334000 -0.023000 0.000000 0.000000
13:06:34 78.400002 -53.150002 0.000000 126.839996 332.049011 132.860001 11.817000 -3.060000 6.115000 0.004000 0.003600 13.271564 80.567009 0.000000 -0.043000 0.334000 -0.023000 0.000000 0.000000
13:06:35 78.400002 -53.150002 0.000000 126.839996 332.414001 132.860001 11.881000 -3.060000 6.027000 0.004000 0.003600 13.271570 80.567009 0.000000 -0.043000 0.334000 -0.023000 0.000000 0.000000
13:06:35 78.400002 -53.150002 0.000000 126.839996 332.414001 132.860001 11.881000 -3.060000 6.027000 1467208.782000 453096.713000 13.271570 80.567009 0.000000 -0.043000 0.334000 -0.023000 0.000000 0.000000
13:06:35 78.400002 -53.150002 0.000000 126.839996 332.414001 132.860001 11.881000 -3.060000 6.027000 1467208.899000 453096.723000 13.271570 80.567009 0.000000 -0.043000 0.334000 -0.023000 0.000000 0.000000
13:06:35 78.400002 -53.150002 0.000000 126.839996 332.414001 132.860001 11.881000 -3.060000 6.027000 1467209.016000 453096.732000 13.271570 80.567009 0.000000 -0.043000 0.334000 -0.023000 0.000000 0.000000
13:06:36 78.400002 -53.150002 0.000000 126.839996 332.683990 132.860001 11.934000 -3.060000 6.184000 0.004000 0.003600 13.271576 80.567009 0.000000 -0.043000 0.334000 -0.023000 0.000000 0.000000
13:06:36 78.400002 -53.150002 0.000000 126.839996 332.683990 132.860001 11.934000 -3.060000 6.184000 1467209.396000 453096.752000 13.271576 80.567009 0.000000 -0.043000 0.334000 -0.023000 0.000000 0.000000
13:06:36 78.400002 -53.150002 0.000000 126.839996 332.683990 132.860001 11.934000 -3.060000 6.184000 1467209.513000 453096.761000 13.271576 80.567009 0.000000 -0.043000 0.334000 -0.023000 0.000000 0.000000
13:06:36 78.400002 -53.150002 0.000000 126.839996 332.683990 132.860001 11.934000 -3.060000 6.184000 0.004000 0.003600 13.271576 80.567009 0.000000 -0.043000 0.334000 -0.023000 0.000000 0.000000
13:06:37 78.400002 -53.150002 0.000000 126.839996 332.923004 132.860001 11.978000 -3.060000 6.458000 0.004000 0.003600 13.271582 80.567009 0.000000 -0.043000 0.334000 -0.023000 0.000000 0.000000
13:06:37 78.400002 -53.150002 0.000000 126.839996 332.923004 132.860001 11.978000 -3.060000 6.458000 1467210.003000 453096.790000 13.271582 80.567009 0.000000 -0.043000 0.334000 -0.023000 0.000000 0.000000
13:06:37 78.400002 -53.150002 0.000000 126.839996 332.923004 132.860001 11.978000 -3.060000 6.458000 1467210.121000 453096.800000 13.271582 80.567009 0.000000 -0.043000 0.334000 -0.023000 0.000000 0.000000
13:06:37 78.400002 -53.150002 0.000000 126.839996 332.923004 132.860001 11.978000 -3.060000 6.458000 0.004000 0.003600 13.271582 80.567009 0.000000 -0.043000 0.334000 -0.023000 0.000000 0.000000
13:06:38 78.400002 -53.150002 0.000000 126.839996 333.134003 132.860001 11.994000 -3.060000 6.280000 0.004000 0.003600 13.271586 80.567009 0.000000 -0.043000 0.334000 -0.023000 0.000000 0.000000
13:06:38 78.400002 -53.150002 0.000000 126.839996 333.134003 132.860001 11.994000 -3.060000 6.280000 1467210.606000 453096.842000 13.271586 80.567009 0.000000 -0.043000 0.334000 -0.023000 0.000000 0.000000
13:06:38 78.400002 -53.150002 0.000000 126.839996 333.134003 132.860001 11.994000 -3.060000 6.280000 1467210.723000 453096.852000 13.271586 80.567009 0.000000 -0.043000 0.334000 -0.023000 0.000000 0.000000
13:06:38 78.400002 -53.150002 0.000000 126.839996 333.134003 132.860001 11.994000 -3.060000 6.280000 0.004000 0.003600 13.271586 80.567009 0.000000 -0.043000 0.334000 -0.023000 0.000000 0.000000
13:06:39 78.400002 -53.150002 0.000000 126.839996 333.329987 132.860001 11.983000 -3.060000 6.197000 0.004000 0.003600 13.271592 80.567009 0.000000 -0.043000 0.334000 -0.023000 0.000000 0.000000
13:06:39 78.400002 -53.150002 0.000000 126.839996 333.329987 132.860001 11.983000 -3.060000 6.197000 1467211.207000 453096.894000 13.271592 80.567009 0.000000 -0.043000 0.334000 -0.023000 0.000000 0.000000
13:06:39 78.400002 -53.150002 0.000000 126.839996 333.329987 132.860001 11.983000 -3.060000 6.197000 1467211.324000 453096.904000 13.271592 80.567009 0.000000 -0.043000 0.334000 -0.023000 0.000000 0.000000
13:06:39 78.400002 -53.150002 0.000000 126.839996 333.329987 132.860001 11.983000 -3.060000 6.197000 0.004000 0.003600 13.271592 80.567009 0.000000 -0.043000 0.334000 -0.023000 0.000000 0.000000
13:06:39 78.500000 -53.150002 0.000000 126.839996 333.329987 132.860001 11.983000 -3.060000 6.197000 0.004000 0.003600 13.271592 80.567009 0.000000 -0.043000 0.334000 -0.023000 0.000000 0.000000
13:06:40 78.500000 -53.150002 0.000000 126.839996 333.550995 132.860001 11.924000 -3.060000 6.029000 0.004000 0.003600 13.271599 80.567009 0.000000 -0.043000 0.334000 -0.023000 0.000000 0.000000
13:06:40 78.500000 -53.150002 0.000000 126.839996 333.584991 132.860001 11.910000 -3.060000 6.060000 1467211.935000 453096.939000 13.271600 80.567009 0.000000 -0.043000 0.334000 -0.023000 0.000000 0.000000
13:06:40 78.500000 -53.150002 0.000000 126.839996 333.618011 132.860001 11.895000 -3.060000 6.081000 1467212.052000 453096.946000 13.271601 80.567009 0.000000 -0.043000 0.334000 -0.023000 0.000000 0.000000
13:06:40 78.500000 -53.150002 0.000000 126.839996 333.651001 132.860001 11.880000 -3.060000 6.103000 1467212.169000 453096.953000 13.271602 80.567009 0.000000 -0.043000 0.334000 -0.023000 0.000000 0.000000
13:06:41 78.500000 -53.150002 0.000000 126.839996 333.651001 132.860001 11.880000 -3.060000 6.103000 1467212.287000 453096.961000 13.271604 80.567009 0.000000 -0.043000 0.334000 -0.023000 0.000000 0.000000
13:06:41 78.500000 -53.150002 0.000000 126.839996 333.651001 132.860001 11.880000 -3.060000 6.103000 1467212.421000 453096.944000 13.271604 80.567009 0.000000 -0.043000 0.334000 -0.023000 0.000000 0.000000
13:06:41 78.500000 -53.150002 0.000000 126.839996 333.651001 132.860001 11.880000 -3.060000 6.103000 1467212.539000 453096.949000 13.271604 80.567009 0.000000 -0.043000 0.334000 -0.023000 0.000000 0.000000
13:06:41 78.500000 -53.150002 0.000000 126.839996 333.651001 132.860001 11.880000 -3.060000 6.103000 1467212.656000 453096.954000 13.271604 80.567009 0.000000 -0.043000 0.334000 -0.023000 0.000000 0.000000
13:06:41 78.500000 -53.150002 0.000000 126.839996 333.651001 132.860001 11.880000 -3.060000 6.103000 0.004000 0.003600 13.271604 80.567009 0.000000 -0.043000 0.334000 -0.023000 0.000000 0.000000
13:06:42 78.500000 -53.150002 0.000000 126.839996 333.855988 132.860001 11.759000 -3.060000 6.208000 0.004000 0.003600 13.271610 80.567009 0.000000 -0.043000 0.334000 -0.023000 0.000000 0.000000
13:06:42 78.599998 -53.150002 0.000000 126.839996 333.882996 132.860001 11.741000 -3.060000 6.285000 1467213.155000 453096.975000 13.271611 80.567009 0.000000 -0.043000 0.334000 -0.023000 0.000000 0.000000
13:06:42 78.599998 -53.150002 0.000000 126.839996 333.910004 132.860001 11.724000 -3.060000 6.418000 1467213.272000 453096.980000 13.271612 80.567009 0.000000 -0.043000 0.334000 -0.023000 0.000000 0.000000
13:06:42 78.599998 -53.150002 0.000000 126.839996 333.910004 132.860001 11.706000 -3.060000 6.541000 1467213.389000 453096.985000 13.271613 80.567009 0.000000 -0.043000 0.334000 -0.023000 0.000000 0.000000
13:06:43 78.599998 -53.150002 0.000000 126.839996 333.910004 132.860001 11.687000 -3.060000 6.629000 1467213.506000 453096.990000 13.271614 80.567009 0.000000 -0.043000 0.334000 -0.023000 0.000000 0.000000
13:06:43 78.599998 -53.150002 0.000000 126.839996 333.910004 132.860001 11.687000 -3.060000 6.629000 1467213.653000 453096.958000 13.271614 80.567009 0.000000 -0.043000 0.334000 -0.023000 0.000000 0.000000
13:06:43 78.599998 -53.150002 0.000000 126.839996 333.910004 132.860001 11.687000 -3.060000 6.629000 1467213.770000 453096.963000 13.271614 80.567009 0.000000 -0.043000 0.334000 -0.023000 0.000000 0.000000
13:06:43 78.599998 -53.150002 0.000000 126.839996 333.910004 132.860001 11.687000 -3.060000 6.629000 1467213.888000 453096.968000 13.271614 80.567009 0.000000 -0.043000 0.334000 -0.023000 0.000000 0.000000
13:06:44 78.599998 -53.150002 0.000000 126.839996 334.079987 132.860001 11.579000 -3.060000 6.842000 0.004000 0.003600 13.271620 80.567009 0.000000 -0.043000 0.334000 -0.023000 0.000000 0.000000
13:06:44 78.599998 -53.150002 0.000000 126.839996 334.079987 132.860001 11.579000 -3.060000 6.842000 1467214.281000 453096.984000 13.271620 80.567009 0.000000 -0.043000 0.334000 -0.023000 0.000000 0.000000
13:06:44 78.599998 -53.150002 0.000000 126.839996 334.079987 132.860001 11.579000 -3.060000 6.842000 1467214.398000 453096.989000 13.271620 80.567009 0.000000 -0.043000 0.334000 -0.023000 0.000000 0.000000
13:06:44 78.599998 -53.150002 0.000000 126.839996 334.079987 132.860001 11.579000 -3.060000 6.842000 0.004000 0.003600 13.271620 80.567009 0.000000 -0.043000 0.334000 -0.023000 0.000000 0.000000
13:06:45 78.599998 -53.150002 0.000000 126.839996 334.190002 132.860001 11.429000 -3.060000 6.135000 0.004000 0.003600 13.271626 80.567009 0.000000 -0.043000 0.334000 -0.023000 0.000000 0.000000
13:06:45 78.599998 -53.150002 0.000000 126.839996 334.190002 132.860001 11.429000 -3.060000 6.135000 1467214.933000 453096.959000 13.271626 80.567009 0.000000 -0.043000 0.334000 -0.023000 0.000000 0.000000
13:06:45 78.599998 -53.150002 0.000000 126.839996 334.190002 132.860001 11.429000 -3.060000 6.135000 1467215.050000 453096.964000 13.271626 80.567009 0.000000 -0.043000 0.334000 -0.023000 0.000000 0.000000
13:06:45 78.599998 -53.150002 0.000000 126.839996 334.190002 132.860001 11.429000 -3.060000 6.135000 0.004000 0.003600 13.271626 80.567009 0.000000 -0.043000 0.334000 -0.023000 0.000000 0.000000
13:06:46 78.599998 -53.150002 0.000000 126.839996 334.308990 132.860001 11.270000 -3.060000 6.642000 0.004000 0.003600 13.271631 80.567009 0.000000 -0.043000 0.334000 -0.023000 0.000000 0.000000
13:06:46 78.599998 -53.150002 0.000000 126.839996 334.308990 132.860001 11.270000 -3.060000 6.642000 1467215.519000 453096.994000 13.271631 80.567009 0.000000 -0.043000 0.334000 -0.023000 0.000000 0.000000
13:06:46 78.599998 -53.150002 0.000000 126.839996 334.308990 132.860001 11.270000 -3.060000 6.642000 1467215.683000 453097.005000 13.271631 80.567009 0.000000 -0.043000 0.334000 -0.023000 0.000000 0.000000
13:06:46 78.599998 -53.150002 0.000000 126.839996 334.308990 132.860001 11.270000 -3.060000 6.642000 1467215.800000 453097.013000 13.271631 80.567009 0.000000 -0.043000 0.334000 -0.023000 0.000000 0.000000
13:06:47 78.699997 -53.150002 0.000000 126.839996 334.432007 132.860001 11.077000 -3.060000 6.078000 0.004000 0.003700 13.271637 80.567009 0.000000 -0.043000 0.334000 -0.023000 0.000000 0.000000
13:06:47 78.699997 -53.150002 0.000000 126.839996 334.432007 132.860001 11.077000 -3.060000 6.078000 1467216.151000 453097.035000 13.271637 80.567009 0.000000 -0.043000 0.334000 -0.023000 0.000000 0.000000
13:06:47 78.699997 -53.150002 0.000000 126.839996 334.432007 132.860001 11.077000 -3.060000 6.078000 1467216.339000 453097.006000 13.271637 80.567009 0.000000 -0.043000 0.334000 -0.023000 0.000000 0.000000
13:06:47 78.599998 -53.150002 0.000000 126.839996 334.432007 132.860001 11.077000 -3.060000 6.078000 1467216.457000 453097.013000 13.271637 80.567009 0.000000 -0.043000 0.334000 -0.023000 0.000000 0.000000
13:06:48 78.599998 -53.150002 0.000000 126.839996 334.571991 132.860001 10.906000 -3.060000 6.260000 0.004000 0.003700 13.271644 80.567009 0.000000 -0.043000 0.334000 -0.023000 0.000000 0.000000
13:06:48 78.599998 -53.150002 0.000000 126.839996 334.571991 132.860001 10.906000 -3.060000 6.260000 1467216.808000 453097.035000 13.271644 80.567009 0.000000 -0.043000 0.334000 -0.023000 0.000000 0.000000
13:06:48 78.599998 -53.150002 0.000000 126.839996 334.571991 132.860001 10.906000 -3.060000 6.260000 1467216.964000 453097.045000 13.271644 80.567009 0.000000 -0.043000 0.334000 -0.023000 0.000000 0.000000
13:06:48 78.599998 -53.150002 0.000000 126.839996 334.571991 132.860001 10.906000 -3.060000 6.260000 0.004000 0.003700 13.271644 80.567009 0.000000 -0.043000 0.334000 -0.023000 0.000000 0.000000
13:06:48 78.599998 -53.150002 0.000000 126.839996 334.571991 132.860001 10.906000 -3.060000 6.260000 0.004000 0.003700 13.271644 80.567009 0.000000 -0.043000 0.334000 -0.023000 0.000000 0.000000
13:06:49 78.599998 -53.150002 0.000000 126.839996 334.752991 132.860001 10.748000 -3.060000 6.618000 0.004000 0.003700 13.271650 80.567009 0.000000 -0.043000 0.334000 -0.023000 0.000000 0.000000
13:06:49 78.599998 -53.150002 0.000000 126.839996 334.783997 132.860001 10.726000 -3.060000 6.569000 1467217.600000 453097.073000 13.271651 80.567009 0.000000 -0.043000 0.334000 -0.023000 0.000000 0.000000
13:06:49 78.599998 -53.150002 0.000000 126.839996 334.815002 132.860001 10.705000 -3.060000 6.491000 1467217.717000 453097.083000 13.271652 80.567009 0.000000 -0.043000 0.334000 -0.023000 0.000000 0.000000
13:06:49 78.599998 -53.150002 0.000000 126.839996 334.846985 132.860001 10.685000 -3.060000 6.403000 1467217.834000 453097.092000 13.271653 80.567009 0.000000 -0.043000 0.334000 -0.023000 0.000000 0.000000
13:06:50 78.599998 -53.150002 0.000000 126.839996 334.846985 132.860001 10.685000 -3.060000 6.403000 1467217.951000 453097.102000 13.271654 80.567009 0.000000 -0.043000 0.334000 -0.023000 0.000000 0.000000
13:06:50 78.599998 -53.150002 0.000000 126.839996 334.846985 132.860001 10.685000 -3.060000 6.403000 1467218.068000 453097.112000 13.271654 80.567009 0.000000 -0.043000 0.334000 -0.023000 0.000000 0.000000
13:06:50 78.599998 -53.150002 0.000000 126.839996 334.846985 132.860001 10.685000 -3.060000 6.403000 1467218.220000 453097.112000 13.271654 80.567009 0.000000 -0.043000 0.334000 -0.023000 0.000000 0.000000
13:06:50 78.599998 -53.150002 0.000000 126.839996 334.846985 132.860001 10.685000 -3.060000 6.403000 0.004000 0.003700 13.271654 80.567009 0.000000 -0.043000 0.334000 -0.023000 0.000000 0.000000
13:06:51 78.599998 -53.150002 0.000000 126.839996 335.049011 132.860001 10.621000 -3.060000 6.862000 0.004000 0.003700 13.271660 80.567009 0.000000 -0.043000 0.334000 -0.023000 0.000000 0.000000
13:06:51 78.699997 -53.150002 0.000000 126.839996 335.049011 132.860001 10.621000 -3.060000 6.862000 1467218.688000 453097.151000 13.271660 80.567009 0.000000 -0.043000 0.334000 -0.023000 0.000000 0.000000
13:06:51 78.699997 -53.150002 0.000000 126.839996 335.049011 132.860001 10.621000 -3.060000 6.862000 1467218.837000 453097.151000 13.271660 80.567009 0.000000 -0.043000 0.334000 -0.023000 0.000000 0.000000
13:06:51 78.699997 -53.150002 0.000000 126.839996 335.049011 132.860001 10.621000 -3.060000 6.862000 1467218.954000 453097.160000 13.271660 80.567009 0.000000 -0.043000 0.334000 -0.023000 0.000000 0.000000
13:06:52 78.699997 -53.150002 0.000000 126.839996 335.221008 132.860001 10.606000 -3.060000 6.848000 0.004000 0.003700 13.271666 80.567009 0.000000 -0.043000 0.334000 -0.023000 0.000000 0.000000
13:06:52 78.699997 -53.150002 0.000000 126.839996 335.221008 132.860001 10.606000 -3.060000 6.848000 1467219.306000 453097.190000 13.271666 80.567009 0.000000 -0.043000 0.334000 -0.023000 0.000000 0.000000
13:06:52 78.699997 -53.150002 0.000000 126.839996 335.221008 132.860001 10.606000 -3.060000 6.848000 1467219.470000 453097.202000 13.271666 80.567009 0.000000 -0.043000 0.334000 -0.023000 0.000000 0.000000
13:06:52 78.699997 -53.150002 0.000000 126.839996 335.221008 132.860001 10.606000 -3.060000 6.848000 1467219.587000 453097.212000 13.271666 80.567009 0.000000 -0.043000 0.334000 -0.023000 0.000000 0.000000
13:06:53 78.599998 -53.150002 0.000000 126.839996 335.406006 132.860001 10.611000 -3.060000 7.022000 0.004000 0.003700 13.271671 80.567009 0.000000 -0.043000 0.334000 -0.023000 0.000000 0.000000
13:06:53 78.599998 -53.150002 0.000000 126.839996 335.406006 132.860001 10.611000 -3.060000 7.022000 1467219.963000 453097.241000 13.271671 80.567009 0.000000 -0.043000 0.334000 -0.023000 0.000000 0.000000
13:06:53 78.599998 -53.150002 0.000000 126.839996 335.406006 132.860001 10.611000 -3.060000 7.022000 1467220.113000 453097.254000 13.271671 80.567009 0.000000 -0.043000 0.334000 -0.023000 0.000000 0.000000
13:06:53 78.599998 -53.150002 0.000000 126.839996 335.406006 132.860001 10.611000 -3.060000 7.022000 0.004000 0.003700 13.271671 80.567009 0.000000 -0.043000 0.334000 -0.023000 0.000000 0.000000
13:06:54 78.599998 -53.150002 0.000000 126.839996 335.609985 132.860001 10.618000 -3.060000 7.201000 0.004000 0.003700 13.271677 80.567009 0.000000 -0.043000 0.334000 -0.023000 0.000000 0.000000
13:06:54 78.599998 -53.150002 0.000000 126.839996 335.609985 132.860001 10.618000 -3.060000 7.201000 1467220.621000 453097.293000 13.271677 80.567009 0.000000 -0.043000 0.334000 -0.023000 0.000000 0.000000
13:06:54 78.599998 -53.150002 0.000000 126.839996 335.609985 132.860001 10.618000 -3.060000 7.201000 1467220.767000 453097.306000 13.271677 80.567009 0.000000 -0.043000 0.334000 -0.023000 0.000000 0.000000
13:06:54 78.599998 -53.150002 0.000000 126.839996 335.609985 132.860001 10.618000 -3.060000 7.201000 0.004000 0.003700 13.271677 80.567009 0.000000 -0.043000 0.334000 -0.023000 0.000000 0.000000
13:06:55 78.599998 -53.150002 0.000000 126.839996 335.848999 132.860001 10.588000 -3.060000 6.732000 0.004000 0.003700 13.271684 80.567009 0.000000 -0.043000 0.334000 -0.023000 0.000000 0.000000
13:06:55 78.599998 -53.150002 0.000000 126.839996 335.848999 132.860001 10.588000 -3.060000 6.732000 1467221.275000 453097.345000 13.271684 80.567009 0.000000 -0.043000 0.334000 -0.023000 0.000000 0.000000
13:06:55 78.599998 -53.150002 0.000000 126.839996 335.848999 132.860001 10.588000 -3.060000 6.732000 1467221.443000 453097.358000 13.271684 80.567009 0.000000 -0.043000 0.334000 -0.023000 0.000000 0.000000
13:06:55 78.500000 -53.150002 0.000000 126.839996 335.848999 132.860001 10.588000 -3.060000 6.732000 0.004000 0.003700 13.271684 80.567009 0.000000 -0.043000 0.334000 -0.023000 0.000000 0.000000
13:06:56 78.500000 -53.150002 0.000000 126.839996 336.140015 132.860001 10.509000 -3.060000 6.533000 0.004000 0.003700 13.271689 80.567009 0.000000 -0.043000 0.334000 -0.023000 0.000000 0.000000
13:06:56 78.500000 -53.150002 0.000000 126.839996 336.140015 132.860001 10.509000 -3.060000 6.533000 1467221.951000 453097.399000 13.271689 80.567009 0.000000 -0.043000 0.334000 -0.023000 0.000000 0.000000
13:06:56 78.500000 -53.150002 0.000000 126.839996 336.140015 132.860001 10.509000 -3.060000 6.533000 1467222.078000 453097.410000 13.271689 80.567009 0.000000 -0.043000 0.334000 -0.023000 0.000000 0.000000
13:06:56 78.500000 -53.150002 0.000000 126.839996 336.140015 132.860001 10.509000 -3.060000 6.533000 0.004000 0.003700 13.271689 80.567009 0.000000 -0.043000 0.334000 -0.023000 0.000000 0.000000
13:06:57 78.500000 -53.150002 0.000000 126.839996 336.480011 132.860001 10.399000 -3.060000 6.953000 0.004000 0.003700 13.271696 80.567009 0.000000 -0.043000 0.334000 -0.023000 0.000000 0.000000
13:06:57 78.400002 -53.150002 0.000000 126.839996 336.480011 132.860001 10.399000 -3.060000 6.953000 1467222.631000 453097.449000 13.271696 80.567009 0.000000 -0.043000 0.334000 -0.023000 0.000000 0.000000
13:06:57 78.400002 -53.150002 0.000000 126.839996 336.480011 132.860001 10.399000 -3.060000 6.953000 1467222.758000 453097.459000 13.271696 80.567009 0.000000 -0.043000 0.334000 -0.023000 0.000000 0.000000
13:06:57 78.400002 -53.150002 0.000000 126.839996 336.480011 132.860001 10.399000 -3.060000 6.953000 1467222.934000 453097.473000 13.271696 80.567009 0.000000 -0.043000 0.334000 -0.023000 0.000000 0.000000
13:06:57 78.400002 -53.150002 0.000000 126.839996 336.480011 132.860001 10.399000 -3.060000 6.953000 0.004000 0.003700 13.271696 80.567009 0.000000 -0.043000 0.334000 -0.023000 0.000000 0.000000
13:06:58 78.400002 -53.150002 0.000000 126.839996 336.933014 132.860001 10.221000 -3.060000 6.721000 0.004000 0.003700 13.271703 80.567017 0.000000 -0.043000 0.334000 -0.023000 0.000000 0.000000
13:06:58 78.400002 -53.150002 0.000000 126.839996 337.011993 132.860001 10.191000 -3.060000 6.761000 1467223.441000 453097.522000 13.271705 80.567017 0.000000 -0.043000 0.334000 -0.023000 0.000000 0.000000
13:06:58 78.400002 -53.150002 0.000000 126.839996 337.092010 132.860001 10.162000 -3.060000 6.810000 1467223.625000 453097.538000 13.271706 80.567017 0.000000 -0.043000 0.334000 -0.023000 0.000000 0.000000
13:06:58 78.400002 -53.150002 0.000000 126.839996 337.092010 132.860001 10.131000 -3.060000 6.834000 1467223.751000 453097.550000 13.271707 80.567017 0.000000 -0.043000 0.334000 -0.023000 0.000000 0.000000
13:06:59 78.400002 -53.150002 0.000000 126.839996 337.255005 132.860001 10.100000 -3.060000 6.842000 1467223.878000 453097.562000 13.271708 80.567017 0.000000 -0.043000 0.334000 -0.023000 0.000000 0.000000
13:06:59 78.400002 -53.150002 0.000000 126.839996 337.255005 132.860001 10.100000 -3.060000 6.842000 1467224.005000 453097.575000 13.271708 80.567017 0.000000 -0.043000 0.334000 -0.023000 0.000000 0.000000
13:06:59 78.400002 -53.150002 0.000000 126.839996 337.255005 132.860001 10.100000 -3.060000 6.842000 1467224.132000 453097.587000 13.271708 80.567017 0.000000 -0.043000 0.334000 -0.023000 0.000000 0.000000
13:06:59 78.400002 -53.150002 0.000000 126.839996 337.255005 132.860001 10.100000 -3.060000 6.842000 0.004000 0.003700 13.271708 80.567017 0.000000 -0.043000 0.334000 -0.023000 0.000000 0.000000
13:07:00 78.199997 -53.150002 0.000000 126.839996 337.673004 132.860001 9.956000 -3.060000 7.203000 0.004000 0.003700 13.271714 80.567017 0.000000 -0.043000 0.334000 -0.023000 0.000000 0.000000
13:07:00 78.199997 -53.150002 0.000000 126.839996 337.673004 132.860001 9.956000 -3.060000 7.203000 1467224.702000 453097.639000 13.271714 80.567017 0.000000 -0.043000 0.334000 -0.023000 0.000000 0.000000
13:07:00 78.199997 -53.150002 0.000000 126.839996 337.673004 132.860001 9.956000 -3.060000 7.203000 1467224.829000 453097.651000 13.271714 80.567017 0.000000 -0.043000 0.334000 -0.023000 0.000000 0.000000
13:07:00 78.199997 -53.150002 0.000000 126.839996 337.673004 132.860001 9.956000 -3.060000 7.203000 1467225.015000 453097.667000 13.271714 80.567017 0.000000 -0.043000 0.334000 -0.023000 0.000000 0.000000
13:07:01 78.199997 -53.150002 0.000000 126.839996 338.097992 132.860001 9.801000 -3.060000 6.731000 0.004000 0.003700 13.271721 80.567017 0.000000 -0.043000 0.334000 -0.023000 0.000000 0.000000
13:07:01 78.199997 -53.150002 0.000000 126.839996 338.097992 132.860001 9.801000 -3.060000 6.731000 1467225.395000 453097.704000 13.271721 80.567017 0.000000 -0.043000 0.334000 -0.023000 0.000000 0.000000
13:07:01 78.199997 -53.150002 0.000000 126.839996 338.097992 132.860001 9.801000 -3.060000 6.731000 1467225.522000 453097.716000 13.271721 80.567017 0.000000 -0.043000 0.334000 -0.023000 0.000000 0.000000
13:07:01 78.199997 -53.150002 0.000000 126.839996 338.097992 132.860001 9.801000 -3.060000 6.731000 0.004000 0.003700 13.271721 80.567017 0.000000 -0.043000 0.334000 -0.023000 0.000000 0.000000
13:07:02 78.199997 -53.150002 0.000000 126.839996 338.526001 132.860001 9.667000 -3.060000 6.809000 0.004000 0.003700 13.271727 80.567017 0.000000 -0.043000 0.334000 -0.023000 0.000000 0.000000
13:07:02 78.199997 -53.150002 0.000000 126.839996 338.526001 132.860001 9.667000 -3.060000 6.809000 1467226.090000 453097.779000 13.271727 80.567017 0.000000 -0.043000 0.334000 -0.023000 0.000000 0.000000
13:07:02 78.099998 -53.150002 0.000000 126.839996 338.526001 132.860001 9.667000 -3.060000 6.809000 1467226.217000 453097.789000 13.271727 80.567017 0.000000 -0.043000 0.334000 -0.023000 0.000000 0.000000
13:07:02 78.099998 -53.150002 0.000000 126.839996 338.526001 132.860001 9.667000 -3.060000 6.809000 0.004000 0.003700 13.271727 80.567017 0.000000 -0.043000 0.334000 -0.023000 0.000000 0.000000
13:07:03 78.099998 -53.150002 0.000000 126.839996 338.934998 132.860001 9.560000 -3.060000 7.110000 0.004000 0.003700 13.271733 80.567017 0.000000 -0.043000 0.334000 -0.023000 0.000000 0.000000
13:07:03 78.099998 -53.150002 0.000000 126.839996 338.934998 132.860001 9.560000 -3.060000 7.110000 1467226.785000 453097.838000 13.271733 80.567017 0.000000 -0.043000 0.334000 -0.023000 0.000000 0.000000
13:07:03 78.099998 -53.150002 0.000000 126.839996 338.934998 132.860001 9.560000 -3.060000 7.110000 1467226.912000 453097.847000 13.271733 80.567017 0.000000 -0.043000 0.334000 -0.023000 0.000000 0.000000
13:07:03 78.099998 -53.150002 0.000000 126.839996 338.934998 132.860001 9.560000 -3.060000 7.110000 1467227.105000 453097.860000 13.271733 80.567017 0.000000 -0.043000 0.334000 -0.023000 0.000000 0.000000
13:07:04 78.099998 -53.150002 0.000000 126.839996 339.308990 132.860001 9.478000 -3.060000 7.354000 0.004000 0.003700 13.271740 80.567017 0.000000 -0.043000 0.334000 -0.023000 0.000000 0.000000
13:07:04 78.000000 -53.150002 0.000000 126.839996 339.308990 132.860001 9.478000 -3.060000 7.354000 1467227.486000 453097.890000 13.271740 80.567017 0.000000 -0.043000 0.334000 -0.023000 0.000000 0.000000
13:07:04 78.000000 -53.150002 0.000000 126.839996 339.308990 132.860001 9.478000 -3.060000 7.354000 1467227.613000 453097.899000 13.271740 80.567017 0.000000 -0.043000 0.334000 -0.023000 0.000000 0.000000
13:07:04 78.000000 -53.150002 0.000000 126.839996 339.308990 132.860001 9.478000 -3.060000 7.354000 1467227.819000 453097.912000 13.271740 80.567017 0.000000 -0.043000 0.334000 -0.023000 0.000000 0.000000
13:07:05 78.000000 -53.150002 0.000000 126.839996 339.664001 132.860001 9.405000 -3.060000 7.039000 0.004000 0.003700 13.271746 80.567017 0.000000 -0.043000 0.334000 -0.023000 0.000000 0.000000
13:07:05 78.000000 -53.150002 0.000000 126.839996 339.664001 132.860001 9.405000 -3.060000 7.039000 1467228.200000 453097.942000 13.271746 80.567017 0.000000 -0.043000 0.334000 -0.023000 0.000000 0.000000
13:07:05 78.000000 -53.150002 0.000000 126.839996 339.664001 132.860001 9.405000 -3.060000 7.039000 1467228.327000 453097.951000 13.271746 80.567017 0.000000 -0.043000 0.334000 -0.023000 0.000000 0.000000
13:07:05 78.000000 -53.150002 0.000000 126.839996 339.664001 132.860001 9.405000 -3.060000 7.039000 0.004000 0.003700 13.271746 80.567017 0.000000 -0.043000 0.334000 -0.023000 0.000000 0.000000
13:07:06 77.900002 -53.150002 0.000000 126.839996 340.010010 132.860001 9.348000 -3.060000 6.990000 0.004000 0.003700 13.271752 80.567017 0.000000 -0.043000 0.334000 -0.023000 0.000000 0.000000
13:07:06 77.900002 -53.150002 0.000000 126.839996 340.010010 132.860001 9.348000 -3.060000 6.990000 1467228.926000 453098.006000 13.271752 80.567017 0.000000 -0.043000 0.334000 -0.023000 0.000000 0.000000
13:07:06 77.900002 -53.150002 0.000000 126.839996 340.010010 132.860001 9.348000 -3.060000 6.990000 1467229.062000 453098.016000 13.271752 80.567017 0.000000 -0.043000 0.334000 -0.023000 0.000000 0.000000
13:07:06 77.900002 -53.150002 0.000000 126.839996 340.010010 132.860001 9.348000 -3.060000 6.990000 1467229.198000 453098.026000 13.271752 80.567017 0.000000 -0.043000 0.334000 -0.023000 0.000000 0.000000
13:07:07 77.900002 -53.150002 0.000000 126.839996 340.345001 132.860001 9.287000 -3.060000 6.983000 0.004000 0.003800 13.271759 80.567017 0.000000 -0.043000 0.334000 -0.023000 0.000000 0.000000
13:07:07 77.900002 -53.150002 0.000000 126.839996 340.345001 132.860001 9.287000 -3.060000 6.983000 1467229.662000 453098.058000 13.271759 80.567017 0.000000 -0.043000 0.334000 -0.023000 0.000000 0.000000
13:07:07 77.900002 -53.150002 0.000000 126.839996 340.345001 132.860001 9.287000 -3.060000 6.983000 1467229.798000 453098.068000 13.271759 80.567017 0.000000 -0.043000 0.334000 -0.023000 0.000000 0.000000
13:07:07 77.800003 -53.150002 0.000000 126.839996 340.345001 132.860001 9.287000 -3.060000 6.983000 0.004000 0.003800 13.271759 80.567017 0.000000 -0.043000 0.334000 -0.023000 0.000000 0.000000
13:07:08 77.800003 -53.150002 0.000000 126.839996 340.658997 132.860001 9.235000 -3.060000 7.246000 0.004000 0.003800 13.271766 80.567017 0.000000 -0.043000 0.334000 -0.023000 0.000000 0.000000
13:07:08 77.800003 -53.150002 0.000000 126.839996 340.658997 132.860001 9.235000 -3.060000 7.246000 1467230.392000 453098.110000 13.271766 80.567017 0.000000 -0.043000 0.334000 -0.023000 0.000000 0.000000
13:07:08 77.699997 -53.150002 0.000000 126.839996 340.658997 132.860001 9.235000 -3.060000 7.246000 1467230.528000 453098.120000 13.271766 80.567017 0.000000 -0.043000 0.334000 -0.023000 0.000000 0.000000
13:07:08 77.699997 -53.150002 0.000000 126.839996 340.658997 132.860001 9.235000 -3.060000 7.246000 1467230.665000 453098.130000 13.271766 80.567017 0.000000 -0.043000 0.334000 -0.023000 0.000000 0.000000
13:07:09 77.699997 -53.150002 0.000000 126.839996 340.947998 132.860001 9.199000 -3.060000 7.407000 0.004000 0.003800 13.271772 80.567017 0.000000 -0.043000 0.334000 -0.023000 0.000000 0.000000
13:07:09 77.699997 -53.150002 0.000000 126.839996 340.947998 132.860001 9.199000 -3.060000 7.407000 1467231.111000 453098.162000 13.271772 80.567017 0.000000 -0.043000 0.334000 -0.023000 0.000000 0.000000
13:07:09 77.699997 -53.150002 0.000000 126.839996 340.947998 132.860001 9.199000 -3.060000 7.407000 1467231.247000 453098.172000 13.271772 80.567017 0.000000 -0.043000 0.334000 -0.023000 0.000000 0.000000
13:07:09 77.699997 -53.150002 0.000000 126.839996 340.947998 132.860001 9.199000 -3.060000 7.407000 0.004000 0.003800 13.271772 80.567017 0.000000 -0.043000 0.334000 -0.023000 0.000000 0.000000
13:07:10 77.699997 -53.150002 0.000000 126.839996 341.207001 132.860001 9.182000 -3.060000 7.581000 0.004000 0.003800 13.271779 80.567017 0.000000 -0.043000 0.334000 -0.023000 0.000000 0.000000
13:07:10 77.500000 -53.150002 0.000000 126.839996 341.207001 132.860001 9.182000 -3.060000 7.581000 1467231.845000 453098.201000 13.271779 80.567017 0.000000 -0.043000 0.334000 -0.023000 0.000000 0.000000
13:07:10 77.500000 -53.150002 0.000000 126.839996 341.207001 132.860001 9.182000 -3.060000 7.581000 1467231.982000 453098.211000 13.271779 80.567017 0.000000 -0.043000 0.334000 -0.023000 0.000000 0.000000
13:07:10 77.500000 -53.150002 0.000000 126.839996 341.207001 132.860001 9.182000 -3.060000 7.581000 0.004000 0.003800 13.271779 80.567017 0.000000 -0.043000 0.334000 -0.023000 0.000000 0.000000
13:07:11 77.500000 -53.150002 0.000000 126.839996 341.440002 132.860001 9.155000 -3.060000 7.480000 0.004000 0.003800 13.271786 80.567017 0.000000 -0.043000 0.334000 -0.023000 0.000000 0.000000
13:07:11 77.500000 -53.150002 0.000000 126.839996 341.440002 132.860001 9.155000 -3.060000 7.480000 1467232.562000 453098.240000 13.271786 80.567017 0.000000 -0.043000 0.334000 -0.023000 0.000000 0.000000
13:07:11 77.500000 -53.150002 0.000000 126.839996 341.440002 132.860001 9.155000 -3.060000 7.480000 1467232.690000 453098.250000 13.271786 80.567017 0.000000 -0.043000 0.334000 -0.023000 0.000000 0.000000
13:07:11 77.500000 -53.150002 0.000000 126.839996 341.440002 132.860001 9.155000 -3.060000 7.480000 0.004000 0.003800 13.271786 80.567017 0.000000 -0.043000 0.334000 -0.023000 0.000000 0.000000
13:07:12 77.500000 -53.150002 0.000000 126.839996 341.645996 132.860001 9.100000 -3.060000 7.078000 0.004000 0.003800 13.271791 80.567017 0.000000 -0.043000 0.334000 -0.023000 0.000000 0.000000
13:07:12 77.500000 -53.150002 0.000000 126.839996 341.645996 132.860001 9.100000 -3.060000 7.078000 1467233.274000 453098.305000 13.271791 80.567017 0.000000 -0.043000 0.334000 -0.023000 0.000000 0.000000
13:07:12 77.500000 -53.150002 0.000000 126.839996 341.645996 132.860001 9.100000 -3.060000 7.078000 1467233.404000 453098.315000 13.271791 80.567017 0.000000 -0.043000 0.334000 -0.023000 0.000000 0.000000
13:07:12 77.500000 -53.150002 0.000000 126.839996 341.645996 132.860001 9.100000 -3.060000 7.078000 0.004000 0.003800 13.271791 80.567017 0.000000 -0.043000 0.334000 -0.023000 0.000000 0.000000
13:07:13 77.400002 -53.150002 0.000000 126.839996 341.834991 132.860001 9.055000 -3.060000 7.386000 0.004000 0.003800 13.271799 80.567024 0.000000 -0.043000 0.334000 -0.023000 0.000000 0.000000
13:07:13 77.400002 -53.150002 0.000000 126.839996 341.834991 132.860001 9.055000 -3.060000 7.386000 1467233.997000 453098.339000 13.271799 80.567024 0.000000 -0.043000 0.334000 -0.023000 0.000000 0.000000
13:07:13 77.400002 -53.150002 0.000000 126.839996 341.834991 132.860001 9.055000 -3.060000 7.386000 1467234.124000 453098.346000 13.271799 80.567024 0.000000 -0.043000 0.334000 -0.023000 0.000000 0.000000
13:07:13 77.400002 -53.150002 0.000000 126.839996 341.834991 132.860001 9.055000 -3.060000 7.386000 1467234.251000 453098.353000 13.271799 80.567024 0.000000 -0.043000 0.334000 -0.023000 0.000000 0.000000
13:07:13 77.400002 -53.150002 0.000000 126.839996 341.834991 132.860001 9.055000 -3.060000 7.386000 0.004000 0.003800 13.271799 80.567024 0.000000 -0.043000 0.334000 -0.023000 0.000000 0.000000
13:07:14 77.400002 -53.150002 0.000000 126.839996 342.031006 132.860001 9.021000 -3.060000 7.419000 0.004000 0.003800 13.271807 80.567024 0.000000 -0.043000 0.334000 -0.023000 0.000000 0.000000
13:07:14 77.400002 -53.150002 0.000000 126.839996 342.059998 132.860001 9.022000 -3.060000 7.472000 1467234.846000 453098.383000 13.271808 80.567024 0.000000 -0.043000 0.334000 -0.023000 0.000000 0.000000
13:07:14 77.199997 -53.150002 0.000000 126.839996 342.059998 132.860001 9.027000 -3.060000 7.532000 1467234.983000 453098.388000 13.271809 80.567024 0.000000 -0.043000 0.334000 -0.023000 0.000000 0.000000
13:07:14 77.199997 -53.150002 0.000000 126.839996 342.059998 132.860001 9.033000 -3.060000 7.569000 1467235.179000 453098.376000 13.271811 80.567024 0.000000 -0.043000 0.334000 -0.023000 0.000000 0.000000
13:07:15 77.199997 -53.150002 0.000000 126.839996 342.059998 132.860001 9.033000 -3.060000 7.569000 1467235.315000 453098.381000 13.271811 80.567024 0.000000 -0.043000 0.334000 -0.023000 0.000000 0.000000
13:07:15 77.199997 -53.150002 0.000000 126.839996 342.059998 132.860001 9.033000 -3.060000 7.569000 1467235.452000 453098.386000 13.271811 80.567024 0.000000 -0.043000 0.334000 -0.023000 0.000000 0.000000
13:07:15 77.199997 -53.150002 0.000000 126.839996 342.059998 132.860001 9.033000 -3.060000 7.569000 1467235.589000 453098.391000 13.271811 80.567024 0.000000 -0.043000 0.334000 -0.023000 0.000000 0.000000
13:07:15 77.199997 -53.150002 0.000000 126.839996 342.059998 132.860001 9.033000 -3.060000 7.569000 1467235.726000 453098.396000 13.271811 80.567024 0.000000 -0.043000 0.334000 -0.023000 0.000000 0.000000
13:07:16 77.199997 -53.150002 0.000000 126.839996 342.235992 132.860001 9.127000 -3.060000 7.799000 0.004000 0.003800 13.271818 80.567024 0.000000 -0.043000 0.334000 -0.023000 0.000000 0.000000
13:07:16 77.300003 -53.150002 0.000000 126.839996 342.235992 132.860001 9.127000 -3.060000 7.799000 1467236.172000 453098.400000 13.271818 80.567024 0.000000 -0.043000 0.334000 -0.023000 0.000000 0.000000
13:07:16 77.300003 -53.150002 0.000000 126.839996 342.235992 132.860001 9.127000 -3.060000 7.799000 1467236.309000 453098.405000 13.271818 80.567024 0.000000 -0.043000 0.334000 -0.023000 0.000000 0.000000
13:07:16 77.300003 -53.150002 0.000000 126.839996 342.235992 132.860001 9.127000 -3.060000 7.799000 0.004000 0.003800 13.271818 80.567024 0.000000 -0.043000 0.334000 -0.023000 0.000000 0.000000
13:07:17 77.300003 -53.150002 0.000000 126.839996 342.304993 132.860001 9.290000 -3.060000 7.888000 0.004000 0.003800 13.271824 80.567024 0.000000 -0.043000 0.334000 -0.023000 0.000000 0.000000
13:07:17 77.300003 -53.150002 0.000000 126.839996 342.304993 132.860001 9.290000 -3.060000 7.888000 1467236.879000 453098.414000 13.271824 80.567024 0.000000 -0.043000 0.334000 -0.023000 0.000000 0.000000
13:07:17 77.300003 -53.150002 0.000000 126.839996 342.304993 132.860001 9.290000 -3.060000 7.888000 1467237.006000 453098.417000 13.271824 80.567024 0.000000 -0.043000 0.334000 -0.023000 0.000000 0.000000
13:07:17 77.300003 -53.150002 0.000000 126.839996 342.304993 132.860001 9.290000 -3.060000 7.888000 0.004000 0.003800 13.271824 80.567024 0.000000 -0.043000 0.334000 -0.023000 0.000000 0.000000
13:07:18 77.199997 -53.150002 0.000000 126.839996 342.342987 132.860001 9.505000 -3.060000 7.435000 0.004000 0.003800 13.271831 80.567024 0.000000 -0.043000 0.334000 -0.023000 0.000000 0.000000
13:07:18 77.199997 -53.150002 0.000000 126.839996 342.342987 132.860001 9.505000 -3.060000 7.435000 1467237.592000 453098.397000 13.271831 80.567024 0.000000 -0.043000 0.334000 -0.023000 0.000000 0.000000
13:07:18 77.199997 -53.150002 0.000000 126.839996 342.342987 132.860001 9.505000 -3.060000 7.435000 1467237.719000 453098.400000 13.271831 80.567024 0.000000 -0.043000 0.334000 -0.023000 0.000000 0.000000
13:07:18 77.199997 -53.150002 0.000000 126.839996 342.342987 132.860001 9.505000 -3.060000 7.435000 0.004000 0.003800 13.271831 80.567024 0.000000 -0.043000 0.334000 -0.023000 0.000000 0.000000
13:07:19 77.300003 -53.150002 0.000000 126.839996 342.368988 132.860001 9.772000 -3.060000 7.372000 0.004000 0.003800 13.271837 80.567024 0.000000 -0.043000 0.334000 -0.023000 0.000000 0.000000
13:07:19 77.300003 -53.150002 0.000000 126.839996 342.368988 132.860001 9.772000 -3.060000 7.372000 1467238.300000 453098.398000 13.271837 80.567024 0.000000 -0.043000 0.334000 -0.023000 0.000000 0.000000
13:07:19 77.300003 -53.150002 0.000000 126.839996 342.368988 132.860001 9.772000 -3.060000 7.372000 1467238.427000 453098.401000 13.271837 80.567024 0.000000 -0.043000 0.334000 -0.023000 0.000000 0.000000
13:07:19 77.199997 -53.150002 0.000000 126.839996 342.368988 132.860001 9.772000 -3.060000 7.372000 0.004000 0.003800 13.271837 80.567024 0.000000 -0.043000 0.334000 -0.023000 0.000000 0.000000
13:07:20 77.199997 -53.150002 0.000000 126.839996 342.389008 132.860001 10.090000 -3.060000 7.347000 0.004000 0.003800 13.271844 80.567024 0.000000 -0.043000 0.334000 -0.023000 0.000000 0.000000
13:07:20 77.199997 -53.150002 0.000000 126.839996 342.389008 132.860001 10.090000 -3.060000 7.347000 1467238.992000 453098.398000 13.271844 80.567024 0.000000 -0.043000 0.334000 -0.023000 0.000000 0.000000
13:07:20 77.199997 -53.150002 0.000000 126.839996 342.389008 132.860001 10.090000 -3.060000 7.347000 1467239.119000 453098.398000 13.271844 80.567024 0.000000 -0.043000 0.334000 -0.023000 0.000000 0.000000
13:07:20 77.300003 -53.150002 0.000000 126.839996 342.389008 132.860001 10.090000 -3.060000 7.347000 0.004000 0.003800 13.271844 80.567024 0.000000 -0.043000 0.334000 -0.023000 0.000000 0.000000
13:07:21 77.300003 -53.150002 0.000000 126.839996 342.391998 132.860001 10.451000 -3.060000 7.321000 0.004000 0.003800 13.271850 80.567024 0.000000 -0.043000 0.334000 -0.023000 0.000000 0.000000
13:07:21 77.300003 -53.150002 0.000000 126.839996 342.391998 132.860001 10.451000 -3.060000 7.321000 1467239.663000 453098.371000 13.271850 80.567024 0.000000 -0.043000 0.334000 -0.023000 0.000000 0.000000
13:07:21 77.199997 -53.150002 0.000000 126.839996 342.391998 132.860001 10.451000 -3.060000 7.321000 1467239.790000 453098.371000 13.271850 80.567024 0.000000 -0.043000 0.334000 -0.023000 0.000000 0.000000
13:07:21 77.199997 -53.150002 0.000000 126.839996 342.391998 132.860001 10.451000 -3.060000 7.321000 0.004000 0.003800 13.271850 80.567024 0.000000 -0.043000 0.334000 -0.023000 0.000000 0.000000
13:07:22 77.199997 -53.150002 0.000000 126.839996 342.359009 132.860001 10.829000 -3.060000 7.930000 0.004000 0.003800 13.271855 80.567017 0.000000 -0.043000 0.334000 -0.023000 0.000000 0.000000
13:07:22 77.199997 -53.150002 0.000000 126.839996 342.359009 132.860001 10.829000 -3.060000 7.930000 1467240.316000 453098.346000 13.271855 80.567017 0.000000 -0.043000 0.334000 -0.023000 0.000000 0.000000
13:07:22 77.199997 -53.150002 0.000000 126.839996 342.359009 132.860001 10.829000 -3.060000 7.930000 1467240.443000 453098.346000 13.271855 80.567017 0.000000 -0.043000 0.334000 -0.023000 0.000000 0.000000
13:07:22 77.199997 -53.150002 0.000000 126.839996 342.359009 132.860001 10.829000 -3.060000 7.930000 0.004000 0.003800 13.271855 80.567017 0.000000 -0.043000 0.334000 -0.023000 0.000000 0.000000
13:07:22 77.199997 -53.150002 0.000000 126.839996 342.359009 132.860001 10.829000 -3.060000 7.930000 0.004000 0.003800 13.271855 80.567017 0.000000 -0.043000 0.334000 -0.023000 0.000000 0.000000
13:07:23 77.300003 -53.150002 0.000000 126.839996 342.256012 132.860001 11.224000 -3.060000 7.685000 0.004000 0.003800 13.271862 80.567017 0.000000 -0.043000 0.334000 -0.023000 0.000000 0.000000
13:07:23 77.300003 -53.150002 0.000000 126.839996 342.231995 132.860001 11.276000 -3.060000 7.429000 1467241.052000 453098.319000 13.271863 80.567017 0.000000 -0.043000 0.334000 -0.023000 0.000000 0.000000
13:07:23 77.300003 -53.150002 0.000000 126.839996 342.231995 132.860001 11.325000 -3.060000 7.265000 1467241.169000 453098.318000 13.271865 80.567017 0.000000 -0.043000 0.334000 -0.023000 0.000000 0.000000
13:07:23 77.300003 -53.150002 0.000000 126.839996 342.231995 132.860001 11.371000 -3.060000 7.230000 1467241.286000 453098.318000 13.271866 80.567017 0.000000 -0.043000 0.334000 -0.023000 0.000000 0.000000
13:07:24 77.300003 -53.150002 0.000000 126.839996 342.231995 132.860001 11.371000 -3.060000 7.230000 1467241.444000 453098.284000 13.271867 80.567017 0.000000 -0.043000 0.334000 -0.023000 0.000000 0.000000
13:07:24 77.300003 -53.150002 0.000000 126.839996 342.231995 132.860001 11.371000 -3.060000 7.230000 1467241.562000 453098.284000 13.271867 80.567017 0.000000 -0.043000 0.334000 -0.023000 0.000000 0.000000
13:07:24 77.300003 -53.150002 0.000000 126.839996 342.231995 132.860001 11.371000 -3.060000 7.230000 0.004000 0.003800 13.271867 80.567017 0.000000 -0.043000 0.334000 -0.023000 0.000000 0.000000
13:07:24 77.300003 -53.150002 0.000000 126.839996 342.231995 132.860001 11.371000 -3.060000 7.230000 0.004000 0.003800 13.271867 80.567017 0.000000 -0.043000 0.334000 -0.023000 0.000000 0.000000
13:07:25 77.300003 -53.150002 0.000000 126.839996 341.980988 132.860001 11.552000 -3.060000 7.264000 0.004000 0.003800 13.271873 80.567017 0.000000 -0.043000 0.334000 -0.023000 0.000000 0.000000
13:07:25 77.300003 -53.150002 0.000000 126.839996 341.980988 132.860001 11.552000 -3.060000 7.264000 1467242.182000 453098.230000 13.271873 80.567017 0.000000 -0.043000 0.334000 -0.023000 0.000000 0.000000
13:07:25 77.300003 -53.150002 0.000000 126.839996 341.980988 132.860001 11.552000 -3.060000 7.264000 1467242.299000 453098.228000 13.271873 80.567017 0.000000 -0.043000 0.334000 -0.023000 0.000000 0.000000
13:07:25 77.300003 -53.150002 0.000000 126.839996 341.980988 132.860001 11.552000 -3.060000 7.264000 0.004000 0.003800 13.271873 80.567017 0.000000 -0.043000 0.334000 -0.023000 0.000000 0.000000
13:07:26 77.300003 -53.150002 0.000000 126.839996 341.763000 132.860001 11.569000 -3.060000 6.818000 0.004000 0.003800 13.271878 80.567017 0.000000 -0.043000 0.334000 -0.023000 0.000000 0.000000
13:07:26 77.300003 -53.150002 0.000000 126.839996 341.763000 132.860001 11.569000 -3.060000 6.818000 1467242.800000 453098.180000 13.271878 80.567017 0.000000 -0.043000 0.334000 -0.023000 0.000000 0.000000
13:07:26 77.300003 -53.150002 0.000000 126.839996 341.763000 132.860001 11.569000 -3.060000 6.818000 0.004000 0.003800 13.271878 80.567017 0.000000 -0.043000 0.334000 -0.023000 0.000000 0.000000
13:07:26 77.400002 -53.150002 0.000000 126.839996 341.763000 132.860001 11.569000 -3.060000 6.818000 0.004000 0.003800 13.271878 80.567017 0.000000 -0.043000 0.334000 -0.023000 0.000000 0.000000
13:07:27 77.400002 -53.150002 0.000000 126.839996 341.511993 132.860001 11.479000 -3.060000 7.118000 0.004000 0.003800 13.271883 80.567017 0.000000 -0.043000 0.334000 -0.023000 0.000000 0.000000
13:07:27 77.400002 -53.150002 0.000000 126.839996 341.511993 132.860001 11.479000 -3.060000 7.118000 1467243.412000 453098.143000 13.271883 80.567017 0.000000 -0.043000 0.334000 -0.023000 0.000000 0.000000
13:07:27 77.400002 -53.150002 0.000000 126.839996 341.511993 132.860001 11.479000 -3.060000 7.118000 1467243.529000 453098.140000 13.271883 80.567017 0.000000 -0.043000 0.334000 -0.023000 0.000000 0.000000
13:07:27 77.400002 -53.150002 0.000000 126.839996 341.511993 132.860001 11.479000 -3.060000 7.118000 0.004000 0.003800 13.271883 80.567017 0.000000 -0.043000 0.334000 -0.023000 0.000000 0.000000
13:07:28 77.400002 -53.150002 0.000000 126.839996 341.252991 132.860001 11.283000 -3.060000 7.217000 0.004000 0.003800 13.271889 80.567017 0.000000 -0.043000 0.334000 -0.023000 0.000000 0.000000
13:07:28 77.400002 -53.150002 0.000000 126.839996 341.252991 132.860001 11.283000 -3.060000 7.217000 1467244.023000 453098.094000 13.271889 80.567017 0.000000 -0.043000 0.334000 -0.023000 0.000000 0.000000
13:07:28 77.400002 -53.150002 0.000000 126.839996 341.252991 132.860001 11.283000 -3.060000 7.217000 1467244.140000 453098.092000 13.271889 80.567017 0.000000 -0.043000 0.334000 -0.023000 0.000000 0.000000
13:07:28 77.400002 -53.150002 0.000000 126.839996 341.252991 132.860001 11.283000 -3.060000 7.217000 0.004000 0.003800 13.271889 80.567017 0.000000 -0.043000 0.334000 -0.023000 0.000000 0.000000
13:07:29 77.400002 -53.150002 0.000000 126.839996 341.024994 132.860001 11.007000 -3.060000 7.178000 0.004000 0.003800 13.271894 80.567017 0.000000 -0.043000 0.334000 -0.023000 0.000000 0.000000
13:07:29 77.500000 -53.150002 0.000000 126.839996 341.024994 132.860001 11.007000 -3.060000 7.178000 1467244.626000 453098.044000 13.271894 80.567017 0.000000 -0.043000 0.334000 -0.023000 0.000000 0.000000
13:07:29 77.500000 -53.150002 0.000000 126.839996 341.024994 132.860001 11.007000 -3.060000 7.178000 1467244.744000 453098.044000 13.271894 80.567017 0.000000 -0.043000 0.334000 -0.023000 0.000000 0.000000
13:07:29 77.500000 -53.150002 0.000000 126.839996 341.024994 132.860001 11.007000 -3.060000 7.178000 0.004000 0.003800 13.271894 80.567017 0.000000 -0.043000 0.334000 -0.023000 0.000000 0.000000
13:07:30 77.500000 -53.150002 0.000000 126.839996 340.843994 132.860001 10.675000 -3.060000 7.311000 0.004000 0.003800 13.271900 80.567017 0.000000 -0.043000 0.334000 -0.023000 0.000000 0.000000
13:07:30 77.500000 -53.150002 0.000000 126.839996 340.843994 132.860001 10.675000 -3.060000 7.311000 1467245.227000 453098.006000 13.271900 80.567017 0.000000 -0.043000 0.334000 -0.023000 0.000000 0.000000
13:07:30 77.500000 -53.150002 0.000000 126.839996 340.843994 132.860001 10.675000 -3.060000 7.311000 1467245.344000 453098.006000 13.271900 80.567017 0.000000 -0.043000 0.334000 -0.023000 0.000000 0.000000
13:07:30 77.500000 -53.150002 0.000000 126.839996 340.843994 132.860001 10.675000 -3.060000 7.311000 0.004000 0.003800 13.271900 80.567017 0.000000 -0.043000 0.334000 -0.023000 0.000000 0.000000
13:07:31 77.500000 -53.150002 0.000000 126.839996 340.720001 132.860001 10.309000 -3.060000 6.824000 0.004000 0.003800 13.271905 80.567017 0.000000 -0.043000 0.334000 -0.023000 0.000000 0.000000
13:07:31 77.500000 -53.150002 0.000000 126.839996 340.720001 132.860001 10.309000 -3.060000 6.824000 1467245.797000 453097.917000 13.271905 80.567017 0.000000 -0.043000 0.334000 -0.023000 0.000000 0.000000
13:07:31 77.500000 -53.150002 0.000000 126.839996 340.720001 132.860001 10.309000 -3.060000 6.824000 0.004000 0.003700 13.271905 80.567017 0.000000 -0.043000 0.334000 -0.023000 0.000000 0.000000
13:07:31 77.699997 -53.150002 0.000000 126.839996 340.664001 132.860001 10.029000 -3.060000 6.712000 0.004000 0.003700 13.271910 80.567017 0.000000 -0.043000 0.334000 -0.023000 0.000000 0.000000
13:07:32 77.699997 -53.150002 0.000000 126.839996 340.664001 132.860001 10.029000 -3.060000 6.712000 1467246.266000 453097.917000 13.271911 80.567017 0.000000 -0.043000 0.334000 -0.023000 0.000000 0.000000
13:07:32 77.699997 -53.150002 0.000000 126.839996 340.664001 132.860001 10.029000 -3.060000 6.712000 1467246.403000 453097.931000 13.271911 80.567017 0.000000 -0.043000 0.334000 -0.023000 0.000000 0.000000
13:07:32 77.699997 -53.150002 0.000000 126.839996 340.664001 132.860001 10.029000 -3.060000 6.712000 0.004000 0.003700 13.271911 80.567017 0.000000 -0.043000 0.334000 -0.023000 0.000000 0.000000
13:07:32 77.699997 -53.150002 0.000000 126.839996 340.664001 132.860001 10.029000 -3.060000 6.712000 0.004000 0.003700 13.271911 80.567017 0.000000 -0.043000 0.334000 -0.023000 0.000000 0.000000
13:07:33 77.699997 -53.150002 0.000000 126.839996 340.652008 132.860001 9.667000 -3.060000 6.970000 0.004000 0.003700 13.271915 80.567017 0.000000 -0.043000 0.334000 -0.023000 0.000000 0.000000
13:07:33 77.699997 -53.150002 0.000000 126.839996 340.652008 132.860001 9.667000 -3.060000 6.970000 1467246.949000 453097.867000 13.271915 80.567017 0.000000 -0.043000 0.334000 -0.023000 0.000000 0.000000
13:07:33 77.699997 -53.150002 0.000000 126.839996 340.652008 132.860001 9.667000 -3.060000 6.970000 1467247.066000 453097.867000 13.271915 80.567017 0.000000 -0.043000 0.334000 -0.023000 0.000000 0.000000
13:07:33 77.800003 -53.150002 0.000000 126.839996 340.683014 132.860001 9.470000 -3.060000 7.097000 0.004000 0.003700 13.271920 80.567017 0.000000 -0.043000 0.334000 -0.023000 0.000000 0.000000
13:07:34 77.800003 -53.150002 0.000000 126.839996 340.683014 132.860001 9.470000 -3.060000 7.097000 1467247.417000 453097.867000 13.271921 80.567017 0.000000 -0.043000 0.334000 -0.023000 0.000000 0.000000
13:07:34 77.800003 -53.150002 0.000000 126.839996 340.683014 132.860001 9.470000 -3.060000 7.097000 1467247.552000 453097.868000 13.271921 80.567017 0.000000 -0.043000 0.334000 -0.023000 0.000000 0.000000
13:07:34 77.800003 -53.150002 0.000000 126.839996 340.683014 132.860001 9.470000 -3.060000 7.097000 1467247.669000 453097.868000 13.271921 80.567017 0.000000 -0.043000 0.334000 -0.023000 0.000000 0.000000
13:07:34 77.800003 -53.150002 0.000000 126.839996 340.683014 132.860001 9.470000 -3.060000 7.097000 0.004000 0.003700 13.271921 80.567017 0.000000 -0.043000 0.334000 -0.023000 0.000000 0.000000
13:07:35 77.800003 -53.150002 0.000000 126.839996 340.772003 132.860001 9.264000 -3.060000 7.478000 0.004000 0.003700 13.271926 80.567017 0.000000 -0.043000 0.334000 -0.023000 0.000000 0.000000
13:07:35 77.900002 -53.150002 0.000000 126.839996 340.772003 132.860001 9.264000 -3.060000 7.478000 1467248.102000 453097.804000 13.271926 80.567017 0.000000 -0.043000 0.334000 -0.023000 0.000000 0.000000
13:07:35 77.900002 -53.150002 0.000000 126.839996 340.772003 132.860001 9.264000 -3.060000 7.478000 1467248.219000 453097.804000 13.271926 80.567017 0.000000 -0.043000 0.334000 -0.023000 0.000000 0.000000
13:07:35 77.900002 -53.150002 0.000000 126.839996 340.772003 132.860001 9.264000 -3.060000 7.478000 0.004000 0.003700 13.271926 80.567017 0.000000 -0.043000 0.334000 -0.023000 0.000000 0.000000
13:07:36 77.900002 -53.150002 0.000000 126.839996 340.882996 132.860001 9.146000 -3.060000 7.035000 0.004000 0.003700 13.271932 80.567017 0.000000 -0.043000 0.334000 -0.023000 0.000000 0.000000
13:07:36 78.000000 -53.150002 0.000000 126.839996 340.882996 132.860001 9.146000 -3.060000 7.035000 1467248.716000 453097.818000 13.271932 80.567017 0.000000 -0.043000 0.334000 -0.023000 0.000000 0.000000
13:07:36 78.000000 -53.150002 0.000000 126.839996 340.882996 132.860001 9.146000 -3.060000 7.035000 0.004000 0.003700 13.271932 80.567017 0.000000 -0.043000 0.334000 -0.023000 0.000000 0.000000
13:07:36 78.000000 -53.150002 0.000000 126.839996 340.882996 132.860001 9.146000 -3.060000 7.035000 0.004000 0.003700 13.271932 80.567017 0.000000 -0.043000 0.334000 -0.023000 0.000000 0.000000
13:07:37 78.000000 -53.150002 0.000000 126.839996 341.035004 132.860001 9.088000 -3.060000 6.996000 0.004000 0.003700 13.271936 80.567017 0.000000 -0.043000 0.334000 -0.023000 0.000000 0.000000
13:07:37 78.000000 -53.150002 0.000000 126.839996 341.035004 132.860001 9.088000 -3.060000 6.996000 1467249.302000 453097.828000 13.271936 80.567017 0.000000 -0.043000 0.334000 -0.023000 0.000000 0.000000
13:07:37 78.000000 -53.150002 0.000000 126.839996 341.035004 132.860001 9.088000 -3.060000 6.996000 1467249.409000 453097.796000 13.271936 80.567017 0.000000 -0.043000 0.334000 -0.023000 0.000000 0.000000
13:07:37 78.000000 -53.150002 0.000000 126.839996 341.035004 132.860001 9.088000 -3.060000 6.996000 0.004000 0.003700 13.271936 80.567017 0.000000 -0.043000 0.334000 -0.023000 0.000000 0.000000
13:07:38 78.000000 -53.150002 0.000000 126.839996 341.229004 132.860001 9.074000 -3.060000 6.844000 0.004000 0.003700 13.271942 80.567017 0.000000 -0.043000 0.334000 -0.023000 0.000000 0.000000
13:07:38 78.000000 -53.150002 0.000000 126.839996 341.229004 132.860001 9.074000 -3.060000 6.844000 1467249.877000 453097.806000 13.271942 80.567017 0.000000 -0.043000 0.334000 -0.023000 0.000000 0.000000
13:07:38 78.000000 -53.150002 0.000000 126.839996 341.229004 132.860001 9.074000 -3.060000 6.844000 0.004000 0.003700 13.271942 80.567017 0.000000 -0.043000 0.334000 -0.023000 0.000000 0.000000
13:07:38 78.099998 -53.150002 0.000000 126.839996 341.410004 132.860001 9.091000 -3.060000 6.833000 0.004000 0.003700 13.271947 80.567017 0.000000 -0.043000 0.334000 -0.023000 0.000000 0.000000
13:07:39 78.099998 -53.150002 0.000000 126.839996 341.410004 132.860001 9.091000 -3.060000 6.833000 1467250.384000 453097.804000 13.271948 80.567017 0.000000 -0.043000 0.334000 -0.023000 0.000000 0.000000
13:07:39 78.099998 -53.150002 0.000000 126.839996 341.410004 132.860001 9.091000 -3.060000 6.833000 1467250.511000 453097.806000 13.271948 80.567017 0.000000 -0.043000 0.334000 -0.023000 0.000000 0.000000
13:07:39 78.099998 -53.150002 0.000000 126.839996 341.410004 132.860001 9.091000 -3.060000 6.833000 1467250.639000 453097.797000 13.271948 80.567017 0.000000 -0.043000 0.334000 -0.023000 0.000000 0.000000
13:07:39 78.099998 -53.150002 0.000000 126.839996 341.410004 132.860001 9.091000 -3.060000 6.833000 0.004000 0.003700 13.271948 80.567017 0.000000 -0.043000 0.334000 -0.023000 0.000000 0.000000
13:07:39 78.099998 -53.150002 0.000000 126.839996 341.410004 132.860001 9.091000 -3.060000 6.833000 0.004000 0.003700 13.271948 80.567017 0.000000 -0.043000 0.334000 -0.023000 0.000000 0.000000
13:07:40 78.099998 -53.150002 0.000000 126.839996 341.773010 132.860001 9.183000 -3.060000 7.249000 0.004000 0.003700 13.271955 80.567017 0.000000 -0.043000 0.334000 -0.023000 0.000000 0.000000
13:07:40 78.099998 -53.150002 0.000000 126.839996 341.828003 132.860001 9.200000 -3.060000 7.222000 1467251.275000 453097.811000 13.271955 80.567017 0.000000 -0.043000 0.334000 -0.023000 0.000000 0.000000
13:07:40 78.000000 -53.150002 0.000000 126.839996 341.828003 132.860001 9.218000 -3.060000 7.131000 1467251.402000 453097.814000 13.271956 80.567017 0.000000 -0.043000 0.334000 -0.023000 0.000000 0.000000
13:07:40 78.000000 -53.150002 0.000000 126.839996 341.828003 132.860001 9.236000 -3.060000 7.020000 1467251.529000 453097.816000 13.271958 80.567017 0.000000 -0.043000 0.334000 -0.023000 0.000000 0.000000
13:07:41 78.000000 -53.150002 0.000000 126.839996 341.828003 132.860001 9.236000 -3.060000 7.020000 1467251.656000 453097.819000 13.271959 80.567017 0.000000 -0.043000 0.334000 -0.023000 0.000000 0.000000
13:07:41 78.000000 -53.150002 0.000000 126.839996 341.828003 132.860001 9.236000 -3.060000 7.020000 1467251.783000 453097.821000 13.271959 80.567017 0.000000 -0.043000 0.334000 -0.023000 0.000000 0.000000
13:07:41 78.000000 -53.150002 0.000000 126.839996 341.828003 132.860001 9.236000 -3.060000 7.020000 0.004000 0.003700 13.271959 80.567017 0.000000 -0.043000 0.334000 -0.023000 0.000000 0.000000
13:07:41 78.000000 -53.150002 0.000000 126.839996 341.828003 132.860001 9.236000 -3.060000 7.020000 0.004000 0.003700 13.271959 80.567017 0.000000 -0.043000 0.334000 -0.023000 0.000000 0.000000
13:07:42 78.000000 -53.150002 0.000000 126.839996 342.296997 132.860001 9.374000 -3.060000 7.153000 0.004000 0.003700 13.271965 80.567017 0.000000 -0.043000 0.334000 -0.023000 0.000000 0.000000
13:07:42 78.099998 -53.150002 0.000000 126.839996 342.296997 132.860001 9.374000 -3.060000 7.153000 1467252.434000 453097.835000 13.271965 80.567017 0.000000 -0.043000 0.334000 -0.023000 0.000000 0.000000
13:07:42 78.099998 -53.150002 0.000000 126.839996 342.296997 132.860001 9.374000 -3.060000 7.153000 0.004000 0.003700 13.271965 80.567017 0.000000 -0.043000 0.334000 -0.023000 0.000000 0.000000
13:07:42 78.099998 -53.150002 0.000000 126.839996 342.548004 132.860001 9.480000 -3.060000 7.053000 0.004000 0.003700 13.271970 80.567017 0.000000 -0.043000 0.334000 -0.023000 0.000000 0.000000
13:07:43 78.099998 -53.150002 0.000000 126.839996 342.548004 132.860001 9.480000 -3.060000 7.053000 1467252.958000 453097.833000 13.271971 80.567017 0.000000 -0.043000 0.334000 -0.023000 0.000000 0.000000
13:07:43 78.099998 -53.150002 0.000000 126.839996 342.548004 132.860001 9.480000 -3.060000 7.053000 1467253.085000 453097.836000 13.271971 80.567017 0.000000 -0.043000 0.334000 -0.023000 0.000000 0.000000
13:07:43 78.099998 -53.150002 0.000000 126.839996 342.548004 132.860001 9.480000 -3.060000 7.053000 0.004000 0.003700 13.271971 80.567017 0.000000 -0.043000 0.334000 -0.023000 0.000000 0.000000
13:07:43 78.099998 -53.150002 0.000000 126.839996 342.872986 132.860001 9.627000 -3.060000 6.347000 0.004000 0.003700 13.271976 80.567017 0.000000 -0.043000 0.334000 -0.023000 0.000000 0.000000
13:07:44 78.099998 -53.150002 0.000000 126.839996 342.872986 132.860001 9.627000 -3.060000 6.347000 1467253.604000 453097.847000 13.271976 80.567017 0.000000 -0.043000 0.334000 -0.023000 0.000000 0.000000
13:07:44 78.099998 -53.150002 0.000000 126.839996 342.872986 132.860001 9.627000 -3.060000 6.347000 1467253.724000 453097.850000 13.271976 80.567017 0.000000 -0.043000 0.334000 -0.023000 0.000000 0.000000
13:07:44 78.099998 -53.150002 0.000000 126.839996 342.872986 132.860001 9.627000 -3.060000 6.347000 1467253.854000 453097.867000 13.271976 80.567017 0.000000 -0.043000 0.334000 -0.023000 0.000000 0.000000
13:07:44 78.099998 -53.150002 0.000000 126.839996 342.872986 132.860001 9.627000 -3.060000 6.347000 0.004000 0.003700 13.271976 80.567017 0.000000 -0.043000 0.334000 -0.023000 0.000000 0.000000
13:07:45 78.199997 -53.150002 0.000000 126.839996 343.290985 132.860001 9.878000 -3.060000 6.709000 0.004000 0.003700 13.271982 80.567017 0.000000 -0.043000 0.334000 -0.023000 0.000000 0.000000
13:07:45 78.199997 -53.150002 0.000000 126.839996 343.290985 132.860001 9.878000 -3.060000 6.709000 1467254.323000 453097.877000 13.271982 80.567017 0.000000 -0.043000 0.334000 -0.023000 0.000000 0.000000
13:07:45 78.199997 -53.150002 0.000000 126.839996 343.290985 132.860001 9.878000 -3.060000 6.709000 1467254.467000 453097.880000 13.271982 80.567017 0.000000 -0.043000 0.334000 -0.023000 0.000000 0.000000
13:07:45 78.099998 -53.150002 0.000000 126.839996 343.576996 132.860001 10.079000 -3.060000 6.799000 1467254.584000 453097.885000 13.271987 80.567017 0.000000 -0.043000 0.334000 -0.023000 0.000000 0.000000
13:07:46 78.099998 -53.150002 0.000000 126.839996 343.576996 132.860001 10.130000 -3.060000 6.759000 1467254.819000 453097.895000 13.271988 80.567017 0.000000 -0.043000 0.334000 -0.023000 0.000000 0.000000
13:07:46 78.099998 -53.150002 0.000000 126.839996 343.576996 132.860001 10.130000 -3.060000 6.759000 1467254.936000 453097.900000 13.271988 80.567017 0.000000 -0.043000 0.334000 -0.023000 0.000000 0.000000
13:07:46 78.099998 -53.150002 0.000000 126.839996 343.576996 132.860001 10.130000 -3.060000 6.759000 1467255.058000 453097.894000 13.271988 80.567017 0.000000 -0.043000 0.334000 -0.023000 0.000000 0.000000
13:07:46 78.199997 -53.150002 0.000000 126.839996 343.576996 132.860001 10.130000 -3.060000 6.759000 0.004000 0.003700 13.271988 80.567017 0.000000 -0.043000 0.334000 -0.023000 0.000000 0.000000
13:07:47 78.199997 -53.150002 0.000000 126.839996 344.020996 132.860001 10.392000 -3.060000 6.774000 0.004000 0.003700 13.271993 80.567017 0.000000 -0.043000 0.334000 -0.023000 0.000000 0.000000
13:07:47 78.199997 -53.150002 0.000000 126.839996 344.020996 132.860001 10.392000 -3.060000 6.774000 1467255.527000 453097.914000 13.271993 80.567017 0.000000 -0.043000 0.334000 -0.023000 0.000000 0.000000
13:07:47 78.300003 -53.150002 0.000000 126.839996 344.020996 132.860001 10.392000 -3.060000 6.774000 0.004000 0.003700 13.271993 80.567017 0.000000 -0.043000 0.334000 -0.023000 0.000000 0.000000
13:07:47 78.300003 -53.150002 0.000000 126.839996 344.329987 132.860001 10.604000 -3.060000 7.402000 1467255.749000 453097.912000 13.271997 80.567017 0.000000 -0.043000 0.334000 -0.023000 0.000000 0.000000
13:07:48 78.300003 -53.150002 0.000000 126.839996 344.407013 132.860001 10.652000 -3.060000 7.427000 1467255.983000 453097.922000 13.271998 80.567017 0.000000 -0.043000 0.334000 -0.023000 0.000000 0.000000
13:07:48 78.300003 -53.150002 0.000000 126.839996 344.407013 132.860001 10.652000 -3.060000 7.427000 1467256.100000 453097.927000 13.271998 80.567017 0.000000 -0.043000 0.334000 -0.023000 0.000000 0.000000
13:07:48 78.300003 -53.150002 0.000000 126.839996 344.407013 132.860001 10.652000 -3.060000 7.427000 1467256.217000 453097.932000 13.271998 80.567017 0.000000 -0.043000 0.334000 -0.023000 0.000000 0.000000
13:07:48 78.300003 -53.150002 0.000000 126.839996 344.717987 132.860001 10.813000 -3.060000 7.108000 0.004000 0.003700 13.272002 80.567017 0.000000 -0.043000 0.334000 -0.023000 0.000000 0.000000
13:07:49 78.300003 -53.150002 0.000000 126.839996 344.717987 132.860001 10.813000 -3.060000 7.108000 1467256.556000 453097.948000 13.272003 80.567017 0.000000 -0.043000 0.334000 -0.023000 0.000000 0.000000
13:07:49 78.400002 -53.150002 0.000000 126.839996 344.717987 132.860001 10.813000 -3.060000 7.108000 1467256.673000 453097.953000 13.272003 80.567017 0.000000 -0.043000 0.334000 -0.023000 0.000000 0.000000
13:07:49 78.400002 -53.150002 0.000000 126.839996 344.717987 132.860001 10.813000 -3.060000 7.108000 0.004000 0.003700 13.272003 80.567017 0.000000 -0.043000 0.334000 -0.023000 0.000000 0.000000
13:07:49 78.400002 -53.150002 0.000000 126.839996 345.127014 132.860001 10.951000 -3.060000 7.435000 0.004000 0.003700 13.272008 80.567017 0.000000 -0.043000 0.334000 -0.023000 0.000000 0.000000
13:07:50 78.400002 -53.150002 0.000000 126.839996 345.210999 132.860001 10.966000 -3.060000 7.496000 1467257.139000 453097.975000 13.272009 80.567017 0.000000 -0.043000 0.334000 -0.023000 0.000000 0.000000
13:07:50 78.400002 -53.150002 0.000000 126.839996 345.210999 132.860001 10.966000 -3.060000 7.496000 1467257.256000 453097.980000 13.272009 80.567017 0.000000 -0.043000 0.334000 -0.023000 0.000000 0.000000
13:07:50 78.400002 -53.150002 0.000000 126.839996 345.210999 132.860001 10.966000 -3.060000 7.496000 1467257.373000 453097.985000 13.272009 80.567017 0.000000 -0.043000 0.334000 -0.023000 0.000000 0.000000
13:07:50 78.400002 -53.150002 0.000000 126.839996 345.562012 132.860001 10.967000 -3.060000 7.520000 0.004000 0.003700 13.272014 80.567017 0.000000 -0.043000 0.334000 -0.023000 0.000000 0.000000
13:07:51 78.300003 -53.150002 0.000000 126.839996 345.562012 132.860001 10.967000 -3.060000 7.520000 1467257.742000 453098.001000 13.272015 80.567017 0.000000 -0.043000 0.334000 -0.023000 0.000000 0.000000
13:07:51 78.300003 -53.150002 0.000000 126.839996 345.562012 132.860001 10.967000 -3.060000 7.520000 1467257.869000 453098.006000 13.272015 80.567017 0.000000 -0.043000 0.334000 -0.023000 0.000000 0.000000
13:07:51 78.300003 -53.150002 0.000000 126.839996 345.562012 132.860001 10.967000 -3.060000 7.520000 1467257.996000 453098.011000 13.272015 80.567017 0.000000 -0.043000 0.334000 -0.023000 0.000000 0.000000
13:07:51 78.300003 -53.150002 0.000000 126.839996 345.562012 132.860001 10.967000 -3.060000 7.520000 0.004000 0.003800 13.272015 80.567017 0.000000 -0.043000 0.334000 -0.023000 0.000000 0.000000
13:07:52 78.300003 -53.150002 0.000000 126.839996 346.140015 132.860001 10.780000 -3.060000 7.031000 0.004000 0.003800 13.272020 80.567017 0.000000 -0.043000 0.334000 -0.023000 0.000000 0.000000
13:07:52 78.300003 -53.150002 0.000000 126.839996 346.140015 132.860001 10.780000 -3.060000 7.031000 1467258.518000 453098.020000 13.272020 80.567017 0.000000 -0.043000 0.334000 -0.023000 0.000000 0.000000
13:07:52 78.300003 -53.150002 0.000000 126.839996 346.140015 132.860001 10.780000 -3.060000 7.031000 0.004000 0.003800 13.272020 80.567017 0.000000 -0.043000 0.334000 -0.023000 0.000000 0.000000
13:07:52 78.300003 -53.150002 0.000000 126.839996 346.567993 132.860001 10.549000 -3.060000 6.920000 0.004000 0.003800 13.272024 80.567017 0.000000 -0.043000 0.334000 -0.023000 0.000000 0.000000
13:07:53 78.300003 -53.150002 0.000000 126.839996 346.567993 132.860001 10.549000 -3.060000 6.920000 1467259.028000 453098.038000 13.272026 80.567017 0.000000 -0.043000 0.334000 -0.023000 0.000000 0.000000
13:07:53 78.300003 -53.150002 0.000000 126.839996 346.567993 132.860001 10.549000 -3.060000 6.920000 1467259.155000 453098.040000 13.272026 80.567017 0.000000 -0.043000 0.334000 -0.023000 0.000000 0.000000
13:07:53 78.300003 -53.150002 0.000000 126.839996 346.567993 132.860001 10.549000 -3.060000 6.920000 1467259.282000 453098.043000 13.272026 80.567017 0.000000 -0.043000 0.334000 -0.023000 0.000000 0.000000
13:07:53 78.300003 -53.150002 0.000000 126.839996 346.567993 132.860001 10.549000 -3.060000 6.920000 0.004000 0.003800 13.272026 80.567017 0.000000 -0.043000 0.334000 -0.023000 0.000000 0.000000
13:07:54 78.300003 -53.150002 0.000000 126.839996 347.264008 132.860001 10.102000 -3.060000 6.358000 0.004000 0.003800 13.272032 80.567017 0.000000 -0.043000 0.334000 -0.023000 0.000000 0.000000
13:07:54 78.300003 -53.150002 0.000000 126.839996 347.264008 132.860001 10.102000 -3.060000 6.358000 1467259.806000 453098.052000 13.272032 80.567017 0.000000 -0.043000 0.334000 -0.023000 0.000000 0.000000
13:07:54 78.300003 -53.150002 0.000000 126.839996 347.264008 132.860001 10.102000 -3.060000 6.358000 0.004000 0.003800 13.272032 80.567017 0.000000 -0.043000 0.334000 -0.023000 0.000000 0.000000
13:07:54 78.300003 -53.150002 0.000000 126.839996 347.750000 132.860001 9.802000 -3.060000 6.489000 0.004000 0.003800 13.272037 80.567017 0.000000 -0.043000 0.334000 -0.023000 0.000000 0.000000
13:07:55 78.300003 -53.150002 0.000000 126.839996 347.872009 132.860001 9.730000 -3.060000 6.516000 1467260.335000 453098.063000 13.272038 80.567017 0.000000 -0.043000 0.334000 -0.023000 0.000000 0.000000
13:07:55 78.300003 -53.150002 0.000000 126.839996 347.872009 132.860001 9.730000 -3.060000 6.516000 1467260.462000 453098.065000 13.272038 80.567017 0.000000 -0.043000 0.334000 -0.023000 0.000000 0.000000
13:07:55 78.300003 -53.150002 0.000000 126.839996 347.872009 132.860001 9.730000 -3.060000 6.516000 1467260.589000 453098.068000 13.272038 80.567017 0.000000 -0.043000 0.334000 -0.023000 0.000000 0.000000
13:07:55 78.300003 -53.150002 0.000000 126.839996 347.872009 132.860001 9.730000 -3.060000 6.516000 0.004000 0.003800 13.272038 80.567017 0.000000 -0.043000 0.334000 -0.023000 0.000000 0.000000
13:07:56 78.300003 -53.150002 0.000000 126.839996 348.476013 132.860001 9.416000 -3.060000 6.618000 0.004000 0.003800 13.272043 80.567017 0.000000 -0.043000 0.334000 -0.023000 0.000000 0.000000
13:07:56 78.199997 -53.150002 0.000000 126.839996 348.476013 132.860001 9.416000 -3.060000 6.618000 1467261.083000 453098.085000 13.272043 80.567017 0.000000 -0.043000 0.334000 -0.023000 0.000000 0.000000
13:07:56 78.199997 -53.150002 0.000000 126.839996 348.476013 132.860001 9.416000 -3.060000 6.618000 1467261.201000 453098.090000 13.272043 80.567017 0.000000 -0.043000 0.334000 -0.023000 0.000000 0.000000
13:07:56 78.199997 -53.150002 0.000000 126.839996 348.945007 132.860001 9.244000 -3.060000 6.727000 0.004000 0.003800 13.272048 80.567017 0.000000 -0.043000 0.334000 -0.023000 0.000000 0.000000
13:07:57 78.199997 -53.150002 0.000000 126.839996 349.059998 132.860001 9.213000 -3.060000 6.725000 1467261.598000 453098.095000 13.272049 80.567017 0.000000 -0.043000 0.334000 -0.023000 0.000000 0.000000
13:07:57 78.300003 -53.150002 0.000000 126.839996 349.059998 132.860001 9.213000 -3.060000 6.725000 1467261.715000 453098.100000 13.272049 80.567017 0.000000 -0.043000 0.334000 -0.023000 0.000000 0.000000
13:07:57 78.300003 -53.150002 0.000000 126.839996 349.059998 132.860001 9.213000 -3.060000 6.725000 0.004000 0.003800 13.272049 80.567017 0.000000 -0.043000 0.334000 -0.023000 0.000000 0.000000
13:07:57 78.300003 -53.150002 0.000000 126.839996 349.509003 132.860001 9.149000 -3.060000 6.756000 0.004000 0.003800 13.272054 80.567017 0.000000 -0.043000 0.334000 -0.023000 0.000000 0.000000
13:07:58 78.300003 -53.150002 0.000000 126.839996 349.618988 132.860001 9.150000 -3.060000 6.860000 1467262.214000 453098.109000 13.272055 80.567017 0.000000 -0.043000 0.334000 -0.023000 0.000000 0.000000
13:07:58 78.300003 -53.150002 0.000000 126.839996 349.618988 132.860001 9.150000 -3.060000 6.860000 1467262.331000 453098.114000 13.272055 80.567017 0.000000 -0.043000 0.334000 -0.023000 0.000000 0.000000
13:07:58 78.300003 -53.150002 0.000000 126.839996 349.618988 132.860001 9.150000 -3.060000 6.860000 0.004000 0.003800 13.272055 80.567017 0.000000 -0.043000 0.334000 -0.023000 0.000000 0.000000
13:07:58 78.199997 -53.150002 0.000000 126.839996 350.045990 132.860001 9.214000 -3.060000 7.159000 0.004000 0.003800 13.272058 80.567017 0.000000 -0.043000 0.334000 -0.023000 0.000000 0.000000
13:07:59 78.199997 -53.150002 0.000000 126.839996 350.148987 132.860001 9.242000 -3.060000 7.097000 1467262.811000 453098.123000 13.272060 80.567017 0.000000 -0.043000 0.334000 -0.023000 0.000000 0.000000
13:07:59 78.199997 -53.150002 0.000000 126.839996 350.148987 132.860001 9.242000 -3.060000 7.097000 1467262.928000 453098.127000 13.272060 80.567017 0.000000 -0.043000 0.334000 -0.023000 0.000000 0.000000
13:07:59 78.199997 -53.150002 0.000000 126.839996 350.148987 132.860001 9.242000 -3.060000 7.097000 0.004000 0.003800 13.272060 80.567017 0.000000 -0.043000 0.334000 -0.023000 0.000000 0.000000
13:07:59 78.300003 -53.150002 0.000000 126.839996 350.545990 132.860001 9.401000 -3.060000 6.607000 0.004000 0.003800 13.272064 80.567017 0.000000 -0.043000 0.334000 -0.023000 0.000000 0.000000
13:08:00 78.300003 -53.150002 0.000000 126.839996 350.641998 132.860001 9.453000 -3.060000 6.518000 1467263.392000 453098.162000 13.272065 80.567017 0.000000 -0.043000 0.334000 -0.023000 0.000000 0.000000
13:08:00 78.300003 -53.150002 0.000000 126.839996 350.641998 132.860001 9.453000 -3.060000 6.518000 1467263.509000 453098.167000 13.272065 80.567017 0.000000 -0.043000 0.334000 -0.023000 0.000000 0.000000
13:08:00 78.300003 -53.150002 0.000000 126.839996 350.641998 132.860001 9.453000 -3.060000 6.518000 1467263.626000 453098.171000 13.272065 80.567017 0.000000 -0.043000 0.334000 -0.023000 0.000000 0.000000
13:08:00 78.199997 -53.150002 0.000000 126.839996 350.641998 132.860001 9.453000 -3.060000 6.518000 0.004000 0.003800 13.272065 80.567017 0.000000 -0.043000 0.334000 -0.023000 0.000000 0.000000
13:08:01 78.199997 -53.150002 0.000000 126.839996 351.106995 132.860001 9.772000 -3.060000 6.509000 0.004000 0.003800 13.272071 80.567017 0.000000 -0.043000 0.334000 -0.023000 0.000000 0.000000
13:08:01 78.199997 -53.150002 0.000000 126.839996 351.106995 132.860001 9.772000 -3.060000 6.509000 1467264.104000 453098.206000 13.272071 80.567017 0.000000 -0.043000 0.334000 -0.023000 0.000000 0.000000
13:08:01 78.300003 -53.150002 0.000000 126.839996 351.106995 132.860001 9.772000 -3.060000 6.509000 0.004000 0.003800 13.272071 80.567017 0.000000 -0.043000 0.334000 -0.023000 0.000000 0.000000
13:08:01 78.300003 -53.150002 0.000000 126.839996 351.454010 132.860001 10.083000 -3.060000 6.630000 0.004000 0.003800 13.272075 80.567017 0.000000 -0.043000 0.334000 -0.023000 0.000000 0.000000
13:08:02 78.300003 -53.150002 0.000000 126.839996 351.536987 132.860001 10.166000 -3.060000 6.667000 1467264.582000 453098.224000 13.272076 80.567017 0.000000 -0.043000 0.334000 -0.023000 0.000000 0.000000
13:08:02 78.300003 -53.150002 0.000000 126.839996 351.536987 132.860001 10.166000 -3.060000 6.667000 1467264.699000 453098.226000 13.272076 80.567017 0.000000 -0.043000 0.334000 -0.023000 0.000000 0.000000
13:08:02 78.199997 -53.150002 0.000000 126.839996 351.536987 132.860001 10.166000 -3.060000 6.667000 0.004000 0.003800 13.272076 80.567017 0.000000 -0.043000 0.334000 -0.023000 0.000000 0.000000
13:08:02 78.199997 -53.150002 0.000000 126.839996 351.536987 132.860001 10.166000 -3.060000 6.667000 0.004000 0.003800 13.272076 80.567017 0.000000 -0.043000 0.334000 -0.023000 0.000000 0.000000
13:08:03 78.199997 -53.150002 0.000000 126.839996 351.932007 132.860001 10.606000 -3.060000 7.134000 0.004000 0.003800 13.272081 80.567017 0.000000 -0.043000 0.334000 -0.023000 0.000000 0.000000
13:08:03 78.099998 -53.150002 0.000000 126.839996 351.932007 132.860001 10.606000 -3.060000 7.134000 1467265.336000 453098.238000 13.272081 80.567017 0.000000 -0.043000 0.334000 -0.023000 0.000000 0.000000
13:08:03 78.099998 -53.150002 0.000000 126.839996 351.932007 132.860001 10.606000 -3.060000 7.134000 0.004000 0.003800 13.272081 80.567017 0.000000 -0.043000 0.334000 -0.023000 0.000000 0.000000
13:08:03 78.099998 -53.150002 0.000000 126.839996 352.230011 132.860001 10.954000 -3.060000 7.181000 1467265.590000 453098.238000 13.272086 80.567017 0.000000 -0.043000 0.334000 -0.023000 0.000000 0.000000
13:08:04 78.099998 -53.150002 0.000000 126.839996 352.303009 132.860001 11.039000 -3.060000 7.283000 1467265.842000 453098.222000 13.272087 80.567017 0.000000 -0.043000 0.334000 -0.023000 0.000000 0.000000
13:08:04 78.099998 -53.150002 0.000000 126.839996 352.303009 132.860001 11.039000 -3.060000 7.283000 1467265.969000 453098.222000 13.272087 80.567017 0.000000 -0.043000 0.334000 -0.023000 0.000000 0.000000
13:08:04 78.099998 -53.150002 0.000000 126.839996 352.303009 132.860001 11.039000 -3.060000 7.283000 0.004000 0.003800 13.272087 80.567017 0.000000 -0.043000 0.334000 -0.023000 0.000000 0.000000
13:08:04 78.099998 -53.150002 0.000000 126.839996 352.598999 132.860001 11.353000 -3.060000 7.464000 0.004000 0.003800 13.272092 80.567017 0.000000 -0.043000 0.334000 -0.023000 0.000000 0.000000
13:08:05 78.199997 -53.150002 0.000000 126.839996 352.674011 132.860001 11.420000 -3.060000 7.322000 1467266.504000 453098.211000 13.272094 80.567017 0.000000 -0.043000 0.334000 -0.023000 0.000000 0.000000
13:08:05 78.199997 -53.150002 0.000000 126.839996 352.674011 132.860001 11.420000 -3.060000 7.322000 1467266.631000 453098.211000 13.272094 80.567017 0.000000 -0.043000 0.334000 -0.023000 0.000000 0.000000
13:08:05 78.199997 -53.150002 0.000000 126.839996 352.674011 132.860001 11.420000 -3.060000 7.322000 1467266.758000 453098.211000 13.272094 80.567017 0.000000 -0.043000 0.334000 -0.023000 0.000000 0.000000
13:08:05 78.199997 -53.150002 0.000000 126.839996 352.674011 132.860001 11.420000 -3.060000 7.322000 1467266.885000 453098.211000 13.272094 80.567017 0.000000 -0.043000 0.334000 -0.023000 0.000000 0.000000
13:08:05 78.199997 -53.150002 0.000000 126.839996 352.674011 132.860001 11.420000 -3.060000 7.322000 1467267.049000 453098.199000 13.272094 80.567017 0.000000 -0.043000 0.334000 -0.023000 0.000000 0.000000
13:08:06 78.199997 -53.150002 0.000000 126.839996 352.674011 132.860001 11.420000 -3.060000 7.322000 1467267.176000 453098.199000 13.272094 80.567017 0.000000 -0.043000 0.334000 -0.023000 0.000000 0.000000
13:08:06 78.199997 -53.150002 0.000000 126.839996 352.674011 132.860001 11.420000 -3.060000 7.322000 1467267.303000 453098.199000 13.272094 80.567017 0.000000 -0.043000 0.334000 -0.023000 0.000000 0.000000
13:08:06 78.199997 -53.150002 0.000000 126.839996 352.674011 132.860001 11.420000 -3.060000 7.322000 1467267.430000 453098.199000 13.272094 80.567017 0.000000 -0.043000 0.334000 -0.023000 0.000000 0.000000
13:08:06 78.199997 -53.150002 0.000000 126.839996 353.428986 132.860001 11.832000 -3.060000 6.757000 0.004000 0.003800 13.272104 80.567017 0.000000 -0.043000 0.334000 -0.023000 0.000000 0.000000
13:08:07 78.199997 -53.150002 0.000000 126.839996 353.428986 132.860001 11.832000 -3.060000 6.757000 1467267.862000 453098.174000 13.272105 80.567017 0.000000 -0.043000 0.334000 -0.023000 0.000000 0.000000
13:08:07 78.199997 -53.150002 0.000000 126.839996 353.428986 132.860001 11.832000 -3.060000 6.757000 1467267.989000 453098.174000 13.272105 80.567017 0.000000 -0.043000 0.334000 -0.023000 0.000000 0.000000
13:08:07 78.199997 -53.150002 0.000000 126.839996 353.428986 132.860001 11.832000 -3.060000 6.757000 1467268.116000 453098.174000 13.272105 80.567017 0.000000 -0.043000 0.334000 -0.023000 0.000000 0.000000
13:08:07 78.199997 -53.150002 0.000000 126.839996 353.910004 132.860001 11.920000 -3.060000 6.443000 0.004000 0.003800 13.272111 80.567017 0.000000 -0.043000 0.334000 -0.023000 0.000000 0.000000
13:08:08 78.199997 -53.150002 0.000000 126.839996 354.010010 132.860001 11.929000 -3.060000 6.402000 1467268.531000 453098.150000 13.272112 80.567017 0.000000 -0.043000 0.334000 -0.023000 0.000000 0.000000
13:08:08 78.199997 -53.150002 0.000000 126.839996 354.010010 132.860001 11.929000 -3.060000 6.402000 1467268.648000 453098.150000 13.272112 80.567017 0.000000 -0.043000 0.334000 -0.023000 0.000000 0.000000
13:08:08 78.000000 -53.150002 0.000000 126.839996 354.010010 132.860001 11.929000 -3.060000 6.402000 0.004000 0.003800 13.272112 80.567017 0.000000 -0.043000 0.334000 -0.023000 0.000000 0.000000
13:08:08 78.000000 -53.150002 0.000000 126.839996 354.420013 132.860001 11.947000 -3.060000 6.417000 0.004000 0.003800 13.272117 80.567017 0.000000 -0.043000 0.334000 -0.023000 0.000000 0.000000
13:08:09 78.000000 -53.150002 0.000000 126.839996 354.523987 132.860001 11.949000 -3.060000 6.461000 1467269.177000 453098.152000 13.272118 80.567017 0.000000 -0.043000 0.334000 -0.023000 0.000000 0.000000
13:08:09 78.099998 -53.150002 0.000000 126.839996 354.523987 132.860001 11.949000 -3.060000 6.461000 1467269.294000 453098.154000 13.272118 80.567017 0.000000 -0.043000 0.334000 -0.023000 0.000000 0.000000
13:08:09 78.099998 -53.150002 0.000000 126.839996 354.523987 132.860001 11.949000 -3.060000 6.461000 0.004000 0.003800 13.272118 80.567017 0.000000 -0.043000 0.334000 -0.023000 0.000000 0.000000
13:08:09 78.099998 -53.150002 0.000000 126.839996 354.523987 132.860001 11.949000 -3.060000 6.461000 0.004000 0.003800 13.272118 80.567017 0.000000 -0.043000 0.334000 -0.023000 0.000000 0.000000
13:08:10 78.099998 -53.150002 0.000000 126.839996 355.033997 132.860001 11.953000 -3.060000 6.593000 0.004000 0.003800 13.272123 80.567017 0.000000 -0.043000 0.334000 -0.023000 0.000000 0.000000
13:08:10 78.099998 -53.150002 0.000000 126.839996 355.033997 132.860001 11.953000 -3.060000 6.593000 1467269.906000 453098.143000 13.272123 80.567017 0.000000 -0.043000 0.334000 -0.023000 0.000000 0.000000
13:08:10 78.099998 -53.150002 0.000000 126.839996 355.033997 132.860001 11.953000 -3.060000 6.593000 0.004000 0.003800 13.272123 80.567017 0.000000 -0.043000 0.334000 -0.023000 0.000000 0.000000
13:08:10 78.099998 -53.150002 0.000000 126.839996 355.433014 132.860001 11.957000 -3.060000 6.834000 0.004000 0.003800 13.272127 80.567017 0.000000 -0.043000 0.334000 -0.023000 0.000000 0.000000
13:08:11 78.099998 -53.150002 0.000000 126.839996 355.532013 132.860001 11.959000 -3.060000 6.900000 1467270.361000 453098.129000 13.272128 80.567017 0.000000 -0.043000 0.334000 -0.023000 0.000000 0.000000
13:08:11 78.099998 -53.150002 0.000000 126.839996 355.532013 132.860001 11.959000 -3.060000 6.900000 1467270.469000 453098.131000 13.272128 80.567017 0.000000 -0.043000 0.334000 -0.023000 0.000000 0.000000
13:08:11 78.099998 -53.150002 0.000000 126.839996 355.532013 132.860001 11.959000 -3.060000 6.900000 1467270.576000 453098.133000 13.272128 80.567017 0.000000 -0.043000 0.334000 -0.023000 0.000000 0.000000
13:08:11 78.099998 -53.150002 0.000000 126.839996 355.532013 132.860001 11.959000 -3.060000 6.900000 0.004000 0.003800 13.272128 80.567017 0.000000 -0.043000 0.334000 -0.023000 0.000000 0.000000
13:08:12 78.099998 -53.150002 0.000000 126.839996 356.022003 132.860001 11.962000 -3.060000 6.734000 0.004000 0.003800 13.272133 80.567017 0.000000 -0.043000 0.334000 -0.023000 0.000000 0.000000
13:08:12 78.099998 -53.150002 0.000000 126.839996 356.022003 132.860001 11.962000 -3.060000 6.734000 1467271.020000 453098.119000 13.272134 80.567017 0.000000 -0.043000 0.334000 -0.023000 0.000000 0.000000
13:08:12 78.099998 -53.150002 0.000000 126.839996 356.022003 132.860001 11.962000 -3.060000 6.734000 1467271.127000 453098.121000 13.272134 80.567017 0.000000 -0.043000 0.334000 -0.023000 0.000000 0.000000
13:08:12 78.099998 -53.150002 0.000000 126.839996 356.022003 132.860001 11.962000 -3.060000 6.734000 1467271.235000 453098.124000 13.272134 80.567017 0.000000 -0.043000 0.334000 -0.023000 0.000000 0.000000
13:08:12 78.099998 -53.150002 0.000000 126.839996 356.022003 132.860001 11.962000 -3.060000 6.734000 1467271.342000 453098.126000 13.272134 80.567017 0.000000 -0.043000 0.334000 -0.023000 0.000000 0.000000
13:08:13 78.099998 -53.150002 0.000000 126.839996 356.022003 132.860001 11.962000 -3.060000 6.734000 1467271.455000 453098.117000 13.272134 80.567017 0.000000 -0.043000 0.334000 -0.023000 0.000000 0.000000
13:08:13 78.099998 -53.150002 0.000000 126.839996 356.022003 132.860001 11.962000 -3.060000 6.734000 1467271.562000 453098.119000 13.272134 80.567017 0.000000 -0.043000 0.334000 -0.023000 0.000000 0.000000
13:08:13 78.099998 -53.150002 0.000000 126.839996 356.022003 132.860001 11.962000 -3.060000 6.734000 1467271.669000 453098.120000 13.272134 80.567017 0.000000 -0.043000 0.334000 -0.023000 0.000000 0.000000
13:08:13 78.099998 -53.150002 0.000000 126.839996 356.885986 132.860001 11.965000 -3.060000 6.907000 0.004000 0.003800 13.272142 80.567017 0.000000 -0.043000 0.334000 -0.023000 0.000000 0.000000
13:08:14 78.099998 -53.150002 0.000000 126.839996 356.981995 132.860001 11.961000 -3.060000 6.909000 1467272.005000 453098.117000 13.272143 80.567017 0.000000 -0.043000 0.334000 -0.023000 0.000000 0.000000
13:08:14 78.099998 -53.150002 0.000000 126.839996 356.981995 132.860001 11.961000 -3.060000 6.909000 1467272.122000 453098.117000 13.272143 80.567017 0.000000 -0.043000 0.334000 -0.023000 0.000000 0.000000
13:08:14 78.099998 -53.150002 0.000000 126.839996 356.981995 132.860001 11.961000 -3.060000 6.909000 1467272.239000 453098.117000 13.272143 80.567017 0.000000 -0.043000 0.334000 -0.023000 0.000000 0.000000
13:08:14 78.099998 -53.150002 0.000000 126.839996 356.981995 132.860001 11.961000 -3.060000 6.909000 1467272.356000 453098.117000 13.272143 80.567017 0.000000 -0.043000 0.334000 -0.023000 0.000000 0.000000
13:08:14 78.099998 -53.150002 0.000000 126.839996 356.981995 132.860001 11.961000 -3.060000 6.909000 1467272.474000 453098.117000 13.272143 80.567017 0.000000 -0.043000 0.334000 -0.023000 0.000000 0.000000
13:08:15 78.099998 -53.150002 0.000000 126.839996 356.981995 132.860001 11.961000 -3.060000 6.909000 1467272.563000 453098.105000 13.272143 80.567017 0.000000 -0.043000 0.334000 -0.023000 0.000000 0.000000
13:08:15 78.099998 -53.150002 0.000000 126.839996 356.981995 132.860001 11.961000 -3.060000 6.909000 1467272.681000 453098.105000 13.272143 80.567017 0.000000 -0.043000 0.334000 -0.023000 0.000000 0.000000
13:08:15 78.000000 -53.150002 0.000000 126.839996 356.981995 132.860001 11.961000 -3.060000 6.909000 0.004000 0.003800 13.272143 80.567017 0.000000 -0.043000 0.334000 -0.023000 0.000000 0.000000
13:08:15 78.000000 -53.150002 0.000000 126.839996 357.855988 132.860001 11.872000 -3.060000 7.212000 0.004000 0.003800 13.272152 80.567017 0.000000 -0.043000 0.334000 -0.023000 0.000000 0.000000
13:08:16 78.000000 -53.150002 0.000000 126.839996 357.954987 132.860001 11.852000 -3.060000 7.131000 1467273.152000 453098.080000 13.272154 80.567017 0.000000 -0.043000 0.334000 -0.023000 0.000000 0.000000
13:08:16 78.000000 -53.150002 0.000000 126.839996 357.954987 132.860001 11.852000 -3.060000 7.131000 1467273.270000 453098.078000 13.272154 80.567017 0.000000 -0.043000 0.334000 -0.023000 0.000000 0.000000
13:08:16 78.000000 -53.150002 0.000000 126.839996 357.954987 132.860001 11.852000 -3.060000 7.131000 0.004000 0.003800 13.272154 80.567017 0.000000 -0.043000 0.334000 -0.023000 0.000000 0.000000
13:08:16 78.000000 -53.150002 0.000000 126.839996 358.359009 132.860001 11.768000 -3.060000 7.258000 0.004000 0.003800 13.272158 80.567017 0.000000 -0.043000 0.334000 -0.023000 0.000000 0.000000
13:08:17 78.000000 -53.150002 0.000000 126.839996 358.359009 132.860001 11.768000 -3.060000 7.258000 1467273.772000 453098.043000 13.272159 80.567017 0.000000 -0.043000 0.334000 -0.023000 0.000000 0.000000
13:08:17 78.099998 -53.150002 0.000000 126.839996 358.359009 132.860001 11.768000 -3.060000 7.258000 1467273.899000 453098.040000 13.272159 80.567017 0.000000 -0.043000 0.334000 -0.023000 0.000000 0.000000
13:08:17 78.099998 -53.150002 0.000000 126.839996 358.359009 132.860001 11.768000 -3.060000 7.258000 0.004000 0.003800 13.272159 80.567017 0.000000 -0.043000 0.334000 -0.023000 0.000000 0.000000
13:08:17 78.099998 -53.150002 0.000000 126.839996 358.899994 132.860001 11.633000 -3.060000 7.103000 0.004000 0.003800 13.272163 80.567017 0.000000 -0.043000 0.334000 -0.023000 0.000000 0.000000
13:08:18 78.099998 -53.150002 0.000000 126.839996 359.014008 132.860001 11.604000 -3.060000 7.086000 1467274.407000 453098.031000 13.272165 80.567017 0.000000 -0.043000 0.334000 -0.023000 0.000000 0.000000
13:08:18 78.099998 -53.150002 0.000000 126.839996 359.014008 132.860001 11.604000 -3.060000 7.086000 1467274.547000 453098.003000 13.272165 80.567017 0.000000 -0.043000 0.334000 -0.023000 0.000000 0.000000
13:08:18 78.099998 -53.150002 0.000000 126.839996 359.014008 132.860001 11.604000 -3.060000 7.086000 0.004000 0.003800 13.272165 80.567017 0.000000 -0.043000 0.334000 -0.023000 0.000000 0.000000
13:08:18 78.099998 -53.150002 0.000000 126.839996 359.014008 132.860001 11.604000 -3.060000 7.086000 0.004000 0.003800 13.272165 80.567017 0.000000 -0.043000 0.334000 -0.023000 0.000000 0.000000
13:08:19 78.000000 -53.150002 0.000000 126.839996 359.612000 132.860001 11.457000 -3.060000 6.863000 0.004000 0.003800 13.272171 80.567017 0.000000 -0.043000 0.334000 -0.023000 0.000000 0.000000
13:08:19 78.000000 -53.150002 0.000000 126.839996 359.612000 132.860001 11.457000 -3.060000 6.863000 1467275.250000 453097.927000 13.272171 80.567017 0.000000 -0.043000 0.334000 -0.023000 0.000000 0.000000
13:08:19 78.000000 -53.150002 0.000000 126.839996 359.612000 132.860001 11.457000 -3.060000 6.863000 1467275.376000 453097.924000 13.272171 80.567017 0.000000 -0.043000 0.334000 -0.023000 0.000000 0.000000
13:08:19 78.000000 -53.150002 0.000000 126.839996 0.123000 132.860001 11.354000 -3.060000 6.837000 0.004000 0.003700 13.272176 80.567017 0.000000 -0.043000 0.334000 -0.023000 0.000000 0.000000
13:08:20 78.000000 -53.150002 0.000000 126.839996 0.255000 132.860001 11.333000 -3.060000 6.847000 1467275.757000 453097.917000 13.272177 80.567017 0.000000 -0.043000 0.334000 -0.023000 0.000000 0.000000
13:08:20 78.000000 -53.150002 0.000000 126.839996 0.255000 132.860001 11.333000 -3.060000 6.847000 1467275.893000 453097.928000 13.272177 80.567017 0.000000 -0.043000 0.334000 -0.023000 0.000000 0.000000
13:08:20 78.000000 -53.150002 0.000000 126.839996 0.255000 132.860001 11.333000 -3.060000 6.847000 1467276.020000 453097.926000 13.272177 80.567017 0.000000 -0.043000 0.334000 -0.023000 0.000000 0.000000
13:08:20 78.000000 -53.150002 0.000000 126.839996 0.792000 132.860001 11.266000 -3.060000 6.621000 0.004000 0.003700 13.272182 80.567017 0.000000 -0.043000 0.334000 -0.023000 0.000000 0.000000
13:08:21 78.000000 -53.150002 0.000000 126.839996 0.928000 132.860001 11.258000 -3.060000 6.639000 1467276.384000 453097.918000 13.272183 80.567017 0.000000 -0.043000 0.334000 -0.023000 0.000000 0.000000
13:08:21 78.000000 -53.150002 0.000000 126.839996 0.928000 132.860001 11.258000 -3.060000 6.639000 1467276.576000 453097.852000 13.272183 80.567017 0.000000 -0.043000 0.334000 -0.023000 0.000000 0.000000
13:08:21 77.900002 -53.150002 0.000000 126.839996 0.928000 132.860001 11.258000 -3.060000 6.639000 0.004000 0.003700 13.272183 80.567017 0.000000 -0.043000 0.334000 -0.023000 0.000000 0.000000
13:08:21 77.900002 -53.150002 0.000000 126.839996 1.473000 132.860001 11.257000 -3.060000 6.591000 0.004000 0.003700 13.272188 80.567017 0.000000 -0.043000 0.334000 -0.023000 0.000000 0.000000
13:08:22 77.900002 -53.150002 0.000000 126.839996 1.610000 132.860001 11.265000 -3.060000 6.515000 1467277.045000 453097.843000 13.272189 80.567017 0.000000 -0.043000 0.334000 -0.023000 0.000000 0.000000
13:08:22 77.900002 -53.150002 0.000000 126.839996 1.610000 132.860001 11.265000 -3.060000 6.515000 1467277.200000 453097.854000 13.272189 80.567017 0.000000 -0.043000 0.334000 -0.023000 0.000000 0.000000
13:08:22 77.900002 -53.150002 0.000000 126.839996 1.610000 132.860001 11.265000 -3.060000 6.515000 0.004000 0.003700 13.272189 80.567017 0.000000 -0.043000 0.334000 -0.023000 0.000000 0.000000
13:08:22 77.900002 -53.150002 0.000000 126.839996 2.149000 132.860001 11.334000 -3.060000 6.414000 0.004000 0.003700 13.272194 80.567017 0.000000 -0.043000 0.334000 -0.023000 0.000000 0.000000
13:08:23 77.900002 -53.150002 0.000000 126.839996 2.280000 132.860001 11.361000 -3.060000 6.476000 1467277.668000 453097.844000 13.272195 80.567017 0.000000 -0.043000 0.334000 -0.023000 0.000000 0.000000
13:08:23 77.900002 -53.150002 0.000000 126.839996 2.280000 132.860001 11.361000 -3.060000 6.476000 1467277.819000 453097.790000 13.272195 80.567017 0.000000 -0.043000 0.334000 -0.023000 0.000000 0.000000
13:08:23 77.900002 -53.150002 0.000000 126.839996 2.280000 132.860001 11.361000 -3.060000 6.476000 1467277.936000 453097.788000 13.272195 80.567017 0.000000 -0.043000 0.334000 -0.023000 0.000000 0.000000
13:08:23 77.900002 -53.150002 0.000000 126.839996 2.280000 132.860001 11.361000 -3.060000 6.476000 1467278.053000 453097.786000 13.272195 80.567017 0.000000 -0.043000 0.334000 -0.023000 0.000000 0.000000
13:08:23 77.900002 -53.150002 0.000000 126.839996 2.280000 132.860001 11.361000 -3.060000 6.476000 1467278.170000 453097.785000 13.272195 80.567017 0.000000 -0.043000 0.334000 -0.023000 0.000000 0.000000
13:08:24 77.900002 -53.150002 0.000000 126.839996 2.280000 132.860001 11.361000 -3.060000 6.476000 1467278.288000 453097.785000 13.272195 80.567017 0.000000 -0.043000 0.334000 -0.023000 0.000000 0.000000
13:08:24 77.900002 -53.150002 0.000000 126.839996 2.280000 132.860001 11.361000 -3.060000 6.476000 1467278.414000 453097.792000 13.272195 80.567017 0.000000 -0.043000 0.334000 -0.023000 0.000000 0.000000
13:08:24 77.900002 -53.150002 0.000000 126.839996 2.280000 132.860001 11.361000 -3.060000 6.476000 1467278.531000 453097.792000 13.272195 80.567017 0.000000 -0.043000 0.334000 -0.023000 0.000000 0.000000
13:08:24 77.900002 -53.150002 0.000000 126.839996 3.370000 132.860001 11.777000 -3.060000 7.190000 0.004000 0.003700 13.272204 80.567017 0.000000 -0.043000 0.334000 -0.023000 0.000000 0.000000
13:08:25 77.900002 -53.150002 0.000000 126.839996 3.482000 132.860001 11.836000 -3.060000 7.160000 1467278.882000 453097.792000 13.272205 80.567017 0.000000 -0.043000 0.334000 -0.023000 0.000000 0.000000
13:08:25 77.900002 -53.150002 0.000000 126.839996 3.482000 132.860001 11.836000 -3.060000 7.160000 1467278.960000 453097.729000 13.272205 80.567017 0.000000 -0.043000 0.334000 -0.023000 0.000000 0.000000
13:08:25 77.900002 -53.150002 0.000000 126.839996 3.482000 132.860001 11.836000 -3.060000 7.160000 1467279.078000 453097.729000 13.272205 80.567017 0.000000 -0.043000 0.334000 -0.023000 0.000000 0.000000
13:08:25 77.900002 -53.150002 0.000000 126.839996 3.916000 132.860001 12.080000 -3.060000 6.936000 0.004000 0.003700 13.272209 80.567017 0.000000 -0.043000 0.334000 -0.023000 0.000000 0.000000
13:08:26 77.900002 -53.150002 0.000000 126.839996 3.916000 132.860001 12.080000 -3.060000 6.936000 1467279.429000 453097.729000 13.272210 80.567017 0.000000 -0.043000 0.334000 -0.023000 0.000000 0.000000
13:08:26 77.900002 -53.150002 0.000000 126.839996 3.916000 132.860001 12.080000 -3.060000 6.936000 1467279.548000 453097.743000 13.272210 80.567017 0.000000 -0.043000 0.334000 -0.023000 0.000000 0.000000
13:08:26 77.900002 -53.150002 0.000000 126.839996 3.916000 132.860001 12.080000 -3.060000 6.936000 0.004000 0.003700 13.272210 80.567017 0.000000 -0.043000 0.334000 -0.023000 0.000000 0.000000
13:08:26 77.900002 -53.150002 0.000000 126.839996 4.450000 132.860001 12.374000 -3.060000 6.976000 0.004000 0.003700 13.272214 80.567017 0.000000 -0.043000 0.334000 -0.023000 0.000000 0.000000
13:08:27 77.900002 -53.150002 0.000000 126.839996 4.558000 132.860001 12.428000 -3.060000 6.975000 1467280.017000 453097.743000 13.272215 80.567017 0.000000 -0.043000 0.334000 -0.023000 0.000000 0.000000
13:08:27 77.900002 -53.150002 0.000000 126.839996 4.558000 132.860001 12.428000 -3.060000 6.975000 1467280.089000 453097.692000 13.272215 80.567017 0.000000 -0.043000 0.334000 -0.023000 0.000000 0.000000
13:08:27 77.900002 -53.150002 0.000000 126.839996 4.558000 132.860001 12.428000 -3.060000 6.975000 1467280.206000 453097.690000 13.272215 80.567017 0.000000 -0.043000 0.334000 -0.023000 0.000000 0.000000
13:08:27 77.800003 -53.150002 0.000000 126.839996 4.558000 132.860001 12.428000 -3.060000 6.975000 0.004000 0.003700 13.272215 80.567017 0.000000 -0.043000 0.334000 -0.023000 0.000000 0.000000
13:08:28 77.800003 -53.150002 0.000000 126.839996 5.101000 132.860001 12.649000 -3.060000 6.523000 0.004000 0.003700 13.272221 80.567017 0.000000 -0.043000 0.334000 -0.023000 0.000000 0.000000
13:08:28 77.800003 -53.150002 0.000000 126.839996 5.101000 132.860001 12.649000 -3.060000 6.523000 1467280.675000 453097.680000 13.272222 80.567017 0.000000 -0.043000 0.334000 -0.023000 0.000000 0.000000
13:08:28 77.800003 -53.150002 0.000000 126.839996 5.101000 132.860001 12.649000 -3.060000 6.523000 1467280.782000 453097.665000 13.272222 80.567017 0.000000 -0.043000 0.334000 -0.023000 0.000000 0.000000
13:08:28 77.800003 -53.150002 0.000000 126.839996 5.101000 132.860001 12.649000 -3.060000 6.523000 1467280.899000 453097.663000 13.272222 80.567017 0.000000 -0.043000 0.334000 -0.023000 0.000000 0.000000
13:08:28 77.800003 -53.150002 0.000000 126.839996 5.101000 132.860001 12.649000 -3.060000 6.523000 1467281.016000 453097.659000 13.272222 80.567017 0.000000 -0.043000 0.334000 -0.023000 0.000000 0.000000
13:08:29 77.800003 -53.150002 0.000000 126.839996 5.101000 132.860001 12.649000 -3.060000 6.523000 1467281.133000 453097.654000 13.272222 80.567017 0.000000 -0.043000 0.334000 -0.023000 0.000000 0.000000
13:08:29 77.800003 -53.150002 0.000000 126.839996 5.101000 132.860001 12.649000 -3.060000 6.523000 1467281.250000 453097.649000 13.272222 80.567017 0.000000 -0.043000 0.334000 -0.023000 0.000000 0.000000
13:08:29 77.800003 -53.150002 0.000000 126.839996 5.101000 132.860001 12.649000 -3.060000 6.523000 1467281.379000 453097.613000 13.272222 80.567017 0.000000 -0.043000 0.334000 -0.023000 0.000000 0.000000
13:08:29 77.800003 -53.150002 0.000000 126.839996 6.070000 132.860001 12.865000 -3.060000 6.829000 0.004000 0.003700 13.272230 80.567017 0.000000 -0.043000 0.334000 -0.023000 0.000000 0.000000
13:08:30 77.800003 -53.150002 0.000000 126.839996 6.174000 132.860001 12.874000 -3.060000 6.819000 1467281.731000 453097.598000 13.272231 80.567017 0.000000 -0.043000 0.334000 -0.023000 0.000000 0.000000
13:08:30 77.800003 -53.150002 0.000000 126.839996 6.174000 132.860001 12.874000 -3.060000 6.819000 1467281.848000 453097.590000 13.272231 80.567017 0.000000 -0.043000 0.334000 -0.023000 0.000000 0.000000
13:08:30 77.800003 -53.150002 0.000000 126.839996 6.174000 132.860001 12.874000 -3.060000 6.819000 1467281.994000 453097.561000 13.272231 80.567017 0.000000 -0.043000 0.334000 -0.023000 0.000000 0.000000
13:08:30 77.800003 -53.150002 0.000000 126.839996 6.174000 132.860001 12.874000 -3.060000 6.819000 1467282.111000 453097.554000 13.272231 80.567017 0.000000 -0.043000 0.334000 -0.023000 0.000000 0.000000
13:08:30 77.800003 -53.150002 0.000000 126.839996 6.174000 132.860001 12.874000 -3.060000 6.819000 1467282.229000 453097.546000 13.272231 80.567017 0.000000 -0.043000 0.334000 -0.023000 0.000000 0.000000
13:08:31 77.800003 -53.150002 0.000000 126.839996 6.174000 132.860001 12.874000 -3.060000 6.819000 1467282.346000 453097.539000 13.272231 80.567017 0.000000 -0.043000 0.334000 -0.023000 0.000000 0.000000
13:08:31 77.800003 -53.150002 0.000000 126.839996 6.174000 132.860001 12.874000 -3.060000 6.819000 1467282.463000 453097.532000 13.272231 80.567017 0.000000 -0.043000 0.334000 -0.023000 0.000000 0.000000
13:08:31 77.800003 -53.150002 0.000000 126.839996 6.174000 132.860001 12.874000 -3.060000 6.819000 0.004000 0.003700 13.272231 80.567017 0.000000 -0.043000 0.334000 -0.023000 0.000000 0.000000
13:08:31 77.800003 -53.150002 0.000000 126.839996 7.051000 132.860001 12.868000 -3.060000 7.230000 0.004000 0.003700 13.272242 80.567009 0.000000 -0.043000 0.334000 -0.023000 0.000000 0.000000
13:08:32 77.800003 -53.150002 0.000000 126.839996 7.143000 132.860001 12.859000 -3.060000 7.230000 1467282.976000 453097.450000 13.272243 80.567009 0.000000 -0.043000 0.334000 -0.023000 0.000000 0.000000
13:08:32 77.800003 -53.150002 0.000000 126.839996 7.143000 132.860001 12.859000 -3.060000 7.230000 1467283.093000 453097.443000 13.272243 80.567009 0.000000 -0.043000 0.334000 -0.023000 0.000000 0.000000
13:08:32 77.800003 -53.150002 0.000000 126.839996 7.143000 132.860001 12.859000 -3.060000 7.230000 1467283.258000 453097.397000 13.272243 80.567009 0.000000 -0.043000 0.334000 -0.023000 0.000000 0.000000
13:08:32 77.800003 -53.150002 0.000000 126.839996 7.143000 132.860001 12.859000 -3.060000 7.230000 1467283.375000 453097.390000 13.272243 80.567009 0.000000 -0.043000 0.334000 -0.023000 0.000000 0.000000
13:08:32 77.800003 -53.150002 0.000000 126.839996 7.143000 132.860001 12.859000 -3.060000 7.230000 1467283.492000 453097.382000 13.272243 80.567009 0.000000 -0.043000 0.334000 -0.023000 0.000000 0.000000
13:08:33 77.800003 -53.150002 0.000000 126.839996 7.143000 132.860001 12.859000 -3.060000 7.230000 1467283.609000 453097.375000 13.272243 80.567009 0.000000 -0.043000 0.334000 -0.023000 0.000000 0.000000
13:08:33 77.800003 -53.150002 0.000000 126.839996 7.143000 132.860001 12.859000 -3.060000 7.230000 1467283.727000 453097.368000 13.272243 80.567009 0.000000 -0.043000 0.334000 -0.023000 0.000000 0.000000
13:08:33 77.800003 -53.150002 0.000000 126.839996 7.143000 132.860001 12.859000 -3.060000 7.230000 0.004000 0.003700 13.272243 80.567009 0.000000 -0.043000 0.334000 -0.023000 0.000000 0.000000
13:08:33 77.800003 -53.150002 0.000000 126.839996 7.956000 132.860001 12.675000 -3.060000 6.934000 0.004000 0.003700 13.272253 80.567009 0.000000 -0.043000 0.334000 -0.023000 0.000000 0.000000
13:08:34 77.800003 -53.150002 0.000000 126.839996 8.046000 132.860001 12.644000 -3.060000 6.926000 1467284.226000 453097.352000 13.272254 80.567009 0.000000 -0.043000 0.334000 -0.023000 0.000000 0.000000
13:08:34 77.800003 -53.150002 0.000000 126.839996 8.046000 132.860001 12.644000 -3.060000 6.926000 1467284.343000 453097.347000 13.272254 80.567009 0.000000 -0.043000 0.334000 -0.023000 0.000000 0.000000
13:08:34 77.800003 -53.150002 0.000000 126.839996 8.046000 132.860001 12.644000 -3.060000 6.926000 0.004000 0.003700 13.272254 80.567009 0.000000 -0.043000 0.334000 -0.023000 0.000000 0.000000
13:08:34 77.800003 -53.150002 0.000000 126.839996 8.407000 132.860001 12.510000 -3.060000 6.803000 0.004000 0.003700 13.272259 80.567009 0.000000 -0.043000 0.334000 -0.023000 0.000000 0.000000
13:08:35 77.800003 -53.150002 0.000000 126.839996 8.407000 132.860001 12.510000 -3.060000 6.803000 1467284.876000 453097.231000 13.272260 80.567009 0.000000 -0.043000 0.334000 -0.023000 0.000000 0.000000
13:08:35 77.800003 -53.150002 0.000000 126.839996 8.407000 132.860001 12.510000 -3.060000 6.803000 1467284.993000 453097.224000 13.272261 80.567009 0.000000 -0.043000 0.334000 -0.023000 0.000000 0.000000
13:08:35 77.800003 -53.150002 0.000000 126.839996 8.407000 132.860001 12.510000 -3.060000 6.803000 1467285.136000 453097.170000 13.272261 80.567009 0.000000 -0.043000 0.334000 -0.023000 0.000000 0.000000
13:08:35 77.800003 -53.150002 0.000000 126.839996 8.407000 132.860001 12.510000 -3.060000 6.803000 1467285.253000 453097.165000 13.272261 80.567009 0.000000 -0.043000 0.334000 -0.023000 0.000000 0.000000
13:08:35 77.800003 -53.150002 0.000000 126.839996 8.407000 132.860001 12.510000 -3.060000 6.803000 1467285.370000 453097.158000 13.272261 80.567009 0.000000 -0.043000 0.334000 -0.023000 0.000000 0.000000
13:08:36 77.800003 -53.150002 0.000000 126.839996 8.407000 132.860001 12.510000 -3.060000 6.803000 1467285.487000 453097.153000 13.272261 80.567009 0.000000 -0.043000 0.334000 -0.023000 0.000000 0.000000
13:08:36 77.800003 -53.150002 0.000000 126.839996 8.407000 132.860001 12.510000 -3.060000 6.803000 1467285.604000 453097.148000 13.272261 80.567009 0.000000 -0.043000 0.334000 -0.023000 0.000000 0.000000
13:08:36 77.800003 -53.150002 0.000000 126.839996 8.407000 132.860001 12.510000 -3.060000 6.803000 0.004000 0.003700 13.272261 80.567009 0.000000 -0.043000 0.334000 -0.023000 0.000000 0.000000
13:08:36 77.800003 -53.150002 0.000000 126.839996 8.407000 132.860001 12.510000 -3.060000 6.803000 0.004000 0.003700 13.272261 80.567009 0.000000 -0.043000 0.334000 -0.023000 0.000000 0.000000
13:08:37 77.800003 -53.150002 0.000000 126.839996 9.365000 132.860001 12.153000 -3.060000 6.868000 0.004000 0.003700 13.272270 80.567009 0.000000 -0.043000 0.334000 -0.023000 0.000000 0.000000
13:08:37 77.800003 -53.150002 0.000000 126.839996 9.365000 132.860001 12.153000 -3.060000 6.868000 1467286.207000 453097.080000 13.272270 80.567009 0.000000 -0.043000 0.334000 -0.023000 0.000000 0.000000
13:08:37 77.800003 -53.150002 0.000000 126.839996 9.365000 132.860001 12.153000 -3.060000 6.868000 1467286.330000 453097.031000 13.272270 80.567009 0.000000 -0.043000 0.334000 -0.023000 0.000000 0.000000
13:08:37 77.800003 -53.150002 0.000000 126.839996 9.365000 132.860001 12.153000 -3.060000 6.868000 1467286.447000 453097.024000 13.272270 80.567009 0.000000 -0.043000 0.334000 -0.023000 0.000000 0.000000
13:08:37 77.800003 -53.150002 0.000000 126.839996 9.365000 132.860001 12.153000 -3.060000 6.868000 1467286.564000 453097.017000 13.272270 80.567009 0.000000 -0.043000 0.334000 -0.023000 0.000000 0.000000
13:08:38 77.800003 -53.150002 0.000000 126.839996 9.365000 132.860001 12.153000 -3.060000 6.868000 1467286.682000 453097.009000 13.272270 80.567009 0.000000 -0.043000 0.334000 -0.023000 0.000000 0.000000
13:08:38 77.800003 -53.150002 0.000000 126.839996 9.365000 132.860001 12.153000 -3.060000 6.868000 0.004000 0.003700 13.272270 80.567009 0.000000 -0.043000 0.334000 -0.023000 0.000000 0.000000
13:08:38 77.800003 -53.150002 0.000000 126.839996 9.365000 132.860001 12.153000 -3.060000 6.868000 0.004000 0.003700 13.272270 80.567009 0.000000 -0.043000 0.334000 -0.023000 0.000000 0.000000
13:08:38 77.800003 -53.150002 0.000000 126.839996 10.019000 132.860001 12.005000 -3.060000 6.808000 0.004000 0.003700 13.272280 80.567009 0.000000 -0.043000 0.334000 -0.023000 0.000000 0.000000
13:08:39 77.800003 -53.150002 0.000000 126.839996 10.082000 132.860001 12.000000 -3.060000 6.905000 1467287.269000 453096.934000 13.272281 80.567009 0.000000 -0.043000 0.334000 -0.023000 0.000000 0.000000
13:08:39 77.800003 -53.150002 0.000000 126.839996 10.082000 132.860001 12.000000 -3.060000 6.905000 1467287.386000 453096.926000 13.272281 80.567009 0.000000 -0.043000 0.334000 -0.023000 0.000000 0.000000
13:08:39 77.800003 -53.150002 0.000000 126.839996 10.082000 132.860001 12.000000 -3.060000 6.905000 1467287.503000 453096.919000 13.272281 80.567009 0.000000 -0.043000 0.334000 -0.023000 0.000000 0.000000
13:08:39 77.800003 -53.150002 0.000000 126.839996 10.082000 132.860001 12.000000 -3.060000 6.905000 1467287.625000 453096.873000 13.272281 80.567009 0.000000 -0.043000 0.334000 -0.023000 0.000000 0.000000
13:08:39 77.800003 -53.150002 0.000000 126.839996 10.082000 132.860001 12.000000 -3.060000 6.905000 1467287.742000 453096.865000 13.272281 80.567009 0.000000 -0.043000 0.334000 -0.023000 0.000000 0.000000
13:08:40 77.800003 -53.150002 0.000000 126.839996 10.082000 132.860001 12.000000 -3.060000 6.905000 1467287.859000 453096.858000 13.272281 80.567009 0.000000 -0.043000 0.334000 -0.023000 0.000000 0.000000
13:08:40 77.800003 -53.150002 0.000000 126.839996 10.082000 132.860001 12.000000 -3.060000 6.905000 1467287.976000 453096.851000 13.272281 80.567009 0.000000 -0.043000 0.334000 -0.023000 0.000000 0.000000
13:08:40 77.800003 -53.150002 0.000000 126.839996 10.082000 132.860001 12.000000 -3.060000 6.905000 0.004000 0.003600 13.272281 80.567009 0.000000 -0.043000 0.334000 -0.023000 0.000000 0.000000
13:08:40 77.800003 -53.150002 0.000000 126.839996 10.544000 132.860001 12.042000 -3.060000 7.006000 0.004000 0.003600 13.272291 80.567009 0.000000 -0.043000 0.334000 -0.023000 0.000000 0.000000
13:08:41 77.800003 -53.150002 0.000000 126.839996 10.585000 132.860001 12.056000 -3.060000 7.068000 1467288.452000 453096.769000 13.272292 80.567009 0.000000 -0.043000 0.334000 -0.023000 0.000000 0.000000
13:08:41 77.800003 -53.150002 0.000000 126.839996 10.585000 132.860001 12.056000 -3.060000 7.068000 1467288.569000 453096.762000 13.272292 80.567009 0.000000 -0.043000 0.334000 -0.023000 0.000000 0.000000
13:08:41 77.900002 -53.150002 0.000000 126.839996 10.585000 132.860001 12.056000 -3.060000 7.068000 1467288.687000 453096.755000 13.272292 80.567009 0.000000 -0.043000 0.334000 -0.023000 0.000000 0.000000
13:08:41 77.900002 -53.150002 0.000000 126.839996 10.585000 132.860001 12.056000 -3.060000 7.068000 1467288.816000 453096.695000 13.272292 80.567009 0.000000 -0.043000 0.334000 -0.023000 0.000000 0.000000
13:08:41 77.900002 -53.150002 0.000000 126.839996 10.585000 132.860001 12.056000 -3.060000 7.068000 1467288.934000 453096.688000 13.272292 80.567009 0.000000 -0.043000 0.334000 -0.023000 0.000000 0.000000
13:08:42 77.900002 -53.150002 0.000000 126.839996 10.585000 132.860001 12.056000 -3.060000 7.068000 1467289.051000 453096.680000 13.272292 80.567009 0.000000 -0.043000 0.334000 -0.023000 0.000000 0.000000
13:08:42 77.800003 -53.150002 0.000000 126.839996 10.585000 132.860001 12.056000 -3.060000 7.068000 1467289.168000 453096.671000 13.272292 80.567009 0.000000 -0.043000 0.334000 -0.023000 0.000000 0.000000
13:08:42 77.800003 -53.150002 0.000000 126.839996 10.585000 132.860001 12.056000 -3.060000 7.068000 0.004000 0.003600 13.272292 80.567009 0.000000 -0.043000 0.334000 -0.023000 0.000000 0.000000
13:08:42 77.800003 -53.150002 0.000000 126.839996 10.878000 132.860001 12.186000 -3.060000 6.737000 0.004000 0.003600 13.272302 80.567001 0.000000 -0.043000 0.334000 -0.023000 0.000000 0.000000
13:08:43 77.800003 -53.150002 0.000000 126.839996 10.906000 132.860001 12.201000 -3.060000 6.839000 1467289.664000 453096.590000 13.272303 80.567001 0.000000 -0.043000 0.334000 -0.023000 0.000000 0.000000
13:08:43 77.900002 -53.150002 0.000000 126.839996 10.906000 132.860001 12.201000 -3.060000 6.839000 1467289.781000 453096.583000 13.272303 80.567001 0.000000 -0.043000 0.334000 -0.023000 0.000000 0.000000
13:08:43 77.900002 -53.150002 0.000000 126.839996 10.906000 132.860001 12.201000 -3.060000 6.839000 1467289.898000 453096.573000 13.272303 80.567001 0.000000 -0.043000 0.334000 -0.023000 0.000000 0.000000
13:08:43 77.900002 -53.150002 0.000000 126.839996 11.013000 132.860001 12.249000 -3.060000 7.188000 0.004000 0.003600 13.272307 80.567001 0.000000 -0.043000 0.334000 -0.023000 0.000000 0.000000
13:08:44 77.900002 -53.150002 0.000000 126.839996 11.013000 132.860001 12.249000 -3.060000 7.188000 1467290.280000 453096.498000 13.272308 80.567001 0.000000 -0.043000 0.334000 -0.023000 0.000000 0.000000
13:08:44 77.900002 -53.150002 0.000000 126.839996 11.013000 132.860001 12.249000 -3.060000 7.188000 1467290.397000 453096.488000 13.272309 80.567001 0.000000 -0.043000 0.334000 -0.023000 0.000000 0.000000
13:08:44 77.900002 -53.150002 0.000000 126.839996 11.013000 132.860001 12.249000 -3.060000 7.188000 1467290.514000 453096.478000 13.272309 80.567001 0.000000 -0.043000 0.334000 -0.023000 0.000000 0.000000
13:08:44 77.900002 -53.150002 0.000000 126.839996 11.013000 132.860001 12.249000 -3.060000 7.188000 1467290.672000 453096.416000 13.272309 80.567001 0.000000 -0.043000 0.334000 -0.023000 0.000000 0.000000
13:08:44 77.900002 -53.150002 0.000000 126.839996 11.013000 132.860001 12.249000 -3.060000 7.188000 1467290.789000 453096.406000 13.272309 80.567001 0.000000 -0.043000 0.334000 -0.023000 0.000000 0.000000
13:08:45 77.900002 -53.150002 0.000000 126.839996 11.013000 132.860001 12.249000 -3.060000 7.188000 1467290.906000 453096.397000 13.272309 80.567001 0.000000 -0.043000 0.334000 -0.023000 0.000000 0.000000
13:08:45 77.900002 -53.150002 0.000000 126.839996 11.013000 132.860001 12.249000 -3.060000 7.188000 0.004000 0.003600 13.272309 80.567001 0.000000 -0.043000 0.334000 -0.023000 0.000000 0.000000
13:08:45 77.900002 -53.150002 0.000000 126.839996 11.013000 132.860001 12.249000 -3.060000 7.188000 0.004000 0.003600 13.272309 80.567001 0.000000 -0.043000 0.334000 -0.023000 0.000000 0.000000
13:08:45 77.900002 -53.150002 0.000000 126.839996 11.278000 132.860001 12.286000 -3.060000 7.290000 0.004000 0.003600 13.272319 80.567001 0.000000 -0.043000 0.334000 -0.023000 0.000000 0.000000
13:08:46 77.900002 -53.150002 0.000000 126.839996 11.306000 132.860001 12.283000 -3.060000 7.277000 1467291.528000 453096.295000 13.272320 80.567001 0.000000 -0.043000 0.334000 -0.023000 0.000000 0.000000
13:08:46 77.900002 -53.150002 0.000000 126.839996 11.306000 132.860001 12.283000 -3.060000 7.277000 1467291.645000 453096.286000 13.272320 80.567001 0.000000 -0.043000 0.334000 -0.023000 0.000000 0.000000
13:08:46 77.900002 -53.150002 0.000000 126.839996 11.306000 132.860001 12.283000 -3.060000 7.277000 1467291.763000 453096.276000 13.272320 80.567001 0.000000 -0.043000 0.334000 -0.023000 0.000000 0.000000
13:08:46 77.800003 -53.150002 0.000000 126.839996 11.306000 132.860001 12.283000 -3.060000 7.277000 1467291.928000 453096.214000 13.272320 80.567001 0.000000 -0.043000 0.334000 -0.023000 0.000000 0.000000
13:08:46 77.800003 -53.150002 0.000000 126.839996 11.306000 132.860001 12.283000 -3.060000 7.277000 1467292.045000 453096.204000 13.272320 80.567001 0.000000 -0.043000 0.334000 -0.023000 0.000000 0.000000
13:08:47 77.800003 -53.150002 0.000000 126.839996 11.306000 132.860001 12.283000 -3.060000 7.277000 1467292.163000 453096.194000 13.272320 80.567001 0.000000 -0.043000 0.334000 -0.023000 0.000000 0.000000
13:08:47 77.800003 -53.150002 0.000000 126.839996 11.306000 132.860001 12.283000 -3.060000 7.277000 0.004000 0.003600 13.272320 80.567001 0.000000 -0.043000 0.334000 -0.023000 0.000000 0.000000
13:08:47 77.800003 -53.150002 0.000000 126.839996 11.306000 132.860001 12.283000 -3.060000 7.277000 1467292.397000 453096.175000 13.272320 80.567001 0.000000 -0.043000 0.334000 -0.023000 0.000000 0.000000
13:08:47 77.800003 -53.150002 0.000000 126.839996 11.575000 132.860001 12.204000 -3.060000 7.024000 0.004000 0.003600 13.272330 80.567001 0.000000 -0.043000 0.334000 -0.023000 0.000000 0.000000
13:08:48 77.800003 -53.150002 0.000000 126.839996 11.608000 132.860001 12.186000 -3.060000 6.956000 1467292.800000 453096.111000 13.272331 80.567001 0.000000 -0.043000 0.334000 -0.023000 0.000000 0.000000
13:08:48 77.800003 -53.150002 0.000000 126.839996 11.608000 132.860001 12.186000 -3.060000 6.956000 1467292.917000 453096.103000 13.272331 80.567001 0.000000 -0.043000 0.334000 -0.023000 0.000000 0.000000
13:08:48 77.800003 -53.150002 0.000000 126.839996 11.608000 132.860001 12.186000 -3.060000 6.956000 1467293.034000 453096.096000 13.272331 80.567001 0.000000 -0.043000 0.334000 -0.023000 0.000000 0.000000
13:08:48 77.800003 -53.150002 0.000000 126.839996 11.608000 132.860001 12.186000 -3.060000 6.956000 1467293.151000 453096.089000 13.272331 80.567001 0.000000 -0.043000 0.334000 -0.023000 0.000000 0.000000
13:08:48 77.800003 -53.150002 0.000000 126.839996 11.608000 132.860001 12.186000 -3.060000 6.956000 1467293.309000 453096.042000 13.272331 80.567001 0.000000 -0.043000 0.334000 -0.023000 0.000000 0.000000
13:08:49 77.800003 -53.150002 0.000000 126.839996 11.608000 132.860001 12.186000 -3.060000 6.956000 1467293.426000 453096.035000 13.272331 80.567001 0.000000 -0.043000 0.334000 -0.023000 0.000000 0.000000
13:08:49 77.800003 -53.150002 0.000000 126.839996 11.608000 132.860001 12.186000 -3.060000 6.956000 1467293.543000 453096.028000 13.272331 80.567001 0.000000 -0.043000 0.334000 -0.023000 0.000000 0.000000
13:08:49 77.800003 -53.150002 0.000000 126.839996 11.608000 132.860001 12.186000 -3.060000 6.956000 0.004000 0.003600 13.272331 80.567001 0.000000 -0.043000 0.334000 -0.023000 0.000000 0.000000
13:08:49 77.800003 -53.150002 0.000000 126.839996 11.947000 132.860001 11.970000 -3.060000 6.623000 0.004000 0.003600 13.272342 80.567001 0.000000 -0.043000 0.334000 -0.023000 0.000000 0.000000
13:08:50 77.800003 -53.150002 0.000000 126.839996 11.988000 132.860001 11.943000 -3.060000 6.620000 1467294.045000 453095.947000 13.272343 80.567001 0.000000 -0.043000 0.334000 -0.023000 0.000000 0.000000
13:08:50 77.900002 -53.150002 0.000000 126.839996 11.988000 132.860001 11.943000 -3.060000 6.620000 1467294.163000 453095.939000 13.272343 80.567001 0.000000 -0.043000 0.334000 -0.023000 0.000000 0.000000
13:08:50 77.900002 -53.150002 0.000000 126.839996 11.988000 132.860001 11.943000 -3.060000 6.620000 0.004000 0.003500 13.272343 80.567001 0.000000 -0.043000 0.334000 -0.023000 0.000000 0.000000
13:08:50 77.900002 -53.150002 0.000000 126.839996 12.154000 132.860001 11.841000 -3.060000 6.844000 0.004000 0.003500 13.272346 80.566994 0.000000 -0.043000 0.334000 -0.023000 0.000000 0.000000
13:08:51 77.900002 -53.150002 0.000000 126.839996 12.195000 132.860001 11.817000 -3.060000 6.835000 1467294.652000 453095.867000 13.272348 80.566994 0.000000 -0.043000 0.334000 -0.023000 0.000000 0.000000
13:08:51 77.900002 -53.150002 0.000000 126.839996 12.195000 132.860001 11.817000 -3.060000 6.835000 1467294.769000 453095.857000 13.272348 80.566994 0.000000 -0.043000 0.334000 -0.023000 0.000000 0.000000
13:08:51 77.900002 -53.150002 0.000000 126.839996 12.195000 132.860001 11.817000 -3.060000 6.835000 1467294.885000 453095.847000 13.272348 80.566994 0.000000 -0.043000 0.334000 -0.023000 0.000000 0.000000
13:08:51 77.900002 -53.150002 0.000000 126.839996 12.195000 132.860001 11.817000 -3.060000 6.835000 1467294.993000 453095.837000 13.272348 80.566994 0.000000 -0.043000 0.334000 -0.023000 0.000000 0.000000
13:08:51 77.900002 -53.150002 0.000000 126.839996 12.195000 132.860001 11.817000 -3.060000 6.835000 1467295.125000 453095.788000 13.272348 80.566994 0.000000 -0.043000 0.334000 -0.023000 0.000000 0.000000
13:08:52 77.800003 -53.150002 0.000000 126.839996 12.195000 132.860001 11.817000 -3.060000 6.835000 1467295.232000 453095.778000 13.272348 80.566994 0.000000 -0.043000 0.334000 -0.023000 0.000000 0.000000
13:08:52 77.800003 -53.150002 0.000000 126.839996 12.195000 132.860001 11.817000 -3.060000 6.835000 0.004000 0.003500 13.272348 80.566994 0.000000 -0.043000 0.334000 -0.023000 0.000000 0.000000
13:08:52 77.800003 -53.150002 0.000000 126.839996 12.510000 132.860001 11.670000 -3.060000 7.032000 0.004000 0.003500 13.272356 80.566994 0.000000 -0.043000 0.334000 -0.023000 0.000000 0.000000
13:08:52 77.900002 -53.150002 0.000000 126.839996 12.510000 132.860001 11.661000 -3.060000 7.126000 1467295.712000 453095.687000 13.272357 80.566994 0.000000 -0.043000 0.334000 -0.023000 0.000000 0.000000
13:08:53 77.900002 -53.150002 0.000000 126.839996 12.510000 132.860001 11.661000 -3.060000 7.126000 1467295.820000 453095.677000 13.272359 80.566994 0.000000 -0.043000 0.334000 -0.023000 0.000000 0.000000
13:08:53 77.900002 -53.150002 0.000000 126.839996 12.510000 132.860001 11.661000 -3.060000 7.126000 1467295.928000 453095.667000 13.272359 80.566994 0.000000 -0.043000 0.334000 -0.023000 0.000000 0.000000
13:08:53 77.900002 -53.150002 0.000000 126.839996 12.510000 132.860001 11.661000 -3.060000 7.126000 1467296.045000 453095.657000 13.272359 80.566994 0.000000 -0.043000 0.334000 -0.023000 0.000000 0.000000
13:08:53 77.900002 -53.150002 0.000000 126.839996 12.510000 132.860001 11.661000 -3.060000 7.126000 1467296.162000 453095.648000 13.272359 80.566994 0.000000 -0.043000 0.334000 -0.023000 0.000000 0.000000
13:08:53 77.900002 -53.150002 0.000000 126.839996 12.510000 132.860001 11.661000 -3.060000 7.126000 1467296.303000 453095.598000 13.272359 80.566994 0.000000 -0.043000 0.334000 -0.023000 0.000000 0.000000
13:08:54 77.900002 -53.150002 0.000000 126.839996 12.510000 132.860001 11.661000 -3.060000 7.126000 1467296.420000 453095.589000 13.272359 80.566994 0.000000 -0.043000 0.334000 -0.023000 0.000000 0.000000
13:08:54 77.900002 -53.150002 0.000000 126.839996 12.510000 132.860001 11.661000 -3.060000 7.126000 1467296.537000 453095.579000 13.272359 80.566994 0.000000 -0.043000 0.334000 -0.023000 0.000000 0.000000
13:08:54 78.000000 -53.150002 0.000000 126.839996 12.836000 132.860001 11.650000 -3.060000 6.944000 0.004000 0.003500 13.272367 80.566994 0.000000 -0.043000 0.334000 -0.023000 0.000000 0.000000
13:08:54 78.000000 -53.150002 0.000000 126.839996 12.836000 132.860001 11.650000 -3.060000 6.944000 1467296.897000 453095.497000 13.272368 80.566994 0.000000 -0.043000 0.334000 -0.023000 0.000000 0.000000
13:08:55 78.000000 -53.150002 0.000000 126.839996 12.836000 132.860001 11.650000 -3.060000 6.944000 1467297.014000 453095.487000 13.272369 80.566994 0.000000 -0.043000 0.334000 -0.023000 0.000000 0.000000
13:08:55 78.000000 -53.150002 0.000000 126.839996 12.836000 132.860001 11.650000 -3.060000 6.944000 1467297.131000 453095.475000 13.272369 80.566994 0.000000 -0.043000 0.334000 -0.023000 0.000000 0.000000
13:08:55 78.000000 -53.150002 0.000000 126.839996 12.836000 132.860001 11.650000 -3.060000 6.944000 1467297.249000 453095.463000 13.272369 80.566994 0.000000 -0.043000 0.334000 -0.023000 0.000000 0.000000
13:08:55 78.000000 -53.150002 0.000000 126.839996 12.836000 132.860001 11.650000 -3.060000 6.944000 1467297.366000 453095.451000 13.272369 80.566994 0.000000 -0.043000 0.334000 -0.023000 0.000000 0.000000
13:08:55 78.000000 -53.150002 0.000000 126.839996 12.836000 132.860001 11.650000 -3.060000 6.944000 1467297.505000 453095.395000 13.272369 80.566994 0.000000 -0.043000 0.334000 -0.023000 0.000000 0.000000
13:08:56 78.000000 -53.150002 0.000000 126.839996 12.836000 132.860001 11.650000 -3.060000 6.944000 1467297.622000 453095.383000 13.272369 80.566994 0.000000 -0.043000 0.334000 -0.023000 0.000000 0.000000
13:08:56 78.000000 -53.150002 0.000000 126.839996 12.836000 132.860001 11.650000 -3.060000 6.944000 1467297.739000 453095.371000 13.272369 80.566994 0.000000 -0.043000 0.334000 -0.023000 0.000000 0.000000
13:08:56 78.000000 -53.150002 0.000000 126.839996 12.836000 132.860001 11.650000 -3.060000 6.944000 0.004000 0.003500 13.272369 80.566994 0.000000 -0.043000 0.334000 -0.023000 0.000000 0.000000
13:08:56 78.000000 -53.150002 0.000000 126.839996 13.092000 132.860001 11.788000 -3.060000 7.159000 0.004000 0.003500 13.272379 80.566994 0.000000 -0.043000 0.334000 -0.023000 0.000000 0.000000
13:08:57 78.000000 -53.150002 0.000000 126.839996 13.111000 132.860001 11.802000 -3.060000 7.162000 1467298.243000 453095.269000 13.272380 80.566994 0.000000 -0.043000 0.334000 -0.023000 0.000000 0.000000
13:08:57 78.000000 -53.150002 0.000000 126.839996 13.111000 132.860001 11.802000 -3.060000 7.162000 1467298.360000 453095.257000 13.272380 80.566994 0.000000 -0.043000 0.334000 -0.023000 0.000000 0.000000
13:08:57 78.000000 -53.150002 0.000000 126.839996 13.111000 132.860001 11.802000 -3.060000 7.162000 1467298.478000 453095.245000 13.272380 80.566994 0.000000 -0.043000 0.334000 -0.023000 0.000000 0.000000
13:08:57 78.000000 -53.150002 0.000000 126.839996 13.111000 132.860001 11.802000 -3.060000 7.162000 1467298.595000 453095.233000 13.272380 80.566994 0.000000 -0.043000 0.334000 -0.023000 0.000000 0.000000
13:08:57 78.000000 -53.150002 0.000000 126.839996 13.111000 132.860001 11.802000 -3.060000 7.162000 1467298.760000 453095.168000 13.272380 80.566994 0.000000 -0.043000 0.334000 -0.023000 0.000000 0.000000
13:08:58 78.000000 -53.150002 0.000000 126.839996 13.111000 132.860001 11.802000 -3.060000 7.162000 1467298.877000 453095.158000 13.272380 80.566994 0.000000 -0.043000 0.334000 -0.023000 0.000000 0.000000
13:08:58 78.000000 -53.150002 0.000000 126.839996 13.111000 132.860001 11.802000 -3.060000 7.162000 1467298.994000 453095.148000 13.272380 80.566994 0.000000 -0.043000 0.334000 -0.023000 0.000000 0.000000
13:08:58 78.000000 -53.150002 0.000000 126.839996 13.246000 62.430000 11.924000 -2.660000 7.264000 1467299.229000 453095.129000 13.272389 80.566986 0.000000 -0.043000 0.334000 -0.023000 0.000000 0.000000
13:09:02 78.099998 -53.150002 0.000000 126.839996 13.308000 62.580002 11.964000 -2.830000 7.020000 1467299.750000 453095.037000 13.272394 80.566986 0.000000 -0.043000 0.334000 -0.023000 0.000000 0.000000
13:09:05 78.099998 -53.150002 0.000000 126.839996 14.646000 64.029999 12.104000 -2.960000 7.153000 0.004000 0.003500 13.272414 80.566986 0.000000 -0.043000 0.334000 -0.023000 0.000000 0.000000
13:09:07 78.099998 -53.150002 0.000000 126.839996 14.646000 65.180000 12.116000 -3.290000 6.858000 1467303.570000 453094.497000 13.272429 80.566986 0.000000 -0.043000 0.334000 -0.023000 0.000000 0.000000
13:09:09 78.300003 -53.150002 0.000000 126.839996 14.646000 66.669998 12.168000 -3.180000 6.902000 1467304.745000 453094.287000 13.272439 80.566978 0.000000 -0.043000 0.334000 -0.023000 0.000000 0.000000
13:09:11 78.300003 -53.150002 0.000000 126.839996 18.888000 67.919998 12.376000 -2.970000 7.321000 1467305.969000 453094.028000 13.272450 80.566978 0.000000 -0.043000 0.334000 -0.023000 0.000000 0.000000
13:09:13 78.300003 -53.150002 0.000000 126.839996 18.888000 69.430000 12.624000 -3.230000 7.193000 1467307.219000 453093.851000 13.272462 80.566978 0.000000 -0.043000 0.334000 -0.023000 0.000000 0.000000
13:09:15 78.300003 -53.150002 0.000000 126.839996 18.888000 71.010002 12.767000 -3.820000 6.400000 1467308.533000 453093.700000 13.272473 80.566978 0.000000 -0.043000 0.334000 -0.023000 0.000000 0.000000
13:09:17 78.300003 -53.150002 0.000000 126.839996 18.888000 72.540001 12.872000 -3.910000 6.732000 1467309.809000 453093.562000 13.272486 80.566978 0.000000 -0.043000 0.334000 -0.023000 0.000000 0.000000
13:09:19 78.400002 -53.150002 0.000000 126.839996 18.888000 74.120003 12.872000 -4.030000 6.732000 1467311.053000 453093.373000 13.272496 80.566971 0.000000 -0.043000 0.334000 -0.023000 0.000000 0.000000
13:09:21 78.400002 -53.150002 0.000000 126.839996 18.888000 75.489998 13.330000 -4.430000 6.106000 1467312.237000 453093.183000 13.272507 80.566971 0.000000 -0.043000 0.334000 -0.023000 0.000000 0.000000
13:09:23 78.400002 -53.150002 0.000000 126.839996 18.888000 77.000000 13.490000 -4.240000 6.350000 1467313.420000 453093.002000 13.272517 80.566971 0.000000 -0.043000 0.334000 -0.023000 0.000000 0.000000
13:09:25 78.500000 -53.150002 0.000000 126.839996 18.888000 78.599998 13.591000 -4.280000 6.588000 1467314.641000 453092.771000 13.272529 80.566971 0.000000 -0.043000 0.334000 -0.023000 0.000000 0.000000
13:09:27 78.500000 -53.150002 0.000000 126.839996 18.888000 80.050003 13.638000 -4.600000 6.256000 1467315.976000 453092.495000 13.272541 80.566963 0.000000 -0.043000 0.334000 -0.023000 0.000000 0.000000
13:09:29 78.599998 -53.150002 0.000000 126.839996 18.888000 81.379997 13.609000 -4.870000 6.002000 1467317.285000 453092.294000 13.272552 80.566963 0.000000 -0.043000 0.334000 -0.023000 0.000000 0.000000
13:09:31 78.599998 -53.150002 0.000000 126.839996 18.888000 82.820000 13.609000 -4.760000 6.002000 1467318.554000 453092.079000 13.272564 80.566963 0.000000 -0.043000 0.334000 -0.023000 0.000000 0.000000
13:09:33 78.699997 -53.150002 0.000000 126.839996 18.888000 84.349998 13.695000 -4.880000 5.866000 1467319.809000 453091.875000 13.272575 80.566963 0.000000 -0.043000 0.334000 -0.023000 0.000000 0.000000
13:09:35 78.800003 -53.150002 0.000000 126.839996 18.888000 85.889999 13.742000 -5.140000 5.707000 1467321.064000 453091.634000 13.272587 80.566956 0.000000 -0.043000 0.334000 -0.023000 0.000000 0.000000
13:09:37 78.800003 -53.150002 0.000000 126.839996 18.888000 87.599998 13.742000 -5.030000 5.707000 1467322.340000 453091.355000 13.272598 80.566956 0.000000 -0.043000 0.334000 -0.023000 0.000000 0.000000
13:09:39 78.900002 -53.150002 0.000000 126.839996 18.888000 89.059998 13.767000 -5.250000 5.746000 1467323.643000 453091.103000 13.272610 80.566956 0.000000 -0.043000 0.334000 -0.023000 0.000000 0.000000
13:09:41 78.900002 -53.150002 0.000000 126.839996 18.888000 90.669998 13.829000 -5.300000 5.457000 1467324.883000 453090.903000 13.272622 80.566948 0.000000 -0.043000 0.334000 -0.023000 0.000000 0.000000
13:09:43 79.000000 -53.150002 0.000000 126.839996 18.888000 92.500000 13.936000 -5.310000 5.539000 1467326.205000 453090.663000 13.272634 80.566948 0.000000 -0.043000 0.334000 -0.023000 0.000000 0.000000
13:09:45 79.000000 -53.150002 0.000000 126.839996 18.888000 94.190002 14.126000 -5.590000 5.360000 1467327.542000 453090.436000 13.272646 80.566948 0.000000 -0.043000 0.334000 -0.023000 0.000000 0.000000
13:09:47 79.000000 -53.150002 0.000000 126.839996 18.888000 95.860001 14.126000 -5.840000 5.360000 1467328.876000 453090.189000 13.272657 80.566940 0.000000 -0.043000 0.334000 -0.023000 0.000000 0.000000
13:09:49 79.099998 -53.150002 0.000000 126.839996 18.888000 97.529999 14.095000 -5.900000 5.152000 1467330.168000 453089.932000 13.272670 80.566940 0.000000 -0.043000 0.334000 -0.023000 0.000000 0.000000
13:09:51 79.199997 -53.150002 0.000000 126.839996 18.888000 99.349998 13.853000 -5.730000 5.204000 1467331.443000 453089.654000 13.272681 80.566940 0.000000 -0.043000 0.334000 -0.023000 0.000000 0.000000
13:09:53 79.300003 -53.150002 0.000000 126.839996 18.888000 101.070000 13.853000 -5.670000 5.204000 1467332.730000 453089.411000 13.272693 80.566933 0.000000 -0.043000 0.334000 -0.023000 0.000000 0.000000
13:09:55 79.300003 -53.150002 0.000000 126.839996 18.888000 102.739998 13.853000 -5.690000 5.204000 1467334.038000 453089.149000 13.272704 80.566933 0.000000 -0.043000 0.334000 -0.023000 0.000000 0.000000
13:09:57 79.400002 -53.150002 0.000000 126.839996 18.888000 104.410004 13.731000 -5.750000 4.820000 1467335.436000 453088.896000 13.272717 80.566933 0.000000 -0.043000 0.334000 -0.023000 0.000000 0.000000
13:09:59 79.400002 -53.150002 0.000000 126.839996 56.307999 106.169998 13.805000 -5.930000 4.719000 1467336.874000 453088.614000 13.272730 80.566925 0.000000 -0.043000 0.334000 -0.023000 0.000000 0.000000
13:10:00 79.400002 -53.150002 0.000000 126.839996 57.018002 106.169998 13.744000 -5.930000 4.620000 1467338.422000 453088.323000 13.272744 80.566925 0.000000 -0.043000 0.334000 -0.023000 0.000000 0.000000
13:10:02 79.500000 -53.150002 0.000000 126.839996 56.299999 106.169998 13.586000 -5.930000 4.602000 1467339.101000 453088.175000 13.272751 80.566925 0.000000 -0.043000 0.334000 -0.023000 0.000000 0.000000
13:10:04 79.699997 -53.150002 0.000000 126.839996 53.620998 106.169998 13.054000 -5.930000 4.582000 1467340.450000 453087.941000 13.272762 80.566925 0.000000 -0.043000 0.334000 -0.023000 0.000000 0.000000
13:10:06 79.699997 -53.150002 0.000000 126.839996 49.639000 106.169998 12.409000 -5.930000 4.790000 1467341.812000 453087.701000 13.272775 80.566917 0.000000 -0.043000 0.334000 -0.023000 0.000000 0.000000
13:10:08 79.800003 -53.150002 0.000000 126.839996 44.928001 106.169998 11.887000 -5.930000 5.195000 1467343.256000 453087.388000 13.272787 80.566917 0.000000 -0.043000 0.334000 -0.023000 0.000000 0.000000
13:10:10 79.800003 -53.150002 0.000000 126.839996 39.928001 106.169998 11.516000 -5.930000 5.000000 1467344.791000 453087.109000 13.272801 80.566917 0.000000 -0.043000 0.334000 -0.023000 0.000000 0.000000
13:10:12 79.699997 -53.150002 0.000000 126.839996 35.063000 106.169998 11.295000 -5.930000 5.087000 1467346.344000 453086.799000 13.272815 80.566910 0.000000 -0.043000 0.334000 -0.023000 0.000000 0.000000
13:10:14 79.800003 -53.150002 0.000000 126.839996 30.542000 106.169998 11.246000 -5.930000 5.874000 1467347.833000 453086.489000 13.272829 80.566910 0.000000 -0.043000 0.334000 -0.023000 0.000000 0.000000
13:10:16 79.699997 -53.150002 0.000000 126.839996 26.422001 106.169998 11.405000 -5.930000 5.486000 1467349.283000 453086.243000 13.272841 80.566910 0.000000 -0.043000 0.334000 -0.023000 0.000000 0.000000
13:10:18 79.699997 -53.150002 0.000000 126.839996 22.681000 106.169998 11.571000 -5.930000 5.610000 1467350.661000 453086.016000 13.272854 80.566902 0.000000 -0.043000 0.334000 -0.023000 0.000000 0.000000
13:10:20 79.699997 -53.150002 0.000000 126.839996 19.683001 106.169998 11.577000 -5.930000 6.427000 1467352.009000 453085.789000 13.272866 80.566902 0.000000 -0.043000 0.334000 -0.023000 0.000000 0.000000
13:10:22 79.800003 -53.150002 0.000000 126.839996 17.972000 106.169998 11.366000 -5.930000 5.929000 1467353.369000 453085.562000 13.272879 80.566902 0.000000 -0.043000 0.334000 -0.023000 0.000000 0.000000
13:10:24 79.599998 -53.150002 0.000000 126.839996 16.830000 106.169998 10.857000 -5.930000 5.912000 1467354.757000 453085.335000 13.272891 80.566902 0.000000 -0.043000 0.334000 -0.023000 0.000000 0.000000
13:10:26 79.599998 -53.150002 0.000000 126.839996 16.075001 106.169998 10.196000 -5.930000 6.255000 1467356.127000 453085.150000 13.272903 80.566895 0.000000 -0.043000 0.334000 -0.023000 0.000000 0.000000
13:10:28 79.599998 -53.150002 0.000000 126.839996 15.690000 106.169998 9.581000 -5.930000 6.475000 1467357.431000 453085.003000 13.272916 80.566895 0.000000 -0.043000 0.334000 -0.023000 0.000000 0.000000
13:10:30 79.599998 -53.150002 0.000000 126.839996 15.656000 106.169998 9.146000 -5.930000 6.304000 1467358.721000 453084.878000 13.272927 80.566895 0.000000 -0.043000 0.334000 -0.023000 0.000000 0.000000
13:10:32 79.500000 -53.150002 0.000000 126.839996 15.887000 106.169998 8.913000 -5.930000 6.246000 1467360.021000 453084.792000 13.272939 80.566895 0.000000 -0.043000 0.334000 -0.023000 0.000000 0.000000
13:10:34 79.400002 -53.150002 0.000000 126.839996 16.332001 106.169998 8.901000 -5.930000 5.937000 1467361.337000 453084.693000 13.272951 80.566895 0.000000 -0.043000 0.334000 -0.023000 0.000000 0.000000
13:10:36 79.300003 -53.150002 0.000000 126.839996 17.007000 106.169998 9.252000 -5.930000 5.979000 1467362.621000 453084.607000 13.272963 80.566895 0.000000 -0.043000 0.334000 -0.023000 0.000000 0.000000
13:10:38 79.300003 -53.150002 0.000000 126.839996 17.927999 106.169998 9.920000 -5.930000 5.783000 1467363.878000 453084.521000 13.272974 80.566895 0.000000 -0.043000 0.334000 -0.023000 0.000000 0.000000
13:10:40 79.300003 -53.150002 0.000000 126.839996 19.024000 106.169998 10.677000 -5.930000 6.055000 1467365.138000 453084.409000 13.272985 80.566887 0.000000 -0.043000 0.334000 -0.023000 0.000000 0.000000
13:10:42 79.300003 -53.150002 0.000000 126.839996 20.263000 106.169998 11.349000 -5.930000 6.309000 1467366.408000 453084.272000 13.272997 80.566887 0.000000 -0.043000 0.334000 -0.023000 0.000000 0.000000
13:10:44 79.300003 -53.150002 0.000000 126.839996 21.625999 106.169998 11.909000 -5.930000 6.186000 1467367.649000 453084.160000 13.273008 80.566887 0.000000 -0.043000 0.334000 -0.023000 0.000000 0.000000
13:10:46 79.300003 -53.150002 0.000000 126.839996 23.158001 106.169998 12.239000 -5.930000 5.853000 1467368.898000 453084.028000 13.273019 80.566887 0.000000 -0.043000 0.334000 -0.023000 0.000000 0.000000
13:10:48 79.400002 -53.150002 0.000000 126.839996 24.412001 106.169998 12.188000 -5.930000 5.909000 1467370.125000 453083.889000 13.273030 80.566887 0.000000 -0.043000 0.334000 -0.023000 0.000000 0.000000
13:10:50 79.400002 -53.150002 0.000000 126.839996 24.863001 106.169998 11.785000 -5.930000 5.829000 1467371.367000 453083.713000 13.273042 80.566887 0.000000 -0.043000 0.334000 -0.023000 0.000000 0.000000
13:10:52 79.400002 -53.150002 0.000000 126.839996 24.906000 106.169998 11.298000 -5.930000 5.867000 1467372.632000 453083.524000 13.273053 80.566879 0.000000 -0.043000 0.334000 -0.023000 0.000000 0.000000
13:10:54 79.500000 -53.150002 0.000000 126.839996 24.667999 106.169998 10.854000 -5.930000 6.113000 1467373.936000 453083.310000 13.273065 80.566879 0.000000 -0.043000 0.334000 -0.023000 0.000000 0.000000
13:10:56 79.500000 -53.150002 0.000000 126.839996 24.157000 106.169998 10.508000 -5.930000 5.904000 1467375.257000 453083.079000 13.273077 80.566879 0.000000 -0.043000 0.334000 -0.023000 0.000000 0.000000
13:10:58 79.500000 -53.150002 0.000000 126.839996 23.358000 106.169998 10.296000 -5.930000 5.790000 1467376.641000 453082.834000 13.273089 80.566872 0.000000 -0.043000 0.334000 -0.023000 0.000000 0.000000
13:11:00 79.500000 -53.150002 0.000000 126.839996 22.304001 106.169998 10.229000 -5.930000 5.835000 1467378.005000 453082.586000 13.273102 80.566872 0.000000 -0.043000 0.334000 -0.023000 0.000000 0.000000
13:11:02 79.599998 -53.150002 0.000000 126.839996 21.569000 106.169998 10.350000 -5.930000 5.546000 1467379.312000 453082.379000 13.273113 80.566872 0.000000 -0.043000 0.334000 -0.023000 0.000000 0.000000
13:11:04 79.599998 -53.150002 0.000000 126.839996 21.809999 106.169998 10.731000 -5.930000 5.651000 1467380.578000 453082.194000 13.273125 80.566872 0.000000 -0.043000 0.334000 -0.023000 0.000000 0.000000
13:11:06 79.599998 -53.150002 0.000000 126.839996 22.535000 106.169998 11.158000 -5.930000 6.014000 1467381.894000 453082.024000 13.273137 80.566864 0.000000 -0.043000 0.334000 -0.023000 0.000000 0.000000
13:11:08 79.599998 -53.150002 0.000000 126.839996 23.608000 106.169998 11.535000 -5.930000 5.767000 1467383.278000 453081.849000 13.273149 80.566864 0.000000 -0.043000 0.334000 -0.023000 0.000000 0.000000
13:11:10 79.500000 -53.150002 0.000000 126.839996 24.591000 106.169998 11.748000 -5.930000 5.625000 1467384.681000 453081.635000 13.273162 80.566864 0.000000 -0.043000 0.334000 -0.023000 0.000000 0.000000
13:11:12 79.500000 -53.150002 0.000000 126.839996 24.858999 106.169998 11.688000 -5.930000 5.860000 1467386.032000 453081.420000 13.273174 80.566864 0.000000 -0.043000 0.334000 -0.023000 0.000000 0.000000
13:11:15 79.599998 -53.150002 0.000000 126.839996 24.827000 74.089996 11.393000 -3.720000 5.397000 1467387.524000 453081.203000 13.273188 80.566856 0.000000 -0.043000 0.334000 -0.023000 0.000000 0.000000
13:11:16 79.699997 -50.490002 0.000000 126.669998 30.023001 78.050003 11.625000 -3.890000 4.770000 1467389.066000 453080.997000 13.273201 80.566856 0.000000 -0.051000 0.331000 -0.006000 0.000000 0.000000
13:11:18 79.500000 -50.490002 0.000000 126.669998 35.313000 78.050003 12.105000 -3.890000 5.387000 1467389.845000 453080.936000 13.273209 80.566856 0.000000 -0.051000 0.331000 -0.006000 0.000000 0.000000
13:11:20 79.599998 -50.490002 0.000000 126.669998 46.577999 78.050003 13.347000 -3.890000 4.489000 1467391.204000 453080.824000 13.273221 80.566856 0.000000 -0.051000 0.331000 -0.006000 0.000000 0.000000
13:11:22 79.500000 -50.490002 0.000000 126.669998 59.410000 78.050003 14.933000 -3.890000 4.373000 1467392.647000 453080.698000 13.273233 80.566856 0.000000 -0.051000 0.331000 -0.006000 0.000000 0.000000
13:11:24 79.500000 -50.490002 0.000000 126.669998 72.089996 78.050003 16.610001 -3.890000 3.956000 1467394.129000 453080.546000 13.273247 80.566856 0.000000 -0.051000 0.331000 -0.006000 0.000000 0.000000
13:11:26 79.500000 -50.490002 0.000000 126.669998 82.528000 78.050003 17.622000 -3.890000 3.338000 1467395.602000 453080.372000 13.273260 80.566849 0.000000 -0.051000 0.331000 -0.006000 0.000000 0.000000
13:11:28 79.599998 -50.490002 0.000000 126.669998 90.647003 78.050003 17.534000 -3.890000 3.022000 1467397.037000 453080.184000 13.273273 80.566849 0.000000 -0.051000 0.331000 -0.006000 0.000000 0.000000
13:11:30 79.699997 -50.490002 0.000000 126.669998 96.820999 78.050003 16.375000 -3.890000 2.684000 1467398.445000 453079.996000 13.273286 80.566849 0.000000 -0.051000 0.331000 -0.006000 0.000000 0.000000
13:11:32 79.900002 -50.490002 0.000000 126.669998 101.456001 78.050003 14.642000 -3.890000 2.132000 1467399.918000 453079.770000 13.273299 80.566849 0.000000 -0.051000 0.331000 -0.006000 0.000000 0.000000
13:11:34 79.900002 -50.490002 0.000000 126.669998 105.146004 78.050003 12.781000 -3.890000 2.287000 1467401.439000 453079.559000 13.273314 80.566841 0.000000 -0.051000 0.331000 -0.006000 0.000000 0.000000
13:11:36 80.000000 -50.490002 0.000000 126.669998 108.305000 78.050003 11.144000 -3.890000 2.159000 1467403.096000 453079.301000 13.273329 80.566841 0.000000 -0.051000 0.331000 -0.006000 0.000000 0.000000
13:11:38 80.099998 -50.490002 0.000000 126.669998 111.138000 78.050003 10.018000 -3.890000 2.503000 1467404.771000 453079.084000 13.273344 80.566841 0.000000 -0.051000 0.331000 -0.006000 0.000000 0.000000
13:11:40 80.099998 -50.490002 0.000000 126.669998 113.290001 78.050003 9.313000 -3.890000 2.611000 1467406.371000 453078.940000 13.273358 80.566841 0.000000 -0.051000 0.331000 -0.006000 0.000000 0.000000
13:11:42 80.000000 -50.490002 0.000000 126.669998 114.054001 78.050003 8.876000 -3.890000 2.762000 1467407.910000 453078.849000 13.273373 80.566841 0.000000 -0.051000 0.331000 -0.006000 0.000000 0.000000
13:11:44 80.199997 -50.490002 0.000000 126.669998 114.030998 78.050003 8.711000 -3.890000 2.188000 1467409.415000 453078.775000 13.273386 80.566833 0.000000 -0.051000 0.331000 -0.006000 0.000000 0.000000
13:11:46 80.199997 -50.490002 0.000000 126.669998 113.575996 78.050003 9.153000 -3.890000 1.643000 1467411.021000 453078.676000 13.273400 80.566833 0.000000 -0.051000 0.331000 -0.006000 0.000000 0.000000
13:11:48 80.199997 -50.490002 0.000000 126.669998 112.882004 78.050003 10.301000 -3.890000 2.171000 1467412.674000 453078.577000 13.273415 80.566833 0.000000 -0.051000 0.331000 -0.006000 0.000000 0.000000
13:11:50 80.199997 -50.490002 0.000000 126.669998 112.019997 78.050003 11.635000 -3.890000 2.288000 1467414.413000 453078.487000 13.273431 80.566833 0.000000 -0.051000 0.331000 -0.006000 0.000000 0.000000
13:11:52 80.099998 -50.490002 0.000000 126.669998 111.019997 78.050003 12.741000 -3.890000 2.046000 1467416.118000 453078.405000 13.273446 80.566833 0.000000 -0.051000 0.331000 -0.006000 0.000000 0.000000
13:11:54 80.000000 -50.490002 0.000000 126.669998 109.886002 78.050003 13.572000 -3.890000 2.389000 1467417.694000 453078.347000 13.273460 80.566833 0.000000 -0.051000 0.331000 -0.006000 0.000000 0.000000
13:11:56 80.000000 -50.490002 0.000000 126.669998 109.050003 78.050003 14.020000 -3.890000 2.042000 1467419.221000 453078.304000 13.273474 80.566833 0.000000 -0.051000 0.331000 -0.006000 0.000000 0.000000
13:11:58 80.000000 -50.490002 0.000000 126.669998 109.151001 78.050003 14.087000 -3.890000 1.826000 1467420.771000 453078.224000 13.273488 80.566833 0.000000 -0.051000 0.331000 -0.006000 0.000000 0.000000
13:12:00 80.000000 -50.490002 0.000000 126.669998 109.563004 78.050003 13.743000 -3.890000 1.736000 1467422.396000 453078.081000 13.273502 80.566833 0.000000 -0.051000 0.331000 -0.006000 0.000000 0.000000
13:12:02 80.000000 -50.490002 0.000000 126.669998 110.139999 78.050003 12.985000 -3.890000 1.848000 1467424.103000 453077.946000 13.273519 80.566826 0.000000 -0.051000 0.331000 -0.006000 0.000000 0.000000
13:12:04 80.000000 -50.490002 0.000000 126.669998 110.884003 78.050003 11.978000 -3.890000 2.424000 1467425.785000 453077.799000 13.273534 80.566826 0.000000 -0.051000 0.331000 -0.006000 0.000000 0.000000
13:12:06 80.000000 -50.490002 0.000000 126.669998 111.761002 78.050003 11.064000 -3.890000 2.859000 1467427.396000 453077.717000 13.273548 80.566826 0.000000 -0.051000 0.331000 -0.006000 0.000000 0.000000
13:12:08 80.000000 -50.490002 0.000000 126.669998 112.502998 78.050003 10.437000 -3.890000 2.327000 1467428.963000 453077.643000 13.273562 80.566826 0.000000 -0.051000 0.331000 -0.006000 0.000000 0.000000
13:12:10 80.000000 -50.490002 0.000000 126.669998 112.288002 78.050003 10.249000 -3.890000 2.780000 1467430.544000 453077.569000 13.273577 80.566826 0.000000 -0.051000 0.331000 -0.006000 0.000000 0.000000
13:12:12 80.000000 -50.490002 0.000000 126.669998 111.581001 78.050003 10.399000 -3.890000 2.253000 1467432.142000 453077.457000 13.273591 80.566826 0.000000 -0.051000 0.331000 -0.006000 0.000000 0.000000
13:12:14 80.099998 -50.490002 0.000000 126.669998 110.596001 78.050003 10.915000 -3.890000 2.065000 1467433.735000 453077.372000 13.273605 80.566826 0.000000 -0.051000 0.331000 -0.006000 0.000000 0.000000
13:12:17 80.099998 -50.490002 0.000000 126.669998 109.808998 158.830002 11.722000 -6.520000 1.537000 1467435.506000 453077.309000 13.273622 80.566826 0.000000 -0.051000 0.331000 -0.006000 0.000000 0.000000
13:12:19 80.000000 -50.490002 0.000000 126.669998 110.179001 159.220001 12.683000 -6.430000 2.293000 1467437.578000 453077.216000 13.273641 80.566826 0.000000 -0.051000 0.331000 -0.006000 0.000000 0.000000
13:12:21 80.300003 -50.490002 0.000000 126.669998 110.767998 160.039993 12.911000 -6.560000 2.512000 1467439.204000 453077.106000 13.273655 80.566818 0.000000 -0.051000 0.331000 -0.006000 0.000000 0.000000
13:12:23 80.400002 -50.490002 0.000000 126.669998 111.445999 160.440002 12.751000 -7.060000 2.769000 1467440.786000 453076.969000 13.273669 80.566818 0.000000 -0.051000 0.331000 -0.006000 0.000000 0.000000
13:12:25 80.400002 -50.490002 0.000000 126.669998 111.732002 160.830002 12.336000 -7.160000 2.155000 1467442.340000 453076.818000 13.273684 80.566818 0.000000 -0.051000 0.331000 -0.006000 0.000000 0.000000
13:12:27 80.400002 -50.490002 0.000000 126.669998 110.942001 160.240005 11.753000 -6.090000 1.809000 1467443.895000 453076.676000 13.273698 80.566818 0.000000 -0.051000 0.331000 -0.006000 0.000000 0.000000
13:12:29 80.400002 -50.490002 0.000000 126.669998 109.912003 159.330002 11.196000 -5.260000 2.904000 1467445.479000 453076.551000 13.273712 80.566818 0.000000 -0.051000 0.331000 -0.006000 0.000000 0.000000
13:12:30 80.500000 -50.490002 0.000000 126.669998 109.634003 159.330002 10.842000 -5.260000 2.174000 1467447.075000 453076.438000 13.273726 80.566818 0.000000 -0.051000 0.331000 -0.006000 0.000000 0.000000
13:12:32 80.500000 -50.490002 0.000000 126.669998 109.607002 159.330002 10.841000 -5.260000 2.547000 1467448.002000 453076.394000 13.273735 80.566811 0.000000 -0.051000 0.331000 -0.006000 0.000000 0.000000
13:12:34 80.500000 -50.490002 0.000000 126.669998 109.723000 159.330002 11.089000 -5.260000 2.483000 1467449.590000 453076.271000 13.273748 80.566811 0.000000 -0.051000 0.331000 -0.006000 0.000000 0.000000
13:12:36 80.500000 -50.490002 0.000000 126.669998 110.066002 159.330002 11.532000 -5.260000 1.852000 1467451.167000 453076.185000 13.273763 80.566811 0.000000 -0.051000 0.331000 -0.006000 0.000000 0.000000
13:12:38 80.400002 -50.490002 0.000000 126.669998 110.617996 159.330002 12.136000 -5.260000 2.834000 1467452.740000 453076.059000 13.273777 80.566811 0.000000 -0.051000 0.331000 -0.006000 0.000000 0.000000
13:12:40 80.300003 -50.490002 0.000000 126.669998 111.259003 159.330002 12.585000 -5.260000 1.470000 1467454.293000 453075.947000 13.273791 80.566811 0.000000 -0.051000 0.331000 -0.006000 0.000000 0.000000
13:12:42 80.300003 -50.490002 0.000000 126.669998 111.639999 159.330002 12.887000 -5.260000 1.959000 1467455.832000 453075.847000 13.273806 80.566811 0.000000 -0.051000 0.331000 -0.006000 0.000000 0.000000
13:12:44 80.199997 -50.490002 0.000000 126.669998 110.831001 159.330002 12.952000 -5.260000 2.904000 1467457.394000 453075.748000 13.273819 80.566811 0.000000 -0.051000 0.331000 -0.006000 0.000000 0.000000
13:12:46 80.099998 -50.490002 0.000000 126.669998 109.773003 159.330002 12.835000 -5.260000 1.886000 1467458.989000 453075.687000 13.273834 80.566811 0.000000 -0.051000 0.331000 -0.006000 0.000000 0.000000
13:12:48 80.000000 -50.490002 0.000000 126.669998 109.214996 159.330002 12.623000 -5.260000 2.073000 1467460.625000 453075.587000 13.273849 80.566803 0.000000 -0.051000 0.331000 -0.006000 0.000000 0.000000
13:12:50 79.900002 -50.490002 0.000000 126.669998 108.693001 159.330002 12.355000 -5.260000 1.795000 1467462.238000 453075.488000 13.273863 80.566803 0.000000 -0.051000 0.331000 -0.006000 0.000000 0.000000
13:12:52 79.900002 -50.490002 0.000000 126.669998 108.170998 159.330002 12.171000 -5.260000 2.816000 1467463.873000 453075.363000 13.273878 80.566803 0.000000 -0.051000 0.331000 -0.006000 0.000000 0.000000
13:12:54 79.900002 -50.490002 0.000000 126.669998 107.662003 159.330002 11.972000 -5.260000 2.694000 1467465.484000 453075.232000 13.273892 80.566803 0.000000 -0.051000 0.331000 -0.006000 0.000000 0.000000
13:12:56 79.900002 -50.490002 0.000000 126.669998 107.205002 159.330002 11.810000 -5.260000 2.373000 1467467.122000 453075.095000 13.273907 80.566803 0.000000 -0.051000 0.331000 -0.006000 0.000000 0.000000
13:12:58 79.800003 -50.490002 0.000000 126.669998 106.829002 159.330002 11.674000 -5.260000 2.370000 1467468.752000 453074.944000 13.273922 80.566803 0.000000 -0.051000 0.331000 -0.006000 0.000000 0.000000
13:13:00 79.900002 -50.490002 0.000000 126.669998 106.542999 159.330002 11.632000 -5.260000 2.959000 1467470.346000 453074.807000 13.273936 80.566803 0.000000 -0.051000 0.331000 -0.006000 0.000000 0.000000
13:13:02 79.800003 -50.490002 0.000000 126.669998 106.323997 159.330002 11.670000 -5.260000 2.914000 1467471.914000 453074.669000 13.273951 80.566795 0.000000 -0.051000 0.331000 -0.006000 0.000000 0.000000
13:13:04 79.900002 -50.490002 0.000000 126.669998 106.191002 159.330002 11.861000 -5.260000 2.350000 1467473.481000 453074.490000 13.273965 80.566795 0.000000 -0.051000 0.331000 -0.006000 0.000000 0.000000
13:13:06 79.900002 -50.490002 0.000000 126.669998 106.216003 159.330002 12.243000 -5.260000 2.625000 1467475.056000 453074.325000 13.273979 80.566795 0.000000 -0.051000 0.331000 -0.006000 0.000000 0.000000
13:13:08 80.000000 -50.490002 0.000000 126.669998 106.473000 159.330002 12.658000 -5.260000 2.973000 1467476.645000 453074.083000 13.273993 80.566795 0.000000 -0.051000 0.331000 -0.006000 0.000000 0.000000
13:13:10 80.099998 -50.490002 0.000000 126.669998 107.015999 159.330002 12.956000 -5.260000 2.588000 1467478.233000 453073.843000 13.274008 80.566788 0.000000 -0.051000 0.331000 -0.006000 0.000000 0.000000
13:13:12 80.300003 -50.490002 0.000000 126.669998 107.867996 159.330002 13.117000 -5.260000 1.582000 1467479.794000 453073.604000 13.274021 80.566788 0.000000 -0.051000 0.331000 -0.006000 0.000000 0.000000
13:13:14 80.199997 -50.490002 0.000000 126.669998 108.967003 159.330002 13.227000 -5.260000 2.336000 1467481.337000 453073.390000 13.274035 80.566788 0.000000 -0.051000 0.331000 -0.006000 0.000000 0.000000
13:13:16 80.300003 -50.490002 0.000000 126.669998 110.207001 159.330002 13.160000 -5.260000 2.328000 1467482.835000 453073.254000 13.274050 80.566788 0.000000 -0.051000 0.331000 -0.006000 0.000000 0.000000
13:13:18 80.199997 -50.490002 0.000000 126.669998 111.514999 159.330002 12.928000 -5.260000 2.138000 1467484.377000 453073.078000 13.274063 80.566780 0.000000 -0.051000 0.331000 -0.006000 0.000000 0.000000
13:13:20 80.199997 -50.490002 0.000000 126.669998 112.539001 159.330002 12.608000 -5.260000 1.982000 1467485.972000 453072.890000 13.274077 80.566780 0.000000 -0.051000 0.331000 -0.006000 0.000000 0.000000
13:13:22 80.300003 -50.490002 0.000000 126.669998 112.403000 159.330002 12.332000 -5.260000 1.704000 1467487.572000 453072.701000 13.274092 80.566780 0.000000 -0.051000 0.331000 -0.006000 0.000000 0.000000
13:13:24 80.300003 -50.490002 0.000000 126.669998 111.488998 159.330002 12.283000 -5.260000 2.425000 1467489.217000 453072.483000 13.274107 80.566780 0.000000 -0.051000 0.331000 -0.006000 0.000000 0.000000
13:13:26 80.199997 -50.490002 0.000000 126.669998 110.010002 159.330002 12.388000 -5.260000 1.665000 1467490.831000 453072.334000 13.274121 80.566780 0.000000 -0.051000 0.331000 -0.006000 0.000000 0.000000
13:13:28 80.199997 -50.490002 0.000000 126.669998 108.626999 159.330002 12.734000 -5.260000 2.635000 1467492.426000 453072.223000 13.274137 80.566772 0.000000 -0.051000 0.331000 -0.006000 0.000000 0.000000
13:13:30 80.099998 -50.490002 0.000000 126.669998 108.000000 159.330002 13.079000 -5.260000 2.927000 1467494.046000 453072.073000 13.274151 80.566772 0.000000 -0.051000 0.331000 -0.006000 0.000000 0.000000
13:13:32 80.099998 -50.490002 0.000000 126.669998 107.614998 159.330002 13.237000 -5.260000 2.108000 1467495.665000 453071.927000 13.274165 80.566772 0.000000 -0.051000 0.331000 -0.006000 0.000000 0.000000
13:13:34 80.099998 -50.490002 0.000000 126.669998 107.392998 159.330002 13.271000 -5.260000 2.807000 1467497.290000 453071.762000 13.274180 80.566772 0.000000 -0.051000 0.331000 -0.006000 0.000000 0.000000
13:13:36 80.000000 -50.490002 0.000000 126.669998 107.320999 159.330002 13.117000 -5.260000 2.746000 1467498.935000 453071.569000 13.274195 80.566772 0.000000 -0.051000 0.331000 -0.006000 0.000000 0.000000
13:13:38 80.199997 -50.490002 0.000000 126.669998 107.387001 159.330002 12.774000 -5.260000 2.168000 1467500.593000 453071.369000 13.274210 80.566765 0.000000 -0.051000 0.331000 -0.006000 0.000000 0.000000
13:13:40 80.199997 -50.490002 0.000000 126.669998 107.573997 159.330002 12.397000 -5.260000 2.230000 1467502.254000 453071.135000 13.274224 80.566765 0.000000 -0.051000 0.331000 -0.006000 0.000000 0.000000
13:13:42 80.199997 -50.490002 0.000000 126.669998 107.883003 159.330002 12.155000 -5.260000 3.020000 1467503.826000 453070.960000 13.274239 80.566765 0.000000 -0.051000 0.331000 -0.006000 0.000000 0.000000
13:13:44 80.199997 -50.490002 0.000000 126.669998 108.334999 159.330002 12.003000 -5.260000 2.625000 1467505.370000 453070.810000 13.274253 80.566765 0.000000 -0.051000 0.331000 -0.006000 0.000000 0.000000
13:13:46 80.199997 -50.490002 0.000000 126.669998 108.986000 159.330002 11.984000 -5.260000 2.240000 1467506.905000 453070.630000 13.274267 80.566757 0.000000 -0.051000 0.331000 -0.006000 0.000000 0.000000
13:13:48 80.400002 -50.490002 0.000000 126.669998 109.848999 159.330002 12.082000 -5.260000 2.960000 1467508.482000 453070.437000 13.274281 80.566757 0.000000 -0.051000 0.331000 -0.006000 0.000000 0.000000
13:13:50 80.400002 -50.490002 0.000000 126.669998 110.902000 159.330002 12.165000 -5.260000 1.875000 1467510.062000 453070.211000 13.274295 80.566757 0.000000 -0.051000 0.331000 -0.006000 0.000000 0.000000
13:13:52 80.400002 -50.490002 0.000000 126.669998 112.108002 159.330002 12.305000 -5.260000 1.743000 1467511.671000 453069.988000 13.274310 80.566757 0.000000 -0.051000 0.331000 -0.006000 0.000000 0.000000
