13:45:56 0.900000 0.000000 0.000000 0.000000 130.438995 178.649994 0.640000 1.770000 8.960000 1473225.244000 452776.994000 13.325969 80.563957 0.000000 0.000000 0.000000 0.000000 0.000000 0.000000
13:45:57 0.900000 0.000000 0.000000 0.000000 132.261002 180.029999 -1.220000 9.580000 11.103000 1473227.739000 452778.139000 13.325992 80.563965 0.000000 0.000000 0.000000 0.000000 0.000000 0.000000
13:45:58 0.800000 0.000000 0.000000 0.000000 132.261002 184.309998 -1.220000 -0.830000 11.103000 0.007000 0.005800 13.325992 80.563965 0.000000 0.000000 0.000000 0.000000 0.000000 0.000000
13:45:59 0.800000 0.000000 0.000000 0.000000 132.261002 181.899994 -1.220000 0.300000 11.103000 0.007000 0.005800 13.325992 80.563965 0.000000 0.000000 0.000000 0.000000 0.000000 0.000000
13:46:00 0.800000 0.000000 0.000000 0.000000 132.261002 183.289993 -1.220000 -5.140000 11.103000 0.007000 0.005800 13.325992 80.563965 0.000000 0.000000 0.000000 0.000000 0.000000 0.000000
13:46:01 0.800000 0.000000 0.000000 0.000000 132.261002 188.809998 -1.220000 -3.410000 11.103000 0.007000 0.005800 13.325992 80.563965 0.000000 0.000000 0.000000 0.000000 0.000000 0.000000
13:46:02 0.800000 0.000000 0.000000 0.000000 132.261002 184.619995 -1.220000 -9.470000 11.103000 0.007000 0.005800 13.325992 80.563965 0.000000 0.000000 0.000000 0.000000 0.000000 0.000000
13:46:03 0.900000 0.000000 0.000000 0.000000 135.662994 187.020004 22.851000 -13.850000 -0.643000 1473248.129000 452784.355000 13.326176 80.564026 0.000000 0.000000 0.000000 0.000000 0.000000 0.000000
13:46:04 1.000000 0.000000 0.000000 0.000000 132.059998 182.119995 22.698999 -11.490000 6.862300 1473251.508000 452785.649000 13.326206 80.564034 0.000000 0.000000 0.000000 0.000000 0.000000 0.000000
13:46:05 1.000000 0.000000 0.000000 0.000000 130.528000 184.619995 26.816000 -20.610001 1.016300 1473254.869000 452787.191000 13.326237 80.564049 0.000000 0.000000 0.000000 0.000000 0.000000 0.000000
13:46:06 1.200000 0.000000 0.000000 0.000000 132.082001 188.380005 27.767000 -17.260000 2.177300 1473258.321000 452788.848000 13.326268 80.564064 0.000000 -32.768002 -32.768002 -32.768002 0.000000 0.000000
13:46:07 1.300000 0.000000 0.000000 0.000000 132.417999 187.279999 26.590000 -14.470000 9.012300 1473262.393000 452790.445000 13.326304 80.564079 0.000000 -32.768002 -32.768002 -32.768002 0.000000 0.000000
13:46:08 1.300000 0.000000 0.000000 0.000000 132.417999 186.750000 26.590000 -17.010000 9.012300 1473265.089000 452791.475000 13.326329 80.564087 0.000000 -32.768002 -32.768002 -32.768002 0.000000 0.000000
13:46:09 1.800000 0.000000 0.000000 0.000000 135.076004 188.460007 25.167000 -18.280001 0.138300 1473269.501000 452792.894000 13.326369 80.564102 0.000000 -32.768002 -32.768002 -32.768002 0.000000 0.000000
13:46:10 2.000000 0.000000 0.000000 0.000000 138.445999 192.220001 25.825001 -17.370001 0.932300 1473273.567000 452794.049000 13.326406 80.564117 0.000000 -32.768002 -32.768002 -32.768002 0.000000 0.000000
13:46:11 2.200000 0.000000 0.000000 0.000000 142.369995 194.119995 24.521000 -14.690000 3.296300 1473279.116000 452795.641000 13.326456 80.564125 0.000000 -32.768002 -32.768002 -32.768002 0.000000 0.000000
13:46:12 2.400000 0.000000 0.000000 0.000000 142.369995 195.779999 24.521000 -14.200000 3.296300 0.007000 0.005500 13.326456 80.564125 0.000000 -32.768002 -32.768002 -32.768002 0.000000 0.000000
13:46:13 2.600000 0.000000 0.000000 0.000000 145.233002 196.399994 22.773001 -13.620000 1.667300 1473284.248000 452797.428000 13.326503 80.564148 0.000000 -32.768002 -32.768002 -32.768002 0.000000 0.000000
13:46:14 2.900000 0.000000 0.000000 0.000000 146.065002 197.309998 21.712999 -12.890000 2.494300 1473287.659000 452798.861000 13.326533 80.564156 0.000000 -32.768002 -32.768002 -32.768002 0.000000 0.000000
13:46:15 2.900000 0.000000 0.000000 0.000000 147.130005 198.509995 20.010000 -13.750000 2.087300 1473290.994000 452800.402000 13.326564 80.564171 0.000000 -32.768002 -32.768002 -32.768002 0.000000 0.000000
13:46:16 3.200000 0.000000 0.000000 0.000000 147.130005 199.850006 20.010000 -14.530000 2.087300 1473294.505000 452801.925000 13.326595 80.564186 0.000000 -32.768002 -32.768002 -32.768002 0.000000 0.000000
13:46:17 3.500000 0.000000 0.000000 0.000000 149.779007 201.320007 22.028000 -14.910000 1.923300 1473299.056000 452803.628000 13.326636 80.564201 0.000000 -32.768002 -32.768002 -32.768002 0.000000 0.000000
13:46:18 3.600000 0.000000 0.000000 0.000000 149.779007 202.889999 22.028000 -14.700000 1.923300 1473302.173000 452804.680000 13.326665 80.564209 0.000000 -32.768002 -32.768002 -32.768002 0.000000 0.000000
13:46:19 3.800000 0.000000 0.000000 0.000000 153.574005 204.669998 22.650000 -12.670000 2.766300 1473306.733000 452806.217000 13.326706 80.564224 0.000000 -32.768002 -32.768002 -32.768002 0.000000 0.000000
13:46:20 4.200000 0.000000 0.000000 0.000000 155.936005 206.020004 20.587999 -11.960000 2.450300 1473310.206000 452807.559000 13.326737 80.564240 0.000000 -32.768002 -32.768002 -32.768002 0.000000 0.000000
13:46:21 4.200000 0.000000 0.000000 0.000000 158.524994 207.899994 19.495001 -12.820000 1.737300 1473314.948000 452809.606000 13.326780 80.564255 0.000000 -32.768002 -32.768002 -32.768002 0.000000 0.000000
13:46:22 4.200000 0.000000 0.000000 0.000000 158.524994 210.380005 19.495001 -13.220000 1.737300 0.007000 0.005900 13.326780 80.564255 0.000000 -32.768002 -32.768002 -32.768002 0.000000 0.000000
13:46:23 4.400000 0.000000 0.000000 0.000000 161.893005 212.039993 20.177000 -11.130000 2.674300 1473319.878000 452811.672000 13.326825 80.564278 0.000000 -32.768002 -32.768002 -32.768002 0.000000 0.000000
13:46:24 4.900000 0.000000 0.000000 0.000000 163.210007 212.339996 19.507000 -11.090000 4.088300 1473323.391000 452813.141000 13.326857 80.564293 0.000000 -32.768002 -32.768002 -32.768002 0.000000 0.000000
13:46:25 5.100000 0.000000 0.000000 0.000000 164.037003 213.550003 19.537001 -11.840000 2.085300 1473326.876000 452814.690000 13.326888 80.564301 0.000000 -32.768002 -32.768002 -32.768002 0.000000 0.000000
13:46:26 5.300000 0.000000 0.000000 0.000000 164.037003 214.139999 19.537001 -10.390000 2.085300 1473330.292000 452816.241000 13.326888 80.564301 0.000000 -32.768002 -32.768002 -32.768002 0.000000 0.000000
13:46:27 5.600000 0.000000 0.000000 0.000000 164.679001 212.929993 17.620001 -10.680000 4.574300 1473333.685000 452817.724000 13.326950 80.564331 0.000000 -32.768002 -32.768002 -32.768002 0.000000 0.000000
13:46:28 5.600000 0.000000 0.000000 0.000000 164.679001 212.130005 17.620001 -11.960000 4.574300 1473337.205000 452819.133000 13.326950 80.564331 0.000000 -32.768002 -32.768002 -32.768002 0.000000 0.000000
13:46:29 6.000000 0.000000 0.000000 0.000000 162.806000 211.759995 19.433001 -11.960000 2.328300 1473341.608000 452820.752000 13.327022 80.564362 0.000000 -32.768002 -32.768002 -32.768002 0.000000 0.000000
13:46:30 6.300000 0.000000 0.000000 0.000000 162.604004 211.490005 19.545000 -10.320000 3.080300 1473345.255000 452822.044000 13.327055 80.564369 0.000000 -32.768002 -32.768002 -32.768002 0.000000 0.000000
13:46:31 6.500000 0.000000 0.000000 0.000000 162.901001 211.110001 18.934999 -10.480000 2.045300 1473350.115000 452823.982000 13.327099 80.564392 0.000000 -32.768002 -32.768002 -32.768002 0.000000 0.000000
13:46:32 6.700000 0.000000 0.000000 0.000000 163.940002 211.110001 18.590000 -10.480000 1.407300 1473353.463000 452825.559000 13.327128 80.564407 0.000000 -32.768002 -32.768002 -32.768002 0.000000 0.000000
13:46:33 7.000000 0.000000 0.000000 0.000000 165.014999 214.539993 18.183001 -10.120000 3.216300 1473355.422000 452826.531000 13.327147 80.564415 0.000000 -32.768002 -32.768002 -32.768002 0.000000 0.000000
13:46:34 7.300000 0.000000 0.000000 0.000000 166.703003 216.539993 17.368000 -10.110000 3.850300 1473358.023000 452827.839000 13.327170 80.564423 0.000000 -32.768002 -32.768002 -32.768002 0.000000 0.000000
13:46:35 7.300000 0.000000 0.000000 0.000000 168.498001 217.809998 16.679001 -9.860000 4.433300 1473361.314000 452829.380000 13.327200 80.564438 0.000000 -32.768002 -32.768002 -32.768002 0.000000 0.000000
13:46:36 7.500000 0.000000 0.000000 0.000000 169.494003 217.559998 17.246000 -10.580000 3.080300 1473365.423000 452831.044000 13.327237 80.564453 0.000000 -32.768002 -32.768002 -32.768002 0.000000 0.000000
13:46:37 7.900000 0.000000 0.000000 0.000000 169.639008 217.360001 17.924000 -10.640000 1.862300 1473368.257000 452832.108000 13.327263 80.564461 0.000000 -32.768002 -32.768002 -32.768002 0.000000 0.000000
13:46:38 8.300000 0.000000 0.000000 0.000000 169.639008 216.850006 17.924000 -9.820000 1.862300 1473371.789000 452833.484000 13.327263 80.564461 0.000000 -32.768002 -32.768002 -32.768002 0.000000 0.000000
13:46:39 8.500000 0.000000 0.000000 0.000000 168.442001 215.649994 17.750999 -10.440000 2.210300 1473375.861000 452835.246000 13.327332 80.564491 0.000000 -32.768002 -32.768002 -32.768002 0.000000 0.000000
13:46:40 8.800000 0.000000 0.000000 0.000000 167.453995 215.089996 16.983000 -10.950000 0.174300 1473379.107000 452836.806000 13.327361 80.564507 0.000000 -32.768002 -32.768002 -32.768002 0.000000 0.000000
13:46:41 9.000000 0.000000 0.000000 0.000000 167.453995 214.600006 16.455999 -9.520000 3.474300 1473382.936000 452838.690000 13.327395 80.564522 0.000000 -32.768002 -32.768002 -32.768002 0.000000 0.000000
13:46:42 9.300000 0.000000 0.000000 0.000000 165.725998 214.600006 16.684999 -9.520000 3.149300 1473386.882000 452840.546000 13.327432 80.564545 0.000000 -32.768002 -32.768002 -32.768002 0.000000 0.000000
13:46:43 9.500000 0.000000 0.000000 0.000000 165.742996 214.550003 16.972000 -9.950000 3.459300 1473388.889000 452841.435000 13.327450 80.564552 0.000000 -32.768002 -32.768002 -32.768002 0.000000 0.000000
13:46:44 9.800000 0.000000 0.000000 0.000000 165.981995 214.669998 17.412001 -10.310000 3.655300 1473391.628000 452842.598000 13.327475 80.564560 0.000000 -32.768002 -32.768002 -32.768002 0.000000 0.000000
13:46:45 10.000000 0.000000 0.000000 0.000000 166.356995 215.000000 17.886999 -9.890000 2.951300 1473395.048000 452843.973000 13.327505 80.564575 0.000000 -32.768002 -32.768002 -32.768002 0.000000 0.000000
13:46:46 10.200000 0.000000 0.000000 0.000000 166.671005 214.979996 17.891001 -9.310000 3.910300 1473399.076000 452845.592000 13.327541 80.564590 0.000000 -32.768002 -32.768002 -32.768002 0.000000 0.000000
13:46:47 10.500000 0.000000 0.000000 0.000000 166.854004 214.919998 17.548000 -10.430000 2.988300 1473401.715000 452846.715000 13.327565 80.564598 0.000000 -32.768002 -32.768002 -32.768002 0.000000 0.000000
13:46:48 10.500000 0.000000 0.000000 0.000000 166.854004 215.720001 17.548000 -10.990000 2.988300 1473404.983000 452848.185000 13.327565 80.564598 0.000000 -32.768002 -32.768002 -32.768002 0.000000 0.000000
13:46:49 11.100000 0.000000 0.000000 0.000000 168.223999 216.820007 17.865000 -10.520000 2.566300 1473408.956000 452850.017000 13.327631 80.564629 0.000000 -32.768002 -32.768002 -32.768002 0.000000 0.000000
13:46:50 11.300000 0.000000 0.000000 0.000000 169.298004 217.740005 18.275999 -10.400000 2.856300 1473412.300000 452851.583000 13.327662 80.564644 0.000000 -32.768002 -32.768002 -32.768002 0.000000 0.000000
13:46:51 11.900000 0.000000 0.000000 0.000000 169.298004 219.250000 17.973000 -9.990000 3.099300 1473416.235000 452853.480000 13.327697 80.564659 0.000000 -32.768002 -32.768002 -32.768002 0.000000 0.000000
13:46:52 11.900000 0.000000 0.000000 0.000000 172.669998 219.250000 17.073000 -9.990000 3.595300 1473420.012000 452855.348000 13.327731 80.564674 0.000000 -32.768002 -32.768002 -32.768002 0.000000 0.000000
13:46:53 12.100000 0.000000 0.000000 0.000000 173.699997 222.350006 16.693001 -9.280000 3.870300 1473421.884000 452856.271000 13.327748 80.564690 0.000000 -32.768002 -32.768002 -32.768002 0.000000 0.000000
13:46:54 12.100000 0.000000 0.000000 0.000000 175.067993 223.779999 16.490000 -9.300000 4.530300 1473424.405000 452857.433000 13.327771 80.564697 0.000000 -32.768002 -32.768002 -32.768002 0.000000 0.000000
13:46:55 12.400000 0.000000 0.000000 0.000000 176.619003 224.699997 16.750000 -10.340000 3.342300 1473427.645000 452858.862000 13.327800 80.564713 0.000000 -32.768002 -32.768002 -32.768002 0.000000 0.000000
13:46:56 12.900000 0.000000 0.000000 0.000000 177.921997 225.789993 17.344000 -10.370000 2.098300 1473431.000000 452860.262000 13.327830 80.564720 0.000000 -32.768002 -32.768002 -32.768002 0.000000 0.000000
13:46:57 13.200000 0.000000 0.000000 0.000000 179.009003 226.750000 17.792999 -9.710000 2.699300 1473434.406000 452861.705000 13.327862 80.564735 0.000000 -32.768002 -32.768002 -32.768002 0.000000 0.000000
13:46:58 13.500000 0.000000 0.000000 0.000000 179.009003 227.149994 17.792999 -10.230000 2.699300 1473437.771000 452863.213000 13.327862 80.564735 0.000000 -32.768002 -32.768002 -32.768002 0.000000 0.000000
13:46:59 13.700000 0.000000 0.000000 0.000000 180.585007 227.940002 17.326000 -10.080000 1.711300 1473441.671000 452865.075000 13.327928 80.564766 0.000000 -32.768002 -32.768002 -32.768002 0.000000 0.000000
13:47:00 14.000000 0.000000 0.000000 0.000000 181.100998 228.490005 16.973000 -8.910000 3.890300 1473444.838000 452866.635000 13.327956 80.564781 0.000000 -32.768002 -32.768002 -32.768002 0.000000 0.000000
13:47:01 14.300000 0.000000 0.000000 0.000000 181.100998 228.440002 16.608000 -9.490000 3.135300 1473448.568000 452868.477000 13.327990 80.564796 0.000000 -32.768002 -32.768002 -32.768002 0.000000 0.000000
13:47:02 14.500000 0.000000 0.000000 0.000000 181.100998 228.559998 16.608000 -10.190000 3.135300 1473451.705000 452870.024000 13.327990 80.564796 0.000000 -32.768002 -32.768002 -32.768002 0.000000 0.000000
13:47:03 14.800000 0.000000 0.000000 0.000000 181.927994 229.029999 16.507000 -10.420000 1.576300 1473453.608000 452870.951000 13.328035 80.564819 0.000000 -32.768002 -32.768002 -32.768002 0.000000 0.000000
13:47:04 15.100000 0.000000 0.000000 0.000000 182.363007 229.820007 16.797001 -9.340000 2.766300 1473456.798000 452872.477000 13.328064 80.564835 0.000000 -32.768002 -32.768002 -32.768002 0.000000 0.000000
13:47:05 15.300000 0.000000 0.000000 0.000000 182.910995 230.110001 17.028999 -9.210000 3.880300 1473460.038000 452874.014000 13.328094 80.564850 0.000000 -32.768002 -32.768002 -32.768002 0.000000 0.000000
13:47:06 15.600000 0.000000 0.000000 0.000000 183.526993 230.660004 16.896999 -9.020000 3.193300 1473463.254000 452875.552000 13.328122 80.564865 0.000000 -32.768002 -32.768002 -32.768002 0.000000 0.000000
13:47:07 15.600000 0.000000 0.000000 0.000000 184.175003 230.979996 16.459000 -9.350000 3.091300 1473466.413000 452877.109000 13.328151 80.564880 0.000000 -32.768002 -32.768002 -32.768002 0.000000 0.000000
13:47:08 16.200001 0.000000 0.000000 0.000000 184.175003 231.919998 16.459000 -9.640000 3.091300 1473469.512000 452878.665000 13.328179 80.564896 0.000000 -32.768002 -32.768002 -32.768002 0.000000 0.000000
13:47:09 16.500000 0.000000 0.000000 0.000000 186.024994 232.990005 16.024000 -9.390000 2.952300 1473473.299000 452880.573000 13.328214 80.564911 0.000000 -32.768002 -32.768002 -32.768002 0.000000 0.000000
13:47:10 16.700001 0.000000 0.000000 0.000000 187.173996 234.149994 16.219999 -9.130000 3.018300 1473476.485000 452882.134000 13.328242 80.564926 0.000000 -32.768002 -32.768002 -32.768002 0.000000 0.000000
13:47:11 17.000000 0.000000 0.000000 0.000000 187.173996 235.169998 16.219999 -8.700000 3.018300 1473480.331000 452883.973000 13.328277 80.564941 0.000000 -32.768002 -32.768002 -32.768002 0.000000 0.000000
13:47:12 17.299999 0.000000 0.000000 0.000000 187.173996 235.830002 16.219999 -9.530000 3.018300 1473483.527000 452885.482000 13.328277 80.564941 0.000000 -32.768002 -32.768002 -32.768002 0.000000 0.000000
13:47:13 17.600000 0.000000 0.000000 0.000000 190.253006 236.740005 16.198000 -9.190000 2.082300 1473485.413000 452886.377000 13.328323 80.564964 0.000000 -32.768002 -32.768002 -32.768002 0.000000 0.000000
13:47:14 17.600000 0.000000 0.000000 0.000000 190.975998 237.149994 16.207001 -9.130000 2.917300 1473488.560000 452887.905000 13.328352 80.564980 0.000000 -32.768002 -32.768002 -32.768002 0.000000 0.000000
13:47:15 17.900000 0.000000 0.000000 0.000000 191.432007 237.350006 16.231001 -9.590000 2.007300 1473491.687000 452889.463000 13.328380 80.564995 0.000000 -32.768002 -32.768002 -32.768002 0.000000 0.000000
13:47:16 18.400000 0.000000 0.000000 0.000000 191.608994 237.580002 16.160000 -8.850000 2.043300 1473494.778000 452891.062000 13.328408 80.565010 0.000000 -32.768002 -32.768002 -32.768002 0.000000 0.000000
13:47:17 18.700001 0.000000 0.000000 0.000000 191.529999 237.350006 15.845000 -8.310000 3.311300 1473497.812000 452892.689000 13.328435 80.565018 0.000000 -32.768002 -32.768002 -32.768002 0.000000 0.000000
13:47:18 19.000000 0.000000 0.000000 0.000000 191.529999 236.839996 15.845000 -8.830000 3.311300 1473500.806000 452894.306000 13.328435 80.565018 0.000000 -32.768002 -32.768002 -32.768002 0.000000 0.000000
13:47:19 19.299999 0.000000 0.000000 0.000000 190.772003 236.449997 14.834000 -9.230000 1.781300 1473504.374000 452896.243000 13.328495 80.565056 0.000000 -32.768002 -32.768002 -32.768002 0.000000 0.000000
13:47:20 19.600000 0.000000 0.000000 0.000000 190.406998 236.289993 14.769000 -8.910000 2.119300 1473507.399000 452897.830000 13.328522 80.565071 0.000000 -32.768002 -32.768002 -32.768002 0.000000 0.000000
13:47:21 19.799999 0.000000 0.000000 0.000000 190.406998 236.190002 14.931000 -8.340000 3.151300 1473511.141000 452899.736000 13.328556 80.565086 0.000000 -32.768002 -32.768002 -32.768002 0.000000 0.000000
13:47:22 20.100000 0.000000 0.000000 0.000000 190.406998 236.039993 14.931000 -8.290000 3.151300 1473514.289000 452901.298000 13.328556 80.565086 0.000000 -32.768002 -32.768002 -32.768002 0.000000 0.000000
13:47:23 20.400000 0.000000 0.000000 0.000000 190.093994 235.960007 15.065000 -8.520000 2.401300 1473516.789000 452902.532000 13.328607 80.565109 0.000000 -32.768002 -32.768002 -32.768002 0.000000 0.000000
13:47:24 20.600000 0.000000 0.000000 0.000000 190.242004 236.210007 15.075000 -8.440000 2.077300 1473519.290000 452903.784000 13.328629 80.565125 0.000000 -32.768002 -32.768002 -32.768002 0.000000 0.000000
13:47:25 21.000000 0.000000 0.000000 0.000000 190.658005 236.850006 15.054000 -8.040000 2.424300 1473522.355000 452905.344000 13.328657 80.565140 0.000000 -32.768002 -32.768002 -32.768002 0.000000 0.000000
13:47:26 21.299999 0.000000 0.000000 0.000000 191.408005 237.740005 14.938000 -7.820000 3.149300 1473525.365000 452906.943000 13.328685 80.565155 0.000000 -32.768002 -32.768002 -32.768002 0.000000 0.000000
13:47:27 21.299999 0.000000 0.000000 0.000000 192.490997 238.759995 14.751000 -8.700000 2.562300 1473528.318000 452908.541000 13.328712 80.565170 0.000000 -32.768002 -32.768002 -32.768002 0.000000 0.000000
13:47:28 21.799999 0.000000 0.000000 0.000000 192.490997 240.440002 14.751000 -8.360000 2.562300 1473531.253000 452910.137000 13.328712 80.565170 0.000000 -32.768002 -32.768002 -32.768002 0.000000 0.000000
13:47:29 22.100000 0.000000 0.000000 0.000000 195.779999 242.039993 14.556000 -7.600000 3.689300 1473534.772000 452912.026000 13.328770 80.565201 0.000000 -32.768002 -32.768002 -32.768002 0.000000 0.000000
13:47:30 22.400000 0.000000 0.000000 0.000000 197.445999 243.460007 14.559000 -7.510000 3.680300 1473537.760000 452913.607000 13.328796 80.565216 0.000000 -32.768002 -32.768002 -32.768002 0.000000 0.000000
13:47:31 22.700001 0.000000 0.000000 0.000000 197.445999 244.830002 14.553000 -7.380000 3.509300 1473541.342000 452915.481000 13.328829 80.565231 0.000000 -32.768002 -32.768002 -32.768002 0.000000 0.000000
13:47:32 23.000000 0.000000 0.000000 0.000000 197.445999 245.940002 14.553000 -7.750000 3.509300 1473544.286000 452917.078000 13.328829 80.565231 0.000000 -32.768002 -32.768002 -32.768002 0.000000 0.000000
13:47:33 23.000000 0.000000 0.000000 0.000000 201.798996 246.990005 14.480000 -8.860000 1.590300 1473546.661000 452918.369000 13.328877 80.565254 0.000000 -32.768002 -32.768002 -32.768002 0.000000 0.000000
13:47:34 23.299999 0.000000 0.000000 0.000000 203.024994 248.419998 14.590000 -8.820000 1.442300 1473549.603000 452920.021000 13.328904 80.565269 0.000000 -32.768002 -32.768002 -32.768002 0.000000 0.000000
13:47:35 23.900000 0.000000 0.000000 0.000000 203.908997 249.440002 14.763000 -8.690000 2.204300 1473551.965000 452921.349000 13.328925 80.565285 0.000000 -32.768002 -32.768002 -32.768002 0.000000 0.000000
13:47:36 24.100000 0.000000 0.000000 0.000000 204.800003 250.139999 14.969000 -8.430000 2.330300 1473554.927000 452922.996000 13.328952 80.565300 0.000000 -32.768002 -32.768002 -32.768002 0.000000 0.000000
13:47:37 24.400000 0.000000 0.000000 0.000000 205.386002 250.500000 15.074000 -8.120000 2.971300 1473557.895000 452924.642000 13.328979 80.565315 0.000000 -32.768002 -32.768002 -32.768002 0.000000 0.000000
13:47:38 24.700001 0.000000 0.000000 0.000000 205.386002 250.539993 15.074000 -8.540000 2.971300 1473560.834000 452926.280000 13.328979 80.565315 0.000000 -32.768002 -32.768002 -32.768002 0.000000 0.000000
13:47:39 25.000000 0.000000 0.000000 0.000000 205.923004 250.699997 14.879000 -8.600000 1.795300 1473564.291000 452928.249000 13.329037 80.565346 0.000000 -32.768002 -32.768002 -32.768002 0.000000 0.000000
13:47:40 25.299999 0.000000 0.000000 0.000000 206.113007 250.889999 14.730000 -8.730000 1.872300 1473567.147000 452929.906000 13.329062 80.565361 0.000000 -32.768002 -32.768002 -32.768002 0.000000 0.000000
13:47:41 25.600000 0.000000 0.000000 0.000000 206.113007 251.309998 14.601000 -8.610000 2.098300 1473570.520000 452931.899000 13.329093 80.565384 0.000000 -32.768002 -32.768002 -32.768002 0.000000 0.000000
13:47:42 25.900000 0.000000 0.000000 0.000000 206.113007 251.600006 14.601000 -8.350000 2.098300 1473573.373000 452933.542000 13.329093 80.565384 0.000000 -32.768002 -32.768002 -32.768002 0.000000 0.000000
13:47:43 26.200001 0.000000 0.000000 0.000000 206.906998 251.770004 14.548000 -8.660000 2.478300 1473575.092000 452934.535000 13.329135 80.565407 0.000000 -32.768002 -32.768002 -32.768002 0.000000 0.000000
13:47:44 26.400000 0.000000 0.000000 0.000000 207.229004 251.960007 14.553000 -8.960000 1.708300 1473578.566000 452936.476000 13.329166 80.565422 0.000000 -32.768002 -32.768002 -32.768002 0.000000 0.000000
13:47:45 26.700001 0.000000 0.000000 0.000000 207.421005 252.220001 14.561000 -8.720000 1.540300 1473580.916000 452937.768000 13.329187 80.565437 0.000000 -32.768002 -32.768002 -32.768002 0.000000 0.000000
13:47:46 26.700001 0.000000 0.000000 0.000000 207.647995 252.410004 14.595000 -7.970000 2.258300 1473583.849000 452939.381000 13.329214 80.565453 0.000000 -32.768002 -32.768002 -32.768002 0.000000 0.000000
13:47:47 27.000000 0.000000 0.000000 0.000000 207.908005 252.619995 14.614000 -7.840000 2.866300 1473586.764000 452940.998000 13.329240 80.565468 0.000000 -32.768002 -32.768002 -32.768002 0.000000 0.000000
13:47:48 27.600000 0.000000 0.000000 0.000000 207.908005 252.929993 14.614000 -8.070000 2.866300 1473589.641000 452942.651000 13.329240 80.565468 0.000000 -32.768002 -32.768002 -32.768002 0.000000 0.000000
13:47:49 27.900000 0.000000 0.000000 0.000000 208.891006 253.529999 14.398000 -8.000000 2.169300 1473592.993000 452944.665000 13.329297 80.565498 0.000000 -32.768002 -32.768002 -32.768002 0.000000 0.000000
13:47:50 28.200001 0.000000 0.000000 0.000000 209.578003 254.179993 14.216000 -8.650000 1.620300 1473595.726000 452946.357000 13.329322 80.565514 0.000000 -32.768002 -32.768002 -32.768002 0.000000 0.000000
13:47:51 28.799999 0.000000 0.000000 0.000000 209.578003 255.070007 14.216000 -9.020000 1.620300 1473598.973000 452948.378000 13.329350 80.565536 0.000000 -32.768002 -32.768002 -32.768002 0.000000 0.000000
13:47:52 28.799999 0.000000 0.000000 0.000000 209.578003 256.119995 14.216000 -8.600000 1.620300 1473601.716000 452950.059000 13.329350 80.565536 0.000000 -32.768002 -32.768002 -32.768002 0.000000 0.000000
13:47:53 28.799999 0.000000 0.000000 0.000000 211.940002 256.940002 14.161000 -8.000000 2.646300 1473603.397000 452951.058000 13.329391 80.565559 0.000000 -32.768002 -32.768002 -32.768002 0.000000 0.000000
13:47:54 29.100000 0.000000 0.000000 0.000000 212.649994 257.380005 14.219000 -8.070000 2.817300 1473606.228000 452952.708000 13.329416 80.565575 0.000000 -32.768002 -32.768002 -32.768002 0.000000 0.000000
13:47:55 29.700001 0.000000 0.000000 0.000000 213.266006 257.829987 14.232000 -8.130000 1.985300 1473609.060000 452954.330000 13.329442 80.565590 0.000000 -32.768002 -32.768002 -32.768002 0.000000 0.000000
13:47:56 29.900000 0.000000 0.000000 0.000000 213.843002 258.309998 14.175000 -7.930000 2.033300 1473611.902000 452955.949000 13.329468 80.565605 0.000000 -32.768002 -32.768002 -32.768002 0.000000 0.000000
13:47:57 30.200001 0.000000 0.000000 0.000000 214.395996 258.839996 14.040000 -7.850000 1.762300 1473614.684000 452957.602000 13.329494 80.565620 0.000000 -32.768002 -32.768002 -32.768002 0.000000 0.000000
13:47:58 30.500000 0.000000 0.000000 0.000000 214.395996 259.670013 14.040000 -7.560000 1.762300 1473617.417000 452959.259000 13.329494 80.565620 0.000000 -32.768002 -32.768002 -32.768002 0.000000 0.000000
13:47:59 30.799999 0.000000 0.000000 0.000000 215.798004 260.309998 13.677000 -8.010000 2.097300 1473620.659000 452961.293000 13.329547 80.565651 0.000000 -32.768002 -32.768002 -32.768002 0.000000 0.000000
13:48:00 31.100000 0.000000 0.000000 0.000000 216.664993 261.320007 13.630000 -8.050000 1.551300 1473623.334000 452962.981000 13.329572 80.565666 0.000000 -32.768002 -32.768002 -32.768002 0.000000 0.000000
13:48:01 31.400000 0.000000 0.000000 0.000000 216.664993 262.500000 13.630000 -7.380000 1.551300 1473626.561000 452965.019000 13.329600 80.565689 0.000000 -32.768002 -32.768002 -32.768002 0.000000 0.000000
13:48:02 31.700001 0.000000 0.000000 0.000000 216.664993 263.570007 13.630000 -7.550000 1.551300 1473629.259000 452966.720000 13.329600 80.565689 0.000000 -32.768002 -32.768002 -32.768002 0.000000 0.000000
13:48:03 32.000000 0.000000 0.000000 0.000000 216.664993 264.670013 13.630000 -8.060000 1.551300 1473631.970000 452968.406000 13.329600 80.565689 0.000000 -32.768002 -32.768002 -32.768002 0.000000 0.000000
13:48:04 32.599998 0.000000 0.000000 0.000000 216.664993 265.799988 13.630000 -8.180000 1.551300 1473634.689000 452970.079000 13.329600 80.565689 0.000000 -32.768002 -32.768002 -32.768002 0.000000 0.000000
13:48:05 32.599998 0.000000 0.000000 0.000000 216.664993 266.760010 13.630000 -8.250000 1.551300 1473637.405000 452971.755000 13.329600 80.565689 0.000000 -32.768002 -32.768002 -32.768002 0.000000 0.000000
13:48:06 32.900002 0.000000 0.000000 0.000000 216.664993 267.730011 13.630000 -7.290000 1.551300 1473640.125000 452973.418000 13.329600 80.565689 0.000000 -32.768002 -32.768002 -32.768002 0.000000 0.000000
13:48:07 32.900002 0.000000 0.000000 0.000000 216.664993 268.089996 13.630000 -7.310000 1.551300 1473642.842000 452975.095000 13.329600 80.565689 0.000000 -32.768002 -32.768002 -32.768002 0.000000 0.000000
13:48:08 33.500000 0.000000 0.000000 0.000000 224.552994 268.369995 12.958000 -8.590000 0.818300 1473644.453000 452976.101000 13.329762 80.565788 0.000000 -32.768002 -32.768002 -32.768002 0.000000 0.000000
13:48:09 33.799999 0.000000 0.000000 0.000000 224.962997 269.000000 12.869000 -7.940000 -0.199000 1473647.119000 452977.796000 13.329786 80.565804 0.000000 -32.768002 -32.768002 -32.768002 0.000000 0.000000
13:48:10 34.000000 0.000000 0.000000 0.000000 225.317001 269.309998 12.793000 -7.320000 1.540900 1473649.775000 452979.486000 13.329811 80.565819 0.000000 -32.768002 -32.768002 -32.768002 0.000000 0.000000
13:48:11 34.299999 0.000000 0.000000 0.000000 225.690994 269.739990 12.631000 -7.070000 1.803900 1473652.383000 452981.193000 13.329834 80.565834 0.000000 -32.768002 -32.768002 -32.768002 0.000000 0.000000
13:48:12 34.299999 0.000000 0.000000 0.000000 226.162003 270.190002 12.462000 -7.300000 1.958900 1473654.959000 452982.907000 13.329858 80.565849 0.000000 -32.768002 -32.768002 -32.768002 0.000000 0.000000
13:48:13 34.900002 0.000000 0.000000 0.000000 226.162003 270.959991 12.462000 -7.570000 1.958900 1473657.531000 452984.621000 13.329858 80.565849 0.000000 -32.768002 -32.768002 -32.768002 0.000000 0.000000
13:48:14 35.200001 0.000000 0.000000 0.000000 227.815994 271.940002 12.354000 -7.080000 1.782900 1473660.658000 452986.638000 13.329909 80.565887 0.000000 -32.768002 -32.768002 -32.768002 0.000000 0.000000
13:48:15 35.400002 0.000000 0.000000 0.000000 228.733994 272.790009 12.378000 -7.010000 2.109900 1473663.250000 452988.338000 13.329932 80.565903 0.000000 -32.768002 -32.768002 -32.768002 0.000000 0.000000
13:48:16 36.000000 0.000000 0.000000 0.000000 228.733994 273.679993 12.378000 -6.800000 2.109900 1473666.370000 452990.370000 13.329961 80.565918 0.000000 -32.768002 -32.768002 -32.768002 0.000000 0.000000
13:48:17 36.299999 0.000000 0.000000 0.000000 230.681000 273.489990 12.423000 -6.680000 2.085900 1473669.387000 452992.246000 13.317766 80.562485 0.000000 -32.768002 -32.768002 -32.768002 0.000000 0.000000
13:48:18 36.299999 0.000000 0.000000 0.000000 231.257996 274.040009 12.481000 -7.240000 1.394900 1472319.855000 452616.210000 13.317780 80.562492 0.000000 -32.768002 -32.768002 -32.768002 0.000000 0.000000
13:48:19 36.599998 0.000000 0.000000 0.000000 231.794998 274.660004 12.607000 -7.020000 1.770900 1472177.850000 452521.074000 13.316014 80.561241 0.000000 -32.768002 -32.768002 -32.768002 0.000000 0.000000
13:48:20 36.900002 0.000000 0.000000 0.000000 232.257996 275.079987 12.706000 -7.300000 1.364900 1472126.142000 452481.470000 13.316026 80.561249 0.000000 -32.768002 -32.768002 -32.768002 0.000000 0.000000
13:48:21 37.200001 0.000000 0.000000 0.000000 232.714005 275.420013 12.742000 -7.370000 1.324900 1472098.385000 452458.043000 13.315602 80.560890 0.000000 -32.768002 -32.768002 -32.768002 0.000000 0.000000
13:48:22 37.400002 0.000000 0.000000 0.000000 233.222000 276.070007 12.716000 -7.200000 1.816900 1472063.749000 452431.393000 13.315461 80.560783 0.000000 -32.768002 -32.768002 -32.768002 0.000000 0.000000
13:48:23 38.099998 0.000000 0.000000 0.000000 233.828995 276.619995 12.656000 -6.880000 2.095900 1472064.912000 452431.561000 13.315472 80.560783 0.000000 -32.768002 -32.768002 -32.768002 0.000000 0.000000
13:48:24 38.099998 0.000000 0.000000 0.000000 234.548004 277.239990 12.588000 -7.150000 1.725900 1472041.110000 452416.940000 13.315256 80.560654 0.000000 -32.768002 -32.768002 -32.768002 0.000000 0.000000
13:48:25 38.400002 0.000000 0.000000 0.000000 235.384995 278.190002 12.528000 -7.030000 1.912900 1472042.184000 452417.037000 13.315266 80.560654 0.000000 -32.768002 -32.768002 -32.768002 0.000000 0.000000
13:48:26 38.700001 0.000000 0.000000 0.000000 236.285995 279.000000 12.464000 -7.130000 1.862900 1472043.277000 452417.089000 13.315145 80.560570 0.000000 -32.768002 -32.768002 -32.768002 0.000000 0.000000
13:48:27 39.000000 0.000000 0.000000 0.000000 237.203003 280.100006 12.415000 -6.590000 2.665900 1472029.988000 452408.338000 13.315155 80.560570 0.000000 -32.768002 -32.768002 -32.768002 0.000000 0.000000
13:48:28 39.299999 0.000000 0.000000 0.000000 238.110992 280.950012 12.350000 -6.890000 1.616900 1472031.102000 452408.417000 13.315102 80.560516 0.000000 -32.768002 -32.768002 -32.768002 0.000000 0.000000
13:48:29 39.599998 0.000000 0.000000 0.000000 238.940002 281.600006 12.264000 -7.780000 0.568900 1472025.199000 452401.970000 13.315112 80.560516 0.000000 -32.768002 -32.768002 -32.768002 0.000000 0.000000
13:48:30 40.200001 0.000000 0.000000 0.000000 239.608002 282.420013 12.184000 -7.240000 1.565900 1472026.337000 452402.009000 13.315138 80.560463 0.000000 -32.768002 -32.768002 -32.768002 0.000000 0.000000
13:48:31 40.200001 0.000000 0.000000 0.000000 240.128006 282.959991 12.099000 -6.500000 2.325900 1472029.199000 452396.076000 13.315174 80.560440 0.000000 -32.768002 -32.768002 -32.768002 0.000000 0.000000
13:48:32 40.500000 0.000000 0.000000 0.000000 240.580994 283.350006 12.022000 -6.320000 2.292900 1472033.208000 452393.727000 13.315185 80.560440 0.000000 -32.768002 -32.768002 -32.768002 0.000000 0.000000
13:48:33 40.799999 0.000000 0.000000 0.000000 241.080002 283.739990 11.965000 -6.460000 1.775900 1472037.738000 452391.298000 13.315253 80.560394 0.000000 -32.768002 -32.768002 -32.768002 0.000000 0.000000
13:48:34 41.099998 0.000000 0.000000 0.000000 241.705994 284.429993 11.918000 -6.790000 1.113900 1472041.979000 452389.404000 13.315264 80.560394 0.000000 -32.768002 -32.768002 -32.768002 0.000000 0.000000
13:48:35 41.400002 0.000000 0.000000 0.000000 242.520004 285.160004 11.817000 -7.290000 0.676900 1472044.989000 452387.937000 13.315300 80.560371 0.000000 -32.768002 -32.768002 -32.768002 0.000000 0.000000
13:48:36 42.000000 0.000000 0.000000 0.000000 243.524994 286.230011 11.585000 -6.660000 1.594900 1472047.049000 452386.817000 13.315310 80.560371 0.000000 -32.768002 -32.768002 -32.768002 0.000000 0.000000
13:48:37 42.000000 0.000000 0.000000 0.000000 244.654999 287.239990 11.210000 -6.790000 0.924900 1472047.540000 452385.857000 13.315307 80.560356 0.000000 -32.768002 -32.768002 -32.768002 0.000000 0.000000
13:48:38 42.299999 0.000000 0.000000 0.000000 245.841003 288.329987 10.806000 -6.730000 0.994900 1472047.910000 452384.816000 13.315313 80.560349 0.000000 -32.768002 -32.768002 -32.768002 0.000000 0.000000
13:48:39 42.700001 0.000000 0.000000 0.000000 246.964996 289.700012 10.446000 -5.550000 2.330900 1472048.646000 452383.934000 13.315324 80.560349 0.000000 -32.768002 -32.768002 -32.768002 0.000000 0.000000
13:48:40 43.000000 0.000000 0.000000 0.000000 247.865005 290.549988 10.152000 -5.390000 1.868900 1472049.855000 452383.378000 13.315343 80.560341 0.000000 -32.768002 -32.768002 -32.768002 0.000000 0.000000
13:48:41 43.200001 0.000000 0.000000 0.000000 248.466995 291.200012 9.970000 -5.120000 1.928900 1472051.951000 452383.201000 13.315353 80.560341 0.000000 -32.768002 -32.768002 -32.768002 0.000000 0.000000
13:48:42 43.500000 0.000000 0.000000 0.000000 248.682999 291.339996 9.848000 -5.400000 0.967900 1472054.342000 452383.517000 13.315384 80.560349 0.000000 -32.768002 -32.768002 -32.768002 0.000000 0.000000
13:48:43 44.099998 0.000000 0.000000 0.000000 248.546997 291.079987 9.732000 -6.560000 -0.908000 1472056.468000 452383.875000 13.315394 80.560349 0.000000 -32.768002 -32.768002 -32.768002 0.000000 0.000000
13:48:44 44.099998 0.000000 0.000000 0.000000 248.175003 290.690002 9.636000 -6.830000 -0.695000 1472058.183000 452384.377000 13.315409 80.560356 0.000000 -32.768002 -32.768002 -32.768002 0.000000 0.000000
13:48:45 44.400002 0.000000 0.000000 0.000000 247.718994 290.480011 9.537000 -6.230000 0.282500 1472059.130000 452384.584000 13.315418 80.560356 0.000000 -32.768002 -32.768002 -32.768002 0.000000 0.000000
13:48:46 44.700001 0.000000 0.000000 0.000000 247.266998 290.040009 9.408000 -5.650000 1.033500 1472059.796000 452384.753000 13.315422 80.560356 0.000000 -32.768002 -32.768002 -32.768002 0.000000 0.000000
13:48:47 45.000000 0.000000 0.000000 0.000000 246.845001 289.649994 9.244000 -5.140000 1.370500 1472060.625000 452385.206000 13.315431 80.560364 0.000000 -32.768002 -32.768002 -32.768002 0.000000 0.000000
13:48:48 45.200001 0.000000 0.000000 0.000000 246.473999 289.230011 9.068000 -4.730000 1.576500 1472061.554000 452386.052000 13.315440 80.560364 0.000000 -32.768002 -32.768002 -32.768002 0.000000 0.000000
13:48:49 45.799999 0.000000 0.000000 0.000000 246.199005 288.649994 8.913000 -5.190000 0.290500 1472062.550000 452387.455000 13.315447 80.560394 0.000000 -32.768002 -32.768002 -32.768002 0.000000 0.000000
13:48:50 46.099998 0.000000 0.000000 0.000000 246.052994 288.609985 8.896000 -5.270000 0.640500 1472063.323000 452389.170000 13.315456 80.560394 0.000000 -32.768002 -32.768002 -32.768002 0.000000 0.000000
13:48:51 46.099998 0.000000 0.000000 0.000000 245.996994 288.679993 8.986000 -4.570000 1.575500 1472064.125000 452390.741000 13.315462 80.560417 0.000000 -32.768002 -32.768002 -32.768002 0.000000 0.000000
13:48:52 46.299999 0.000000 0.000000 0.000000 246.087997 288.670013 9.100000 -5.160000 0.783500 1472064.992000 452391.831000 13.315472 80.560417 0.000000 -32.768002 -32.768002 -32.768002 0.000000 0.000000
13:48:53 46.599998 0.000000 0.000000 0.000000 246.473007 289.119995 9.281000 -4.780000 1.804500 1472065.746000 452392.889000 13.315478 80.560432 0.000000 -32.768002 -32.768002 -32.768002 0.000000 0.000000
13:48:54 46.799999 0.000000 0.000000 0.000000 247.145004 289.829987 9.532000 -4.900000 1.695500 1472066.714000 452393.585000 13.315487 80.560432 0.000000 -32.768002 -32.768002 -32.768002 0.000000 0.000000
13:48:55 47.099998 0.000000 0.000000 0.000000 248.016998 290.640015 9.936000 -5.420000 1.328500 1472067.443000 452394.275000 13.315491 80.560448 0.000000 -32.768002 -32.768002 -32.768002 0.000000 0.000000
13:48:56 47.599998 0.000000 0.000000 0.000000 248.985001 291.579987 10.415000 -6.160000 0.747500 1472068.133000 452395.211000 13.315494 80.560463 0.000000 -32.768002 -32.768002 -32.768002 0.000000 0.000000
13:48:57 47.599998 0.000000 0.000000 0.000000 250.067001 292.910004 10.873000 -6.320000 1.412500 1472068.516000 452396.692000 13.315503 80.560463 0.000000 -32.768002 -32.768002 -32.768002 0.000000 0.000000
13:48:58 47.900002 0.000000 0.000000 0.000000 251.300995 294.109985 11.211000 -6.300000 1.588500 1472068.605000 452398.718000 13.315493 80.560509 0.000000 -32.768002 -32.768002 -32.768002 0.000000 0.000000
13:48:59 48.200001 0.000000 0.000000 0.000000 252.639999 295.510010 11.423000 -6.530000 1.383500 1472068.403000 452401.454000 13.315502 80.560509 0.000000 -32.768002 -32.768002 -32.768002 0.000000 0.000000
13:49:00 48.400002 0.000000 0.000000 0.000000 253.970001 296.769989 11.538000 -6.830000 1.100500 1472067.527000 452405.056000 13.315474 80.560577 0.000000 -32.768002 -32.768002 -32.768002 0.000000 0.000000
13:49:01 48.700001 0.000000 0.000000 0.000000 255.218002 298.160004 11.585000 -6.680000 1.359500 1472066.226000 452409.238000 13.315483 80.560577 0.000000 -32.768002 -32.768002 -32.768002 0.000000 0.000000
13:49:02 49.000000 0.000000 0.000000 0.000000 256.289001 299.209991 11.574000 -6.470000 1.453500 1472064.751000 452413.719000 13.315443 80.560661 0.000000 -32.768002 -32.768002 -32.768002 0.000000 0.000000
13:49:03 49.500000 0.000000 0.000000 0.000000 257.096985 300.140015 11.547000 -6.640000 1.280500 1472062.803000 452418.354000 13.315428 80.560707 0.000000 -32.768002 -32.768002 -32.768002 0.000000 0.000000
13:49:04 49.500000 0.000000 0.000000 0.000000 257.641998 300.679993 11.580000 -6.210000 1.946500 1472061.099000 452422.638000 13.315436 80.560707 0.000000 -32.768002 -32.768002 -32.768002 0.000000 0.000000
13:49:05 49.799999 0.000000 0.000000 0.000000 257.946991 301.040009 11.670000 -6.250000 1.752500 1472059.674000 452426.019000 13.315403 80.560760 0.000000 -32.768002 -32.768002 -32.768002 0.000000 0.000000
13:49:06 50.099998 0.000000 0.000000 0.000000 258.027008 301.029999 11.780000 -6.910000 0.839500 1472058.290000 452429.025000 13.315412 80.560760 0.000000 -32.768002 -32.768002 -32.768002 0.000000 0.000000
13:49:07 50.400002 0.000000 0.000000 0.000000 257.968994 300.989990 11.869000 -7.650000 0.218500 1472057.128000 452431.486000 13.315387 80.560799 0.000000 -32.768002 -32.768002 -32.768002 0.000000 0.000000
13:49:08 50.599998 0.000000 0.000000 0.000000 257.882996 301.059998 11.932000 -7.170000 1.353500 1472056.440000 452433.265000 13.315394 80.560806 0.000000 -32.768002 -32.768002 -32.768002 0.000000 0.000000
13:49:09 51.200001 0.000000 0.000000 0.000000 257.858002 301.029999 11.942000 -7.180000 1.182500 1472056.328000 452434.332000 13.315381 80.560829 0.000000 -32.768002 -32.768002 -32.768002 0.000000 0.000000
13:49:10 51.200001 0.000000 0.000000 0.000000 257.944000 301.220001 11.981000 -6.670000 2.187500 1472055.826000 452435.851000 13.315389 80.560829 0.000000 -32.768002 -32.768002 -32.768002 0.000000 0.000000
13:49:11 51.400002 0.000000 0.000000 0.000000 258.092987 301.440002 12.049000 -6.290000 2.469500 1472054.633000 452438.171000 13.315352 80.560875 0.000000 -32.768002 -32.768002 -32.768002 0.000000 0.000000
13:49:12 51.700001 0.000000 0.000000 0.000000 258.221985 301.420013 12.149000 -6.680000 1.771500 1472048.544000 452445.530000 13.315324 80.560913 0.000000 -32.768002 -32.768002 -32.768002 0.000000 0.000000
13:49:13 52.000000 0.000000 0.000000 0.000000 258.313995 301.489990 12.255000 -6.840000 1.770500 1472049.489000 452445.633000 13.315332 80.560913 0.000000 -32.768002 -32.768002 -32.768002 0.000000 0.000000
13:49:14 52.299999 0.000000 0.000000 0.000000 258.385010 301.579987 12.356000 -6.770000 1.904500 1472041.226000 452454.797000 13.315257 80.561005 0.000000 -32.768002 -32.768002 -32.768002 0.000000 0.000000
13:49:15 52.799999 0.000000 0.000000 0.000000 258.424011 301.570007 12.465000 -6.850000 1.893500 1472042.135000 452454.900000 13.315266 80.561005 0.000000 -32.768002 -32.768002 -32.768002 0.000000 0.000000
13:49:16 53.099998 0.000000 0.000000 0.000000 258.429993 301.700012 12.567000 -6.960000 1.983500 1472043.014000 452454.999000 13.315188 80.561081 0.000000 -32.768002 -32.768002 -32.768002 0.000000 0.000000
13:49:17 53.099998 0.000000 0.000000 0.000000 258.411987 301.799988 12.675000 -6.600000 2.688500 1472034.470000 452463.865000 13.315197 80.561089 0.000000 -32.768002 -32.768002 -32.768002 0.000000 0.000000
13:49:18 53.400002 0.000000 0.000000 0.000000 258.334015 301.649994 12.813000 -6.700000 2.331500 1472035.314000 452464.007000 13.315127 80.561157 0.000000 -32.768002 -32.768002 -32.768002 0.000000 0.000000
13:49:19 53.599998 0.000000 0.000000 0.000000 258.222992 301.480011 12.984000 -7.050000 2.182500 1472027.642000 452471.713000 13.315104 80.561188 0.000000 -32.768002 -32.768002 -32.768002 0.000000 0.000000
13:49:20 53.900002 0.000000 0.000000 0.000000 258.213013 301.540009 13.166000 -6.920000 2.475500 1472024.955000 452474.844000 13.315111 80.561188 0.000000 -32.768002 -32.768002 -32.768002 0.000000 0.000000
13:49:21 54.200001 0.000000 0.000000 0.000000 258.419006 301.589996 13.311000 -7.680000 1.413500 1472023.121000 452477.082000 13.315074 80.561226 0.000000 -32.768002 -32.768002 -32.768002 0.000000 0.000000
13:49:22 54.799999 0.000000 0.000000 0.000000 258.888000 302.160004 13.452000 -7.800000 1.979500 1472021.658000 452478.989000 13.315081 80.561226 0.000000 -32.768002 -32.768002 -32.768002 0.000000 0.000000
13:49:23 55.000000 0.000000 0.000000 0.000000 259.553986 302.940002 13.553000 -7.580000 2.274500 1472021.292000 452479.992000 13.315068 80.561241 0.000000 -32.768002 -32.768002 -32.768002 0.000000 0.000000
13:49:24 55.000000 0.000000 0.000000 0.000000 260.347992 303.670013 13.562000 -8.010000 1.579500 1472021.036000 452480.912000 13.315076 80.561241 0.000000 -32.768002 -32.768002 -32.768002 0.000000 0.000000
13:49:25 55.299999 0.000000 0.000000 0.000000 261.148987 304.390015 13.480000 -8.190000 1.501500 1472020.107000 452482.600000 13.315039 80.561287 0.000000 -32.768002 -32.768002 -32.768002 0.000000 0.000000
13:49:26 55.599998 0.000000 0.000000 0.000000 261.915985 305.459991 13.359000 -7.080000 3.189500 1472017.773000 452485.539000 13.315046 80.561287 0.000000 -32.768002 -32.768002 -32.768002 0.000000 0.000000
13:49:27 55.799999 0.000000 0.000000 0.000000 262.592010 306.079987 13.200000 -6.830000 2.742500 1472014.420000 452489.271000 13.314960 80.561371 0.000000 -32.768002 -32.768002 -32.768002 0.000000 0.000000
13:49:28 56.099998 0.000000 0.000000 0.000000 263.165985 306.570007 13.109000 -7.060000 2.438500 1472009.156000 452494.690000 13.314898 80.561432 0.000000 -32.768002 -32.768002 -32.768002 0.000000 0.000000
13:49:29 56.700001 0.000000 0.000000 0.000000 263.648987 307.040009 13.098000 -6.860000 2.536500 1472002.272000 452501.397000 13.314906 80.561432 0.000000 -32.768002 -32.768002 -32.768002 0.000000 0.000000
13:49:30 56.700001 0.000000 0.000000 0.000000 263.989990 307.269989 13.097000 -7.270000 1.746500 1471995.365000 452507.980000 13.314779 80.561546 0.000000 -32.768002 -32.768002 -32.768002 0.000000 0.000000
13:49:31 56.900002 0.000000 0.000000 0.000000 264.169006 307.519989 13.087000 -7.560000 1.636500 1471988.973000 452514.012000 13.314786 80.561546 0.000000 -32.768002 -32.768002 -32.768002 0.000000 0.000000
13:49:32 57.200001 0.000000 0.000000 0.000000 264.170990 307.559998 13.036000 -7.450000 1.662500 1471983.966000 452518.767000 13.314704 80.561623 0.000000 -32.768002 -32.768002 -32.768002 0.000000 0.000000
13:49:33 57.400002 0.000000 0.000000 0.000000 264.023010 307.380005 12.962000 -7.540000 1.591500 1471980.616000 452522.087000 13.314711 80.561623 0.000000 -32.768002 -32.768002 -32.768002 0.000000 0.000000
13:49:34 57.700001 0.000000 0.000000 0.000000 263.819000 307.209991 12.882000 -7.450000 1.635500 1471978.701000 452524.267000 13.314677 80.561653 0.000000 -32.768002 -32.768002 -32.768002 0.000000 0.000000
13:49:35 58.200001 0.000000 0.000000 0.000000 263.644989 307.010010 12.821000 -7.750000 1.119500 1471977.584000 452525.881000 13.314683 80.561661 0.000000 -32.768002 -32.768002 -32.768002 0.000000 0.000000
13:49:36 58.400002 0.000000 0.000000 0.000000 263.552002 307.000000 12.796000 -7.450000 1.844500 1471976.707000 452527.346000 13.314661 80.561684 0.000000 -32.768002 -32.768002 -32.768002 0.000000 0.000000
13:49:37 58.400002 0.000000 0.000000 0.000000 263.522003 307.059998 12.767000 -6.870000 2.581500 1471975.843000 452528.819000 13.314646 80.561707 0.000000 -32.768002 -32.768002 -32.768002 0.000000 0.000000
13:49:38 58.700001 0.000000 0.000000 0.000000 263.612000 307.070007 12.750000 -6.850000 2.425500 1471974.169000 452530.897000 13.314652 80.561707 0.000000 -32.768002 -32.768002 -32.768002 0.000000 0.000000
13:49:39 59.000000 0.000000 0.000000 0.000000 263.856995 307.279999 12.780000 -6.940000 2.169500 1471971.115000 452534.057000 13.314579 80.561768 0.000000 -32.768002 -32.768002 -32.768002 0.000000 0.000000
13:49:40 59.200001 0.000000 0.000000 0.000000 264.222992 307.579987 12.835000 -7.140000 2.049500 1471966.752000 452538.138000 13.314586 80.561775 0.000000 -32.768002 -32.768002 -32.768002 0.000000 0.000000
13:49:41 59.500000 0.000000 0.000000 0.000000 264.665009 308.059998 12.854000 -7.010000 2.176500 1471961.607000 452542.729000 13.314481 80.561859 0.000000 -32.768002 -32.768002 -32.768002 0.000000 0.000000
13:49:42 60.000000 0.000000 0.000000 0.000000 265.095001 308.450012 12.804000 -7.290000 1.713500 1471955.828000 452547.776000 13.314487 80.561859 0.000000 -32.768002 -32.768002 -32.768002 0.000000 0.000000
13:49:43 60.000000 0.000000 0.000000 0.000000 265.463013 308.850006 12.725000 -7.180000 1.849500 1471949.743000 452552.978000 13.314367 80.561958 0.000000 -32.768002 -32.768002 -32.768002 0.000000 0.000000
13:49:44 60.200001 0.000000 0.000000 0.000000 265.744995 309.119995 12.609000 -7.020000 1.945500 1471943.336000 452558.335000 13.314306 80.562012 0.000000 -32.768002 -32.768002 -32.768002 0.000000 0.000000
13:49:45 60.500000 0.000000 0.000000 0.000000 265.966003 309.410004 12.481000 -6.880000 2.011500 1471936.543000 452563.871000 13.314313 80.562012 0.000000 -32.768002 -32.768002 -32.768002 0.000000 0.000000
13:49:46 60.700001 0.000000 0.000000 0.000000 266.127014 309.549988 12.366000 -6.850000 1.918500 1471930.101000 452569.111000 13.314187 80.562111 0.000000 -32.768002 -32.768002 -32.768002 0.000000 0.000000
13:49:47 61.000000 0.000000 0.000000 0.000000 266.223999 309.630005 12.322000 -6.700000 2.147500 1471923.272000 452574.506000 13.314193 80.562111 0.000000 -32.768002 -32.768002 -32.768002 0.000000 0.000000
13:49:48 61.500000 0.000000 0.000000 0.000000 266.308990 309.790009 12.377000 -6.580000 2.304500 1471916.967000 452579.502000 13.314078 80.562195 0.000000 -32.768002 -32.768002 -32.768002 0.000000 0.000000
13:49:49 61.500000 0.000000 0.000000 0.000000 266.450989 309.880005 12.491000 -6.780000 2.077500 1471911.211000 452584.049000 13.314084 80.562195 0.000000 -32.768002 -32.768002 -32.768002 0.000000 0.000000
13:49:50 61.700001 0.000000 0.000000 0.000000 266.717987 310.209991 12.627000 -6.700000 2.499500 1471905.126000 452588.734000 13.313976 80.562279 0.000000 -32.768002 -32.768002 -32.768002 0.000000 0.000000
13:49:51 62.000000 0.000000 0.000000 0.000000 267.157013 310.690002 12.780000 -6.530000 2.921500 1471899.878000 452592.798000 13.313982 80.562279 0.000000 -32.768002 -32.768002 -32.768002 0.000000 0.000000
13:49:52 62.299999 0.000000 0.000000 0.000000 267.790009 311.279999 12.938000 -6.680000 2.727500 1471894.808000 452596.736000 13.313884 80.562347 0.000000 -32.768002 -32.768002 -32.768002 0.000000 0.000000
13:49:53 62.500000 0.000000 0.000000 0.000000 268.610992 312.079987 13.062000 -7.050000 2.338500 1471889.713000 452600.671000 13.313828 80.562393 0.000000 -32.768002 -32.768002 -32.768002 0.000000 0.000000
13:49:54 62.799999 0.000000 0.000000 0.000000 269.574005 313.079987 13.108000 -7.130000 2.387500 1471883.606000 452605.251000 13.313834 80.562393 0.000000 -32.768002 -32.768002 -32.768002 0.000000 0.000000
13:49:55 63.400002 0.000000 0.000000 0.000000 270.575989 314.109985 13.015000 -7.060000 2.416500 1471877.064000 452610.076000 13.313704 80.562485 0.000000 -32.768002 -32.768002 -32.768002 0.000000 0.000000
13:49:56 63.400002 0.000000 0.000000 0.000000 271.562012 315.089996 12.748000 -6.960000 2.245500 1471869.835000 452615.393000 13.313710 80.562485 0.000000 -32.768002 -32.768002 -32.768002 0.000000 0.000000
13:49:57 63.599998 0.000000 0.000000 0.000000 272.487000 316.029999 12.375000 -6.570000 2.612500 1471861.256000 452621.506000 13.313544 80.562599 0.000000 -32.768002 -32.768002 -32.768002 0.000000 0.000000
13:49:58 63.900002 0.000000 0.000000 0.000000 273.287994 316.829987 11.990000 -6.140000 2.534500 1471852.111000 452627.957000 13.313550 80.562607 0.000000 -32.768002 -32.768002 -32.768002 0.000000 0.000000
13:49:59 64.199997 0.000000 0.000000 0.000000 273.923004 317.440002 11.723000 -6.310000 1.970500 1471842.373000 452634.677000 13.313368 80.562729 0.000000 -32.768002 -32.768002 -32.768002 0.000000 0.000000
13:50:00 64.400002 0.000000 0.000000 0.000000 274.391998 317.890015 11.601000 -6.190000 2.030500 1471822.965000 452647.345000 13.313287 80.562782 0.000000 -32.768002 -32.768002 -32.768002 0.000000 0.000000
13:50:01 64.900002 0.000000 0.000000 0.000000 274.743011 318.200012 11.544000 -6.490000 1.343500 1471823.574000 452647.500000 13.313293 80.562782 0.000000 -32.768002 -32.768002 -32.768002 0.000000 0.000000
13:50:02 65.199997 0.000000 0.000000 0.000000 274.976013 318.440002 11.511000 -6.640000 1.508500 1471807.452000 452657.759000 13.313147 80.562881 0.000000 -32.768002 -32.768002 -32.768002 0.000000 0.000000
13:50:03 65.199997 0.000000 0.000000 0.000000 275.181000 318.899994 11.469000 -5.950000 2.519500 1471808.021000 452657.925000 13.313152 80.562881 0.000000 -32.768002 -32.768002 -32.768002 0.000000 0.000000
13:50:04 65.400002 0.000000 0.000000 0.000000 275.450989 319.140015 11.413000 -5.870000 2.354500 1471795.744000 452665.557000 13.313041 80.562950 0.000000 -32.768002 -32.768002 -32.768002 0.000000 0.000000
13:50:05 65.599998 0.000000 0.000000 0.000000 275.821014 319.519989 11.431000 -5.880000 2.484500 1471796.311000 452665.722000 13.313046 80.562950 0.000000 -32.768002 -32.768002 -32.768002 0.000000 0.000000
13:50:06 65.900002 0.000000 0.000000 0.000000 276.312012 320.029999 11.555000 -5.660000 2.850500 1471783.405000 452673.689000 13.312929 80.563026 0.000000 -32.768002 -32.768002 -32.768002 0.000000 0.000000
13:50:07 66.199997 0.000000 0.000000 0.000000 276.868011 320.559998 11.721000 -6.070000 2.131500 1471783.942000 452673.828000 13.312935 80.563026 0.000000 -32.768002 -32.768002 -32.768002 0.000000 0.000000
13:50:08 66.699997 0.000000 0.000000 0.000000 277.483002 321.209991 11.879000 -6.210000 2.393500 1471784.559000 452673.976000 13.312796 80.563118 0.000000 -32.768002 -32.768002 -32.768002 0.000000 0.000000
13:50:09 66.699997 0.000000 0.000000 0.000000 278.197998 322.029999 12.006000 -6.010000 2.694500 1471769.110000 452683.284000 13.312725 80.563156 0.000000 -32.768002 -32.768002 -32.768002 0.000000 0.000000
13:50:10 67.000000 0.000000 0.000000 0.000000 279.035004 322.850006 12.091000 -6.220000 2.465500 1471761.318000 452688.147000 13.312731 80.563164 0.000000 -32.768002 -32.768002 -32.768002 0.000000 0.000000
13:50:11 67.199997 0.000000 0.000000 0.000000 279.980988 323.850006 12.167000 -6.120000 2.819500 1471752.839000 452693.294000 13.312575 80.563255 0.000000 -32.768002 -32.768002 -32.768002 0.000000 0.000000
13:50:12 67.500000 0.000000 0.000000 0.000000 281.006012 324.899994 12.270000 -6.200000 2.644500 1471744.734000 452698.158000 13.312580 80.563255 0.000000 -32.768002 -32.768002 -32.768002 0.000000 0.000000
13:50:13 67.699997 0.000000 0.000000 0.000000 282.078003 326.070007 12.443000 -6.710000 2.014500 1471737.023000 452702.725000 13.312439 80.563332 0.000000 -32.768002 -32.768002 -32.768002 0.000000 0.000000
13:50:14 68.199997 0.000000 0.000000 0.000000 283.204987 327.250000 12.679000 -6.840000 2.355500 1471729.588000 452707.082000 13.312444 80.563339 0.000000 -32.768002 -32.768002 -32.768002 0.000000 0.000000
13:50:15 68.400002 0.000000 0.000000 0.000000 284.382996 328.450012 12.902000 -6.970000 2.186500 1471722.828000 452711.034000 13.312321 80.563408 0.000000 -32.768002 -32.768002 -32.768002 0.000000 0.000000
13:50:16 68.400002 0.000000 0.000000 0.000000 285.614014 329.589996 13.035000 -7.520000 1.572500 1471716.489000 452714.746000 13.312325 80.563408 0.000000 -32.768002 -32.768002 -32.768002 0.000000 0.000000
13:50:17 68.599998 0.000000 0.000000 0.000000 286.915985 331.029999 13.042000 -7.440000 1.858500 1471709.765000 452718.594000 13.312206 80.563477 0.000000 -32.768002 -32.768002 -32.768002 0.000000 0.000000
13:50:18 68.900002 0.000000 0.000000 0.000000 288.261993 332.440002 12.902000 -7.230000 2.131500 1471703.800000 452722.028000 13.312158 80.563499 0.000000 -32.768002 -32.768002 -32.768002 0.000000 0.000000
13:50:19 69.099998 0.000000 0.000000 0.000000 289.576996 333.820007 12.673000 -6.910000 2.310500 1471698.438000 452725.114000 13.312162 80.563499 0.000000 -32.768002 -32.768002 -32.768002 0.000000 0.000000
13:50:20 69.400002 0.000000 0.000000 0.000000 290.812012 335.119995 12.437000 -6.400000 2.960500 1471692.698000 452728.303000 13.312055 80.563560 0.000000 -32.768002 -32.768002 -32.768002 0.000000 0.000000
13:50:21 69.800003 0.000000 0.000000 0.000000 291.920990 336.369995 12.290000 -6.120000 2.955500 1471687.030000 452731.428000 13.312059 80.563560 0.000000 -32.768002 -32.768002 -32.768002 0.000000 0.000000
13:50:22 69.800003 0.000000 0.000000 0.000000 292.817993 337.320007 12.260000 -6.210000 2.694500 1471680.975000 452734.654000 13.311944 80.563622 0.000000 -32.768002 -32.768002 -32.768002 0.000000 0.000000
13:50:23 70.099998 0.000000 0.000000 0.000000 293.403015 337.869995 12.289000 -6.460000 2.186500 1471674.716000 452737.900000 13.311948 80.563622 0.000000 -32.768002 -32.768002 -32.768002 0.000000 0.000000
13:50:24 70.400002 0.000000 0.000000 0.000000 293.562012 338.019989 12.279000 -6.810000 1.845500 1471668.393000 452741.101000 13.311829 80.563683 0.000000 -32.768002 -32.768002 -32.768002 0.000000 0.000000
13:50:25 70.599998 0.000000 0.000000 0.000000 293.278015 337.809998 12.136000 -6.560000 2.158500 1471661.991000 452744.281000 13.311769 80.563705 0.000000 -32.768002 -32.768002 -32.768002 0.000000 0.000000
13:50:26 70.800003 0.000000 0.000000 0.000000 292.661987 337.140015 11.830000 -6.330000 2.283500 1471655.437000 452747.495000 13.311773 80.563713 0.000000 -32.768002 -32.768002 -32.768002 0.000000 0.000000
13:50:27 71.300003 0.000000 0.000000 0.000000 291.829987 336.390015 11.418000 -5.870000 2.615500 1471648.612000 452750.740000 13.311647 80.563766 0.000000 -32.768002 -32.768002 -32.768002 0.000000 0.000000
13:50:28 71.500000 0.000000 0.000000 0.000000 290.927002 335.359985 10.984000 -5.460000 2.619500 1471641.887000 452753.902000 13.311651 80.563766 0.000000 -32.768002 -32.768002 -32.768002 0.000000 0.000000
13:50:29 71.500000 0.000000 0.000000 0.000000 290.062012 334.420013 10.665000 -5.350000 2.463500 1471634.504000 452757.276000 13.311509 80.563835 0.000000 -32.768002 -32.768002 -32.768002 0.000000 0.000000
13:50:30 71.800003 0.000000 0.000000 0.000000 289.338989 333.649994 10.530000 -5.260000 2.416500 1471626.627000 452760.823000 13.311513 80.563835 0.000000 -32.768002 -32.768002 -32.768002 0.000000 0.000000
13:50:31 72.099998 0.000000 0.000000 0.000000 288.872009 333.119995 10.596000 -5.220000 2.538500 1471618.626000 452764.346000 13.311370 80.563896 0.000000 -32.768002 -32.768002 -32.768002 0.000000 0.000000
13:50:32 72.300003 0.000000 0.000000 0.000000 288.716003 332.920013 10.812000 -5.280000 2.619500 1471611.163000 452767.603000 13.311374 80.563896 0.000000 -32.768002 -32.768002 -32.768002 0.000000 0.000000
13:50:33 72.800003 0.000000 0.000000 0.000000 288.929993 333.220001 11.115000 -5.230000 2.989500 1471602.987000 452771.085000 13.311233 80.563957 0.000000 -32.768002 -32.768002 -32.768002 0.000000 0.000000
13:50:34 73.099998 0.000000 0.000000 0.000000 289.562012 333.829987 11.418000 -5.190000 3.311500 1471595.959000 452774.066000 13.311173 80.563980 0.000000 -32.768002 -32.768002 -32.768002 0.000000 0.000000
13:50:35 73.099998 0.000000 0.000000 0.000000 290.502014 334.829987 11.627000 -5.300000 3.297500 1471589.488000 452776.764000 13.311178 80.563980 0.000000 -32.768002 -32.768002 -32.768002 0.000000 0.000000
13:50:36 73.300003 0.000000 0.000000 0.000000 291.529999 335.880005 11.710000 -5.310000 3.451500 1471583.238000 452779.280000 13.311059 80.564026 0.000000 -32.768002 -32.768002 -32.768002 0.000000 0.000000
13:50:37 73.599998 0.000000 0.000000 0.000000 292.487000 336.989990 11.689000 -5.140000 3.682500 1471576.823000 452781.807000 13.311064 80.564026 0.000000 -32.768002 -32.768002 -32.768002 0.000000 0.000000
13:50:38 73.800003 0.000000 0.000000 0.000000 293.334015 337.850006 11.615000 -5.040000 3.700500 1471570.010000 452784.422000 13.310937 80.564079 0.000000 -32.768002 -32.768002 -32.768002 0.000000 0.000000
13:50:39 74.099998 0.000000 0.000000 0.000000 294.074005 338.500000 11.529000 -5.090000 3.514500 1471563.211000 452786.987000 13.310941 80.564079 0.000000 -32.768002 -32.768002 -32.768002 0.000000 0.000000
13:50:40 74.699997 0.000000 0.000000 0.000000 294.697998 339.149994 11.498000 -4.970000 3.710500 1471555.411000 452789.872000 13.310794 80.564133 0.000000 -32.768002 -32.768002 -32.768002 0.000000 0.000000
13:50:41 74.699997 0.000000 0.000000 0.000000 295.218994 339.769989 11.576000 -4.980000 3.638500 1471547.361000 452792.840000 13.310798 80.564133 0.000000 -32.768002 -32.768002 -32.768002 0.000000 0.000000
13:50:42 74.900002 0.000000 0.000000 0.000000 295.677002 340.260010 11.785000 -5.340000 3.267500 1471538.943000 452795.867000 13.310721 80.564156 0.000000 -32.768002 -32.768002 -32.768002 0.000000 0.000000
13:50:43 75.199997 0.000000 0.000000 0.000000 296.179993 340.730011 12.095000 -5.710000 3.227500 1471530.326000 452798.937000 13.310568 80.564217 0.000000 -32.768002 -32.768002 -32.768002 0.000000 0.000000
13:50:44 75.400002 0.000000 0.000000 0.000000 296.835999 341.510010 12.422000 -6.000000 3.079500 1471522.377000 452801.778000 13.310572 80.564217 0.000000 -32.768002 -32.768002 -32.768002 0.000000 0.000000
13:50:45 75.599998 0.000000 0.000000 0.000000 297.690002 342.380005 12.681000 -6.350000 2.984500 1471514.383000 452804.630000 13.310430 80.564262 0.000000 -32.768002 -32.768002 -32.768002 0.000000 0.000000
13:50:46 76.199997 0.000000 0.000000 0.000000 298.747986 343.519989 12.826000 -6.310000 3.318500 1471507.016000 452807.265000 13.310432 80.564262 0.000000 -32.768002 -32.768002 -32.768002 0.000000 0.000000
13:50:47 76.199997 0.000000 0.000000 0.000000 300.014008 344.869995 12.849000 -6.170000 3.525500 1471500.420000 452809.553000 13.310315 80.564308 0.000000 -32.768002 -32.768002 -32.768002 0.000000 0.000000
13:50:48 76.400002 0.000000 0.000000 0.000000 301.442993 346.339996 12.775000 -6.150000 3.468500 1471494.345000 452811.645000 13.310318 80.564308 0.000000 -32.768002 -32.768002 -32.768002 0.000000 0.000000
13:50:49 76.699997 0.000000 0.000000 0.000000 302.970001 347.950012 12.690000 -6.060000 3.525500 1471488.561000 452813.481000 13.310212 80.564339 0.000000 -32.768002 -32.768002 -32.768002 0.000000 0.000000
13:50:50 77.000000 0.000000 0.000000 0.000000 304.522003 349.540009 12.659000 -6.080000 3.406500 1471477.733000 452816.482000 13.310168 80.564354 0.000000 -32.768002 -32.768002 -32.768002 0.000000 0.000000
13:50:51 77.300003 0.000000 0.000000 0.000000 306.020996 351.029999 12.634000 -6.260000 3.019500 1471478.111000 452816.597000 13.310171 80.564354 0.000000 -32.768002 -32.768002 -32.768002 0.000000 0.000000
13:50:52 77.900002 0.000000 0.000000 0.000000 307.360992 352.519989 12.603000 -6.190000 3.171500 1471467.723000 452819.094000 13.310078 80.564377 0.000000 -32.768002 -32.768002 -32.768002 0.000000 0.000000
13:50:53 78.099998 0.000000 0.000000 0.000000 308.428009 353.589996 12.519000 -6.110000 3.095500 1471468.111000 452819.195000 13.310081 80.564377 0.000000 -32.768002 -32.768002 -32.768002 0.000000 0.000000
13:50:54 78.099998 0.000000 0.000000 0.000000 309.213989 354.429993 12.380000 -6.180000 2.949500 1471456.536000 452821.548000 13.309977 80.564400 0.000000 -32.768002 -32.768002 -32.768002 0.000000 0.000000
13:50:55 78.400002 0.000000 0.000000 0.000000 309.815002 355.190002 12.232000 -5.890000 3.213500 1471456.936000 452821.638000 13.309980 80.564400 0.000000 -32.768002 -32.768002 -32.768002 0.000000 0.000000
13:50:56 78.599998 0.000000 0.000000 0.000000 310.343994 355.660004 12.093000 -5.920000 3.026500 1471442.133000 452824.670000 13.309846 80.564423 0.000000 -32.768002 -32.768002 -32.768002 0.000000 0.000000
13:50:57 78.800003 0.000000 0.000000 0.000000 310.920990 356.540009 12.001000 -5.790000 3.180500 1471434.088000 452826.346000 13.309773 80.564445 0.000000 -32.768002 -32.768002 -32.768002 0.000000 0.000000
13:50:58 79.199997 0.000000 0.000000 0.000000 311.566986 357.200012 11.977000 -5.750000 3.219500 1471434.479000 452826.407000 13.309702 80.564453 0.000000 -32.768002 -32.768002 -32.768002 0.000000 0.000000
13:50:59 79.699997 0.000000 0.000000 0.000000 312.363007 358.049988 12.034000 -5.820000 3.136500 1471426.575000 452827.911000 13.309635 80.564468 0.000000 -32.768002 -32.768002 -32.768002 0.000000 0.000000
13:51:00 80.000000 0.000000 0.000000 0.000000 313.334991 359.029999 12.153000 -5.930000 3.090500 1471419.156000 452829.209000 13.309639 80.564468 0.000000 -32.768002 -32.768002 -32.768002 0.000000 0.000000
13:51:01 80.000000 0.000000 0.000000 0.000000 314.453003 0.020000 12.251000 -6.100000 2.981500 1471412.416000 452830.197000 13.309519 80.564484 0.000000 -32.768002 -32.768002 -32.768002 0.000000 0.000000
13:51:02 80.300003 0.000000 0.000000 0.000000 315.606995 1.280000 12.279000 -6.030000 3.092500 1471406.261000 452831.048000 13.309523 80.564484 0.000000 -32.768002 -32.768002 -32.768002 0.000000 0.000000
13:51:03 80.500000 0.000000 0.000000 0.000000 316.718994 2.440000 12.222000 -5.940000 3.184500 1471401.126000 452831.489000 13.309429 80.564491 0.000000 -32.768002 -32.768002 -32.768002 0.000000 0.000000
13:51:04 80.699997 0.000000 0.000000 0.000000 317.811005 3.710000 12.144000 -5.650000 3.481500 1471396.362000 452831.705000 13.309433 80.564491 0.000000 -32.768002 -32.768002 -32.768002 0.000000 0.000000
13:51:05 81.000000 0.000000 0.000000 0.000000 318.954987 4.930000 12.076000 -5.500000 3.504500 1471396.794000 452831.798000 13.309332 80.564499 0.000000 -32.768002 -32.768002 -32.768002 0.000000 0.000000
13:51:06 81.500000 0.000000 0.000000 0.000000 320.190002 6.020000 11.999000 -5.640000 3.173500 1471385.655000 452832.281000 13.309280 80.564499 0.000000 -32.768002 -32.768002 -32.768002 0.000000 0.000000
13:51:07 81.800003 0.000000 0.000000 0.000000 321.497986 7.420000 11.913000 -5.620000 3.079500 1471379.931000 452832.475000 13.309284 80.564499 0.000000 -32.768002 -32.768002 -32.768002 0.000000 0.000000
13:51:08 81.800003 0.000000 0.000000 0.000000 322.851990 8.840000 11.822000 -5.680000 2.973500 1471372.897000 452832.902000 13.309148 80.564507 0.000000 -32.768002 -32.768002 -32.768002 0.000000 0.000000
13:51:09 82.000000 0.000000 0.000000 0.000000 324.154999 10.360000 11.767000 -5.490000 3.272500 1471365.299000 452833.462000 13.309152 80.564507 0.000000 -32.768002 -32.768002 -32.768002 0.000000 0.000000
13:51:10 82.300003 0.000000 0.000000 0.000000 325.321991 11.550000 11.782000 -5.650000 2.893500 1471357.004000 452834.303000 13.308990 80.564529 0.000000 -32.768002 -32.768002 -32.768002 0.000000 0.000000
13:51:11 82.500000 0.000000 0.000000 0.000000 326.346008 12.570000 11.867000 -5.930000 2.679500 1471347.857000 452835.345000 13.308994 80.564529 0.000000 -32.768002 -32.768002 -32.768002 0.000000 0.000000
13:51:12 82.800003 0.000000 0.000000 0.000000 327.295013 13.500000 11.951000 -6.010000 2.728500 1471337.877000 452836.423000 13.308814 80.564545 0.000000 -32.768002 -32.768002 -32.768002 0.000000 0.000000
13:51:13 83.300003 0.000000 0.000000 0.000000 328.295013 14.600000 11.975000 -6.060000 2.725500 1471328.354000 452837.338000 13.308725 80.564552 0.000000 -32.768002 -32.768002 -32.768002 0.000000 0.000000
13:51:14 83.300003 0.000000 0.000000 0.000000 329.436005 15.740000 11.959000 -5.960000 2.907500 1471318.558000 452838.379000 13.308641 80.564560 0.000000 -32.768002 -32.768002 -32.768002 0.000000 0.000000
13:51:15 83.500000 0.000000 0.000000 0.000000 330.769012 17.180000 11.940000 -6.020000 2.779500 1471309.262000 452839.262000 13.308560 80.564568 0.000000 -32.768002 -32.768002 -32.768002 0.000000 0.000000
13:51:16 83.800003 0.000000 0.000000 0.000000 332.294006 18.709999 11.944000 -5.960000 2.953500 1471300.253000 452839.972000 13.308563 80.564568 0.000000 -32.768002 -32.768002 -32.768002 0.000000 0.000000
13:51:17 84.000000 0.000000 0.000000 0.000000 333.911987 20.280001 11.929000 -5.850000 3.068500 1471292.078000 452840.348000 13.308419 80.564575 0.000000 -32.768002 -32.768002 -32.768002 0.000000 0.000000
13:51:18 84.300003 0.000000 0.000000 0.000000 335.449005 22.270000 11.886000 -5.870000 2.874500 1471284.647000 452840.572000 13.308422 80.564575 0.000000 -32.768002 -32.768002 -32.768002 0.000000 0.000000
13:51:19 84.800003 0.000000 0.000000 0.000000 336.817993 23.570000 11.858000 -5.830000 2.955500 1471278.146000 452840.278000 13.308306 80.564568 0.000000 -32.768002 -32.768002 -32.768002 0.000000 0.000000
13:51:20 84.800003 0.000000 0.000000 0.000000 337.983002 24.790001 11.825000 -5.750000 2.996500 1471272.139000 452839.828000 13.308251 80.564560 0.000000 -32.768002 -32.768002 -32.768002 0.000000 0.000000
13:51:21 85.099998 0.000000 0.000000 0.000000 338.960999 25.860001 11.797000 -5.690000 3.002500 1471266.118000 452839.196000 13.308194 80.564552 0.000000 -32.768002 -32.768002 -32.768002 0.000000 0.000000
13:51:22 85.300003 0.000000 0.000000 0.000000 339.799988 26.820000 11.782000 -5.670000 3.015500 1471259.798000 452838.379000 13.308137 80.564545 0.000000 -32.768002 -32.768002 -32.768002 0.000000 0.000000
13:51:23 85.599998 0.000000 0.000000 0.000000 340.539001 27.590000 11.800000 -5.570000 3.231500 1471253.495000 452837.514000 13.308141 80.564545 0.000000 -32.768002 -32.768002 -32.768002 0.000000 0.000000
13:51:24 85.800003 0.000000 0.000000 0.000000 341.222992 28.180000 11.861000 -5.550000 3.227500 1471246.749000 452836.623000 13.308014 80.564529 0.000000 -32.768002 -32.768002 -32.768002 0.000000 0.000000
13:51:25 86.300003 0.000000 0.000000 0.000000 341.914001 28.940001 11.976000 -5.790000 2.938500 1471239.800000 452835.585000 13.308017 80.564529 0.000000 -32.768002 -32.768002 -32.768002 0.000000 0.000000
13:51:26 86.300003 0.000000 0.000000 0.000000 342.588013 29.780001 12.113000 -5.970000 2.872500 1471232.112000 452834.435000 13.307875 80.564507 0.000000 -32.768002 -32.768002 -32.768002 0.000000 0.000000
13:51:27 86.599998 0.000000 0.000000 0.000000 343.226013 30.370001 12.211000 -6.190000 2.609500 1471224.465000 452833.220000 13.307878 80.564507 0.000000 -32.768002 -32.768002 -32.768002 0.000000 0.000000
13:51:28 86.800003 0.000000 0.000000 0.000000 343.860992 31.080000 12.246000 -6.260000 2.727500 1471216.542000 452831.953000 13.307728 80.564491 0.000000 -32.768002 -32.768002 -32.768002 0.000000 0.000000
13:51:29 87.099998 0.000000 0.000000 0.000000 344.535004 31.730000 12.228000 -6.220000 2.691500 1471208.209000 452830.944000 13.307654 80.564476 0.000000 -32.768002 -32.768002 -32.768002 0.000000 0.000000
13:51:30 87.300003 0.000000 0.000000 0.000000 345.247009 32.340000 12.208000 -6.390000 2.507500 1471200.079000 452829.767000 13.307581 80.564468 0.000000 -32.768002 -32.768002 -32.768002 0.000000 0.000000
13:51:31 87.599998 0.000000 0.000000 0.000000 345.967987 33.200001 12.177000 -6.210000 2.737500 1471191.961000 452828.590000 13.307504 80.564461 0.000000 -32.768002 -32.768002 -32.768002 0.000000 0.000000
13:51:32 88.099998 0.000000 0.000000 0.000000 346.648010 34.020000 12.128000 -6.160000 2.700500 1471183.404000 452827.658000 13.307507 80.564461 0.000000 -32.768002 -32.768002 -32.768002 0.000000 0.000000
13:51:33 88.099998 0.000000 0.000000 0.000000 347.276001 34.680000 12.118000 -6.140000 2.728500 1471175.476000 452826.366000 13.307360 80.564438 0.000000 -32.768002 -32.768002 -32.768002 0.000000 0.000000
13:51:34 88.400002 0.000000 0.000000 0.000000 347.891998 35.160000 12.159000 -6.080000 2.835500 1471167.547000 452825.109000 13.307364 80.564438 0.000000 -32.768002 -32.768002 -32.768002 0.000000 0.000000
13:51:35 88.699997 0.000000 0.000000 0.000000 348.520996 35.790001 12.206000 -6.400000 2.285500 1471159.475000 452823.713000 13.307216 80.564407 0.000000 -32.768002 -32.768002 -32.768002 0.000000 0.000000
13:51:36 88.900002 0.000000 0.000000 0.000000 349.105011 36.619999 12.203000 -6.380000 2.612500 1471151.563000 452822.162000 13.307219 80.564407 0.000000 -32.768002 -32.768002 -32.768002 0.000000 0.000000
13:51:37 89.099998 0.000000 0.000000 0.000000 349.571991 37.009998 12.077000 -6.240000 2.521500 1471142.917000 452820.801000 13.307061 80.564384 0.000000 -32.768002 -32.768002 -32.768002 0.000000 0.000000
13:51:38 89.699997 0.000000 0.000000 0.000000 349.890015 37.279999 11.865000 -6.260000 2.409500 1471125.927000 452817.737000 13.306987 80.564369 0.000000 -32.768002 -32.768002 -32.768002 0.000000 0.000000
13:51:39 89.699997 0.000000 0.000000 0.000000 350.084991 37.570000 11.642000 -5.880000 2.778500 1471126.296000 452817.738000 13.306903 80.564354 0.000000 -32.768002 -32.768002 -32.768002 0.000000 0.000000
13:51:40 89.800003 0.000000 0.000000 0.000000 350.204010 37.740002 11.458000 -5.750000 2.670500 1471107.223000 452815.367000 13.306818 80.564346 0.000000 -32.768002 -32.768002 -32.768002 0.000000 0.000000
13:51:41 90.099998 0.000000 0.000000 0.000000 350.240997 37.779999 11.374000 -5.600000 2.867500 1471107.584000 452815.381000 13.306821 80.564346 0.000000 -32.768002 -32.768002 -32.768002 0.000000 0.000000
13:51:42 90.400002 0.000000 0.000000 0.000000 350.141998 37.779999 11.362000 -5.530000 2.819500 1471088.383000 452813.861000 13.306647 80.564331 0.000000 -32.768002 -32.768002 -32.768002 0.000000 0.000000
13:51:43 90.599998 0.000000 0.000000 0.000000 349.931000 37.490002 11.379000 -5.600000 2.655500 1471088.736000 452813.862000 13.306650 80.564331 0.000000 -32.768002 -32.768002 -32.768002 0.000000 0.000000
13:51:44 90.900002 0.000000 0.000000 0.000000 349.644989 37.290001 11.437000 -5.620000 2.749500 1471070.669000 452812.035000 13.306487 80.564316 0.000000 -32.768002 -32.768002 -32.768002 0.000000 0.000000
13:51:45 91.400002 0.000000 0.000000 0.000000 349.289001 36.900002 11.498000 -5.560000 2.832500 1471061.220000 452811.412000 13.306401 80.564308 0.000000 -32.768002 -32.768002 -32.768002 0.000000 0.000000
13:51:46 91.400002 -56.150002 0.000000 119.180000 348.885986 36.419998 11.544000 -5.680000 2.679500 1471061.575000 452811.387000 13.306312 80.564301 0.000000 -0.067000 0.260000 -0.240000 0.000000 0.000000
13:51:47 91.599998 -56.150002 0.000000 119.180000 348.462006 36.049999 11.568000 -5.780000 2.582500 1471040.747000 452810.280000 13.306216 80.564301 0.000000 -0.067000 0.260000 -0.240000 0.000000 0.000000
13:51:48 91.900002 -56.150002 0.000000 119.180000 348.079987 35.580002 11.581000 -5.640000 2.863500 1471041.109000 452810.255000 13.306220 80.564301 0.000000 -0.067000 0.260000 -0.240000 0.000000 0.000000
13:51:49 92.199997 -56.150002 0.000000 119.180000 347.769012 35.259998 11.597000 -5.710000 2.695500 1471041.451000 452810.206000 13.306014 80.564293 0.000000 -0.067000 0.260000 -0.240000 0.000000 0.000000
13:51:50 92.400002 -56.150002 0.000000 119.180000 347.537994 35.020000 11.628000 -5.770000 2.751500 1471018.699000 452809.341000 13.306017 80.564293 0.000000 -0.067000 0.260000 -0.240000 0.000000 0.000000
13:51:51 92.800003 -56.150002 0.000000 119.180000 347.398010 34.740002 11.700000 -5.640000 3.023500 1471019.071000 452809.300000 13.305804 80.564285 0.000000 -0.067000 0.260000 -0.240000 0.000000 0.000000
13:51:52 92.800003 -56.150002 0.000000 119.180000 347.295013 34.779999 11.799000 -5.750000 2.833500 1470995.541000 452808.452000 13.305703 80.564278 0.000000 -0.067000 0.260000 -0.240000 0.000000 0.000000
13:51:53 93.099998 -56.150002 0.000000 119.180000 347.207001 34.590000 11.892000 -6.000000 2.641500 1470984.288000 452807.775000 13.305606 80.564270 0.000000 -0.067000 0.260000 -0.240000 0.000000 0.000000
13:51:54 93.300003 -56.150002 0.000000 119.180000 347.170013 34.560001 11.916000 -5.990000 2.752500 1470973.619000 452807.112000 13.305509 80.564270 0.000000 -0.067000 0.260000 -0.240000 0.000000 0.000000
13:51:55 93.599998 -56.150002 0.000000 119.180000 347.213989 34.540001 11.851000 -5.940000 2.756500 1470962.853000 452806.513000 13.305409 80.564262 0.000000 -0.067000 0.260000 -0.240000 0.000000 0.000000
13:51:56 93.800003 -56.150002 0.000000 119.180000 347.321014 34.720001 11.722000 -5.870000 2.685500 1470951.895000 452805.682000 13.305319 80.564255 0.000000 -0.067000 0.260000 -0.240000 0.000000 0.000000
13:51:57 94.000000 -56.150002 0.000000 119.180000 347.433014 34.849998 11.534000 -5.830000 2.559500 1470941.776000 452804.832000 13.305322 80.564255 0.000000 -0.067000 0.260000 -0.240000 0.000000 0.000000
13:51:58 94.500000 -56.150002 0.000000 119.180000 347.489990 34.880001 11.313000 -5.690000 2.516500 1470931.476000 452803.792000 13.305132 80.564232 0.000000 -0.067000 0.260000 -0.240000 0.000000 0.000000
13:51:59 94.500000 -56.150002 0.000000 119.180000 347.471008 34.779999 11.081000 -5.640000 2.370500 1470921.193000 452802.859000 13.305136 80.564232 0.000000 -0.067000 0.260000 -0.240000 0.000000 0.000000
13:52:00 94.699997 -56.150002 0.000000 119.180000 347.388000 34.660000 10.858000 -5.380000 2.602500 1470910.077000 452801.795000 13.304931 80.564217 0.000000 -0.067000 0.260000 -0.240000 0.000000 0.000000
13:52:01 94.900002 -59.610001 0.000000 114.720001 347.269989 34.599998 10.629000 -5.220000 2.575500 1470898.899000 452800.680000 13.304830 80.564201 0.000000 -0.085000 0.287000 -0.204000 0.000000 0.000000
13:52:02 95.099998 -59.610001 0.000000 114.720001 347.269989 34.349998 10.424000 -5.240000 2.360500 1470887.824000 452799.254000 13.304730 80.564186 0.000000 -0.085000 0.287000 -0.204000 0.000000 0.000000
13:52:03 95.300003 -59.610001 0.000000 114.720001 346.947998 34.169998 10.279000 -5.030000 2.629500 1470876.792000 452797.713000 13.304632 80.564171 0.000000 -0.085000 0.287000 -0.204000 0.000000 0.000000
13:52:04 95.699997 -59.610001 0.000000 114.720001 346.803009 34.060001 10.189000 -4.900000 2.567500 1470865.946000 452795.965000 13.304636 80.564171 0.000000 -0.085000 0.287000 -0.204000 0.000000 0.000000
13:52:05 95.699997 -59.610001 0.000000 114.720001 346.671997 32.549999 10.140000 -4.980000 2.595500 1470855.931000 452793.943000 13.304457 80.564133 0.000000 -0.085000 0.287000 -0.204000 0.000000 0.000000
13:52:06 96.000000 -59.610001 0.000000 114.720001 346.596008 32.450001 10.096000 -4.860000 2.736500 1470846.559000 452791.410000 13.304461 80.564133 0.000000 -0.085000 0.287000 -0.204000 0.000000 0.000000
13:52:07 96.199997 -59.610001 0.000000 114.720001 346.631989 32.529999 10.038000 -4.780000 2.832500 1470837.700000 452789.062000 13.304298 80.564079 0.000000 -0.085000 0.287000 -0.204000 0.000000 0.000000
13:52:08 96.300003 -59.610001 0.000000 114.720001 346.833008 32.730000 10.009000 -4.490000 3.220500 1470829.078000 452786.367000 13.304233 80.564056 0.000000 -0.085000 0.287000 -0.204000 0.000000 0.000000
13:52:09 96.599998 -59.610001 0.000000 114.720001 347.212006 33.139999 10.061000 -4.610000 2.987500 1470821.748000 452783.786000 13.304173 80.564034 0.000000 -0.085000 0.287000 -0.204000 0.000000 0.000000
13:52:10 96.800003 -59.610001 0.000000 114.720001 347.733002 33.680000 10.227000 -4.610000 3.175500 1470815.146000 452780.689000 13.304121 80.564003 0.000000 -0.085000 0.287000 -0.204000 0.000000 0.000000
13:52:11 97.199997 -59.610001 0.000000 114.720001 348.321991 34.410000 10.456000 -4.850000 2.912500 1470809.460000 452777.543000 13.304065 80.563972 0.000000 -0.085000 0.287000 -0.204000 0.000000 0.000000
13:52:12 97.199997 -59.610001 0.000000 114.720001 348.934998 35.070000 10.683000 -5.110000 2.823500 1470803.241000 452774.279000 13.304013 80.563942 0.000000 -0.085000 0.287000 -0.204000 0.000000 0.000000
13:52:13 97.400002 -59.610001 0.000000 114.720001 349.579010 35.730000 10.809000 -5.010000 3.025500 1470797.549000 452770.975000 13.304017 80.563942 0.000000 -0.085000 0.287000 -0.204000 0.000000 0.000000
13:52:14 97.599998 -62.270000 0.000000 111.550003 350.243988 36.410000 10.744000 -5.170000 2.821500 1470792.050000 452767.503000 13.303908 80.563881 0.000000 -0.067000 0.272000 -0.158000 0.000000 0.000000
13:52:15 97.800003 -62.270000 0.000000 111.550003 350.891998 37.130001 10.485000 -4.980000 2.890500 1470785.967000 452764.105000 13.303912 80.563881 0.000000 -0.067000 0.272000 -0.158000 0.000000 0.000000
13:52:16 98.000000 -62.270000 0.000000 111.550003 351.463989 37.619999 10.080000 -4.830000 2.693500 1470779.017000 452761.183000 13.303780 80.563828 0.000000 -0.067000 0.272000 -0.158000 0.000000 0.000000
13:52:17 98.300003 -62.730000 0.000000 111.500000 351.901001 37.970001 9.604000 -4.570000 2.649500 1470771.728000 452758.280000 13.303707 80.563805 0.000000 -0.084000 0.269000 -0.152000 0.000000 0.000000
13:52:18 98.300003 -62.730000 0.000000 111.500000 352.173004 38.299999 9.120000 -4.220000 2.720500 1470763.659000 452755.892000 13.303633 80.563782 0.000000 -0.084000 0.269000 -0.152000 0.000000 0.000000
13:52:19 98.500000 -62.730000 0.000000 111.500000 352.273987 38.380001 8.668000 -3.860000 2.759500 1470755.440000 452753.632000 13.303559 80.563766 0.000000 -0.084000 0.269000 -0.152000 0.000000 0.000000
13:52:20 98.599998 -63.230000 0.000000 109.330002 352.201996 38.180000 8.289000 -3.450000 2.946500 0.004000 0.003300 13.303492 80.563744 0.000000 -0.079000 0.250000 -0.180000 0.000000 0.000000
13:52:21 98.800003 -63.230000 0.000000 109.330002 351.964996 37.930000 8.036000 -3.100000 3.178500 1470739.826000 452749.787000 13.303426 80.563728 0.000000 -0.079000 0.250000 -0.180000 0.000000 0.000000
13:52:22 99.000000 -63.230000 0.000000 109.330002 351.593994 37.540001 7.980000 -2.950000 3.211500 1470732.582000 452747.981000 13.303429 80.563728 0.000000 -0.079000 0.250000 -0.180000 0.000000 0.000000
13:52:23 99.199997 -63.230000 0.000000 109.330002 351.144989 37.080002 8.179000 -3.050000 3.172500 1470726.261000 452746.162000 13.303319 80.563698 0.000000 -0.079000 0.250000 -0.180000 0.000000 0.000000
13:52:24 99.599998 -63.230000 0.000000 109.330002 350.681000 36.669998 8.623000 -3.290000 3.209500 0.004000 0.003600 13.303270 80.563683 0.000000 -0.079000 0.250000 -0.180000 0.000000 0.000000
13:52:25 99.599998 -63.230000 0.000000 109.330002 350.191986 36.139999 9.175000 -3.780000 2.998500 0.004000 0.003600 13.303223 80.563675 0.000000 -0.079000 0.250000 -0.180000 0.000000 0.000000
13:52:26 99.800003 -63.230000 0.000000 109.330002 349.678009 35.740002 9.669000 -4.190000 2.955500 1470703.324000 452740.338000 13.303164 80.563660 0.000000 -0.079000 0.250000 -0.180000 0.000000 0.000000
13:52:27 99.900002 -63.230000 0.000000 109.330002 349.108002 35.189999 9.977000 -4.430000 2.933500 0.004000 0.003000 13.303107 80.563644 0.000000 -0.079000 0.250000 -0.180000 0.000000 0.000000
13:52:28 100.099998 -63.230000 0.000000 109.330002 348.458008 34.459999 10.027000 -4.600000 2.863500 0.004000 0.003000 13.303044 80.563629 0.000000 -0.079000 0.250000 -0.180000 0.000000 0.000000
13:52:29 100.199997 -63.230000 0.000000 109.330002 347.710999 33.689999 9.805000 -4.390000 3.075500 0.004000 0.003000 13.303048 80.563629 0.000000 -0.079000 0.250000 -0.180000 0.000000 0.000000
13:52:30 100.599998 -63.230000 0.000000 109.330002 346.868011 32.750000 9.355000 -3.980000 3.296500 1470683.043000 452735.532000 13.302912 80.563599 0.000000 -0.079000 0.250000 -0.180000 0.000000 0.000000
13:52:31 100.599998 -63.230000 0.000000 109.330002 345.959991 31.690001 8.755000 -3.510000 3.399500 1470668.634000 452732.384000 13.302851 80.563583 0.000000 -0.079000 0.250000 -0.180000 0.000000 0.000000
13:52:32 100.599998 -63.230000 0.000000 109.330002 345.003998 30.650000 8.129000 -2.970000 3.559500 0.004000 0.003200 13.302794 80.563568 0.000000 -0.079000 0.250000 -0.180000 0.000000 0.000000
13:52:33 100.800003 -63.230000 0.000000 109.330002 344.020996 29.570000 7.602000 -2.480000 3.649500 0.004000 0.003200 13.302742 80.563560 0.000000 -0.079000 0.250000 -0.180000 0.000000 0.000000
13:52:34 101.000000 -63.230000 0.000000 109.330002 343.036987 28.459999 7.297000 -2.190000 3.706500 0.004000 0.003200 13.302696 80.563545 0.000000 -0.079000 0.250000 -0.180000 0.000000 0.000000
13:52:35 101.199997 -63.230000 0.000000 109.330002 342.066010 27.530001 7.269000 -1.980000 3.909500 0.004000 0.003200 13.302650 80.563538 0.000000 -0.079000 0.250000 -0.180000 0.000000 0.000000
13:52:36 101.400002 -63.230000 0.000000 109.330002 341.135986 26.549999 7.513000 -2.140000 3.734500 0.004000 0.003200 13.302609 80.563530 0.000000 -0.079000 0.250000 -0.180000 0.000000 0.000000
13:52:37 101.800003 -63.230000 0.000000 109.330002 340.312988 25.709999 8.008000 -2.510000 3.680500 1470638.061000 452726.057000 13.302574 80.563530 0.000000 -0.079000 0.250000 -0.180000 0.000000 0.000000
13:52:38 101.800003 -63.230000 0.000000 109.330002 340.312988 25.190001 8.008000 -2.890000 3.680500 0.004000 0.003600 13.302574 80.563530 0.000000 -0.079000 0.250000 -0.180000 0.000000 0.000000
13:52:39 101.900002 -63.230000 0.000000 109.330002 339.462006 24.969999 9.335000 -3.370000 3.791500 1470630.377000 452724.590000 13.302505 80.563515 0.000000 -0.079000 0.250000 -0.180000 0.000000 0.000000
13:52:40 102.099998 -63.230000 0.000000 109.330002 339.462006 25.120001 9.335000 -3.790000 3.791500 0.004000 0.003400 13.302505 80.563515 0.000000 -0.079000 0.250000 -0.180000 0.000000 0.000000
13:52:41 102.300003 -66.910004 0.000000 106.599998 339.875000 25.510000 10.127000 -3.900000 3.921500 1470627.426000 452722.888000 13.302444 80.563484 0.000000 -0.078000 0.219000 -0.169000 0.000000 0.000000
13:52:42 102.599998 -66.910004 0.000000 106.599998 340.391998 26.049999 10.104000 -3.860000 3.989500 1470624.104000 452721.067000 13.302415 80.563461 0.000000 -0.078000 0.219000 -0.169000 0.000000 0.000000
13:52:43 102.699997 -66.910004 0.000000 106.599998 340.391998 26.629999 10.104000 -3.690000 3.989500 0.004000 0.003100 13.302415 80.563461 0.000000 -0.078000 0.219000 -0.169000 0.000000 0.000000
13:52:44 102.900002 -66.910004 0.000000 106.599998 340.391998 27.200001 10.104000 -3.470000 3.989500 0.004000 0.003100 13.302415 80.563461 0.000000 -0.078000 0.219000 -0.169000 0.000000 0.000000
13:52:45 103.099998 -66.910004 0.000000 106.599998 340.391998 27.830000 10.104000 -3.070000 3.989500 1470615.010000 452712.912000 13.302415 80.563461 0.000000 -0.078000 0.219000 -0.169000 0.000000 0.000000
13:52:46 103.199997 -66.910004 0.000000 106.599998 340.391998 28.490000 10.104000 -2.620000 3.989500 1470612.215000 452709.888000 13.302415 80.563461 0.000000 -0.078000 0.219000 -0.169000 0.000000 0.000000
13:52:47 103.300003 -66.910004 0.000000 106.599998 340.391998 29.059999 10.104000 -2.230000 3.989500 0.004000 0.003900 13.302415 80.563461 0.000000 -0.078000 0.219000 -0.169000 0.000000 0.000000
13:52:48 103.500000 -66.910004 0.000000 106.599998 340.391998 29.770000 10.104000 -1.910000 3.989500 0.004000 0.003900 13.302415 80.563461 0.000000 -0.078000 0.219000 -0.169000 0.000000 0.000000
13:52:49 103.699997 -66.910004 0.000000 106.599998 340.391998 30.280001 10.104000 -1.780000 3.989500 0.004000 0.003900 13.302415 80.563461 0.000000 -0.078000 0.219000 -0.169000 0.000000 0.000000
13:52:50 104.099998 -66.910004 0.000000 106.599998 340.391998 30.650000 10.104000 -2.010000 3.989500 1470604.643000 452698.519000 13.302415 80.563461 0.000000 -0.078000 0.219000 -0.169000 0.000000 0.000000
13:52:51 104.099998 -66.910004 0.000000 106.599998 340.391998 30.830000 10.104000 -2.430000 3.989500 0.004000 0.003800 13.302415 80.563461 0.000000 -0.078000 0.219000 -0.169000 0.000000 0.000000
13:52:52 104.400002 -66.910004 0.000000 106.599998 340.391998 30.850000 10.104000 -2.800000 3.989500 1470600.431000 452694.716000 13.302415 80.563461 0.000000 -0.078000 0.219000 -0.169000 0.000000 0.000000
13:52:53 104.500000 -66.910004 0.000000 106.599998 340.391998 30.730000 10.104000 -3.090000 3.989500 0.004000 0.003400 13.302415 80.563461 0.000000 -0.078000 0.219000 -0.169000 0.000000 0.000000
13:52:54 104.699997 -66.910004 0.000000 106.599998 345.015015 30.760000 9.006000 -3.300000 3.559500 1470593.068000 452691.976000 13.302167 80.563217 0.000000 -0.078000 0.219000 -0.169000 0.000000 0.000000
13:52:55 104.900002 -66.910004 0.000000 106.599998 345.015015 30.799999 9.006000 -3.220000 3.559500 0.004000 0.003100 13.302167 80.563217 0.000000 -0.078000 0.219000 -0.169000 0.000000 0.000000
13:52:56 105.300003 -66.910004 0.000000 106.599998 345.015015 30.900000 9.006000 -3.240000 3.559500 1470582.728000 452689.761000 13.302167 80.563217 0.000000 -0.078000 0.219000 -0.169000 0.000000 0.000000
13:52:57 105.300003 -66.910004 0.000000 106.599998 345.015015 31.040001 9.006000 -3.210000 3.559500 0.004000 0.003900 13.302167 80.563217 0.000000 -0.078000 0.219000 -0.169000 0.000000 0.000000
13:52:58 105.500000 -66.910004 0.000000 106.599998 345.015015 31.170000 9.006000 -3.170000 3.559500 1470571.289000 452687.155000 13.302167 80.563217 0.000000 -0.078000 0.219000 -0.169000 0.000000 0.000000
13:52:59 105.699997 -66.910004 0.000000 106.599998 345.015015 31.219999 9.006000 -3.160000 3.559500 0.004000 0.003700 13.302167 80.563217 0.000000 -0.078000 0.219000 -0.169000 0.000000 0.000000
13:53:00 105.800003 -70.430000 0.000000 101.059998 345.015015 31.160000 9.006000 -3.300000 3.559500 1470561.339000 452683.514000 13.302167 80.563217 0.000000 -0.094000 0.228000 -0.192000 0.000000 0.000000
13:53:01 106.000000 -70.430000 0.000000 101.059998 345.535004 31.230000 8.706000 -3.340000 3.482500 1470558.045000 452680.830000 13.301821 80.563087 0.000000 -0.094000 0.228000 -0.192000 0.000000 0.000000
13:53:02 106.199997 -70.430000 0.000000 101.059998 345.535004 31.379999 8.706000 -3.360000 3.482500 1470555.100000 452678.215000 13.301821 80.563087 0.000000 -0.094000 0.228000 -0.192000 0.000000 0.000000
13:53:03 106.599998 -70.430000 0.000000 101.059998 345.535004 31.740000 8.706000 -3.360000 3.482500 1470553.569000 452675.043000 13.301821 80.563087 0.000000 -0.094000 0.228000 -0.192000 0.000000 0.000000
13:53:04 106.599998 -71.279999 0.000000 101.870003 345.535004 32.270000 8.706000 -3.380000 3.482500 1470553.401000 452671.512000 13.301821 80.563087 0.000000 -0.021000 0.222000 -0.217000 0.000000 0.000000
13:53:05 106.800003 -71.279999 0.000000 101.870003 347.088989 32.950001 9.174000 -3.330000 3.809500 1470554.565000 452667.593000 13.301833 80.562950 0.000000 -0.021000 0.222000 -0.217000 0.000000 0.000000
13:53:06 107.000000 -71.279999 0.000000 101.870003 347.088989 33.630001 9.174000 -3.410000 3.809500 1470556.559000 452663.186000 13.301833 80.562950 0.000000 -0.021000 0.222000 -0.217000 0.000000 0.000000
13:53:07 107.199997 -71.279999 0.000000 101.870003 347.088989 34.130001 9.174000 -3.390000 3.809500 1470558.868000 452658.376000 13.301833 80.562950 0.000000 -0.021000 0.222000 -0.217000 0.000000 0.000000
13:53:08 107.400002 -71.279999 0.000000 101.870003 347.088989 34.439999 9.174000 -3.260000 3.809500 1470561.153000 452653.228000 13.301833 80.562950 0.000000 -0.021000 0.222000 -0.217000 0.000000 0.000000
13:53:09 107.699997 -71.279999 0.000000 101.870003 347.088989 34.700001 9.174000 -3.200000 3.809500 1470562.729000 452648.260000 13.301833 80.562950 0.000000 -0.021000 0.222000 -0.217000 0.000000 0.000000
13:53:10 107.800003 -71.279999 0.000000 101.870003 347.088989 34.770000 9.174000 -3.160000 3.809500 1470564.404000 452643.059000 13.301833 80.562950 0.000000 -0.021000 0.222000 -0.217000 0.000000 0.000000
13:53:11 108.000000 -71.279999 0.000000 101.870003 347.088989 34.700001 9.174000 -3.220000 3.809500 1470565.428000 452638.040000 13.301833 80.562950 0.000000 -0.021000 0.222000 -0.217000 0.000000 0.000000
13:53:12 108.199997 -71.279999 0.000000 101.870003 347.088989 34.549999 9.174000 -3.320000 3.809500 1470566.051000 452633.509000 13.301833 80.562950 0.000000 -0.021000 0.222000 -0.217000 0.000000 0.000000
13:53:13 108.400002 -71.279999 0.000000 101.870003 348.609009 34.610001 9.238000 -3.520000 3.543500 1470566.508000 452629.319000 13.301925 80.562599 0.000000 -0.021000 0.222000 -0.217000 0.000000 0.000000
13:53:14 108.500000 -71.279999 0.000000 101.870003 348.609009 34.610001 9.238000 -3.760000 3.543500 1470566.739000 452625.328000 13.301925 80.562599 0.000000 -0.021000 0.222000 -0.217000 0.000000 0.000000
13:53:15 108.699997 -71.279999 0.000000 101.870003 348.609009 34.689999 9.431000 -3.880000 3.299500 1470566.703000 452621.432000 13.301927 80.562561 0.000000 -0.021000 0.222000 -0.217000 0.000000 0.000000
13:53:16 108.900002 -71.279999 0.000000 101.870003 348.609009 34.939999 9.431000 -3.920000 3.299500 1470566.703000 452617.535000 13.301927 80.562561 0.000000 -0.021000 0.222000 -0.217000 0.000000 0.000000
13:53:17 109.199997 -71.279999 0.000000 101.870003 349.295990 35.389999 9.455000 -3.940000 3.248500 1470567.354000 452613.807000 13.301933 80.562492 0.000000 -0.021000 0.222000 -0.217000 0.000000 0.000000
13:53:18 109.300003 -71.279999 0.000000 101.870003 349.295990 36.029999 9.439000 -3.900000 3.305500 1470568.183000 452610.118000 13.301940 80.562462 0.000000 -0.021000 0.222000 -0.217000 0.000000 0.000000
13:53:19 109.599998 -71.279999 0.000000 101.870003 349.295990 36.810001 9.448000 -3.850000 3.393500 1470570.408000 452601.834000 13.301960 80.562386 0.000000 -0.021000 0.222000 -0.217000 0.000000 0.000000
13:53:20 109.699997 -71.279999 0.000000 101.870003 349.295990 37.799999 9.479000 -3.880000 3.369500 1470570.770000 452601.759000 13.301964 80.562386 0.000000 -0.021000 0.222000 -0.217000 0.000000 0.000000
13:53:21 109.900002 -71.279999 0.000000 101.870003 349.295990 38.880001 9.518000 -3.930000 3.327500 1470571.112000 452601.674000 13.301991 80.562309 0.000000 -0.021000 0.222000 -0.217000 0.000000 0.000000
13:53:22 110.099998 -71.279999 0.000000 101.870003 349.295990 39.950001 9.569000 -4.010000 3.235500 1470574.107000 452593.616000 13.301993 80.562309 0.000000 -0.021000 0.222000 -0.217000 0.000000 0.000000
13:53:23 110.500000 -71.279999 0.000000 101.870003 349.295990 40.950001 9.649000 -3.990000 3.356500 1470574.467000 452593.559000 13.302025 80.562233 0.000000 -0.021000 0.222000 -0.217000 0.000000 0.000000
13:53:24 110.500000 -71.279999 0.000000 101.870003 349.295990 41.849998 9.740000 -4.020000 3.424500 1470577.876000 452585.166000 13.302028 80.562225 0.000000 -0.021000 0.222000 -0.217000 0.000000 0.000000
13:53:25 110.699997 -71.279999 0.000000 101.870003 349.295990 42.610001 9.828000 -4.120000 3.375500 1470578.235000 452585.088000 13.302060 80.562149 0.000000 -0.021000 0.222000 -0.217000 0.000000 0.000000
13:53:26 110.900002 -71.279999 0.000000 101.870003 356.605988 43.139999 9.904000 -4.150000 3.361500 1470581.892000 452576.469000 13.302064 80.562149 0.000000 -0.021000 0.222000 -0.217000 0.000000 0.000000
13:53:27 111.099998 -71.279999 0.000000 101.870003 357.018005 43.549999 9.953000 -4.140000 3.452500 1470582.249000 452576.385000 13.302077 80.562111 0.000000 -0.021000 0.222000 -0.217000 0.000000 0.000000
13:53:28 111.400002 -71.279999 0.000000 101.870003 357.018005 43.810001 9.998000 -4.310000 3.233500 1470584.351000 452568.362000 13.302089 80.562042 0.000000 -0.021000 0.222000 -0.217000 0.000000 0.000000
13:53:29 111.500000 -71.279999 0.000000 101.870003 357.018005 44.020000 10.044000 -4.270000 3.364500 1470585.021000 452564.979000 13.302092 80.562042 0.000000 -0.021000 0.222000 -0.217000 0.000000 0.000000
13:53:30 111.900002 -71.279999 0.000000 101.870003 357.018005 43.990002 10.063000 -4.440000 3.147500 1470584.807000 452562.095000 13.302084 80.561989 0.000000 -0.021000 0.222000 -0.217000 0.000000 0.000000
13:53:31 111.900002 -71.279999 0.000000 101.870003 357.018005 43.860001 10.065000 -4.460000 3.141500 1470584.528000 452559.399000 13.302088 80.561989 0.000000 -0.021000 0.222000 -0.217000 0.000000 0.000000
13:53:32 112.099998 -71.279999 0.000000 101.870003 357.018005 43.740002 10.037000 -4.500000 3.079500 1470584.002000 452556.973000 13.302073 80.561943 0.000000 -0.021000 0.222000 -0.217000 0.000000 0.000000
13:53:33 112.300003 -71.279999 0.000000 101.870003 357.018005 43.639999 9.982000 -4.460000 3.057500 1470583.204000 452554.430000 13.302075 80.561943 0.000000 -0.021000 0.222000 -0.217000 0.000000 0.000000
13:53:34 112.500000 -71.279999 0.000000 101.870003 357.018005 43.570000 9.912000 -4.430000 3.036500 1470582.424000 452551.875000 13.302057 80.561905 0.000000 -0.021000 0.222000 -0.217000 0.000000 0.000000
13:53:35 112.699997 -71.279999 0.000000 101.870003 357.018005 43.549999 9.867000 -4.440000 2.988500 1470581.619000 452549.711000 13.302061 80.561905 0.000000 -0.021000 0.222000 -0.217000 0.000000 0.000000
13:53:36 112.900002 -71.279999 0.000000 101.870003 357.018005 43.650002 9.868000 -4.400000 3.069500 1470580.829000 452547.560000 13.302053 80.561882 0.000000 -0.021000 0.222000 -0.217000 0.000000 0.000000
13:53:37 113.300003 -71.279999 0.000000 101.870003 357.018005 43.700001 9.904000 -4.390000 3.135500 1470580.499000 452545.401000 13.302049 80.561844 0.000000 -0.021000 0.222000 -0.217000 0.000000 0.000000
13:53:38 113.300003 -71.279999 0.000000 101.870003 357.311005 43.790001 9.951000 -4.400000 3.181500 1470580.632000 452543.040000 13.302052 80.561844 0.000000 -0.021000 0.222000 -0.217000 0.000000 0.000000
13:53:39 113.400002 -71.279999 0.000000 101.870003 357.483002 44.009998 10.005000 -4.330000 3.300500 1470580.909000 452540.945000 13.302055 80.561798 0.000000 -0.021000 0.222000 -0.217000 0.000000 0.000000
13:53:40 113.699997 -71.279999 0.000000 101.870003 357.798004 44.410000 10.084000 -4.310000 3.422500 1470581.339000 452538.715000 13.302058 80.561798 0.000000 -0.021000 0.222000 -0.217000 0.000000 0.000000
13:53:41 113.900002 -71.279999 0.000000 101.870003 358.309998 44.930000 10.194000 -4.420000 3.331500 1470582.523000 452536.175000 13.302075 80.561752 0.000000 -0.021000 0.222000 -0.217000 0.000000 0.000000
13:53:42 114.099998 -71.279999 0.000000 101.870003 359.016998 45.720001 10.313000 -4.440000 3.400500 1470583.576000 452533.570000 13.302078 80.561752 0.000000 -0.021000 0.222000 -0.217000 0.000000 0.000000
13:53:43 114.300003 -71.279999 0.000000 101.870003 359.888000 46.750000 10.429000 -4.450000 3.446500 1470584.842000 452531.121000 13.302090 80.561729 0.000000 -0.021000 0.222000 -0.217000 0.000000 0.000000
13:53:44 114.800003 -71.279999 0.000000 101.870003 0.861000 47.779999 10.507000 -4.570000 3.301500 1470585.825000 452528.374000 13.302104 80.561684 0.000000 -0.021000 0.222000 -0.217000 0.000000 0.000000
13:53:45 114.800003 -71.279999 0.000000 101.870003 1.865000 48.810001 10.550000 -4.560000 3.363500 1470586.825000 452525.679000 13.302108 80.561676 0.000000 -0.021000 0.222000 -0.217000 0.000000 0.000000
13:53:46 115.000000 -71.279999 0.000000 101.870003 2.833000 49.980000 10.575000 -4.790000 3.140500 1470587.444000 452522.958000 13.302116 80.561630 0.000000 -0.021000 0.222000 -0.217000 0.000000 0.000000
13:53:47 115.199997 -71.279999 0.000000 101.870003 3.710000 50.869999 10.602000 -4.760000 3.143500 1470588.122000 452519.991000 13.302119 80.561630 0.000000 -0.021000 0.222000 -0.217000 0.000000 0.000000
13:53:48 115.400002 -71.279999 0.000000 101.870003 4.471000 51.689999 10.631000 -4.820000 3.100500 1470588.264000 452517.366000 13.302120 80.561577 0.000000 -0.021000 0.222000 -0.217000 0.000000 0.000000
13:53:49 115.599998 -71.279999 0.000000 101.870003 5.106000 52.330002 10.650000 -4.990000 2.934500 1470588.610000 452514.593000 13.302123 80.561577 0.000000 -0.021000 0.222000 -0.217000 0.000000 0.000000
13:53:50 115.800003 -71.279999 0.000000 101.870003 5.623000 52.820000 10.642000 -4.870000 3.050500 1470588.534000 452511.658000 13.302117 80.561523 0.000000 -0.021000 0.222000 -0.217000 0.000000 0.000000
13:53:51 116.199997 -71.279999 0.000000 101.870003 6.020000 53.139999 10.577000 -4.890000 3.061500 1470588.276000 452508.781000 13.302120 80.561523 0.000000 -0.021000 0.222000 -0.217000 0.000000 0.000000
13:53:52 116.199997 -71.279999 0.000000 101.870003 6.305000 53.430000 10.446000 -4.900000 2.919500 1470587.931000 452505.876000 13.302117 80.561501 0.000000 -0.021000 0.222000 -0.217000 0.000000 0.000000
13:53:53 116.400002 -71.279999 0.000000 101.870003 6.515000 53.599998 10.316000 -4.820000 2.943500 1470587.029000 452503.691000 13.302095 80.561462 0.000000 -0.021000 0.222000 -0.217000 0.000000 0.000000
13:53:54 116.599998 -71.279999 0.000000 101.870003 6.681000 53.750000 10.250000 -4.830000 2.890500 1470585.874000 452501.875000 13.302098 80.561462 0.000000 -0.021000 0.222000 -0.217000 0.000000 0.000000
13:53:55 116.900002 -71.279999 0.000000 101.870003 6.819000 53.970001 10.270000 -4.890000 2.760500 1470584.896000 452500.430000 13.302081 80.561432 0.000000 -0.021000 0.222000 -0.217000 0.000000 0.000000
13:53:56 117.199997 -71.279999 0.000000 101.870003 6.963000 54.119999 10.370000 -4.940000 2.793500 1470584.256000 452499.130000 13.302084 80.561432 0.000000 -0.021000 0.222000 -0.217000 0.000000 0.000000
13:53:57 117.400002 -71.279999 0.000000 101.870003 7.179000 54.360001 10.504000 -4.980000 2.860500 1470583.627000 452497.585000 13.302073 80.561401 0.000000 -0.021000 0.222000 -0.217000 0.000000 0.000000
13:53:58 117.800003 -71.279999 0.000000 101.870003 7.453000 54.639999 10.614000 -5.110000 2.748500 1470583.460000 452495.831000 13.302076 80.561401 0.000000 -0.021000 0.222000 -0.217000 0.000000 0.000000
13:53:59 117.800003 -71.279999 0.000000 101.870003 7.665000 54.860001 10.673000 -5.030000 2.910500 1470583.842000 452493.615000 13.302080 80.561386 0.000000 -0.021000 0.222000 -0.217000 0.000000 0.000000
13:54:00 118.000000 -71.279999 0.000000 101.870003 7.687000 54.880001 10.637000 -4.790000 3.134500 1470584.206000 452491.098000 13.302085 80.561340 0.000000 -0.021000 0.222000 -0.217000 0.000000 0.000000
13:54:01 118.199997 -71.279999 0.000000 101.870003 7.482000 54.599998 10.517000 -4.640000 3.252500 1470584.697000 452488.581000 13.302088 80.561340 0.000000 -0.021000 0.222000 -0.217000 0.000000 0.000000
13:54:02 118.400002 -71.279999 0.000000 101.870003 7.067000 54.119999 10.372000 -4.610000 3.182500 1470584.719000 452486.257000 13.302085 80.561295 0.000000 -0.021000 0.222000 -0.217000 0.000000 0.000000
13:54:03 118.699997 -71.279999 0.000000 101.870003 6.504000 53.480000 10.238000 -4.450000 3.335500 1470584.800000 452483.636000 13.302089 80.561295 0.000000 -0.021000 0.222000 -0.217000 0.000000 0.000000
13:54:04 118.900002 -71.279999 0.000000 101.870003 5.832000 52.770000 10.151000 -4.410000 3.231500 1470584.071000 452481.184000 13.302070 80.561249 0.000000 -0.021000 0.222000 -0.217000 0.000000 0.000000
13:54:05 119.099998 -71.279999 0.000000 101.870003 5.103000 51.990002 10.124000 -4.230000 3.509500 1470583.090000 452478.846000 13.302073 80.561249 0.000000 -0.021000 0.222000 -0.217000 0.000000 0.000000
13:54:06 119.400002 -71.279999 0.000000 101.870003 4.344000 51.160000 10.091000 -4.300000 3.426500 1470581.520000 452477.011000 13.302037 80.561218 0.000000 -0.021000 0.222000 -0.217000 0.000000 0.000000
13:54:07 119.599998 -71.279999 0.000000 101.870003 4.344000 50.340000 10.031000 -4.360000 3.228500 1470576.863000 452474.048000 13.302016 80.561203 0.000000 -0.021000 0.222000 -0.217000 0.000000 0.000000
13:54:08 119.800003 -84.550003 0.000000 89.489998 2.918000 49.700001 9.949000 -4.200000 3.419500 1470577.232000 452473.923000 13.302020 80.561203 0.000000 -0.084000 0.225000 -0.231000 0.000000 0.000000
13:54:09 120.000000 -84.550003 0.000000 89.489998 2.323000 49.160000 9.833000 -4.170000 3.296500 1470572.845000 452471.014000 13.301980 80.561172 0.000000 -0.084000 0.225000 -0.231000 0.000000 0.000000
13:54:10 120.300003 -84.550003 0.000000 89.489998 2.053000 48.750000 9.795000 -4.160000 3.273500 1470573.151000 452470.926000 13.301983 80.561172 0.000000 -0.084000 0.225000 -0.231000 0.000000 0.000000
13:54:11 120.500000 -84.550003 0.000000 89.489998 1.870000 48.650002 9.816000 -4.110000 3.406500 1470568.833000 452467.473000 13.301944 80.561142 0.000000 -0.084000 0.225000 -0.231000 0.000000 0.000000
13:54:12 120.800003 -84.550003 0.000000 89.489998 1.885000 48.740002 9.908000 -4.160000 3.422500 1470569.175000 452467.372000 13.301948 80.561142 0.000000 -0.084000 0.225000 -0.231000 0.000000 0.000000
13:54:13 121.099998 -84.550003 0.000000 89.489998 2.093000 48.939999 10.057000 -4.310000 3.287500 1470569.571000 452467.275000 13.301931 80.561096 0.000000 -0.084000 0.225000 -0.231000 0.000000 0.000000
13:54:14 121.300003 -84.550003 0.000000 89.489998 2.533000 49.520000 10.236000 -4.250000 3.582500 1470567.818000 452462.380000 13.301934 80.561096 0.000000 -0.084000 0.225000 -0.231000 0.000000 0.000000
13:54:15 121.500000 -84.550003 0.000000 89.489998 3.180000 50.290001 10.398000 -4.310000 3.542500 1470568.213000 452462.292000 13.301919 80.561043 0.000000 -0.084000 0.225000 -0.231000 0.000000 0.000000
13:54:16 121.699997 -84.550003 0.000000 89.489998 3.921000 51.110001 10.527000 -4.250000 3.762500 1470566.516000 452456.741000 13.301910 80.561020 0.000000 -0.084000 0.225000 -0.231000 0.000000 0.000000
13:54:17 122.000000 -84.550003 0.000000 89.489998 4.622000 51.840000 10.572000 -4.320000 3.714500 1470565.591000 452453.906000 13.301914 80.561020 0.000000 -0.084000 0.225000 -0.231000 0.000000 0.000000
13:54:18 122.199997 -84.550003 0.000000 89.489998 5.194000 52.419998 10.517000 -4.240000 3.780500 1470565.098000 452451.031000 13.301892 80.560966 0.000000 -0.084000 0.225000 -0.231000 0.000000 0.000000
13:54:19 122.500000 -84.550003 0.000000 89.489998 5.615000 52.770000 10.404000 -4.310000 3.577500 1470563.543000 452448.424000 13.301896 80.560966 0.000000 -0.084000 0.225000 -0.231000 0.000000 0.000000
13:54:20 122.699997 -84.550003 0.000000 89.489998 5.894000 53.000000 10.310000 -4.230000 3.594500 1470561.840000 452446.265000 13.301855 80.560928 0.000000 -0.084000 0.225000 -0.231000 0.000000 0.000000
13:54:21 122.900002 -84.550003 0.000000 89.489998 6.053000 53.150002 10.238000 -4.300000 3.548500 1470559.460000 452444.394000 13.301859 80.560928 0.000000 -0.084000 0.225000 -0.231000 0.000000 0.000000
13:54:22 123.199997 -84.550003 0.000000 89.489998 6.111000 53.169998 10.152000 -4.420000 3.264500 1470556.854000 452442.508000 13.301808 80.560905 0.000000 -0.084000 0.225000 -0.231000 0.000000 0.000000
13:54:23 123.400002 -84.550003 0.000000 89.489998 6.109000 53.169998 10.067000 -4.360000 3.238500 1470554.331000 452441.215000 13.301788 80.560890 0.000000 -0.084000 0.225000 -0.231000 0.000000 0.000000
13:54:24 123.699997 -84.550003 0.000000 89.489998 6.072000 53.110001 9.987000 -4.230000 3.363500 1470552.034000 452439.824000 13.301791 80.560890 0.000000 -0.084000 0.225000 -0.231000 0.000000 0.000000
13:54:25 123.900002 -84.550003 0.000000 89.489998 6.031000 53.029999 9.938000 -4.130000 3.452500 1470549.625000 452438.395000 13.301745 80.560860 0.000000 -0.084000 0.225000 -0.231000 0.000000 0.000000
13:54:26 124.099998 -84.550003 0.000000 89.489998 6.008000 53.009998 9.932000 -4.130000 3.421500 1470547.327000 452436.893000 13.301749 80.560860 0.000000 -0.084000 0.225000 -0.231000 0.000000 0.000000
13:54:27 124.400002 -84.550003 0.000000 89.489998 5.990000 53.060001 9.953000 -4.160000 3.390500 1470545.428000 452435.079000 13.301709 80.560829 0.000000 -0.084000 0.225000 -0.231000 0.000000 0.000000
13:54:28 124.599998 -84.550003 0.000000 89.489998 5.959000 52.980000 9.984000 -4.270000 3.224500 1470543.373000 452433.375000 13.301713 80.560829 0.000000 -0.084000 0.225000 -0.231000 0.000000 0.000000
13:54:29 124.800003 -84.550003 0.000000 89.489998 5.881000 52.910000 10.049000 -4.110000 3.561500 1470541.514000 452430.999000 13.301668 80.560791 0.000000 -0.084000 0.225000 -0.231000 0.000000 0.000000
13:54:30 125.099998 -84.550003 0.000000 89.489998 5.709000 52.689999 10.145000 -4.170000 3.586500 1470538.852000 452428.781000 13.301672 80.560783 0.000000 -0.084000 0.225000 -0.231000 0.000000 0.000000
13:54:31 125.300003 -84.550003 0.000000 89.489998 5.409000 52.430000 10.264000 -4.220000 3.567500 1470536.837000 452426.522000 13.301623 80.560745 0.000000 -0.084000 0.225000 -0.231000 0.000000 0.000000
13:54:32 125.500000 -84.550003 0.000000 89.489998 5.015000 52.009998 10.379000 -4.310000 3.544500 1470533.920000 452424.271000 13.301597 80.560730 0.000000 -0.084000 0.225000 -0.231000 0.000000 0.000000
13:54:33 125.699997 -84.550003 0.000000 89.489998 4.573000 51.500000 10.475000 -4.370000 3.547500 1470530.927000 452422.612000 13.301600 80.560730 0.000000 -0.084000 0.225000 -0.231000 0.000000 0.000000
13:54:34 126.000000 -84.550003 0.000000 89.489998 4.125000 51.099998 10.534000 -4.250000 3.806500 1470528.479000 452420.635000 13.301547 80.560692 0.000000 -0.084000 0.225000 -0.231000 0.000000 0.000000
13:54:35 126.300003 -84.550003 0.000000 89.489998 3.664000 50.570000 10.526000 -4.300000 3.702500 1470525.460000 452418.537000 13.301551 80.560692 0.000000 -0.084000 0.225000 -0.231000 0.000000 0.000000
13:54:36 126.500000 -84.550003 0.000000 89.489998 3.180000 50.049999 10.484000 -4.160000 3.884500 1470522.383000 452416.752000 13.301492 80.560661 0.000000 -0.084000 0.225000 -0.231000 0.000000 0.000000
13:54:37 126.699997 -84.550003 0.000000 89.489998 2.691000 49.540001 10.472000 -4.130000 3.930500 1470519.356000 452415.137000 13.301496 80.560661 0.000000 -0.084000 0.225000 -0.231000 0.000000 0.000000
13:54:38 127.300003 -84.550003 0.000000 89.489998 2.273000 49.160000 10.517000 -4.220000 3.843500 1470516.205000 452413.774000 13.301436 80.560638 0.000000 -0.084000 0.225000 -0.231000 0.000000 0.000000
13:54:39 127.300003 -84.550003 0.000000 89.489998 2.007000 48.790001 10.617000 -4.290000 3.870500 1470513.276000 452412.262000 13.301413 80.560623 0.000000 -0.084000 0.225000 -0.231000 0.000000 0.000000
13:54:40 127.500000 -92.260002 0.000000 82.019997 1.951000 48.779999 10.756000 -4.430000 3.799500 1470510.564000 452410.739000 13.301416 80.560623 0.000000 -0.139000 0.266000 -0.249000 0.000000 0.000000
13:54:41 127.800003 -92.260002 0.000000 82.019997 2.182000 49.060001 10.946000 -4.530000 3.819500 1470508.123000 452409.322000 13.301366 80.560600 0.000000 -0.139000 0.266000 -0.249000 0.000000 0.000000
13:54:42 128.000000 -92.750000 0.000000 81.870003 2.492000 49.470001 11.084000 -4.650000 3.808500 1470505.397000 452408.146000 13.301370 80.560593 0.000000 -0.130000 0.276000 -0.244000 0.000000 0.000000
13:54:43 128.300003 -92.750000 0.000000 81.870003 3.130000 50.200001 11.294000 -4.780000 3.805500 1470502.891000 452406.635000 13.301322 80.560570 0.000000 -0.130000 0.276000 -0.244000 0.000000 0.000000
13:54:44 128.500000 -92.750000 0.000000 81.870003 3.611000 50.849998 11.395000 -5.010000 3.578500 1470500.538000 452404.921000 13.301326 80.560570 0.000000 -0.130000 0.276000 -0.244000 0.000000 0.000000
13:54:45 128.800003 -92.750000 0.000000 81.870003 4.224000 51.470001 11.452000 -4.960000 3.758500 1470498.437000 452402.921000 13.301287 80.560532 0.000000 -0.130000 0.276000 -0.244000 0.000000 0.000000
13:54:46 129.000000 -92.750000 0.000000 81.870003 4.771000 52.049999 11.461000 -5.010000 3.721500 1470496.687000 452401.010000 13.301291 80.560532 0.000000 -0.130000 0.276000 -0.244000 0.000000 0.000000
13:54:47 129.300003 -92.750000 0.000000 81.870003 5.192000 52.500000 11.502000 -4.970000 3.815500 1470495.062000 452399.165000 13.301259 80.560493 0.000000 -0.130000 0.276000 -0.244000 0.000000 0.000000
13:54:48 129.500000 -92.750000 0.000000 81.870003 5.519000 52.849998 11.627000 -5.060000 3.860500 1470493.669000 452397.257000 13.301249 80.560478 0.000000 -0.130000 0.276000 -0.244000 0.000000 0.000000
13:54:49 129.800003 -92.750000 0.000000 81.870003 5.826000 53.169998 11.821000 -5.290000 3.714500 1470492.472000 452395.620000 13.301252 80.560478 0.000000 -0.130000 0.276000 -0.244000 0.000000 0.000000
13:54:50 130.000000 -92.750000 0.000000 81.870003 6.199000 53.610001 12.033000 -5.500000 3.612500 1470491.746000 452393.853000 13.301237 80.560448 0.000000 -0.130000 0.276000 -0.244000 0.000000 0.000000
13:54:51 130.300003 -92.750000 0.000000 81.870003 6.683000 54.160000 12.232000 -5.650000 3.642500 1470491.213000 452392.257000 13.301241 80.560448 0.000000 -0.130000 0.276000 -0.244000 0.000000 0.000000
13:54:52 130.500000 -92.750000 0.000000 81.870003 7.281000 54.849998 12.382000 -5.820000 3.562500 1470490.637000 452390.646000 13.301229 80.560417 0.000000 -0.130000 0.276000 -0.244000 0.000000 0.000000
13:54:53 130.800003 -92.750000 0.000000 81.870003 7.940000 55.490002 12.473000 -5.900000 3.539500 1470490.389000 452388.791000 13.301233 80.560417 0.000000 -0.130000 0.276000 -0.244000 0.000000 0.000000
13:54:54 131.100006 -92.750000 0.000000 81.870003 8.615000 56.220001 12.480000 -6.050000 3.306500 1470490.769000 452387.220000 13.301236 80.560387 0.000000 -0.130000 0.276000 -0.244000 0.000000 0.000000
13:54:55 131.300003 -92.750000 0.000000 81.870003 9.270000 56.900002 12.437000 -5.980000 3.359500 1470491.349000 452383.881000 13.301242 80.560371 0.000000 -0.130000 0.276000 -0.244000 0.000000 0.000000
13:54:56 131.600006 -96.400002 0.000000 78.279999 9.894000 57.599998 12.423000 -5.930000 3.475500 1470491.795000 452383.757000 13.301251 80.560356 0.000000 -0.045000 0.251000 -0.265000 0.000000 0.000000
13:54:57 131.800003 -96.660004 0.000000 78.199997 10.632000 58.209999 12.544000 -6.110000 3.284500 1470494.021000 452379.653000 13.301266 80.560333 0.000000 -0.033000 0.254000 -0.263000 0.000000 0.000000
13:54:58 132.399994 -96.919998 0.000000 78.169998 11.277000 58.959999 12.748000 -6.220000 3.327500 1470494.470000 452379.569000 13.301283 80.560310 0.000000 -0.024000 0.252000 -0.261000 0.000000 0.000000
13:54:59 132.399994 -97.180000 0.000000 77.349998 11.918000 59.680000 12.960000 -6.340000 3.337500 1470497.923000 452374.957000 13.301301 80.560287 0.000000 -0.014000 0.252000 -0.256000 0.000000 0.000000
13:55:00 132.600006 -97.180000 0.000000 77.349998 12.483000 60.290001 13.063000 -6.450000 3.292500 1470498.376000 452374.882000 13.301324 80.560265 0.000000 -0.014000 0.252000 -0.256000 0.000000 0.000000
13:55:01 132.899994 -97.180000 0.000000 77.349998 12.868000 60.779999 13.073000 -6.370000 3.472500 1470503.026000 452369.755000 13.301348 80.560242 0.000000 -0.014000 0.252000 -0.256000 0.000000 0.000000
13:55:02 133.199997 -97.180000 0.000000 77.349998 13.293000 61.209999 13.035000 -6.490000 3.280500 1470503.473000 452369.706000 13.301352 80.560242 0.000000 -0.014000 0.252000 -0.256000 0.000000 0.000000
13:55:03 133.399994 -97.180000 0.000000 77.349998 13.683000 61.639999 13.009000 -6.520000 3.193500 1470503.913000 452369.645000 13.301404 80.560188 0.000000 -0.014000 0.252000 -0.256000 0.000000 0.000000
13:55:04 133.699997 -97.180000 0.000000 77.349998 14.066000 62.080002 13.042000 -6.560000 3.160500 1470509.757000 452364.167000 13.301431 80.560165 0.000000 -0.014000 0.252000 -0.256000 0.000000 0.000000
13:55:05 133.899994 -97.180000 0.000000 77.349998 14.425000 62.430000 13.143000 -6.670000 3.111500 1470512.698000 452361.604000 13.301435 80.560165 0.000000 -0.014000 0.252000 -0.256000 0.000000 0.000000
13:55:06 134.199997 -97.180000 0.000000 77.349998 14.723000 62.740002 13.274000 -6.650000 3.239500 1470515.780000 452359.398000 13.301490 80.560127 0.000000 -0.014000 0.252000 -0.256000 0.000000 0.000000
13:55:07 134.399994 -97.180000 0.000000 77.349998 14.985000 63.090000 13.427000 -6.610000 3.439500 1470519.237000 452357.097000 13.301494 80.560127 0.000000 -0.014000 0.252000 -0.256000 0.000000 0.000000
13:55:08 134.699997 -97.180000 0.000000 77.349998 15.262000 63.400002 13.590000 -6.760000 3.429500 1470522.913000 452355.048000 13.301556 80.560089 0.000000 -0.014000 0.252000 -0.256000 0.000000 0.000000
13:55:09 134.899994 -97.180000 0.000000 77.349998 15.600000 63.779999 13.780000 -6.970000 3.264500 1470526.533000 452352.930000 13.301559 80.560089 0.000000 -0.014000 0.252000 -0.256000 0.000000 0.000000
13:55:10 135.199997 -97.180000 0.000000 77.349998 16.020000 64.389999 14.019000 -7.130000 3.223500 1470530.047000 452351.026000 13.301621 80.560051 0.000000 -0.014000 0.252000 -0.256000 0.000000 0.000000
13:55:11 135.500000 -97.180000 0.000000 77.349998 16.502001 65.040001 14.389000 -7.430000 2.957500 1470533.830000 452349.511000 13.301653 80.560043 0.000000 -0.014000 0.252000 -0.256000 0.000000 0.000000
13:55:12 135.699997 -100.599998 0.000000 75.260002 17.155001 65.769997 14.610000 -7.770000 2.616500 1470537.282000 452348.123000 13.301681 80.560028 0.000000 -0.010000 0.213000 -0.254000 0.000000 0.000000
13:55:13 136.000000 -100.599998 0.000000 75.260002 18.016001 66.559998 14.760000 -7.740000 2.890500 0.003000 0.003800 13.301705 80.560020 0.000000 -0.010000 0.213000 -0.254000 0.000000 0.000000
13:55:14 136.199997 -100.599998 0.000000 75.260002 18.593000 67.339996 14.784000 -7.720000 2.956500 1470543.027000 452345.556000 13.301709 80.560020 0.000000 -0.010000 0.213000 -0.254000 0.000000 0.000000
13:55:15 136.500000 -101.370003 0.000000 74.440002 19.267000 68.029999 14.809000 -7.920000 2.676500 1470545.594000 452345.175000 13.301753 80.560013 0.000000 -0.017000 0.196000 -0.265000 0.000000 0.000000
13:55:16 136.699997 -101.370003 0.000000 74.440002 19.993999 68.680000 14.941000 -7.970000 2.734500 0.003000 0.003500 13.301782 80.560005 0.000000 -0.017000 0.196000 -0.265000 0.000000 0.000000
13:55:17 137.000000 -101.370003 0.000000 74.440002 20.438000 69.309998 15.097000 -8.070000 2.785500 1470551.422000 452344.516000 13.301806 80.560013 0.000000 -0.017000 0.196000 -0.265000 0.000000 0.000000
13:55:18 137.300003 -101.370003 0.000000 74.440002 20.961000 69.870003 15.329000 -8.250000 2.788500 1470554.203000 452344.811000 13.301810 80.560013 0.000000 -0.017000 0.196000 -0.265000 0.000000 0.000000
13:55:19 137.500000 -101.370003 0.000000 74.440002 21.465000 70.459999 15.566000 -8.470000 2.691500 1470556.705000 452345.398000 13.301861 80.560020 0.000000 -0.017000 0.196000 -0.265000 0.000000 0.000000
13:55:20 137.800003 -101.370003 0.000000 74.440002 22.014000 71.080002 15.790000 -8.580000 2.806500 1470560.227000 452346.038000 13.301888 80.560036 0.000000 -0.017000 0.196000 -0.265000 0.000000 0.000000
13:55:21 138.000000 -101.370003 0.000000 74.440002 22.634001 71.720001 16.000000 -8.900000 2.502500 1470563.363000 452347.233000 13.301892 80.560036 0.000000 -0.017000 0.196000 -0.265000 0.000000 0.000000
13:55:22 138.300003 -101.370003 0.000000 74.440002 23.306999 72.500000 16.209999 -9.100000 2.457500 1470566.750000 452348.493000 13.301950 80.560059 0.000000 -0.017000 0.196000 -0.265000 0.000000 0.000000
13:55:23 138.600006 -101.370003 0.000000 74.440002 23.997999 73.239998 16.423000 -9.290000 2.356500 1470570.079000 452349.895000 13.301953 80.560059 0.000000 -0.017000 0.196000 -0.265000 0.000000 0.000000
13:55:24 138.800003 -101.370003 0.000000 74.440002 24.645000 73.910004 16.622999 -9.550000 2.171500 1470573.427000 452351.542000 13.302012 80.560089 0.000000 -0.017000 0.196000 -0.265000 0.000000 0.000000
13:55:25 139.100006 -101.370003 0.000000 74.440002 25.188999 74.480003 16.757000 -9.690000 2.149500 1470577.032000 452353.344000 13.302016 80.560089 0.000000 -0.017000 0.196000 -0.265000 0.000000 0.000000
13:55:26 139.300003 -101.370003 0.000000 74.440002 25.615999 74.980003 16.801001 -9.750000 2.104500 1470580.738000 452355.108000 13.302083 80.560120 0.000000 -0.017000 0.196000 -0.265000 0.000000 0.000000
13:55:27 139.500000 -101.370003 0.000000 74.440002 25.969999 75.370003 16.791000 -9.710000 2.200500 1470584.770000 452357.002000 13.302119 80.560143 0.000000 -0.017000 0.196000 -0.265000 0.000000 0.000000
13:55:28 139.800003 -101.370003 0.000000 74.440002 26.271000 75.669998 16.766001 -9.650000 2.231500 1470588.860000 452359.090000 13.302156 80.560165 0.000000 -0.017000 0.196000 -0.265000 0.000000 0.000000
13:55:29 140.000000 -101.370003 0.000000 74.440002 26.499001 75.900002 16.808001 -9.580000 2.417500 1470592.988000 452361.448000 13.302198 80.560188 0.000000 -0.017000 0.196000 -0.265000 0.000000 0.000000
13:55:30 140.199997 -101.370003 0.000000 74.440002 26.563999 75.930000 16.947001 -9.830000 2.133500 1470597.520000 452363.911000 13.302201 80.560188 0.000000 -0.017000 0.196000 -0.265000 0.000000 0.000000
13:55:31 140.600006 -101.370003 0.000000 74.440002 26.462000 75.800003 17.160000 -9.980000 2.155500 1470602.387000 452366.361000 13.302288 80.560234 0.000000 -0.017000 0.196000 -0.265000 0.000000 0.000000
13:55:32 140.800003 -101.370003 0.000000 74.440002 26.208000 75.190002 17.350000 -10.310000 1.856500 1470607.458000 452369.122000 13.302292 80.560234 0.000000 -0.017000 0.196000 -0.265000 0.000000 0.000000
13:55:33 141.100006 -101.370003 0.000000 74.440002 25.822001 74.760002 17.438999 -10.240000 2.035500 1470612.630000 452371.986000 13.302380 80.560287 0.000000 -0.017000 0.196000 -0.265000 0.000000 0.000000
13:55:34 141.300003 -101.370003 0.000000 74.440002 25.292999 74.570000 17.379000 -10.020000 2.351500 1470617.597000 452374.953000 13.302423 80.560318 0.000000 -0.017000 0.196000 -0.265000 0.000000 0.000000
13:55:35 141.500000 -101.370003 0.000000 74.440002 24.653999 73.830002 17.198000 -9.890000 2.315500 1470622.362000 452378.127000 13.302473 80.560341 0.000000 -0.017000 0.196000 -0.265000 0.000000 0.000000
13:55:36 141.800003 -101.370003 0.000000 74.440002 23.944000 73.010002 16.974001 -9.710000 2.323500 1470627.946000 452381.041000 13.302521 80.560371 0.000000 -0.017000 0.196000 -0.265000 0.000000 0.000000
13:55:37 142.100006 -101.370003 0.000000 74.440002 23.170000 72.089996 16.750000 -9.720000 2.070500 1470633.181000 452384.191000 13.302571 80.560402 0.000000 -0.017000 0.196000 -0.265000 0.000000 0.000000
13:55:38 142.300003 -101.370003 0.000000 74.440002 22.396000 71.260002 16.563999 -9.590000 2.057500 1470638.747000 452387.586000 13.302620 80.560432 0.000000 -0.017000 0.196000 -0.265000 0.000000 0.000000
13:55:39 142.600006 -101.370003 0.000000 74.440002 21.753000 70.629997 16.465000 -9.380000 2.347500 1470644.161000 452390.776000 13.302624 80.560432 0.000000 -0.017000 0.196000 -0.265000 0.000000 0.000000
13:55:40 142.899994 -101.370003 0.000000 74.440002 21.414000 70.320000 16.445999 -9.510000 2.060500 1470649.762000 452394.096000 13.302727 80.560493 0.000000 -0.017000 0.196000 -0.265000 0.000000 0.000000
13:55:41 143.100006 -101.370003 0.000000 74.440002 21.396000 70.370003 16.497000 -9.500000 2.099500 1470655.994000 452397.093000 13.302731 80.560493 0.000000 -0.017000 0.196000 -0.265000 0.000000 0.000000
13:55:42 143.300003 -101.370003 0.000000 74.440002 21.631001 70.699997 16.542999 -9.340000 2.351500 1470662.444000 452399.920000 13.302845 80.560539 0.000000 -0.017000 0.196000 -0.265000 0.000000 0.000000
13:55:43 143.600006 -101.370003 0.000000 74.440002 22.011999 71.080002 16.556000 -9.350000 2.314500 1470675.441000 452405.457000 13.302907 80.560570 0.000000 -0.017000 0.196000 -0.265000 0.000000 0.000000
13:55:44 143.800003 -101.370003 0.000000 74.440002 22.479000 71.660004 16.549999 -9.230000 2.463500 1470675.900000 452405.433000 13.302969 80.560593 0.000000 -0.017000 0.196000 -0.265000 0.000000 0.000000
13:55:45 144.000000 -101.370003 0.000000 74.440002 23.021999 72.239998 16.517000 -9.120000 2.590500 1470688.935000 452410.622000 13.303029 80.560616 0.000000 -0.017000 0.196000 -0.265000 0.000000 0.000000
13:55:46 144.300003 -101.370003 0.000000 74.440002 23.591999 72.809998 16.431999 -9.030000 2.615500 1470689.408000 452410.583000 13.303033 80.560616 0.000000 -0.017000 0.196000 -0.265000 0.000000 0.000000
13:55:47 144.500000 -101.370003 0.000000 74.440002 24.091000 73.220001 16.367001 -8.910000 2.748500 1470701.762000 452416.067000 13.303145 80.560669 0.000000 -0.017000 0.196000 -0.265000 0.000000 0.000000
13:55:48 144.800003 -101.370003 0.000000 74.440002 24.429001 73.500000 16.447001 -9.320000 2.261500 1470702.256000 452416.017000 13.303149 80.560669 0.000000 -0.017000 0.196000 -0.265000 0.000000 0.000000
13:55:49 145.000000 -101.370003 0.000000 74.440002 24.575001 73.610001 16.722000 -9.600000 2.070500 1470714.395000 452422.328000 13.303260 80.560722 0.000000 -0.017000 0.196000 -0.265000 0.000000 0.000000
13:55:50 145.199997 -101.370003 0.000000 74.440002 24.608000 73.309998 17.167000 -10.100000 1.847500 1470720.489000 452425.529000 13.303314 80.560753 0.000000 -0.017000 0.196000 -0.265000 0.000000 0.000000
13:55:51 145.399994 -101.370003 0.000000 74.440002 24.614000 73.279999 17.656000 -10.610000 1.570500 1470726.420000 452428.432000 13.303369 80.560783 0.000000 -0.017000 0.196000 -0.265000 0.000000 0.000000
13:55:52 145.699997 -101.370003 0.000000 74.440002 24.607000 73.459999 18.139999 -10.790000 1.935500 1470732.387000 452431.646000 13.303422 80.560806 0.000000 -0.017000 0.196000 -0.265000 0.000000 0.000000
13:55:53 145.899994 -101.370003 0.000000 74.440002 24.596001 73.389999 18.554001 -11.100000 2.037500 1470738.177000 452434.911000 13.303474 80.560837 0.000000 -0.017000 0.196000 -0.265000 0.000000 0.000000
13:55:54 146.100006 -101.370003 0.000000 74.440002 24.530001 73.260002 18.879000 -11.560000 1.610500 1470738.665000 452434.862000 13.303531 80.560867 0.000000 -0.017000 0.196000 -0.265000 0.000000 0.000000
13:55:55 146.300003 -101.370003 0.000000 74.440002 24.360001 73.169998 19.166000 -11.570000 1.933500 1470744.866000 452438.025000 13.303535 80.560867 0.000000 -0.017000 0.196000 -0.265000 0.000000 0.000000
13:55:56 146.500000 -101.370003 0.000000 74.440002 24.107000 72.930000 19.448999 -11.750000 2.019500 1470751.415000 452441.704000 13.303648 80.560936 0.000000 -0.017000 0.196000 -0.265000 0.000000 0.000000
13:55:57 146.699997 -101.370003 0.000000 74.440002 23.795000 72.620003 19.749001 -12.040000 1.930500 1470757.810000 452445.228000 13.303653 80.560936 0.000000 -0.017000 0.196000 -0.265000 0.000000 0.000000
13:55:58 146.899994 -101.370003 0.000000 74.440002 23.440001 72.330002 20.058001 -12.180000 2.058500 1470758.306000 452445.191000 13.303767 80.561005 0.000000 -0.017000 0.196000 -0.265000 0.000000 0.000000
13:55:59 147.100006 -101.370003 0.000000 74.440002 23.045000 71.889999 20.370001 -12.400000 2.087500 1470770.945000 452453.078000 13.303829 80.561043 0.000000 -0.017000 0.196000 -0.265000 0.000000 0.000000
13:56:00 147.300003 -101.370003 0.000000 74.440002 22.587000 71.419998 20.662001 -12.620000 2.058500 1470777.879000 452456.874000 13.303892 80.561081 0.000000 -0.017000 0.196000 -0.265000 0.000000 0.000000
13:56:01 147.399994 -101.370003 0.000000 74.440002 22.069000 70.949997 20.921000 -12.720000 2.261500 1470784.808000 452460.872000 13.303952 80.561119 0.000000 -0.017000 0.196000 -0.265000 0.000000 0.000000
13:56:02 147.500000 -101.370003 0.000000 74.440002 21.497000 70.389999 21.106001 -13.010000 2.029500 1470791.427000 452464.973000 13.303957 80.561119 0.000000 -0.017000 0.196000 -0.265000 0.000000 0.000000
13:56:03 147.899994 -112.599998 0.000000 64.330002 20.858000 69.699997 21.198999 -13.050000 2.050500 1470797.996000 452469.104000 13.304074 80.561195 0.000000 -0.049000 0.119000 -0.136000 0.000000 0.000000
13:56:04 147.899994 -112.599998 0.000000 64.330002 20.150999 68.940002 21.190001 -12.930000 2.191500 1470804.928000 452473.249000 13.304079 80.561195 0.000000 -0.049000 0.119000 -0.136000 0.000000 0.000000
13:56:05 148.000000 -112.849998 0.000000 64.269997 19.403999 68.139999 21.093000 -12.950000 2.122500 1470811.433000 452477.665000 13.304195 80.561272 0.000000 -0.045000 0.115000 -0.118000 0.000000 0.000000
13:56:06 148.100006 -112.849998 0.000000 64.269997 18.632999 67.389999 20.934999 -12.690000 2.354500 1470818.265000 452481.978000 13.304256 80.561310 0.000000 -0.045000 0.115000 -0.118000 0.000000 0.000000
13:56:07 148.199997 -112.849998 0.000000 64.269997 17.854000 66.480003 20.739000 -12.560000 2.329500 1470824.998000 452486.316000 13.304317 80.561356 0.000000 -0.045000 0.115000 -0.118000 0.000000 0.000000
13:56:08 148.399994 -112.849998 0.000000 64.269997 17.075001 65.610001 20.534000 -12.500000 2.155500 1470831.747000 452490.590000 13.304380 80.561394 0.000000 -0.045000 0.115000 -0.118000 0.000000 0.000000
13:56:09 148.500000 -112.849998 0.000000 64.269997 16.292000 64.800003 20.347000 -12.210000 2.335500 1470838.772000 452494.904000 13.304443 80.561432 0.000000 -0.045000 0.115000 -0.118000 0.000000 0.000000
13:56:10 148.600006 -112.849998 0.000000 64.269997 15.491000 63.970001 20.188999 -11.980000 2.556500 1470845.690000 452499.088000 13.304507 80.561470 0.000000 -0.045000 0.115000 -0.118000 0.000000 0.000000
13:56:11 148.699997 -112.849998 0.000000 64.269997 14.661000 63.020000 20.063999 -11.930000 2.427500 1470852.705000 452503.159000 13.304511 80.561470 0.000000 -0.045000 0.115000 -0.118000 0.000000 0.000000
13:56:12 148.800003 -112.849998 0.000000 64.269997 13.807000 62.180000 19.982000 -11.760000 2.610500 1470859.443000 452507.476000 13.304629 80.561546 0.000000 -0.045000 0.115000 -0.118000 0.000000 0.000000
13:56:13 148.899994 -112.849998 0.000000 64.269997 12.929000 61.240002 19.937000 -11.730000 2.601500 1470866.203000 452511.698000 13.304633 80.561546 0.000000 -0.045000 0.115000 -0.118000 0.000000 0.000000
13:56:14 149.000000 -112.849998 0.000000 64.269997 12.020000 60.320000 19.923000 -11.730000 2.523500 1470873.169000 452515.843000 13.304756 80.561623 0.000000 -0.045000 0.115000 -0.118000 0.000000 0.000000
13:56:15 149.100006 -112.849998 0.000000 64.269997 11.080000 59.430000 19.945000 -11.580000 2.812500 1470880.223000 452519.962000 13.304816 80.561661 0.000000 -0.045000 0.115000 -0.118000 0.000000 0.000000
13:56:15 149.100006 -112.849998 0.000000 64.269997 10.109000 59.430000 19.988001 -11.580000 2.705500 1470886.929000 452523.868000 13.304877 80.561699 0.000000 -0.045000 0.115000 -0.118000 0.000000 0.000000
13:56:16 149.100006 -112.849998 0.000000 64.269997 9.911000 59.430000 19.999001 -11.580000 2.691500 1470887.027000 452523.855000 13.304878 80.561699 0.000000 -0.045000 0.115000 -0.118000 0.000000 0.000000
13:56:16 149.100006 -112.849998 0.000000 64.269997 9.711000 59.430000 20.010000 -11.580000 2.707500 1470887.125000 452523.843000 13.304879 80.561699 0.000000 -0.045000 0.115000 -0.118000 0.000000 0.000000
13:56:16 149.100006 -112.849998 0.000000 64.269997 9.510000 59.430000 20.021999 -11.580000 2.746500 1470893.433000 452527.985000 13.304880 80.561699 0.000000 -0.045000 0.115000 -0.118000 0.000000 0.000000
13:56:16 149.199997 -112.849998 0.000000 64.269997 9.510000 59.430000 20.034000 -11.580000 2.782500 1470893.531000 452527.973000 13.304936 80.561729 0.000000 -0.045000 0.115000 -0.118000 0.000000 0.000000
13:56:16 149.199997 -112.849998 0.000000 64.269997 9.510000 59.430000 20.034000 -11.580000 2.782500 1470893.628000 452527.961000 13.304936 80.561729 0.000000 -0.045000 0.115000 -0.118000 0.000000 0.000000
13:56:17 149.199997 -112.849998 0.000000 64.269997 9.510000 59.430000 20.034000 -11.580000 2.782500 1470893.726000 452527.948000 13.304936 80.561729 0.000000 -0.045000 0.115000 -0.118000 0.000000 0.000000
13:56:17 149.199997 -112.849998 0.000000 64.269997 9.510000 59.430000 20.034000 -11.580000 2.782500 1470893.824000 452527.936000 13.304936 80.561729 0.000000 -0.045000 0.115000 -0.118000 0.000000 0.000000
13:56:17 149.199997 -112.849998 0.000000 64.269997 9.510000 59.430000 20.034000 -11.580000 2.782500 0.003000 0.003700 13.304936 80.561729 0.000000 -0.045000 0.115000 -0.118000 0.000000 0.000000
13:56:17 149.199997 -112.849998 0.000000 64.269997 8.064000 59.430000 20.100000 -11.580000 2.912500 0.003000 0.003700 13.304996 80.561768 0.000000 -0.045000 0.115000 -0.118000 0.000000 0.000000
13:56:18 149.199997 -112.849998 0.000000 64.269997 7.851000 59.430000 20.108000 -11.580000 2.911500 1470900.331000 452531.899000 13.304997 80.561768 0.000000 -0.045000 0.115000 -0.118000 0.000000 0.000000
13:56:18 149.199997 -112.849998 0.000000 64.269997 7.637000 59.430000 20.115999 -11.580000 2.918500 1470900.428000 452531.887000 13.304998 80.561768 0.000000 -0.045000 0.115000 -0.118000 0.000000 0.000000
13:56:18 149.300003 -112.849998 0.000000 64.269997 7.422000 59.430000 20.122999 -11.580000 2.918500 1470906.653000 452535.732000 13.304999 80.561768 0.000000 -0.045000 0.115000 -0.118000 0.000000 0.000000
13:56:18 149.300003 -112.849998 0.000000 64.269997 7.422000 59.430000 20.129000 -11.580000 2.904500 1470906.751000 452535.720000 13.305000 80.561768 0.000000 -0.045000 0.115000 -0.118000 0.000000 0.000000
13:56:18 149.300003 -112.849998 0.000000 64.269997 7.422000 59.430000 20.129000 -11.580000 2.904500 1470906.849000 452535.708000 13.305000 80.561768 0.000000 -0.045000 0.115000 -0.118000 0.000000 0.000000
13:56:19 149.300003 -112.849998 0.000000 64.269997 7.422000 59.430000 20.129000 -11.580000 2.904500 1470906.946000 452535.695000 13.305000 80.561768 0.000000 -0.045000 0.115000 -0.118000 0.000000 0.000000
13:56:19 149.300003 -112.849998 0.000000 64.269997 7.422000 59.430000 20.129000 -11.580000 2.904500 1470907.044000 452535.683000 13.305000 80.561768 0.000000 -0.045000 0.115000 -0.118000 0.000000 0.000000
13:56:19 149.300003 -112.849998 0.000000 64.269997 7.422000 59.430000 20.129000 -11.580000 2.904500 0.003000 0.003500 13.305000 80.561768 0.000000 -0.045000 0.115000 -0.118000 0.000000 0.000000
13:56:19 149.300003 -112.849998 0.000000 64.269997 5.870000 59.430000 20.146999 -11.580000 2.921500 0.003000 0.003500 13.305060 80.561806 0.000000 -0.045000 0.115000 -0.118000 0.000000 0.000000
13:56:20 149.300003 -112.849998 0.000000 64.269997 5.644000 59.430000 20.146999 -11.580000 2.932500 1470913.408000 452539.491000 13.305114 80.561836 0.000000 -0.045000 0.115000 -0.118000 0.000000 0.000000
13:56:20 149.300003 -112.849998 0.000000 64.269997 5.416000 59.430000 20.146000 -11.580000 2.932500 1470913.506000 452539.479000 13.305115 80.561836 0.000000 -0.045000 0.115000 -0.118000 0.000000 0.000000
13:56:20 149.300003 -112.849998 0.000000 64.269997 5.187000 59.430000 20.143000 -11.580000 2.934500 1470919.487000 452543.026000 13.305116 80.561836 0.000000 -0.045000 0.115000 -0.118000 0.000000 0.000000
13:56:20 149.300003 -112.849998 0.000000 64.269997 5.187000 59.430000 20.139999 -11.580000 2.948500 1470919.584000 452543.014000 13.305117 80.561836 0.000000 -0.045000 0.115000 -0.118000 0.000000 0.000000
13:56:20 149.300003 -112.849998 0.000000 64.269997 5.187000 59.430000 20.139999 -11.580000 2.948500 1470919.682000 452543.002000 13.305117 80.561836 0.000000 -0.045000 0.115000 -0.118000 0.000000 0.000000
13:56:21 149.500000 -112.849998 0.000000 64.269997 5.187000 59.430000 20.139999 -11.580000 2.948500 1470919.780000 452542.990000 13.305117 80.561836 0.000000 -0.045000 0.115000 -0.118000 0.000000 0.000000
13:56:21 149.500000 -112.849998 0.000000 64.269997 5.187000 59.430000 20.139999 -11.580000 2.948500 1470919.877000 452542.977000 13.305117 80.561836 0.000000 -0.045000 0.115000 -0.118000 0.000000 0.000000
13:56:21 149.500000 -112.849998 0.000000 64.269997 5.187000 59.430000 20.139999 -11.580000 2.948500 0.003000 0.003200 13.305117 80.561836 0.000000 -0.045000 0.115000 -0.118000 0.000000 0.000000
13:56:21 149.399994 -112.849998 0.000000 64.269997 3.565000 59.430000 20.090000 -11.580000 3.073500 0.003000 0.003200 13.305232 80.561897 0.000000 -0.045000 0.115000 -0.118000 0.000000 0.000000
13:56:22 149.399994 -112.849998 0.000000 64.269997 3.330000 59.430000 20.077999 -11.580000 3.082500 1470926.369000 452546.398000 13.305233 80.561897 0.000000 -0.045000 0.115000 -0.118000 0.000000 0.000000
13:56:22 149.399994 -112.849998 0.000000 64.269997 3.095000 59.430000 20.063999 -11.580000 3.092500 1470926.466000 452546.386000 13.305234 80.561897 0.000000 -0.045000 0.115000 -0.118000 0.000000 0.000000
13:56:22 149.399994 -112.849998 0.000000 64.269997 2.860000 59.430000 20.048000 -11.580000 3.115500 1470932.649000 452549.727000 13.305235 80.561897 0.000000 -0.045000 0.115000 -0.118000 0.000000 0.000000
13:56:22 149.399994 -112.849998 0.000000 64.269997 2.860000 59.430000 20.031000 -11.580000 3.151500 1470932.747000 452549.718000 13.305236 80.561897 0.000000 -0.045000 0.115000 -0.118000 0.000000 0.000000
13:56:22 149.500000 -112.849998 0.000000 64.269997 2.860000 59.430000 20.031000 -11.580000 3.151500 1470932.844000 452549.708000 13.305236 80.561897 0.000000 -0.045000 0.115000 -0.118000 0.000000 0.000000
13:56:23 149.500000 -112.849998 0.000000 64.269997 2.860000 59.430000 20.031000 -11.580000 3.151500 1470932.942000 452549.698000 13.305236 80.561897 0.000000 -0.045000 0.115000 -0.118000 0.000000 0.000000
13:56:23 149.500000 -112.849998 0.000000 64.269997 2.860000 59.430000 20.031000 -11.580000 3.151500 0.003000 0.003900 13.305236 80.561897 0.000000 -0.045000 0.115000 -0.118000 0.000000 0.000000
13:56:23 149.500000 -112.849998 0.000000 64.269997 2.860000 59.430000 20.031000 -11.580000 3.151500 1470939.296000 452553.046000 13.305236 80.561897 0.000000 -0.045000 0.115000 -0.118000 0.000000 0.000000
13:56:23 149.500000 -112.849998 0.000000 64.269997 1.202000 59.430000 19.891001 -11.580000 3.187500 0.003000 0.003300 13.305349 80.561958 0.000000 -0.045000 0.115000 -0.118000 0.000000 0.000000
13:56:24 149.500000 -112.849998 0.000000 64.269997 1.202000 59.430000 19.891001 -11.580000 3.187500 1470939.589000 452553.016000 13.305350 80.561958 0.000000 -0.045000 0.115000 -0.118000 0.000000 0.000000
13:56:24 149.500000 -112.849998 0.000000 64.269997 1.202000 59.430000 19.891001 -11.580000 3.187500 1470939.687000 452553.006000 13.305351 80.561958 0.000000 -0.045000 0.115000 -0.118000 0.000000 0.000000
13:56:24 149.600006 -112.849998 0.000000 64.269997 1.202000 59.430000 19.891001 -11.580000 3.187500 1470939.784000 452552.997000 13.305351 80.561958 0.000000 -0.045000 0.115000 -0.118000 0.000000 0.000000
13:56:24 149.600006 -112.849998 0.000000 64.269997 1.202000 59.430000 19.891001 -11.580000 3.187500 1470945.664000 452556.379000 13.305351 80.561958 0.000000 -0.045000 0.115000 -0.118000 0.000000 0.000000
13:56:24 149.600006 -112.849998 0.000000 64.269997 1.202000 59.430000 19.891001 -11.580000 3.187500 1470945.761000 452556.369000 13.305351 80.561958 0.000000 -0.045000 0.115000 -0.118000 0.000000 0.000000
13:56:25 149.600006 -112.849998 0.000000 64.269997 1.202000 59.430000 19.891001 -11.580000 3.187500 1470945.859000 452556.359000 13.305351 80.561958 0.000000 -0.045000 0.115000 -0.118000 0.000000 0.000000
13:56:25 149.600006 -112.849998 0.000000 64.269997 1.202000 59.430000 19.891001 -11.580000 3.187500 0.003000 0.003600 13.305351 80.561958 0.000000 -0.045000 0.115000 -0.118000 0.000000 0.000000
13:56:25 149.600006 -112.849998 0.000000 64.269997 1.202000 59.430000 19.891001 -11.580000 3.187500 1470946.054000 452556.340000 13.305351 80.561958 0.000000 -0.045000 0.115000 -0.118000 0.000000 0.000000
13:56:25 149.600006 -112.849998 0.000000 64.269997 1.202000 59.430000 19.891001 -11.580000 3.187500 0.003000 0.003600 13.305351 80.561958 0.000000 -0.045000 0.115000 -0.118000 0.000000 0.000000
13:56:26 149.600006 -112.849998 0.000000 64.269997 358.579987 59.430000 19.556999 -11.580000 3.310500 0.003000 0.003600 13.305469 80.562012 0.000000 -0.045000 0.115000 -0.118000 0.000000 0.000000
13:56:26 149.699997 -112.849998 0.000000 64.269997 358.341003 59.430000 19.525000 -11.580000 3.324500 1470952.584000 452559.642000 13.305470 80.562012 0.000000 -0.045000 0.115000 -0.118000 0.000000 0.000000
13:56:26 149.699997 -112.849998 0.000000 64.269997 358.341003 59.430000 19.493000 -11.580000 3.330500 1470952.682000 452559.632000 13.305470 80.562012 0.000000 -0.045000 0.115000 -0.118000 0.000000 0.000000
13:56:26 149.699997 -112.849998 0.000000 64.269997 358.341003 59.430000 19.462000 -11.580000 3.336500 1470958.794000 452562.666000 13.305471 80.562012 0.000000 -0.045000 0.115000 -0.118000 0.000000 0.000000
13:56:26 149.699997 -112.849998 0.000000 64.269997 358.341003 59.430000 19.462000 -11.580000 3.336500 1470958.892000 452562.656000 13.305471 80.562012 0.000000 -0.045000 0.115000 -0.118000 0.000000 0.000000
13:56:27 149.699997 -112.849998 0.000000 64.269997 358.341003 59.430000 19.462000 -11.580000 3.336500 1470958.989000 452562.647000 13.305471 80.562012 0.000000 -0.045000 0.115000 -0.118000 0.000000 0.000000
13:56:27 149.699997 -112.849998 0.000000 64.269997 358.341003 59.430000 19.462000 -11.580000 3.336500 0.003000 0.003200 13.305471 80.562012 0.000000 -0.045000 0.115000 -0.118000 0.000000 0.000000
13:56:27 149.699997 -112.849998 0.000000 64.269997 358.341003 59.430000 19.462000 -11.580000 3.336500 0.003000 0.003200 13.305471 80.562012 0.000000 -0.045000 0.115000 -0.118000 0.000000 0.000000
13:56:27 149.699997 -112.849998 0.000000 64.269997 356.438995 59.430000 19.291000 -11.580000 3.390500 0.003000 0.003200 13.305588 80.562073 0.000000 -0.045000 0.115000 -0.118000 0.000000 0.000000
13:56:28 149.800003 -112.849998 0.000000 64.269997 356.203003 59.430000 19.266001 -11.580000 3.406500 1470965.637000 452565.681000 13.305589 80.562073 0.000000 -0.045000 0.115000 -0.118000 0.000000 0.000000
13:56:28 149.800003 -112.849998 0.000000 64.269997 355.966003 59.430000 19.243000 -11.580000 3.429500 1470965.734000 452565.671000 13.305590 80.562073 0.000000 -0.045000 0.115000 -0.118000 0.000000 0.000000
13:56:28 149.800003 -112.849998 0.000000 64.269997 355.966003 59.430000 19.219999 -11.580000 3.448500 1470965.837000 452565.661000 13.305591 80.562073 0.000000 -0.045000 0.115000 -0.118000 0.000000 0.000000
13:56:28 149.800003 -112.849998 0.000000 64.269997 355.966003 59.430000 19.198000 -11.580000 3.457500 1470972.083000 452568.644000 13.305592 80.562073 0.000000 -0.045000 0.115000 -0.118000 0.000000 0.000000
13:56:28 149.800003 -112.849998 0.000000 64.269997 355.966003 59.430000 19.198000 -11.580000 3.457500 1470972.190000 452568.634000 13.305592 80.562073 0.000000 -0.045000 0.115000 -0.118000 0.000000 0.000000
13:56:29 149.800003 -112.849998 0.000000 64.269997 355.966003 59.430000 19.198000 -11.580000 3.457500 1470972.298000 452568.624000 13.305592 80.562073 0.000000 -0.045000 0.115000 -0.118000 0.000000 0.000000
13:56:29 149.800003 -112.849998 0.000000 64.269997 355.966003 59.430000 19.198000 -11.580000 3.457500 1470972.405000 452568.614000 13.305592 80.562073 0.000000 -0.045000 0.115000 -0.118000 0.000000 0.000000
13:56:29 149.800003 -112.849998 0.000000 64.269997 355.966003 59.430000 19.198000 -11.580000 3.457500 1470972.513000 452568.605000 13.305592 80.562073 0.000000 -0.045000 0.115000 -0.118000 0.000000 0.000000
13:56:29 149.699997 -112.849998 0.000000 64.269997 354.095001 59.430000 19.084000 -11.580000 3.543500 0.003000 0.003800 13.305703 80.562126 0.000000 -0.045000 0.115000 -0.118000 0.000000 0.000000
13:56:30 149.699997 -112.849998 0.000000 64.269997 353.864990 59.430000 19.066999 -11.580000 3.537500 1470978.677000 452571.567000 13.305704 80.562126 0.000000 -0.045000 0.115000 -0.118000 0.000000 0.000000
13:56:30 149.699997 -112.849998 0.000000 64.269997 353.635010 59.430000 19.051001 -11.580000 3.526500 1470978.785000 452571.558000 13.305705 80.562126 0.000000 -0.045000 0.115000 -0.118000 0.000000 0.000000
13:56:30 149.699997 -112.849998 0.000000 64.269997 353.406006 59.430000 19.035000 -11.580000 3.524500 1470978.892000 452571.548000 13.305706 80.562126 0.000000 -0.045000 0.115000 -0.118000 0.000000 0.000000
13:56:30 149.699997 -112.849998 0.000000 64.269997 353.406006 59.430000 19.021000 -11.580000 3.536500 1470990.615000 452577.123000 13.305759 80.562149 0.000000 -0.045000 0.115000 -0.118000 0.000000 0.000000
13:56:30 149.699997 -112.849998 0.000000 64.269997 353.406006 59.430000 19.021000 -11.580000 3.536500 1470990.723000 452577.113000 13.305759 80.562149 0.000000 -0.045000 0.115000 -0.118000 0.000000 0.000000
13:56:31 149.699997 -112.849998 0.000000 64.269997 353.406006 59.430000 19.021000 -11.580000 3.536500 1470990.830000 452577.103000 13.305759 80.562149 0.000000 -0.045000 0.115000 -0.118000 0.000000 0.000000
13:56:31 149.699997 -112.849998 0.000000 64.269997 353.406006 59.430000 19.021000 -11.580000 3.536500 1470990.937000 452577.093000 13.305759 80.562149 0.000000 -0.045000 0.115000 -0.118000 0.000000 0.000000
13:56:31 149.800003 -112.849998 0.000000 64.269997 353.406006 59.430000 19.021000 -11.580000 3.536500 0.003000 0.003700 13.305759 80.562149 0.000000 -0.045000 0.115000 -0.118000 0.000000 0.000000
13:56:31 149.800003 -112.849998 0.000000 64.269997 351.826996 59.430000 18.948999 -11.580000 3.656500 0.003000 0.003700 13.305816 80.562172 0.000000 -0.045000 0.115000 -0.118000 0.000000 0.000000
13:56:32 149.800003 -112.849998 0.000000 64.269997 351.604004 59.430000 18.940001 -11.580000 3.661500 1470991.384000 452577.053000 13.305817 80.562172 0.000000 -0.045000 0.115000 -0.118000 0.000000 0.000000
13:56:32 149.800003 -112.849998 0.000000 64.269997 351.382996 59.430000 18.933001 -11.580000 3.667500 1470991.492000 452577.044000 13.305818 80.562172 0.000000 -0.045000 0.115000 -0.118000 0.000000 0.000000
13:56:32 149.800003 -112.849998 0.000000 64.269997 351.161987 59.430000 18.927000 -11.580000 3.684500 1470991.599000 452577.034000 13.305819 80.562172 0.000000 -0.045000 0.115000 -0.118000 0.000000 0.000000
13:56:32 149.800003 -112.849998 0.000000 64.269997 351.161987 59.430000 18.922001 -11.580000 3.709500 1471002.853000 452582.130000 13.305870 80.562195 0.000000 -0.045000 0.115000 -0.118000 0.000000 0.000000
13:56:32 149.800003 -112.849998 0.000000 64.269997 351.161987 59.430000 18.922001 -11.580000 3.709500 1471002.960000 452582.120000 13.305870 80.562195 0.000000 -0.045000 0.115000 -0.118000 0.000000 0.000000
13:56:33 149.800003 -112.849998 0.000000 64.269997 351.161987 59.430000 18.922001 -11.580000 3.709500 1471003.068000 452582.110000 13.305870 80.562195 0.000000 -0.045000 0.115000 -0.118000 0.000000 0.000000
13:56:33 149.800003 -112.849998 0.000000 64.269997 351.161987 59.430000 18.922001 -11.580000 3.709500 1471003.175000 452582.101000 13.305870 80.562195 0.000000 -0.045000 0.115000 -0.118000 0.000000 0.000000
13:56:33 149.800003 -112.849998 0.000000 64.269997 351.161987 59.430000 18.922001 -11.580000 3.709500 0.003000 0.003200 13.305870 80.562195 0.000000 -0.045000 0.115000 -0.118000 0.000000 0.000000
13:56:33 149.800003 -112.849998 0.000000 64.269997 349.641998 59.430000 18.934000 -11.580000 3.824500 0.003000 0.003200 13.305924 80.562218 0.000000 -0.045000 0.115000 -0.118000 0.000000 0.000000
13:56:34 149.800003 -112.849998 0.000000 64.269997 349.428986 59.430000 18.943001 -11.580000 3.835500 1471003.635000 452582.061000 13.305925 80.562218 0.000000 -0.045000 0.115000 -0.118000 0.000000 0.000000
13:56:34 149.800003 -112.849998 0.000000 64.269997 349.217010 59.430000 18.952000 -11.580000 3.843500 1471003.743000 452582.051000 13.305926 80.562218 0.000000 -0.045000 0.115000 -0.118000 0.000000 0.000000
13:56:34 149.800003 -112.849998 0.000000 64.269997 349.006012 59.430000 18.962000 -11.580000 3.848500 1471003.850000 452582.041000 13.305927 80.562218 0.000000 -0.045000 0.115000 -0.118000 0.000000 0.000000
13:56:34 149.800003 -112.849998 0.000000 64.269997 349.006012 59.430000 18.974001 -11.580000 3.845500 1471003.958000 452582.031000 13.305928 80.562218 0.000000 -0.045000 0.115000 -0.118000 0.000000 0.000000
13:56:34 149.800003 -112.849998 0.000000 64.269997 349.006012 59.430000 18.974001 -11.580000 3.845500 1471014.608000 452586.274000 13.305928 80.562218 0.000000 -0.045000 0.115000 -0.118000 0.000000 0.000000
13:56:35 149.800003 -112.849998 0.000000 64.269997 349.006012 59.430000 18.974001 -11.580000 3.845500 1471014.716000 452586.265000 13.305928 80.562218 0.000000 -0.045000 0.115000 -0.118000 0.000000 0.000000
13:56:35 149.800003 -112.849998 0.000000 64.269997 349.006012 59.430000 18.974001 -11.580000 3.845500 1471014.823000 452586.255000 13.305928 80.562218 0.000000 -0.045000 0.115000 -0.118000 0.000000 0.000000
13:56:35 149.800003 -112.849998 0.000000 64.269997 349.006012 59.430000 18.974001 -11.580000 3.845500 0.003000 0.003600 13.305928 80.562218 0.000000 -0.045000 0.115000 -0.118000 0.000000 0.000000
13:56:35 149.800003 -112.849998 0.000000 64.269997 347.558990 59.430000 19.062000 -11.580000 3.909500 0.003000 0.003600 13.305982 80.562233 0.000000 -0.045000 0.115000 -0.118000 0.000000 0.000000
13:56:36 149.800003 -112.849998 0.000000 64.269997 347.356995 59.430000 19.077999 -11.580000 3.919500 1471015.292000 452586.215000 13.306028 80.562248 0.000000 -0.045000 0.115000 -0.118000 0.000000 0.000000
13:56:36 149.800003 -112.849998 0.000000 64.269997 347.154999 59.430000 19.094000 -11.580000 3.928500 1471015.400000 452586.205000 13.306029 80.562248 0.000000 -0.045000 0.115000 -0.118000 0.000000 0.000000
13:56:36 149.800003 -112.849998 0.000000 64.269997 346.954987 59.430000 19.110001 -11.580000 3.922500 1471015.507000 452586.195000 13.306030 80.562248 0.000000 -0.045000 0.115000 -0.118000 0.000000 0.000000
13:56:36 149.800003 -112.849998 0.000000 64.269997 346.954987 59.430000 19.125000 -11.580000 3.899500 1471015.615000 452586.186000 13.306031 80.562248 0.000000 -0.045000 0.115000 -0.118000 0.000000 0.000000
13:56:36 149.800003 -112.849998 0.000000 64.269997 346.954987 59.430000 19.125000 -11.580000 3.899500 1471026.355000 452590.196000 13.306031 80.562248 0.000000 -0.045000 0.115000 -0.118000 0.000000 0.000000
13:56:37 149.800003 -112.849998 0.000000 64.269997 346.954987 59.430000 19.125000 -11.580000 3.899500 1471026.462000 452590.187000 13.306031 80.562248 0.000000 -0.045000 0.115000 -0.118000 0.000000 0.000000
13:56:37 149.800003 -112.849998 0.000000 64.269997 346.954987 59.430000 19.125000 -11.580000 3.899500 1471026.570000 452590.177000 13.306031 80.562248 0.000000 -0.045000 0.115000 -0.118000 0.000000 0.000000
13:56:37 149.800003 -112.849998 0.000000 64.269997 346.954987 59.430000 19.125000 -11.580000 3.899500 0.003000 0.003000 13.306031 80.562248 0.000000 -0.045000 0.115000 -0.118000 0.000000 0.000000
13:56:37 149.800003 -112.849998 0.000000 64.269997 345.582001 59.430000 19.204000 -11.580000 3.907500 0.003000 0.003000 13.306137 80.562286 0.000000 -0.045000 0.115000 -0.118000 0.000000 0.000000
13:56:38 149.800003 -112.849998 0.000000 64.269997 345.388000 59.430000 19.216999 -11.580000 3.945500 1471032.474000 452592.061000 13.306138 80.562286 0.000000 -0.045000 0.115000 -0.118000 0.000000 0.000000
13:56:38 149.699997 -112.849998 0.000000 64.269997 345.196014 59.430000 19.230000 -11.580000 3.992500 1471032.581000 452592.054000 13.306139 80.562286 0.000000 -0.045000 0.115000 -0.118000 0.000000 0.000000
13:56:38 149.699997 -112.849998 0.000000 64.269997 345.002991 59.430000 19.242001 -11.580000 4.036500 1471032.688000 452592.047000 13.306140 80.562286 0.000000 -0.045000 0.115000 -0.118000 0.000000 0.000000
13:56:38 149.699997 -112.849998 0.000000 64.269997 345.002991 59.430000 19.253000 -11.580000 4.066500 1471032.796000 452592.039000 13.306141 80.562286 0.000000 -0.045000 0.115000 -0.118000 0.000000 0.000000
13:56:38 149.699997 -112.849998 0.000000 64.269997 345.002991 59.430000 19.253000 -11.580000 4.066500 1471032.932000 452592.045000 13.306141 80.562286 0.000000 -0.045000 0.115000 -0.118000 0.000000 0.000000
13:56:39 149.800003 -112.849998 0.000000 64.269997 345.002991 59.430000 19.253000 -11.580000 4.066500 1471033.039000 452592.037000 13.306141 80.562286 0.000000 -0.045000 0.115000 -0.118000 0.000000 0.000000
13:56:39 149.800003 -112.849998 0.000000 64.269997 345.002991 59.430000 19.253000 -11.580000 4.066500 0.003000 0.003200 13.306141 80.562286 0.000000 -0.045000 0.115000 -0.118000 0.000000 0.000000
13:56:39 149.800003 -112.849998 0.000000 64.269997 345.002991 59.430000 19.253000 -11.580000 4.066500 0.003000 0.003200 13.306141 80.562286 0.000000 -0.045000 0.115000 -0.118000 0.000000 0.000000
13:56:39 149.800003 -112.849998 0.000000 64.269997 343.669006 59.430000 19.308001 -11.580000 3.965500 0.003000 0.003200 13.306247 80.562317 0.000000 -0.045000 0.115000 -0.118000 0.000000 0.000000
13:56:40 149.699997 -112.849998 0.000000 64.269997 343.480011 59.430000 19.316000 -11.580000 3.981500 1471044.580000 452595.531000 13.306248 80.562317 0.000000 -0.045000 0.115000 -0.118000 0.000000 0.000000
13:56:40 149.699997 -112.849998 0.000000 64.269997 343.290009 59.430000 19.323999 -11.580000 4.030500 1471044.687000 452595.524000 13.306249 80.562317 0.000000 -0.045000 0.115000 -0.118000 0.000000 0.000000
13:56:40 149.699997 -112.849998 0.000000 64.269997 343.101013 59.430000 19.333000 -11.580000 4.115500 1471044.795000 452595.517000 13.306250 80.562317 0.000000 -0.045000 0.115000 -0.118000 0.000000 0.000000
13:56:40 149.699997 -112.849998 0.000000 64.269997 343.101013 59.430000 19.341999 -11.580000 4.225500 1471044.902000 452595.510000 13.306251 80.562317 0.000000 -0.045000 0.115000 -0.118000 0.000000 0.000000
13:56:40 149.699997 -112.849998 0.000000 64.269997 343.101013 59.430000 19.341999 -11.580000 4.225500 1471045.037000 452595.515000 13.306251 80.562317 0.000000 -0.045000 0.115000 -0.118000 0.000000 0.000000
13:56:41 149.699997 -112.849998 0.000000 64.269997 343.101013 59.430000 19.341999 -11.580000 4.225500 1471045.145000 452595.510000 13.306251 80.562317 0.000000 -0.045000 0.115000 -0.118000 0.000000 0.000000
13:56:41 149.699997 -112.849998 0.000000 64.269997 343.101013 59.430000 19.341999 -11.580000 4.225500 1471045.252000 452595.506000 13.306251 80.562317 0.000000 -0.045000 0.115000 -0.118000 0.000000 0.000000
13:56:41 149.699997 -112.849998 0.000000 64.269997 343.101013 59.430000 19.341999 -11.580000 4.225500 0.003000 0.003500 13.306251 80.562317 0.000000 -0.045000 0.115000 -0.118000 0.000000 0.000000
13:56:41 149.600006 -112.849998 0.000000 64.269997 341.778992 59.430000 19.403000 -11.580000 4.255500 0.003000 0.003500 13.306356 80.562347 0.000000 -0.045000 0.115000 -0.118000 0.000000 0.000000
13:56:42 149.600006 -112.849998 0.000000 64.269997 341.778992 59.430000 19.403000 -11.580000 4.255500 1471056.732000 452598.991000 13.306357 80.562347 0.000000 -0.045000 0.115000 -0.118000 0.000000 0.000000
13:56:42 149.600006 -112.849998 0.000000 64.269997 341.778992 59.430000 19.403000 -11.580000 4.255500 1471056.840000 452598.986000 13.306357 80.562347 0.000000 -0.045000 0.115000 -0.118000 0.000000 0.000000
13:56:42 149.600006 -112.849998 0.000000 64.269997 341.778992 59.430000 19.403000 -11.580000 4.255500 1471056.947000 452598.981000 13.306357 80.562347 0.000000 -0.045000 0.115000 -0.118000 0.000000 0.000000
13:56:42 149.600006 -112.849998 0.000000 64.269997 341.778992 59.430000 19.403000 -11.580000 4.255500 1471057.055000 452598.976000 13.306357 80.562347 0.000000 -0.045000 0.115000 -0.118000 0.000000 0.000000
13:56:42 149.600006 -112.849998 0.000000 64.269997 341.778992 59.430000 19.403000 -11.580000 4.255500 1471057.199000 452598.972000 13.306357 80.562347 0.000000 -0.045000 0.115000 -0.118000 0.000000 0.000000
13:56:43 149.600006 -112.849998 0.000000 64.269997 341.778992 59.430000 19.403000 -11.580000 4.255500 1471057.306000 452598.967000 13.306357 80.562347 0.000000 -0.045000 0.115000 -0.118000 0.000000 0.000000
13:56:43 149.699997 -112.849998 0.000000 64.269997 340.292999 59.430000 19.466000 -11.580000 4.299500 1471057.521000 452598.958000 13.306415 80.562363 0.000000 -0.045000 0.115000 -0.118000 0.000000 0.000000
13:56:43 149.699997 -112.849998 0.000000 64.269997 340.109009 59.430000 19.473000 -11.580000 4.394500 1471057.628000 452598.953000 13.306416 80.562363 0.000000 -0.045000 0.115000 -0.118000 0.000000 0.000000
13:56:43 149.699997 -112.849998 0.000000 64.269997 340.109009 59.430000 19.473000 -11.580000 4.394500 1471068.671000 452601.769000 13.306416 80.562363 0.000000 -0.045000 0.115000 -0.118000 0.000000 0.000000
13:56:44 149.699997 -112.849998 0.000000 64.269997 340.109009 59.430000 19.473000 -11.580000 4.394500 1471068.778000 452601.764000 13.306416 80.562363 0.000000 -0.045000 0.115000 -0.118000 0.000000 0.000000
13:56:44 149.699997 -112.849998 0.000000 64.269997 340.109009 59.430000 19.473000 -11.580000 4.394500 0.003000 0.003100 13.306416 80.562363 0.000000 -0.045000 0.115000 -0.118000 0.000000 0.000000
13:56:44 149.699997 -112.849998 0.000000 64.269997 340.109009 59.430000 19.473000 -11.580000 4.394500 0.003000 0.003100 13.306416 80.562363 0.000000 -0.045000 0.115000 -0.118000 0.000000 0.000000
13:56:44 149.699997 -112.849998 0.000000 64.269997 339.023010 59.430000 19.497000 -11.580000 4.255500 0.003000 0.003100 13.306471 80.562378 0.000000 -0.045000 0.115000 -0.118000 0.000000 0.000000
13:56:45 149.699997 -112.849998 0.000000 64.269997 338.843994 59.430000 19.500000 -11.580000 4.224500 1471069.354000 452601.740000 13.306520 80.562386 0.000000 -0.045000 0.115000 -0.118000 0.000000 0.000000
13:56:45 149.699997 -112.849998 0.000000 64.269997 338.666992 59.430000 19.502001 -11.580000 4.197500 1471069.461000 452601.735000 13.306520 80.562386 0.000000 -0.045000 0.115000 -0.118000 0.000000 0.000000
13:56:45 149.699997 -112.849998 0.000000 64.269997 338.666992 59.430000 19.504000 -11.580000 4.186500 1471069.568000 452601.730000 13.306521 80.562386 0.000000 -0.045000 0.115000 -0.118000 0.000000 0.000000
13:56:45 149.699997 -112.849998 0.000000 64.269997 338.666992 59.430000 19.507000 -11.580000 4.201500 1471069.676000 452601.725000 13.306522 80.562386 0.000000 -0.045000 0.115000 -0.118000 0.000000 0.000000
13:56:45 149.699997 -112.849998 0.000000 64.269997 338.666992 59.430000 19.507000 -11.580000 4.201500 1471069.783000 452601.720000 13.306522 80.562386 0.000000 -0.045000 0.115000 -0.118000 0.000000 0.000000
13:56:46 149.600006 -112.849998 0.000000 64.269997 338.666992 59.430000 19.507000 -11.580000 4.201500 1471080.384000 452604.071000 13.306522 80.562386 0.000000 -0.045000 0.115000 -0.118000 0.000000 0.000000
13:56:46 149.600006 -112.849998 0.000000 64.269997 338.666992 59.430000 19.507000 -11.580000 4.201500 0.003000 0.003400 13.306522 80.562386 0.000000 -0.045000 0.115000 -0.118000 0.000000 0.000000
13:56:46 149.600006 -112.849998 0.000000 64.269997 338.666992 59.430000 19.507000 -11.580000 4.201500 0.003000 0.003400 13.306522 80.562386 0.000000 -0.045000 0.115000 -0.118000 0.000000 0.000000
13:56:46 149.600006 -112.849998 0.000000 64.269997 337.263000 59.430000 19.514000 -11.580000 4.400500 0.003000 0.003400 13.306623 80.562408 0.000000 -0.045000 0.115000 -0.118000 0.000000 0.000000
13:56:47 149.600006 -112.849998 0.000000 64.269997 337.089996 59.430000 19.513000 -11.580000 4.436500 1471086.178000 452605.102000 13.306624 80.562408 0.000000 -0.045000 0.115000 -0.118000 0.000000 0.000000
13:56:47 149.600006 -112.849998 0.000000 64.269997 336.916992 59.430000 19.513000 -11.580000 4.453500 1471086.286000 452605.097000 13.306625 80.562408 0.000000 -0.045000 0.115000 -0.118000 0.000000 0.000000
13:56:47 149.600006 -112.849998 0.000000 64.269997 336.916992 59.430000 19.511999 -11.580000 4.452500 1471086.393000 452605.092000 13.306626 80.562408 0.000000 -0.045000 0.115000 -0.118000 0.000000 0.000000
13:56:47 149.600006 -112.849998 0.000000 64.269997 336.916992 59.430000 19.511999 -11.580000 4.460500 1471086.500000 452605.087000 13.306627 80.562408 0.000000 -0.045000 0.115000 -0.118000 0.000000 0.000000
13:56:47 149.500000 -112.849998 0.000000 64.269997 336.916992 59.430000 19.511999 -11.580000 4.460500 1471086.608000 452605.082000 13.306627 80.562408 0.000000 -0.045000 0.115000 -0.118000 0.000000 0.000000
13:56:48 149.500000 -112.849998 0.000000 64.269997 336.916992 59.430000 19.511999 -11.580000 4.460500 1471091.767000 452606.119000 13.306627 80.562408 0.000000 -0.045000 0.115000 -0.118000 0.000000 0.000000
13:56:48 149.500000 -112.849998 0.000000 64.269997 336.916992 59.430000 19.511999 -11.580000 4.460500 1471091.875000 452606.114000 13.306627 80.562408 0.000000 -0.045000 0.115000 -0.118000 0.000000 0.000000
13:56:48 149.500000 -112.849998 0.000000 64.269997 336.916992 59.430000 19.511999 -11.580000 4.460500 0.003000 0.003600 13.306627 80.562408 0.000000 -0.045000 0.115000 -0.118000 0.000000 0.000000
13:56:48 149.500000 -112.849998 0.000000 64.269997 335.553986 59.430000 19.527000 -11.580000 4.744500 0.003000 0.003600 13.306725 80.562424 0.000000 -0.045000 0.115000 -0.118000 0.000000 0.000000
13:56:49 149.500000 -112.849998 0.000000 64.269997 335.553986 59.430000 19.527000 -11.580000 4.744500 1471097.424000 452607.007000 13.306726 80.562424 0.000000 -0.045000 0.115000 -0.118000 0.000000 0.000000
13:56:49 149.500000 -112.849998 0.000000 64.269997 335.553986 59.430000 19.527000 -11.580000 4.744500 1471097.531000 452607.003000 13.306726 80.562424 0.000000 -0.045000 0.115000 -0.118000 0.000000 0.000000
13:56:49 149.500000 -112.849998 0.000000 64.269997 335.553986 59.430000 19.527000 -11.580000 4.744500 1471097.645000 452607.000000 13.306726 80.562424 0.000000 -0.045000 0.115000 -0.118000 0.000000 0.000000
13:56:49 149.500000 -112.849998 0.000000 64.269997 335.553986 59.430000 19.527000 -11.580000 4.744500 1471097.763000 452606.997000 13.306726 80.562424 0.000000 -0.045000 0.115000 -0.118000 0.000000 0.000000
13:56:49 149.500000 -112.849998 0.000000 64.269997 335.553986 59.430000 19.527000 -11.580000 4.744500 1471097.878000 452606.995000 13.306726 80.562424 0.000000 -0.045000 0.115000 -0.118000 0.000000 0.000000
13:56:50 149.500000 -112.849998 0.000000 64.269997 335.553986 59.430000 19.527000 -11.580000 4.744500 1471103.062000 452607.716000 13.306726 80.562424 0.000000 -0.045000 0.115000 -0.118000 0.000000 0.000000
13:56:50 149.500000 -112.849998 0.000000 64.269997 335.553986 59.430000 19.527000 -11.580000 4.744500 1471103.178000 452607.714000 13.306726 80.562424 0.000000 -0.045000 0.115000 -0.118000 0.000000 0.000000
13:56:50 149.500000 -112.849998 0.000000 64.269997 334.087006 59.430000 19.570999 -11.580000 4.646500 1471103.295000 452607.711000 13.306824 80.562439 0.000000 -0.045000 0.115000 -0.118000 0.000000 0.000000
13:56:50 149.500000 -112.849998 0.000000 64.269997 334.087006 59.430000 19.570999 -11.580000 4.646500 1471103.520000 452607.706000 13.306824 80.562439 0.000000 -0.045000 0.115000 -0.118000 0.000000 0.000000
13:56:51 149.500000 -112.849998 0.000000 64.269997 334.087006 59.430000 19.570999 -11.580000 4.646500 1471108.517000 452608.449000 13.306824 80.562439 0.000000 -0.045000 0.115000 -0.118000 0.000000 0.000000
13:56:51 149.500000 -112.849998 0.000000 64.269997 334.087006 59.430000 19.570999 -11.580000 4.646500 1471108.625000 452608.447000 13.306824 80.562439 0.000000 -0.045000 0.115000 -0.118000 0.000000 0.000000
13:56:51 149.500000 -112.849998 0.000000 64.269997 334.087006 59.430000 19.570999 -11.580000 4.646500 0.003000 0.003800 13.306824 80.562439 0.000000 -0.045000 0.115000 -0.118000 0.000000 0.000000
13:56:51 149.500000 -112.849998 0.000000 64.269997 334.087006 59.430000 19.570999 -11.580000 4.646500 0.003000 0.003800 13.306824 80.562439 0.000000 -0.045000 0.115000 -0.118000 0.000000 0.000000
13:56:52 149.399994 -112.849998 0.000000 64.269997 333.015015 59.430000 19.605000 -11.580000 4.458500 0.003000 0.003800 13.306876 80.562439 0.000000 -0.045000 0.115000 -0.118000 0.000000 0.000000
13:56:52 149.399994 -112.849998 0.000000 64.269997 332.867004 59.430000 19.608999 -11.580000 4.445500 1471114.212000 452609.028000 13.306878 80.562439 0.000000 -0.045000 0.115000 -0.118000 0.000000 0.000000
13:56:52 149.399994 -112.849998 0.000000 64.269997 332.867004 59.430000 19.612000 -11.580000 4.448500 1471114.320000 452609.028000 13.306879 80.562439 0.000000 -0.045000 0.115000 -0.118000 0.000000 0.000000
13:56:52 149.399994 -112.849998 0.000000 64.269997 332.867004 59.430000 19.615999 -11.580000 4.488500 1471114.427000 452609.028000 13.306880 80.562439 0.000000 -0.045000 0.115000 -0.118000 0.000000 0.000000
13:56:52 149.399994 -112.849998 0.000000 64.269997 332.867004 59.430000 19.615999 -11.580000 4.488500 1471114.535000 452609.028000 13.306880 80.562439 0.000000 -0.045000 0.115000 -0.118000 0.000000 0.000000
13:56:53 149.399994 -112.849998 0.000000 64.269997 332.867004 59.430000 19.615999 -11.580000 4.488500 1471119.917000 452609.464000 13.306880 80.562439 0.000000 -0.045000 0.115000 -0.118000 0.000000 0.000000
13:56:53 149.399994 -112.849998 0.000000 64.269997 332.867004 59.430000 19.615999 -11.580000 4.488500 0.003000 0.003900 13.306880 80.562439 0.000000 -0.045000 0.115000 -0.118000 0.000000 0.000000
13:56:53 149.399994 -112.849998 0.000000 64.269997 332.867004 59.430000 19.615999 -11.580000 4.488500 0.003000 0.003900 13.306880 80.562439 0.000000 -0.045000 0.115000 -0.118000 0.000000 0.000000
13:56:53 149.399994 -112.849998 0.000000 64.269997 331.729004 59.430000 19.643999 -11.580000 4.687500 0.003000 0.003900 13.306933 80.562447 0.000000 -0.045000 0.115000 -0.118000 0.000000 0.000000
13:56:54 149.399994 -112.849998 0.000000 64.269997 331.592010 59.430000 19.648001 -11.580000 4.647500 1471125.600000 452609.900000 13.306980 80.562447 0.000000 -0.045000 0.115000 -0.118000 0.000000 0.000000
13:56:54 149.399994 -112.849998 0.000000 64.269997 331.455994 59.430000 19.650999 -11.580000 4.587500 1471125.708000 452609.900000 13.306982 80.562447 0.000000 -0.045000 0.115000 -0.118000 0.000000 0.000000
13:56:54 149.399994 -112.849998 0.000000 64.269997 331.455994 59.430000 19.655001 -11.580000 4.537500 1471125.815000 452609.900000 13.306983 80.562447 0.000000 -0.045000 0.115000 -0.118000 0.000000 0.000000
13:56:54 149.300003 -112.849998 0.000000 64.269997 331.455994 59.430000 19.658001 -11.580000 4.517500 1471125.922000 452609.900000 13.306984 80.562447 0.000000 -0.045000 0.115000 -0.118000 0.000000 0.000000
13:56:54 149.300003 -112.849998 0.000000 64.269997 331.455994 59.430000 19.658001 -11.580000 4.517500 1471126.030000 452609.900000 13.306984 80.562447 0.000000 -0.045000 0.115000 -0.118000 0.000000 0.000000
13:56:55 149.300003 -112.849998 0.000000 64.269997 331.455994 59.430000 19.658001 -11.580000 4.517500 1471126.137000 452609.900000 13.306984 80.562447 0.000000 -0.045000 0.115000 -0.118000 0.000000 0.000000
13:56:55 149.300003 -112.849998 0.000000 64.269997 331.455994 59.430000 19.658001 -11.580000 4.517500 0.003000 0.003900 13.306984 80.562447 0.000000 -0.045000 0.115000 -0.118000 0.000000 0.000000
13:56:55 149.300003 -112.849998 0.000000 64.269997 331.455994 59.430000 19.658001 -11.580000 4.517500 1471131.446000 452610.259000 13.306984 80.562447 0.000000 -0.045000 0.115000 -0.118000 0.000000 0.000000
13:56:55 149.300003 -112.849998 0.000000 64.269997 330.384003 59.430000 19.680000 -11.580000 4.719500 0.003000 0.003000 13.307080 80.562454 0.000000 -0.045000 0.115000 -0.118000 0.000000 0.000000
13:56:56 149.300003 -112.849998 0.000000 64.269997 330.251007 59.430000 19.681999 -11.580000 4.790500 1471131.768000 452610.259000 13.307081 80.562454 0.000000 -0.045000 0.115000 -0.118000 0.000000 0.000000
13:56:56 149.300003 -112.849998 0.000000 64.269997 330.118011 59.430000 19.684000 -11.580000 4.826500 1471136.811000 452610.656000 13.307082 80.562454 0.000000 -0.045000 0.115000 -0.118000 0.000000 0.000000
13:56:56 149.300003 -112.849998 0.000000 64.269997 330.118011 59.430000 19.684999 -11.580000 4.832500 1471136.918000 452610.656000 13.307083 80.562454 0.000000 -0.045000 0.115000 -0.118000 0.000000 0.000000
13:56:56 149.300003 -112.849998 0.000000 64.269997 330.118011 59.430000 19.684999 -11.580000 4.809500 1471137.026000 452610.656000 13.307084 80.562454 0.000000 -0.045000 0.115000 -0.118000 0.000000 0.000000
13:56:56 149.300003 -112.849998 0.000000 64.269997 330.118011 59.430000 19.684999 -11.580000 4.809500 1471137.133000 452610.656000 13.307084 80.562454 0.000000 -0.045000 0.115000 -0.118000 0.000000 0.000000
13:56:57 149.300003 -112.849998 0.000000 64.269997 330.118011 59.430000 19.684999 -11.580000 4.809500 1471137.241000 452610.656000 13.307084 80.562454 0.000000 -0.045000 0.115000 -0.118000 0.000000 0.000000
13:56:57 149.300003 -112.849998 0.000000 64.269997 330.118011 59.430000 19.684999 -11.580000 4.809500 0.003000 0.003000 13.307084 80.562454 0.000000 -0.045000 0.115000 -0.118000 0.000000 0.000000
13:56:57 149.300003 -112.849998 0.000000 64.269997 330.118011 59.430000 19.684999 -11.580000 4.809500 0.003000 0.003000 13.307084 80.562454 0.000000 -0.045000 0.115000 -0.118000 0.000000 0.000000
13:56:57 149.300003 -112.849998 0.000000 64.269997 329.066986 59.430000 19.670000 -11.580000 4.497500 0.003000 0.003000 13.307182 80.562454 0.000000 -0.045000 0.115000 -0.118000 0.000000 0.000000
13:56:58 149.300003 -112.849998 0.000000 64.269997 328.936005 59.430000 19.666000 -11.580000 4.521500 1471142.982000 452610.821000 13.307183 80.562454 0.000000 -0.045000 0.115000 -0.118000 0.000000 0.000000
13:56:58 149.199997 -112.849998 0.000000 64.269997 328.804993 59.430000 19.662001 -11.580000 4.568500 1471148.093000 452610.921000 13.307184 80.562454 0.000000 -0.045000 0.115000 -0.118000 0.000000 0.000000
13:56:58 149.199997 -112.849998 0.000000 64.269997 328.804993 59.430000 19.656000 -11.580000 4.644500 1471148.201000 452610.921000 13.307185 80.562454 0.000000 -0.045000 0.115000 -0.118000 0.000000 0.000000
13:56:58 149.199997 -112.849998 0.000000 64.269997 328.804993 59.430000 19.650000 -11.580000 4.742500 1471148.308000 452610.921000 13.307186 80.562454 0.000000 -0.045000 0.115000 -0.118000 0.000000 0.000000
13:56:58 149.199997 -112.849998 0.000000 64.269997 328.804993 59.430000 19.650000 -11.580000 4.742500 1471148.416000 452610.921000 13.307186 80.562454 0.000000 -0.045000 0.115000 -0.118000 0.000000 0.000000
13:56:59 149.300003 -112.849998 0.000000 64.269997 328.804993 59.430000 19.650000 -11.580000 4.742500 1471148.523000 452610.921000 13.307186 80.562454 0.000000 -0.045000 0.115000 -0.118000 0.000000 0.000000
13:56:59 149.300003 -112.849998 0.000000 64.269997 328.804993 59.430000 19.650000 -11.580000 4.742500 1471153.478000 452610.930000 13.307186 80.562454 0.000000 -0.045000 0.115000 -0.118000 0.000000 0.000000
13:56:59 149.300003 -112.849998 0.000000 64.269997 327.886993 59.430000 19.608000 -11.580000 4.973500 1471153.585000 452610.930000 13.307235 80.562454 0.000000 -0.045000 0.115000 -0.118000 0.000000 0.000000
13:56:59 149.199997 -112.849998 0.000000 64.269997 327.886993 59.430000 19.608000 -11.580000 4.973500 1471153.800000 452610.930000 13.307235 80.562454 0.000000 -0.045000 0.115000 -0.118000 0.000000 0.000000
13:57:00 149.199997 -112.849998 0.000000 64.269997 327.886993 59.430000 19.608000 -11.580000 4.973500 1471153.907000 452610.930000 13.307235 80.562454 0.000000 -0.045000 0.115000 -0.118000 0.000000 0.000000
13:57:00 149.199997 -112.849998 0.000000 64.269997 327.886993 59.430000 19.608000 -11.580000 4.973500 1471158.797000 452610.875000 13.307235 80.562454 0.000000 -0.045000 0.115000 -0.118000 0.000000 0.000000
13:57:00 149.199997 -112.849998 0.000000 64.269997 327.234985 59.430000 19.556000 -11.580000 4.939500 0.003000 0.003000 13.307282 80.562454 0.000000 -0.045000 0.115000 -0.118000 0.000000 0.000000
13:57:00 149.199997 -112.849998 0.000000 64.269997 327.234985 59.430000 19.556000 -11.580000 4.939500 1471159.137000 452610.875000 13.307282 80.562454 0.000000 -0.045000 0.115000 -0.118000 0.000000 0.000000
13:57:01 149.199997 -112.849998 0.000000 64.269997 327.234985 59.430000 19.556000 -11.580000 4.939500 1471159.247000 452610.875000 13.307282 80.562454 0.000000 -0.045000 0.115000 -0.118000 0.000000 0.000000
13:57:01 149.199997 -112.849998 0.000000 64.269997 327.234985 59.430000 19.556000 -11.580000 4.939500 0.003000 0.003000 13.307282 80.562454 0.000000 -0.045000 0.115000 -0.118000 0.000000 0.000000
13:57:01 149.199997 -112.849998 0.000000 64.269997 326.592987 59.430000 19.495001 -11.580000 4.742500 0.003000 0.003000 13.307329 80.562454 0.000000 -0.045000 0.115000 -0.118000 0.000000 0.000000
13:57:01 149.199997 -112.849998 0.000000 64.269997 326.592987 59.430000 19.495001 -11.580000 4.742500 1471164.265000 452610.796000 13.307329 80.562454 0.000000 -0.045000 0.115000 -0.118000 0.000000 0.000000
13:57:02 149.199997 -112.849998 0.000000 64.269997 326.592987 59.430000 19.495001 -11.580000 4.742500 1471164.373000 452610.798000 13.307329 80.562454 0.000000 -0.045000 0.115000 -0.118000 0.000000 0.000000
13:57:02 149.199997 -112.849998 0.000000 64.269997 326.592987 59.430000 19.495001 -11.580000 4.742500 0.003000 0.003000 13.307329 80.562454 0.000000 -0.045000 0.115000 -0.118000 0.000000 0.000000
13:57:02 149.199997 -112.849998 0.000000 64.269997 325.964996 59.430000 19.427999 -11.580000 4.799500 0.003000 0.003000 13.307416 80.562454 0.000000 -0.045000 0.115000 -0.118000 0.000000 0.000000
13:57:02 149.199997 -112.849998 0.000000 64.269997 325.964996 59.430000 19.427999 -11.580000 4.799500 1471169.468000 452610.591000 13.307416 80.562454 0.000000 -0.045000 0.115000 -0.118000 0.000000 0.000000
13:57:03 149.199997 -112.849998 0.000000 64.269997 325.964996 59.430000 19.427999 -11.580000 4.799500 1471169.575000 452610.594000 13.307416 80.562454 0.000000 -0.045000 0.115000 -0.118000 0.000000 0.000000
13:57:03 149.300003 -112.849998 0.000000 64.269997 325.964996 59.430000 19.427999 -11.580000 4.799500 0.003000 0.003000 13.307416 80.562454 0.000000 -0.045000 0.115000 -0.118000 0.000000 0.000000
13:57:03 149.300003 -112.849998 0.000000 64.269997 325.964996 59.430000 19.427999 -11.580000 4.799500 0.003000 0.003000 13.307416 80.562454 0.000000 -0.045000 0.115000 -0.118000 0.000000 0.000000
13:57:03 149.300003 -112.849998 0.000000 64.269997 325.226013 59.430000 19.346001 -11.580000 5.034500 0.003000 0.003000 13.307461 80.562447 0.000000 -0.045000 0.115000 -0.118000 0.000000 0.000000
13:57:04 149.300003 -112.849998 0.000000 64.269997 325.104004 59.430000 19.333000 -11.580000 5.064500 1471174.539000 452610.383000 13.307463 80.562447 0.000000 -0.045000 0.115000 -0.118000 0.000000 0.000000
13:57:04 149.199997 -112.849998 0.000000 64.269997 324.983002 59.430000 19.320000 -11.580000 5.077500 1471178.976000 452610.110000 13.307464 80.562447 0.000000 -0.045000 0.115000 -0.118000 0.000000 0.000000
13:57:04 149.199997 -112.849998 0.000000 64.269997 324.862000 59.430000 19.306999 -11.580000 5.071500 1471179.083000 452610.112000 13.307465 80.562447 0.000000 -0.045000 0.115000 -0.118000 0.000000 0.000000
13:57:04 149.199997 -112.849998 0.000000 64.269997 324.862000 59.430000 19.294001 -11.580000 5.033500 1471179.190000 452610.115000 13.307505 80.562447 0.000000 -0.045000 0.115000 -0.118000 0.000000 0.000000
13:57:04 149.199997 -112.849998 0.000000 64.269997 324.862000 59.430000 19.294001 -11.580000 5.033500 1471179.298000 452610.117000 13.307505 80.562447 0.000000 -0.045000 0.115000 -0.118000 0.000000 0.000000
13:57:05 149.300003 -112.849998 0.000000 64.269997 324.862000 59.430000 19.294001 -11.580000 5.033500 1471179.405000 452610.120000 13.307505 80.562447 0.000000 -0.045000 0.115000 -0.118000 0.000000 0.000000
13:57:05 149.300003 -112.849998 0.000000 64.269997 324.862000 59.430000 19.294001 -11.580000 5.033500 1471179.513000 452610.122000 13.307505 80.562447 0.000000 -0.045000 0.115000 -0.118000 0.000000 0.000000
13:57:05 149.300003 -112.849998 0.000000 64.269997 324.862000 59.430000 19.294001 -11.580000 5.033500 0.003000 0.003000 13.307505 80.562447 0.000000 -0.045000 0.115000 -0.118000 0.000000 0.000000
13:57:05 149.300003 -112.849998 0.000000 64.269997 324.031006 59.430000 19.230000 -11.580000 4.821500 0.003000 0.003000 13.307550 80.562439 0.000000 -0.045000 0.115000 -0.118000 0.000000 0.000000
13:57:06 149.300003 -112.849998 0.000000 64.269997 323.914001 59.430000 19.222000 -11.580000 4.852500 1471184.334000 452609.780000 13.307551 80.562439 0.000000 -0.045000 0.115000 -0.118000 0.000000 0.000000
13:57:06 149.300003 -112.849998 0.000000 64.269997 323.796997 59.430000 19.215000 -11.580000 4.897500 1471184.442000 452609.782000 13.307552 80.562439 0.000000 -0.045000 0.115000 -0.118000 0.000000 0.000000
13:57:06 149.300003 -112.849998 0.000000 64.269997 323.679993 59.430000 19.209999 -11.580000 4.943500 1471188.917000 452609.342000 13.307553 80.562439 0.000000 -0.045000 0.115000 -0.118000 0.000000 0.000000
13:57:06 149.300003 -112.849998 0.000000 64.269997 323.679993 59.430000 19.209999 -11.580000 4.943500 1471189.025000 452609.344000 13.307593 80.562439 0.000000 -0.045000 0.115000 -0.118000 0.000000 0.000000
13:57:06 149.300003 -112.849998 0.000000 64.269997 323.679993 59.430000 19.209999 -11.580000 4.943500 1471189.132000 452609.349000 13.307593 80.562439 0.000000 -0.045000 0.115000 -0.118000 0.000000 0.000000
13:57:07 149.300003 -112.849998 0.000000 64.269997 323.679993 59.430000 19.209999 -11.580000 4.943500 1471189.240000 452609.351000 13.307593 80.562439 0.000000 -0.045000 0.115000 -0.118000 0.000000 0.000000
13:57:07 149.300003 -112.849998 0.000000 64.269997 323.679993 59.430000 19.209999 -11.580000 4.943500 1471189.347000 452609.354000 13.307593 80.562439 0.000000 -0.045000 0.115000 -0.118000 0.000000 0.000000
13:57:07 149.300003 -112.849998 0.000000 64.269997 323.679993 59.430000 19.209999 -11.580000 4.943500 0.003000 0.003900 13.307593 80.562439 0.000000 -0.045000 0.115000 -0.118000 0.000000 0.000000
13:57:07 149.300003 -112.849998 0.000000 64.269997 322.871002 59.430000 19.181999 -11.580000 4.836500 0.003000 0.003900 13.307599 80.562439 0.000000 -0.045000 0.115000 -0.118000 0.000000 0.000000
13:57:08 149.300003 -112.849998 0.000000 64.269997 322.756012 59.430000 19.181999 -11.580000 4.848500 1471194.119000 452608.843000 13.307639 80.562431 0.000000 -0.045000 0.115000 -0.118000 0.000000 0.000000
13:57:08 149.300003 -112.849998 0.000000 64.269997 322.641998 59.430000 19.181999 -11.580000 4.879500 1471194.227000 452608.846000 13.307640 80.562431 0.000000 -0.045000 0.115000 -0.118000 0.000000 0.000000
13:57:08 149.300003 -112.849998 0.000000 64.269997 322.641998 59.430000 19.184000 -11.580000 4.922500 1471198.629000 452608.274000 13.307641 80.562431 0.000000 -0.045000 0.115000 -0.118000 0.000000 0.000000
13:57:08 149.300003 -112.849998 0.000000 64.269997 322.641998 59.430000 19.186001 -11.580000 4.969500 1471198.737000 452608.276000 13.307642 80.562431 0.000000 -0.045000 0.115000 -0.118000 0.000000 0.000000
13:57:08 149.300003 -112.849998 0.000000 64.269997 322.641998 59.430000 19.186001 -11.580000 4.969500 1471198.844000 452608.280000 13.307642 80.562431 0.000000 -0.045000 0.115000 -0.118000 0.000000 0.000000
13:57:09 149.300003 -112.849998 0.000000 64.269997 322.641998 59.430000 19.186001 -11.580000 4.969500 1471198.952000 452608.282000 13.307642 80.562431 0.000000 -0.045000 0.115000 -0.118000 0.000000 0.000000
13:57:09 149.300003 -112.849998 0.000000 64.269997 322.641998 59.430000 19.186001 -11.580000 4.969500 0.003000 0.003800 13.307642 80.562431 0.000000 -0.045000 0.115000 -0.118000 0.000000 0.000000
13:57:09 149.300003 -112.849998 0.000000 64.269997 321.856995 59.430000 19.208000 -11.580000 5.042500 0.003000 0.003800 13.307686 80.562424 0.000000 -0.045000 0.115000 -0.118000 0.000000 0.000000
13:57:09 149.300003 -112.849998 0.000000 64.269997 321.856995 59.430000 19.208000 -11.580000 5.042500 1471203.664000 452607.654000 13.307686 80.562424 0.000000 -0.045000 0.115000 -0.118000 0.000000 0.000000
13:57:10 149.300003 -112.849998 0.000000 64.269997 321.856995 59.430000 19.208000 -11.580000 5.042500 1471203.771000 452607.657000 13.307686 80.562424 0.000000 -0.045000 0.115000 -0.118000 0.000000 0.000000
13:57:10 149.300003 -112.849998 0.000000 64.269997 321.856995 59.430000 19.208000 -11.580000 5.042500 1471203.878000 452607.659000 13.307686 80.562424 0.000000 -0.045000 0.115000 -0.118000 0.000000 0.000000
13:57:10 149.300003 -112.849998 0.000000 64.269997 321.309998 59.430000 19.249001 -11.580000 5.097500 0.003000 0.003700 13.307730 80.562416 0.000000 -0.045000 0.115000 -0.118000 0.000000 0.000000
13:57:10 149.300003 -112.849998 0.000000 64.269997 321.309998 59.430000 19.249001 -11.580000 5.097500 1471208.501000 452606.914000 13.307730 80.562416 0.000000 -0.045000 0.115000 -0.118000 0.000000 0.000000
13:57:11 149.300003 -112.849998 0.000000 64.269997 321.309998 59.430000 19.249001 -11.580000 5.097500 1471208.609000 452606.916000 13.307730 80.562416 0.000000 -0.045000 0.115000 -0.118000 0.000000 0.000000
13:57:11 149.300003 -112.849998 0.000000 64.269997 321.309998 59.430000 19.249001 -11.580000 5.097500 0.003000 0.003600 13.307730 80.562416 0.000000 -0.045000 0.115000 -0.118000 0.000000 0.000000
13:57:11 149.300003 -112.849998 0.000000 64.269997 320.776001 59.430000 19.311001 -11.580000 5.409500 0.003000 0.003600 13.307808 80.562408 0.000000 -0.045000 0.115000 -0.118000 0.000000 0.000000
13:57:11 149.399994 -112.849998 0.000000 64.269997 320.776001 59.430000 19.311001 -11.580000 5.409500 1471213.199000 452606.147000 13.307808 80.562408 0.000000 -0.045000 0.115000 -0.118000 0.000000 0.000000
13:57:12 149.399994 -112.849998 0.000000 64.269997 320.776001 59.430000 19.311001 -11.580000 5.409500 1471213.306000 452606.149000 13.307808 80.562408 0.000000 -0.045000 0.115000 -0.118000 0.000000 0.000000
13:57:12 149.399994 -112.849998 0.000000 64.269997 320.359009 59.430000 19.368999 -11.580000 5.537500 1471217.513000 452605.349000 13.307812 80.562408 0.000000 -0.045000 0.115000 -0.118000 0.000000 0.000000
13:57:12 149.399994 -112.849998 0.000000 64.269997 320.359009 59.430000 19.384001 -11.580000 5.553500 1471217.621000 452605.352000 13.307813 80.562408 0.000000 -0.045000 0.115000 -0.118000 0.000000 0.000000
13:57:12 149.399994 -112.849998 0.000000 64.269997 320.359009 59.430000 19.384001 -11.580000 5.553500 1471217.728000 452605.354000 13.307813 80.562408 0.000000 -0.045000 0.115000 -0.118000 0.000000 0.000000
13:57:13 149.399994 -112.849998 0.000000 64.269997 320.359009 59.430000 19.384001 -11.580000 5.553500 1471217.835000 452605.357000 13.307813 80.562408 0.000000 -0.045000 0.115000 -0.118000 0.000000 0.000000
13:57:13 149.399994 -112.849998 0.000000 64.269997 320.359009 59.430000 19.384001 -11.580000 5.553500 1471217.943000 452605.359000 13.307813 80.562408 0.000000 -0.045000 0.115000 -0.118000 0.000000 0.000000
13:57:13 149.399994 -112.849998 0.000000 64.269997 319.744995 59.430000 19.464001 -11.580000 5.497500 1471221.707000 452604.530000 13.307882 80.562386 0.000000 -0.045000 0.115000 -0.118000 0.000000 0.000000
13:57:13 149.399994 -112.849998 0.000000 64.269997 319.744995 59.430000 19.464001 -11.580000 5.497500 1471221.922000 452604.535000 13.307882 80.562386 0.000000 -0.045000 0.115000 -0.118000 0.000000 0.000000
13:57:14 149.399994 -112.849998 0.000000 64.269997 319.744995 59.430000 19.464001 -11.580000 5.497500 1471222.029000 452604.537000 13.307882 80.562386 0.000000 -0.045000 0.115000 -0.118000 0.000000 0.000000
13:57:14 149.399994 -112.849998 0.000000 64.269997 319.744995 59.430000 19.464001 -11.580000 5.497500 1471222.137000 452604.540000 13.307882 80.562386 0.000000 -0.045000 0.115000 -0.118000 0.000000 0.000000
13:57:14 149.399994 -112.849998 0.000000 64.269997 319.744995 59.430000 19.464001 -11.580000 5.497500 0.003000 0.003400 13.307882 80.562386 0.000000 -0.045000 0.115000 -0.118000 0.000000 0.000000
13:57:14 149.399994 -112.849998 0.000000 64.269997 319.153015 59.430000 19.554001 -11.580000 5.508500 0.003000 0.003400 13.307920 80.562378 0.000000 -0.045000 0.115000 -0.118000 0.000000 0.000000
13:57:15 149.399994 -112.849998 0.000000 64.269997 319.056000 59.430000 19.566000 -11.580000 5.464500 1471226.153000 452603.666000 13.307920 80.562378 0.000000 -0.045000 0.115000 -0.118000 0.000000 0.000000
13:57:15 149.399994 -112.849998 0.000000 64.269997 318.960999 59.430000 19.577999 -11.580000 5.425500 1471226.261000 452603.669000 13.307921 80.562378 0.000000 -0.045000 0.115000 -0.118000 0.000000 0.000000
13:57:15 149.500000 -112.849998 0.000000 64.269997 318.865997 59.430000 19.587999 -11.580000 5.420500 1471226.368000 452603.671000 13.307922 80.562378 0.000000 -0.045000 0.115000 -0.118000 0.000000 0.000000
13:57:15 149.500000 -112.849998 0.000000 64.269997 318.865997 59.430000 19.587999 -11.580000 5.420500 1471229.874000 452602.739000 13.307923 80.562378 0.000000 -0.045000 0.115000 -0.118000 0.000000 0.000000
13:57:15 149.500000 -112.849998 0.000000 64.269997 318.865997 59.430000 19.587999 -11.580000 5.420500 1471229.981000 452602.741000 13.307923 80.562378 0.000000 -0.045000 0.115000 -0.118000 0.000000 0.000000
13:57:16 149.500000 -112.849998 0.000000 64.269997 318.865997 59.430000 19.587999 -11.580000 5.420500 1471230.089000 452602.744000 13.307923 80.562378 0.000000 -0.045000 0.115000 -0.118000 0.000000 0.000000
13:57:16 149.399994 -112.849998 0.000000 64.269997 318.403015 59.430000 19.638000 -11.580000 5.776500 1471230.308000 452602.748000 13.307957 80.562370 0.000000 -0.045000 0.115000 -0.118000 0.000000 0.000000
13:57:16 149.399994 -112.849998 0.000000 64.269997 318.403015 59.430000 19.645000 -11.580000 5.837500 1471233.708000 452601.803000 13.307958 80.562370 0.000000 -0.045000 0.115000 -0.118000 0.000000 0.000000
13:57:16 149.399994 -112.849998 0.000000 64.269997 318.403015 59.430000 19.645000 -11.580000 5.837500 1471233.815000 452601.805000 13.307958 80.562370 0.000000 -0.045000 0.115000 -0.118000 0.000000 0.000000
13:57:17 149.399994 -112.849998 0.000000 64.269997 318.403015 59.430000 19.645000 -11.580000 5.837500 1471233.923000 452601.808000 13.307958 80.562370 0.000000 -0.045000 0.115000 -0.118000 0.000000 0.000000
13:57:17 149.399994 -112.849998 0.000000 64.269997 318.403015 59.430000 19.645000 -11.580000 5.837500 0.003000 0.003100 13.307958 80.562370 0.000000 -0.045000 0.115000 -0.118000 0.000000 0.000000
13:57:17 149.399994 -112.849998 0.000000 64.269997 317.889008 59.430000 19.659000 -11.580000 5.444500 0.003000 0.003100 13.307992 80.562363 0.000000 -0.045000 0.115000 -0.118000 0.000000 0.000000
13:57:17 149.399994 -112.849998 0.000000 64.269997 317.889008 59.430000 19.659000 -11.580000 5.444500 1471237.594000 452600.783000 13.307992 80.562363 0.000000 -0.045000 0.115000 -0.118000 0.000000 0.000000
13:57:18 149.399994 -112.849998 0.000000 64.269997 317.889008 59.430000 19.659000 -11.580000 5.444500 1471237.702000 452600.788000 13.307992 80.562363 0.000000 -0.045000 0.115000 -0.118000 0.000000 0.000000
13:57:18 149.399994 -112.849998 0.000000 64.269997 317.889008 59.430000 19.659000 -11.580000 5.444500 0.003000 0.003000 13.307992 80.562363 0.000000 -0.045000 0.115000 -0.118000 0.000000 0.000000
13:57:18 149.399994 -112.849998 0.000000 64.269997 317.492004 59.430000 19.657000 -11.580000 5.700500 0.003000 0.003000 13.308025 80.562355 0.000000 -0.045000 0.115000 -0.118000 0.000000 0.000000
13:57:18 149.399994 -112.849998 0.000000 64.269997 317.492004 59.430000 19.657000 -11.580000 5.700500 1471241.317000 452599.717000 13.308025 80.562355 0.000000 -0.045000 0.115000 -0.118000 0.000000 0.000000
13:57:19 149.399994 -112.849998 0.000000 64.269997 317.492004 59.430000 19.657000 -11.580000 5.700500 1471241.424000 452599.722000 13.308025 80.562355 0.000000 -0.045000 0.115000 -0.118000 0.000000 0.000000
13:57:19 149.399994 -112.849998 0.000000 64.269997 317.492004 59.430000 19.657000 -11.580000 5.700500 0.003000 0.003900 13.308025 80.562355 0.000000 -0.045000 0.115000 -0.118000 0.000000 0.000000
13:57:19 149.399994 -112.849998 0.000000 64.269997 317.125000 59.430000 19.632999 -11.580000 5.745500 0.003000 0.003900 13.308060 80.562340 0.000000 -0.045000 0.115000 -0.118000 0.000000 0.000000
13:57:19 149.399994 -112.849998 0.000000 64.269997 317.125000 59.430000 19.632999 -11.580000 5.745500 1471245.060000 452598.535000 13.308060 80.562340 0.000000 -0.045000 0.115000 -0.118000 0.000000 0.000000
13:57:20 149.399994 -112.849998 0.000000 64.269997 317.125000 59.430000 19.632999 -11.580000 5.745500 1471245.167000 452598.540000 13.308060 80.562340 0.000000 -0.045000 0.115000 -0.118000 0.000000 0.000000
13:57:20 149.399994 -112.849998 0.000000 64.269997 317.125000 59.430000 19.632999 -11.580000 5.745500 0.003000 0.003800 13.308060 80.562340 0.000000 -0.045000 0.115000 -0.118000 0.000000 0.000000
13:57:20 149.399994 -112.849998 0.000000 64.269997 316.791992 59.430000 19.587000 -11.580000 5.493500 0.003000 0.003800 13.308123 80.562317 0.000000 -0.045000 0.115000 -0.118000 0.000000 0.000000
13:57:20 149.399994 -112.849998 0.000000 64.269997 316.791992 59.430000 19.587000 -11.580000 5.493500 1471248.819000 452597.280000 13.308123 80.562317 0.000000 -0.045000 0.115000 -0.118000 0.000000 0.000000
13:57:21 149.399994 -112.849998 0.000000 64.269997 316.791992 59.430000 19.587000 -11.580000 5.493500 1471248.926000 452597.286000 13.308123 80.562317 0.000000 -0.045000 0.115000 -0.118000 0.000000 0.000000
13:57:21 149.300003 -112.849998 0.000000 64.269997 316.546997 59.430000 19.535999 -11.580000 5.345500 0.003000 0.003700 13.308126 80.562317 0.000000 -0.045000 0.115000 -0.118000 0.000000 0.000000
13:57:21 149.300003 -112.849998 0.000000 64.269997 316.546997 59.430000 19.521000 -11.580000 5.383500 1471252.483000 452595.935000 13.308127 80.562317 0.000000 -0.045000 0.115000 -0.118000 0.000000 0.000000
13:57:21 149.300003 -112.849998 0.000000 64.269997 316.546997 59.430000 19.521000 -11.580000 5.383500 1471252.590000 452595.943000 13.308127 80.562317 0.000000 -0.045000 0.115000 -0.118000 0.000000 0.000000
13:57:22 149.300003 -112.849998 0.000000 64.269997 316.546997 59.430000 19.521000 -11.580000 5.383500 1471252.698000 452595.950000 13.308127 80.562317 0.000000 -0.045000 0.115000 -0.118000 0.000000 0.000000
13:57:22 149.300003 -112.849998 0.000000 64.269997 316.546997 59.430000 19.521000 -11.580000 5.383500 0.003000 0.003500 13.308127 80.562317 0.000000 -0.045000 0.115000 -0.118000 0.000000 0.000000
13:57:22 149.300003 -112.849998 0.000000 64.269997 316.207001 59.430000 19.445000 -11.580000 5.568500 0.003000 0.003500 13.308189 80.562294 0.000000 -0.045000 0.115000 -0.118000 0.000000 0.000000
13:57:22 149.300003 -112.849998 0.000000 64.269997 316.207001 59.430000 19.445000 -11.580000 5.568500 1471256.362000 452594.503000 13.308189 80.562294 0.000000 -0.045000 0.115000 -0.118000 0.000000 0.000000
13:57:23 149.300003 -112.849998 0.000000 64.269997 316.207001 59.430000 19.445000 -11.580000 5.568500 1471256.470000 452594.510000 13.308189 80.562294 0.000000 -0.045000 0.115000 -0.118000 0.000000 0.000000
13:57:23 149.199997 -112.849998 0.000000 64.269997 316.207001 59.430000 19.445000 -11.580000 5.568500 0.003000 0.003400 13.308189 80.562294 0.000000 -0.045000 0.115000 -0.118000 0.000000 0.000000
13:57:23 149.199997 -112.849998 0.000000 64.269997 316.207001 59.430000 19.445000 -11.580000 5.568500 0.003000 0.003400 13.308189 80.562294 0.000000 -0.045000 0.115000 -0.118000 0.000000 0.000000
13:57:23 149.199997 -112.849998 0.000000 64.269997 315.906006 59.430000 19.340000 -11.580000 5.238500 0.003000 0.003400 13.308196 80.562294 0.000000 -0.045000 0.115000 -0.118000 0.000000 0.000000
13:57:24 149.199997 -112.849998 0.000000 64.269997 315.858002 59.430000 19.325001 -11.580000 5.282500 1471260.116000 452593.052000 13.308224 80.562279 0.000000 -0.045000 0.115000 -0.118000 0.000000 0.000000
13:57:24 149.100006 -112.849998 0.000000 64.269997 315.811005 59.430000 19.309999 -11.580000 5.381500 1471260.228000 452593.057000 13.308225 80.562279 0.000000 -0.045000 0.115000 -0.118000 0.000000 0.000000
13:57:24 149.100006 -112.849998 0.000000 64.269997 315.811005 59.430000 19.296000 -11.580000 5.516500 1471260.345000 452593.062000 13.308226 80.562279 0.000000 -0.045000 0.115000 -0.118000 0.000000 0.000000
13:57:24 149.100006 -112.849998 0.000000 64.269997 315.717010 59.430000 19.284000 -11.580000 5.656500 1471263.460000 452591.524000 13.308227 80.562279 0.000000 -0.045000 0.115000 -0.118000 0.000000 0.000000
13:57:24 149.100006 -112.849998 0.000000 64.269997 315.717010 59.430000 19.284000 -11.580000 5.656500 1471263.577000 452591.529000 13.308227 80.562279 0.000000 -0.045000 0.115000 -0.118000 0.000000 0.000000
13:57:25 149.199997 -112.849998 0.000000 64.269997 315.717010 59.430000 19.284000 -11.580000 5.656500 1471263.694000 452591.534000 13.308227 80.562279 0.000000 -0.045000 0.115000 -0.118000 0.000000 0.000000
13:57:25 149.199997 -112.849998 0.000000 64.269997 315.717010 59.430000 19.284000 -11.580000 5.656500 1471263.812000 452591.539000 13.308227 80.562279 0.000000 -0.045000 0.115000 -0.118000 0.000000 0.000000
13:57:25 149.199997 -112.849998 0.000000 64.269997 315.493011 59.430000 19.230000 -11.580000 5.768500 0.003000 0.003100 13.308258 80.562263 0.000000 -0.045000 0.115000 -0.118000 0.000000 0.000000
13:57:25 149.100006 -112.849998 0.000000 64.269997 315.493011 59.430000 19.230000 -11.580000 5.768500 1471267.029000 452590.011000 13.308258 80.562263 0.000000 -0.045000 0.115000 -0.118000 0.000000 0.000000
13:57:26 149.100006 -112.849998 0.000000 64.269997 315.493011 59.430000 19.230000 -11.580000 5.768500 1471267.146000 452590.016000 13.308258 80.562263 0.000000 -0.045000 0.115000 -0.118000 0.000000 0.000000
13:57:26 149.100006 -112.849998 0.000000 64.269997 315.493011 59.430000 19.230000 -11.580000 5.768500 1471267.263000 452590.021000 13.308258 80.562263 0.000000 -0.045000 0.115000 -0.118000 0.000000 0.000000
13:57:26 149.100006 -112.849998 0.000000 64.269997 315.278015 59.430000 19.197001 -11.580000 5.557500 0.003000 0.003000 13.308288 80.562248 0.000000 -0.045000 0.115000 -0.118000 0.000000 0.000000
13:57:26 149.100006 -112.849998 0.000000 64.269997 315.278015 59.430000 19.197001 -11.580000 5.557500 1471270.287000 452588.506000 13.308288 80.562248 0.000000 -0.045000 0.115000 -0.118000 0.000000 0.000000
13:57:27 149.100006 -112.849998 0.000000 64.269997 315.278015 59.430000 19.197001 -11.580000 5.557500 1471270.404000 452588.510000 13.308288 80.562248 0.000000 -0.045000 0.115000 -0.118000 0.000000 0.000000
13:57:27 149.100006 -112.849998 0.000000 64.269997 315.278015 59.430000 19.197001 -11.580000 5.557500 0.003000 0.003800 13.308288 80.562248 0.000000 -0.045000 0.115000 -0.118000 0.000000 0.000000
13:57:27 149.100006 -112.849998 0.000000 64.269997 315.057007 59.430000 19.212999 -11.580000 6.160500 0.003000 0.003800 13.308336 80.562218 0.000000 -0.045000 0.115000 -0.118000 0.000000 0.000000
13:57:27 149.100006 -112.849998 0.000000 64.269997 315.057007 59.430000 19.212999 -11.580000 6.160500 1471275.736000 452585.532000 13.308336 80.562218 0.000000 -0.045000 0.115000 -0.118000 0.000000 0.000000
13:57:28 149.100006 -112.849998 0.000000 64.269997 315.057007 59.430000 19.212999 -11.580000 6.160500 1471275.854000 452585.537000 13.308336 80.562218 0.000000 -0.045000 0.115000 -0.118000 0.000000 0.000000
13:57:28 149.100006 -112.849998 0.000000 64.269997 315.057007 59.430000 19.212999 -11.580000 6.160500 1471275.971000 452585.542000 13.308336 80.562218 0.000000 -0.045000 0.115000 -0.118000 0.000000 0.000000
13:57:28 149.000000 -112.849998 0.000000 64.269997 314.841003 59.430000 19.254000 -11.580000 5.677500 0.003000 0.003500 13.308342 80.562218 0.000000 -0.045000 0.115000 -0.118000 0.000000 0.000000
13:57:28 149.000000 -112.849998 0.000000 64.269997 314.841003 59.430000 19.254000 -11.580000 5.677500 1471276.351000 452585.559000 13.308342 80.562218 0.000000 -0.045000 0.115000 -0.118000 0.000000 0.000000
13:57:29 149.000000 -112.849998 0.000000 64.269997 314.841003 59.430000 19.254000 -11.580000 5.677500 1471276.468000 452585.563000 13.308342 80.562218 0.000000 -0.045000 0.115000 -0.118000 0.000000 0.000000
13:57:29 149.000000 -112.849998 0.000000 64.269997 314.841003 59.430000 19.254000 -11.580000 5.677500 0.003000 0.003500 13.308342 80.562218 0.000000 -0.045000 0.115000 -0.118000 0.000000 0.000000
13:57:29 149.000000 -112.849998 0.000000 64.269997 314.630005 59.430000 19.332001 -11.580000 5.957500 0.003000 0.003500 13.308388 80.562195 0.000000 -0.045000 0.115000 -0.118000 0.000000 0.000000
13:57:29 149.000000 -112.849998 0.000000 64.269997 314.630005 59.430000 19.332001 -11.580000 5.957500 1471281.347000 452582.586000 13.308388 80.562195 0.000000 -0.045000 0.115000 -0.118000 0.000000 0.000000
13:57:30 149.000000 -112.849998 0.000000 64.269997 314.630005 59.430000 19.332001 -11.580000 5.957500 1471281.464000 452582.593000 13.308388 80.562195 0.000000 -0.045000 0.115000 -0.118000 0.000000 0.000000
13:57:30 149.000000 -112.849998 0.000000 64.269997 314.630005 59.430000 19.332001 -11.580000 5.957500 0.003000 0.003200 13.308388 80.562195 0.000000 -0.045000 0.115000 -0.118000 0.000000 0.000000
13:57:30 149.000000 -112.849998 0.000000 64.269997 314.630005 59.430000 19.332001 -11.580000 5.957500 0.003000 0.003200 13.308388 80.562195 0.000000 -0.045000 0.115000 -0.118000 0.000000 0.000000
13:57:30 149.000000 -112.849998 0.000000 64.269997 314.406006 59.430000 19.473000 -11.580000 6.011500 0.003000 0.003200 13.308414 80.562180 0.000000 -0.045000 0.115000 -0.118000 0.000000 0.000000
13:57:31 148.899994 -112.849998 0.000000 64.269997 314.375000 59.430000 19.497999 -11.580000 5.813500 1471282.084000 452582.632000 13.308414 80.562180 0.000000 -0.045000 0.115000 -0.118000 0.000000 0.000000
13:57:31 148.899994 -112.849998 0.000000 64.269997 314.345001 59.430000 19.524000 -11.580000 5.634500 1471282.201000 452582.639000 13.308415 80.562180 0.000000 -0.045000 0.115000 -0.118000 0.000000 0.000000
13:57:31 148.899994 -112.849998 0.000000 64.269997 314.316986 59.430000 19.552000 -11.580000 5.533500 1471282.318000 452582.647000 13.308416 80.562180 0.000000 -0.045000 0.115000 -0.118000 0.000000 0.000000
13:57:31 148.899994 -112.849998 0.000000 64.269997 314.316986 59.430000 19.582001 -11.580000 5.532500 1471282.436000 452582.654000 13.308437 80.562164 0.000000 -0.045000 0.115000 -0.118000 0.000000 0.000000
13:57:31 148.800003 -112.849998 0.000000 64.269997 314.316986 59.430000 19.582001 -11.580000 5.532500 1471286.933000 452579.340000 13.308437 80.562164 0.000000 -0.045000 0.115000 -0.118000 0.000000 0.000000
13:57:32 148.800003 -112.849998 0.000000 64.269997 314.316986 59.430000 19.582001 -11.580000 5.532500 1471287.050000 452579.348000 13.308437 80.562164 0.000000 -0.045000 0.115000 -0.118000 0.000000 0.000000
13:57:32 148.800003 -112.849998 0.000000 64.269997 314.187988 59.430000 19.716999 -11.580000 6.026500 1471287.284000 452579.363000 13.308442 80.562164 0.000000 -0.045000 0.115000 -0.118000 0.000000 0.000000
13:57:32 148.800003 -112.849998 0.000000 64.269997 314.187988 59.430000 19.750000 -11.580000 5.993500 1471287.401000 452579.371000 13.308443 80.562164 0.000000 -0.045000 0.115000 -0.118000 0.000000 0.000000
13:57:32 148.800003 -112.849998 0.000000 64.269997 314.187988 59.430000 19.750000 -11.580000 5.993500 1471287.541000 452579.393000 13.308443 80.562164 0.000000 -0.045000 0.115000 -0.118000 0.000000 0.000000
13:57:33 148.800003 -112.849998 0.000000 64.269997 314.187988 59.430000 19.750000 -11.580000 5.993500 1471287.658000 452579.403000 13.308443 80.562164 0.000000 -0.045000 0.115000 -0.118000 0.000000 0.000000
13:57:33 148.800003 -112.849998 0.000000 64.269997 314.187988 59.430000 19.750000 -11.580000 5.993500 0.003000 0.003900 13.308443 80.562164 0.000000 -0.045000 0.115000 -0.118000 0.000000 0.000000
13:57:33 148.800003 -112.849998 0.000000 64.269997 314.065002 59.430000 19.913000 -11.580000 5.466500 0.003000 0.003900 13.308469 80.562149 0.000000 -0.045000 0.115000 -0.118000 0.000000 0.000000
13:57:33 148.800003 -112.849998 0.000000 64.269997 314.065002 59.430000 19.913000 -11.580000 5.466500 1471292.446000 452575.824000 13.308469 80.562149 0.000000 -0.045000 0.115000 -0.118000 0.000000 0.000000
13:57:34 148.800003 -112.849998 0.000000 64.269997 314.065002 59.430000 19.913000 -11.580000 5.466500 1471292.563000 452575.834000 13.308469 80.562149 0.000000 -0.045000 0.115000 -0.118000 0.000000 0.000000
13:57:34 148.800003 -112.849998 0.000000 64.269997 314.065002 59.430000 19.913000 -11.580000 5.466500 0.003000 0.003500 13.308469 80.562149 0.000000 -0.045000 0.115000 -0.118000 0.000000 0.000000
13:57:34 148.699997 -112.849998 0.000000 64.269997 313.960999 59.430000 20.089001 -11.580000 5.684500 0.003000 0.003500 13.308493 80.562134 0.000000 -0.045000 0.115000 -0.118000 0.000000 0.000000
13:57:34 148.699997 -112.849998 0.000000 64.269997 313.960999 59.430000 20.089001 -11.580000 5.684500 1471293.042000 452575.876000 13.308493 80.562134 0.000000 -0.045000 0.115000 -0.118000 0.000000 0.000000
13:57:35 148.699997 -112.849998 0.000000 64.269997 313.960999 59.430000 20.089001 -11.580000 5.684500 1471293.159000 452575.885000 13.308493 80.562134 0.000000 -0.045000 0.115000 -0.118000 0.000000 0.000000
13:57:35 148.699997 -112.849998 0.000000 64.269997 313.960999 59.430000 20.089001 -11.580000 5.684500 0.003000 0.003500 13.308493 80.562134 0.000000 -0.045000 0.115000 -0.118000 0.000000 0.000000
13:57:35 148.600006 -112.849998 0.000000 64.269997 313.835999 59.430000 20.254999 -11.580000 5.836500 0.003000 0.003500 13.308518 80.562111 0.000000 -0.045000 0.115000 -0.118000 0.000000 0.000000
13:57:35 148.600006 -112.849998 0.000000 64.269997 313.835999 59.430000 20.254999 -11.580000 5.836500 1471293.623000 452575.925000 13.308518 80.562111 0.000000 -0.045000 0.115000 -0.118000 0.000000 0.000000
13:57:36 148.600006 -112.849998 0.000000 64.269997 313.835999 59.430000 20.254999 -11.580000 5.836500 1471298.133000 452571.891000 13.308518 80.562111 0.000000 -0.045000 0.115000 -0.118000 0.000000 0.000000
13:57:36 148.500000 -112.849998 0.000000 64.269997 313.835999 59.430000 20.254999 -11.580000 5.836500 0.003000 0.003100 13.308518 80.562111 0.000000 -0.045000 0.115000 -0.118000 0.000000 0.000000
13:57:36 148.500000 -112.849998 0.000000 64.269997 313.679993 59.430000 20.399000 -11.580000 5.620500 0.003000 0.003100 13.308563 80.562073 0.000000 -0.045000 0.115000 -0.118000 0.000000 0.000000
13:57:36 148.500000 -112.849998 0.000000 64.269997 313.679993 59.430000 20.399000 -11.580000 5.620500 1471298.595000 452571.932000 13.308563 80.562073 0.000000 -0.045000 0.115000 -0.118000 0.000000 0.000000
13:57:37 148.500000 -112.849998 0.000000 64.269997 313.679993 59.430000 20.399000 -11.580000 5.620500 1471300.909000 452569.829000 13.308563 80.562073 0.000000 -0.045000 0.115000 -0.118000 0.000000 0.000000
13:57:37 148.500000 -112.849998 0.000000 64.269997 313.679993 59.430000 20.399000 -11.580000 5.620500 0.003000 0.003900 13.308563 80.562073 0.000000 -0.045000 0.115000 -0.118000 0.000000 0.000000
13:57:37 148.500000 -112.849998 0.000000 64.269997 313.480988 59.430000 20.532000 -11.580000 5.784500 0.003000 0.003900 13.308568 80.562073 0.000000 -0.045000 0.115000 -0.118000 0.000000 0.000000
13:57:37 148.500000 -112.849998 0.000000 64.269997 313.480988 59.430000 20.532000 -11.580000 5.784500 1471301.377000 452569.868000 13.308568 80.562073 0.000000 -0.045000 0.115000 -0.118000 0.000000 0.000000
13:57:38 148.399994 -112.849998 0.000000 64.269997 313.480988 59.430000 20.532000 -11.580000 5.784500 1471303.645000 452567.677000 13.308568 80.562073 0.000000 -0.045000 0.115000 -0.118000 0.000000 0.000000
13:57:38 148.399994 -112.849998 0.000000 64.269997 313.480988 59.430000 20.532000 -11.580000 5.784500 0.003000 0.003700 13.308568 80.562073 0.000000 -0.045000 0.115000 -0.118000 0.000000 0.000000
13:57:38 148.399994 -112.849998 0.000000 64.269997 313.250000 59.430000 20.632000 -11.580000 5.777500 0.003000 0.003700 13.308612 80.562035 0.000000 -0.045000 0.115000 -0.118000 0.000000 0.000000
13:57:38 148.399994 -112.849998 0.000000 64.269997 313.250000 59.430000 20.632000 -11.580000 5.777500 1471304.107000 452567.716000 13.308612 80.562035 0.000000 -0.045000 0.115000 -0.118000 0.000000 0.000000
13:57:39 148.399994 -112.849998 0.000000 64.269997 313.250000 59.430000 20.632000 -11.580000 5.777500 1471306.303000 452565.524000 13.308612 80.562035 0.000000 -0.045000 0.115000 -0.118000 0.000000 0.000000
13:57:39 148.399994 -112.849998 0.000000 64.269997 313.250000 59.430000 20.632000 -11.580000 5.777500 1471306.420000 452565.534000 13.308612 80.562035 0.000000 -0.045000 0.115000 -0.118000 0.000000 0.000000
13:57:39 148.399994 -112.849998 0.000000 64.269997 313.250000 59.430000 20.632000 -11.580000 5.777500 0.003000 0.003500 13.308612 80.562035 0.000000 -0.045000 0.115000 -0.118000 0.000000 0.000000
13:57:39 148.399994 -112.849998 0.000000 64.269997 312.927002 59.430000 20.701000 -11.580000 5.739500 0.003000 0.003500 13.308636 80.562012 0.000000 -0.045000 0.115000 -0.118000 0.000000 0.000000
13:57:40 148.399994 -112.849998 0.000000 64.269997 312.868011 59.430000 20.708000 -11.580000 5.746500 1471308.887000 452563.333000 13.308637 80.562019 0.000000 -0.045000 0.115000 -0.118000 0.000000 0.000000
13:57:40 148.399994 -112.849998 0.000000 64.269997 312.808990 59.430000 20.712999 -11.580000 5.763500 1471309.004000 452563.342000 13.308639 80.562019 0.000000 -0.045000 0.115000 -0.118000 0.000000 0.000000
13:57:40 148.399994 -112.849998 0.000000 64.269997 312.747009 59.430000 20.716999 -11.580000 5.809500 1471309.121000 452563.352000 13.308640 80.562019 0.000000 -0.045000 0.115000 -0.118000 0.000000 0.000000
13:57:40 148.399994 -112.849998 0.000000 64.269997 312.747009 59.430000 20.716999 -11.580000 5.809500 1471309.238000 452563.362000 13.308640 80.562019 0.000000 -0.045000 0.115000 -0.118000 0.000000 0.000000
13:57:40 148.399994 -112.849998 0.000000 64.269997 312.747009 59.430000 20.716999 -11.580000 5.809500 1471309.355000 452563.372000 13.308640 80.562019 0.000000 -0.045000 0.115000 -0.118000 0.000000 0.000000
13:57:41 148.399994 -112.849998 0.000000 64.269997 312.747009 59.430000 20.716999 -11.580000 5.809500 1471311.407000 452561.128000 13.308640 80.562019 0.000000 -0.045000 0.115000 -0.118000 0.000000 0.000000
13:57:41 148.399994 -112.849998 0.000000 64.269997 312.747009 59.430000 20.716999 -11.580000 5.809500 1471311.524000 452561.138000 13.308640 80.562019 0.000000 -0.045000 0.115000 -0.118000 0.000000 0.000000
13:57:41 148.300003 -112.849998 0.000000 64.269997 312.358002 59.430000 20.712999 -11.580000 5.863500 0.003000 0.003100 13.308663 80.561996 0.000000 -0.045000 0.115000 -0.118000 0.000000 0.000000
13:57:41 148.300003 -112.849998 0.000000 64.269997 312.358002 59.430000 20.712999 -11.580000 5.863500 1471311.876000 452561.167000 13.308663 80.561996 0.000000 -0.045000 0.115000 -0.118000 0.000000 0.000000
13:57:42 148.300003 -112.849998 0.000000 64.269997 312.358002 59.430000 20.712999 -11.580000 5.863500 1471313.810000 452558.950000 13.308663 80.561996 0.000000 -0.045000 0.115000 -0.118000 0.000000 0.000000
13:57:42 148.300003 -112.849998 0.000000 64.269997 312.358002 59.430000 20.712999 -11.580000 5.863500 0.003000 0.003800 13.308663 80.561996 0.000000 -0.045000 0.115000 -0.118000 0.000000 0.000000
13:57:42 148.300003 -112.849998 0.000000 64.269997 312.006012 59.430000 20.684000 -11.580000 5.712500 0.003000 0.003800 13.308684 80.561974 0.000000 -0.045000 0.115000 -0.118000 0.000000 0.000000
13:57:42 148.300003 -112.849998 0.000000 64.269997 312.006012 59.430000 20.684000 -11.580000 5.712500 1471314.272000 452558.990000 13.308684 80.561974 0.000000 -0.045000 0.115000 -0.118000 0.000000 0.000000
13:57:43 148.300003 -112.849998 0.000000 64.269997 312.006012 59.430000 20.684000 -11.580000 5.712500 1471316.180000 452556.732000 13.308684 80.561974 0.000000 -0.045000 0.115000 -0.118000 0.000000 0.000000
13:57:43 148.399994 -112.849998 0.000000 64.269997 312.006012 59.430000 20.684000 -11.580000 5.712500 1471316.297000 452556.745000 13.308684 80.561974 0.000000 -0.045000 0.115000 -0.118000 0.000000 0.000000
13:57:43 148.399994 -112.849998 0.000000 64.269997 311.632996 59.430000 20.667000 -11.580000 6.383500 0.003000 0.003600 13.308706 80.561958 0.000000 -0.045000 0.115000 -0.118000 0.000000 0.000000
13:57:43 148.399994 -112.849998 0.000000 64.269997 311.632996 59.430000 20.667000 -11.580000 6.383500 1471316.637000 452556.779000 13.308706 80.561958 0.000000 -0.045000 0.115000 -0.118000 0.000000 0.000000
13:57:44 148.300003 -112.849998 0.000000 64.269997 311.632996 59.430000 20.667000 -11.580000 6.383500 1471318.505000 452554.437000 13.308706 80.561958 0.000000 -0.045000 0.115000 -0.118000 0.000000 0.000000
13:57:44 148.300003 -112.849998 0.000000 64.269997 311.325989 59.430000 20.639999 -11.580000 5.564500 1471318.720000 452554.462000 13.308726 80.561935 0.000000 -0.045000 0.115000 -0.118000 0.000000 0.000000
13:57:44 148.300003 -112.849998 0.000000 64.269997 311.325989 59.430000 20.639999 -11.580000 5.564500 1471318.827000 452554.474000 13.308727 80.561935 0.000000 -0.045000 0.115000 -0.118000 0.000000 0.000000
13:57:44 148.300003 -112.849998 0.000000 64.269997 311.325989 59.430000 20.639999 -11.580000 5.564500 1471318.935000 452554.486000 13.308727 80.561935 0.000000 -0.045000 0.115000 -0.118000 0.000000 0.000000
13:57:45 148.300003 -112.849998 0.000000 64.269997 311.325989 59.430000 20.639999 -11.580000 5.564500 1471320.805000 452552.103000 13.308727 80.561935 0.000000 -0.045000 0.115000 -0.118000 0.000000 0.000000
13:57:45 148.300003 -112.849998 0.000000 64.269997 311.325989 59.430000 20.639999 -11.580000 5.564500 0.003000 0.003200 13.308727 80.561935 0.000000 -0.045000 0.115000 -0.118000 0.000000 0.000000
13:57:45 148.300003 -112.849998 0.000000 64.269997 310.841003 59.430000 20.614000 -11.580000 5.642500 0.003000 0.003200 13.308763 80.561890 0.000000 -0.045000 0.115000 -0.118000 0.000000 0.000000
13:57:45 148.399994 -112.849998 0.000000 64.269997 310.841003 59.430000 20.614000 -11.580000 5.642500 1471321.235000 452552.152000 13.308763 80.561890 0.000000 -0.045000 0.115000 -0.118000 0.000000 0.000000
13:57:46 148.399994 -112.849998 0.000000 64.269997 310.841003 59.430000 20.614000 -11.580000 5.642500 1471321.342000 452552.164000 13.308763 80.561890 0.000000 -0.045000 0.115000 -0.118000 0.000000 0.000000
13:57:46 148.399994 -112.849998 0.000000 64.269997 310.497986 59.430000 20.597000 -11.580000 5.898500 0.003000 0.003200 13.308767 80.561890 0.000000 -0.045000 0.115000 -0.118000 0.000000 0.000000
13:57:46 148.399994 -112.849998 0.000000 64.269997 310.497986 59.430000 20.591000 -11.580000 5.909500 1471323.376000 452549.767000 13.308768 80.561890 0.000000 -0.045000 0.115000 -0.118000 0.000000 0.000000
13:57:46 148.399994 -112.849998 0.000000 64.269997 310.497986 59.430000 20.591000 -11.580000 5.909500 1471323.484000 452549.779000 13.308768 80.561890 0.000000 -0.045000 0.115000 -0.118000 0.000000 0.000000
13:57:47 148.399994 -112.849998 0.000000 64.269997 310.497986 59.430000 20.591000 -11.580000 5.909500 1471323.591000 452549.791000 13.308768 80.561890 0.000000 -0.045000 0.115000 -0.118000 0.000000 0.000000
13:57:47 148.399994 -112.849998 0.000000 64.269997 310.497986 59.430000 20.591000 -11.580000 5.909500 0.003000 0.003900 13.308768 80.561890 0.000000 -0.045000 0.115000 -0.118000 0.000000 0.000000
13:57:47 148.399994 -112.849998 0.000000 64.269997 309.967987 59.430000 20.563000 -11.580000 6.220500 0.003000 0.003900 13.308804 80.561844 0.000000 -0.045000 0.115000 -0.118000 0.000000 0.000000
13:57:47 148.399994 -112.849998 0.000000 64.269997 309.967987 59.430000 20.563000 -11.580000 6.220500 1471325.744000 452547.260000 13.308804 80.561844 0.000000 -0.045000 0.115000 -0.118000 0.000000 0.000000
13:57:48 148.399994 -112.849998 0.000000 64.269997 309.967987 59.430000 20.563000 -11.580000 6.220500 1471325.851000 452547.275000 13.308804 80.561844 0.000000 -0.045000 0.115000 -0.118000 0.000000 0.000000
13:57:48 148.399994 -112.849998 0.000000 64.269997 309.967987 59.430000 20.563000 -11.580000 6.220500 0.003000 0.003700 13.308804 80.561844 0.000000 -0.045000 0.115000 -0.118000 0.000000 0.000000
13:57:48 148.399994 -112.849998 0.000000 64.269997 309.967987 59.430000 20.563000 -11.580000 6.220500 0.003000 0.003700 13.308804 80.561844 0.000000 -0.045000 0.115000 -0.118000 0.000000 0.000000
13:57:48 148.399994 -112.849998 0.000000 64.269997 309.432007 59.430000 20.511999 -11.580000 6.188500 0.003000 0.003700 13.308809 80.561844 0.000000 -0.045000 0.115000 -0.118000 0.000000 0.000000
13:57:49 148.399994 -112.849998 0.000000 64.269997 309.343994 59.430000 20.499001 -11.580000 6.033500 1471328.091000 452544.680000 13.308825 80.561821 0.000000 -0.045000 0.115000 -0.118000 0.000000 0.000000
13:57:49 148.399994 -112.849998 0.000000 64.269997 309.343994 59.430000 20.486000 -11.580000 5.946500 1471329.891000 452541.902000 13.308826 80.561821 0.000000 -0.045000 0.115000 -0.118000 0.000000 0.000000
13:57:49 148.399994 -112.849998 0.000000 64.269997 309.343994 59.430000 20.474001 -11.580000 5.946500 1471329.998000 452541.916000 13.308827 80.561821 0.000000 -0.045000 0.115000 -0.118000 0.000000 0.000000
13:57:49 148.399994 -112.849998 0.000000 64.269997 309.343994 59.430000 20.474001 -11.580000 5.946500 1471330.105000 452541.931000 13.308828 80.561821 0.000000 -0.045000 0.115000 -0.118000 0.000000 0.000000
13:57:49 148.399994 -112.849998 0.000000 64.269997 309.343994 59.430000 20.474001 -11.580000 5.946500 1471330.213000 452541.946000 13.308828 80.561821 0.000000 -0.045000 0.115000 -0.118000 0.000000 0.000000
13:57:50 148.399994 -112.849998 0.000000 64.269997 309.343994 59.430000 20.474001 -11.580000 5.946500 1471330.320000 452541.960000 13.308828 80.561821 0.000000 -0.045000 0.115000 -0.118000 0.000000 0.000000
13:57:50 148.399994 -112.849998 0.000000 64.269997 309.343994 59.430000 20.474001 -11.580000 5.946500 0.003000 0.003100 13.308828 80.561821 0.000000 -0.045000 0.115000 -0.118000 0.000000 0.000000
13:57:50 148.399994 -112.849998 0.000000 64.269997 308.653992 59.430000 20.386000 -11.580000 6.246500 0.003000 0.003100 13.308848 80.561790 0.000000 -0.045000 0.115000 -0.118000 0.000000 0.000000
13:57:50 148.399994 -112.849998 0.000000 64.269997 308.653992 59.430000 20.386000 -11.580000 6.246500 1471332.356000 452539.275000 13.308848 80.561790 0.000000 -0.045000 0.115000 -0.118000 0.000000 0.000000
13:57:51 148.500000 -112.849998 0.000000 64.269997 308.653992 59.430000 20.386000 -11.580000 6.246500 1471332.463000 452539.290000 13.308848 80.561790 0.000000 -0.045000 0.115000 -0.118000 0.000000 0.000000
13:57:51 148.500000 -112.849998 0.000000 64.269997 308.653992 59.430000 20.386000 -11.580000 6.246500 0.003000 0.003900 13.308848 80.561790 0.000000 -0.045000 0.115000 -0.118000 0.000000 0.000000
13:57:51 148.500000 -112.849998 0.000000 64.269997 308.240997 59.430000 20.282000 -11.580000 5.732500 0.003000 0.003900 13.308867 80.561768 0.000000 -0.045000 0.115000 -0.118000 0.000000 0.000000
13:57:51 148.500000 -112.849998 0.000000 64.269997 308.240997 59.430000 20.282000 -11.580000 5.732500 1471334.485000 452536.476000 13.308867 80.561768 0.000000 -0.045000 0.115000 -0.118000 0.000000 0.000000
13:57:52 148.500000 -112.849998 0.000000 64.269997 308.240997 59.430000 20.282000 -11.580000 5.732500 1471334.592000 452536.491000 13.308867 80.561768 0.000000 -0.045000 0.115000 -0.118000 0.000000 0.000000
13:57:52 148.500000 -112.849998 0.000000 64.269997 308.240997 59.430000 20.282000 -11.580000 5.732500 0.003000 0.003600 13.308867 80.561768 0.000000 -0.045000 0.115000 -0.118000 0.000000 0.000000
13:57:52 148.500000 -112.849998 0.000000 64.269997 307.842987 59.430000 20.177000 -11.580000 5.885500 0.003000 0.003600 13.308900 80.561714 0.000000 -0.045000 0.115000 -0.118000 0.000000 0.000000
13:57:52 148.500000 -112.849998 0.000000 64.269997 307.842987 59.430000 20.177000 -11.580000 5.885500 1471336.553000 452533.663000 13.308900 80.561714 0.000000 -0.045000 0.115000 -0.118000 0.000000 0.000000
13:57:53 148.500000 -112.849998 0.000000 64.269997 307.842987 59.430000 20.177000 -11.580000 5.885500 1471336.661000 452533.678000 13.308900 80.561714 0.000000 -0.045000 0.115000 -0.118000 0.000000 0.000000
13:57:53 148.500000 -112.849998 0.000000 64.269997 307.842987 59.430000 20.177000 -11.580000 5.885500 0.003000 0.003300 13.308900 80.561714 0.000000 -0.045000 0.115000 -0.118000 0.000000 0.000000
13:57:53 148.500000 -112.849998 0.000000 64.269997 307.464996 59.430000 20.077999 -11.580000 6.241500 0.003000 0.003300 13.308905 80.561714 0.000000 -0.045000 0.115000 -0.118000 0.000000 0.000000
13:57:53 148.500000 -112.849998 0.000000 64.269997 307.464996 59.430000 20.077999 -11.580000 6.241500 1471338.607000 452530.786000 13.308905 80.561714 0.000000 -0.045000 0.115000 -0.118000 0.000000 0.000000
13:57:54 148.500000 -112.849998 0.000000 64.269997 307.464996 59.430000 20.077999 -11.580000 6.241500 1471338.714000 452530.801000 13.308905 80.561714 0.000000 -0.045000 0.115000 -0.118000 0.000000 0.000000
13:57:54 148.500000 -112.849998 0.000000 64.269997 307.464996 59.430000 20.077999 -11.580000 6.241500 0.003000 0.003000 13.308905 80.561714 0.000000 -0.045000 0.115000 -0.118000 0.000000 0.000000
13:57:54 148.500000 -112.849998 0.000000 64.269997 307.114990 59.430000 19.983999 -11.580000 5.604500 0.003000 0.003000 13.308933 80.561661 0.000000 -0.045000 0.115000 -0.118000 0.000000 0.000000
13:57:54 148.500000 -112.849998 0.000000 64.269997 307.114990 59.430000 19.983999 -11.580000 5.604500 1471340.539000 452527.960000 13.308933 80.561661 0.000000 -0.045000 0.115000 -0.118000 0.000000 0.000000
13:57:55 148.500000 -112.849998 0.000000 64.269997 307.114990 59.430000 19.983999 -11.580000 5.604500 1471340.646000 452527.975000 13.308933 80.561661 0.000000 -0.045000 0.115000 -0.118000 0.000000 0.000000
13:57:55 148.600006 -112.849998 0.000000 64.269997 307.114990 59.430000 19.983999 -11.580000 5.604500 1471342.081000 452525.143000 13.308933 80.561661 0.000000 -0.045000 0.115000 -0.118000 0.000000 0.000000
13:57:55 148.600006 -112.849998 0.000000 64.269997 307.114990 59.430000 19.983999 -11.580000 5.604500 0.003000 0.003500 13.308933 80.561661 0.000000 -0.045000 0.115000 -0.118000 0.000000 0.000000
13:57:55 148.600006 -112.849998 0.000000 64.269997 306.730988 59.430000 19.919001 -11.580000 5.845500 0.003000 0.003500 13.308951 80.561638 0.000000 -0.045000 0.115000 -0.118000 0.000000 0.000000
13:57:56 148.600006 -112.849998 0.000000 64.269997 306.670990 59.430000 19.913000 -11.580000 5.901500 1471342.510000 452525.201000 13.308952 80.561638 0.000000 -0.045000 0.115000 -0.118000 0.000000 0.000000
13:57:56 148.600006 -112.849998 0.000000 64.269997 306.670990 59.430000 19.909000 -11.580000 5.921500 1471342.618000 452525.213000 13.308953 80.561638 0.000000 -0.045000 0.115000 -0.118000 0.000000 0.000000
13:57:56 148.600006 -112.849998 0.000000 64.269997 306.670990 59.430000 19.905001 -11.580000 5.913500 1471344.023000 452522.278000 13.308954 80.561638 0.000000 -0.045000 0.115000 -0.118000 0.000000 0.000000
13:57:56 148.600006 -112.849998 0.000000 64.269997 306.670990 59.430000 19.905001 -11.580000 5.913500 1471344.131000 452522.290000 13.308955 80.561638 0.000000 -0.045000 0.115000 -0.118000 0.000000 0.000000
13:57:56 148.600006 -112.849998 0.000000 64.269997 306.670990 59.430000 19.905001 -11.580000 5.913500 1471344.238000 452522.302000 13.308955 80.561638 0.000000 -0.045000 0.115000 -0.118000 0.000000 0.000000
13:57:57 148.699997 -112.849998 0.000000 64.269997 306.670990 59.430000 19.905001 -11.580000 5.913500 1471344.346000 452522.314000 13.308955 80.561638 0.000000 -0.045000 0.115000 -0.118000 0.000000 0.000000
13:57:57 148.699997 -112.849998 0.000000 64.269997 306.270996 59.430000 19.908001 -11.580000 5.782500 1471345.842000 452519.310000 13.308970 80.561607 0.000000 -0.045000 0.115000 -0.118000 0.000000 0.000000
13:57:57 148.699997 -112.849998 0.000000 64.269997 306.270996 59.430000 19.915001 -11.580000 5.905500 1471345.950000 452519.322000 13.308971 80.561607 0.000000 -0.045000 0.115000 -0.118000 0.000000 0.000000
13:57:57 148.699997 -112.849998 0.000000 64.269997 306.270996 59.430000 19.915001 -11.580000 5.905500 1471346.057000 452519.334000 13.308971 80.561607 0.000000 -0.045000 0.115000 -0.118000 0.000000 0.000000
13:57:58 148.699997 -112.849998 0.000000 64.269997 306.270996 59.430000 19.915001 -11.580000 5.905500 1471346.165000 452519.347000 13.308971 80.561607 0.000000 -0.045000 0.115000 -0.118000 0.000000 0.000000
13:57:58 148.699997 -112.849998 0.000000 64.269997 306.270996 59.430000 19.915001 -11.580000 5.905500 0.003000 0.003900 13.308971 80.561607 0.000000 -0.045000 0.115000 -0.118000 0.000000 0.000000
13:57:58 148.699997 -112.849998 0.000000 64.269997 305.946991 59.430000 19.979000 -11.580000 6.618500 0.003000 0.003900 13.308988 80.561584 0.000000 -0.045000 0.115000 -0.118000 0.000000 0.000000
13:57:58 148.800003 -112.849998 0.000000 64.269997 305.946991 59.430000 19.979000 -11.580000 6.618500 1471347.805000 452516.380000 13.308988 80.561584 0.000000 -0.045000 0.115000 -0.118000 0.000000 0.000000
13:57:59 148.800003 -112.849998 0.000000 64.269997 305.946991 59.430000 19.979000 -11.580000 6.618500 1471347.913000 452516.392000 13.308988 80.561584 0.000000 -0.045000 0.115000 -0.118000 0.000000 0.000000
13:57:59 148.800003 -112.849998 0.000000 64.269997 305.738007 59.430000 20.042999 -11.580000 6.601500 0.003000 0.003600 13.309002 80.561554 0.000000 -0.045000 0.115000 -0.118000 0.000000 0.000000
13:57:59 148.800003 -112.849998 0.000000 64.269997 305.738007 59.430000 20.042999 -11.580000 6.601500 1471349.409000 452513.387000 13.309003 80.561554 0.000000 -0.045000 0.115000 -0.118000 0.000000 0.000000
13:57:59 148.800003 -112.849998 0.000000 64.269997 305.738007 59.430000 20.042999 -11.580000 6.601500 1471349.517000 452513.399000 13.309003 80.561554 0.000000 -0.045000 0.115000 -0.118000 0.000000 0.000000
13:58:00 148.800003 -112.849998 0.000000 64.269997 305.738007 59.430000 20.042999 -11.580000 6.601500 1471349.624000 452513.411000 13.309003 80.561554 0.000000 -0.045000 0.115000 -0.118000 0.000000 0.000000
13:58:00 148.800003 -112.849998 0.000000 64.269997 305.738007 59.430000 20.042999 -11.580000 6.601500 0.003000 0.003300 13.309003 80.561554 0.000000 -0.045000 0.115000 -0.118000 0.000000 0.000000
13:58:00 148.800003 -112.849998 0.000000 64.269997 305.433014 59.430000 20.141001 -11.580000 6.368500 0.003000 0.003300 13.309017 80.561523 0.000000 -0.045000 0.115000 -0.118000 0.000000 0.000000
13:58:00 148.800003 -112.849998 0.000000 64.269997 305.433014 59.430000 20.141001 -11.580000 6.368500 1471351.139000 452510.495000 13.309017 80.561523 0.000000 -0.045000 0.115000 -0.118000 0.000000 0.000000
13:58:01 148.800003 -112.849998 0.000000 64.269997 305.433014 59.430000 20.141001 -11.580000 6.368500 1471351.247000 452510.508000 13.309017 80.561523 0.000000 -0.045000 0.115000 -0.118000 0.000000 0.000000
13:58:01 148.899994 -112.849998 0.000000 64.269997 305.239014 59.430000 20.181000 -11.580000 5.852500 1471352.525000 452507.516000 13.309031 80.561501 0.000000 -0.045000 0.115000 -0.118000 0.000000 0.000000
13:58:01 148.899994 -112.849998 0.000000 64.269997 305.239014 59.430000 20.181000 -11.580000 5.852500 1471352.633000 452507.529000 13.309040 80.561470 0.000000 -0.045000 0.115000 -0.118000 0.000000 0.000000
13:58:01 148.899994 -112.849998 0.000000 64.269997 305.239014 59.430000 20.181000 -11.580000 5.852500 1471352.740000 452507.544000 13.309040 80.561470 0.000000 -0.045000 0.115000 -0.118000 0.000000 0.000000
13:58:02 148.899994 -112.849998 0.000000 64.269997 305.239014 59.430000 20.181000 -11.580000 5.852500 1471352.848000 452507.558000 13.309040 80.561470 0.000000 -0.045000 0.115000 -0.118000 0.000000 0.000000
13:58:02 148.899994 -112.849998 0.000000 64.269997 305.239014 59.430000 20.181000 -11.580000 5.852500 0.003000 0.003700 13.309040 80.561470 0.000000 -0.045000 0.115000 -0.118000 0.000000 0.000000
13:58:02 148.899994 -112.849998 0.000000 64.269997 304.954987 59.430000 20.223000 -11.580000 6.383500 0.003000 0.003700 13.309045 80.561478 0.000000 -0.045000 0.115000 -0.118000 0.000000 0.000000
13:58:02 148.899994 -112.849998 0.000000 64.269997 304.954987 59.430000 20.223000 -11.580000 6.383500 1471354.236000 452504.797000 13.309045 80.561478 0.000000 -0.045000 0.115000 -0.118000 0.000000 0.000000
13:58:03 148.899994 -112.849998 0.000000 64.269997 304.954987 59.430000 20.223000 -11.580000 6.383500 1471354.344000 452504.812000 13.309045 80.561478 0.000000 -0.045000 0.115000 -0.118000 0.000000 0.000000
13:58:03 148.899994 -112.849998 0.000000 64.269997 304.954987 59.430000 20.223000 -11.580000 6.383500 0.003000 0.003400 13.309045 80.561478 0.000000 -0.045000 0.115000 -0.118000 0.000000 0.000000
13:58:03 148.899994 -112.849998 0.000000 64.269997 304.737000 59.430000 20.229000 -11.580000 6.194500 0.003000 0.003400 13.309067 80.561417 0.000000 -0.045000 0.115000 -0.118000 0.000000 0.000000
13:58:03 148.899994 -112.849998 0.000000 64.269997 304.737000 59.430000 20.229000 -11.580000 6.194500 1471355.716000 452501.906000 13.309067 80.561417 0.000000 -0.045000 0.115000 -0.118000 0.000000 0.000000
13:58:04 149.000000 -112.849998 0.000000 64.269997 304.737000 59.430000 20.229000 -11.580000 6.194500 0.003000 0.003100 13.309067 80.561417 0.000000 -0.045000 0.115000 -0.118000 0.000000 0.000000
13:58:04 149.000000 -112.849998 0.000000 64.269997 304.737000 59.430000 20.229000 -11.580000 6.194500 0.003000 0.003100 13.309067 80.561417 0.000000 -0.045000 0.115000 -0.118000 0.000000 0.000000
13:58:04 149.000000 -112.849998 0.000000 64.269997 304.737000 59.430000 20.229000 -11.580000 6.194500 0.003000 0.003100 13.309067 80.561417 0.000000 -0.045000 0.115000 -0.118000 0.000000 0.000000
13:58:04 149.000000 -112.849998 0.000000 64.269997 304.505005 59.430000 20.218000 -11.580000 6.438500 0.003000 0.003100 13.309072 80.561417 0.000000 -0.045000 0.115000 -0.118000 0.000000 0.000000
13:58:05 149.000000 -112.849998 0.000000 64.269997 304.468994 59.430000 20.214001 -11.580000 6.384500 1471357.291000 452498.965000 13.309082 80.561394 0.000000 -0.045000 0.115000 -0.118000 0.000000 0.000000
13:58:05 149.000000 -112.849998 0.000000 64.269997 304.468994 59.430000 20.208000 -11.580000 6.284500 1471357.398000 452498.980000 13.309083 80.561394 0.000000 -0.045000 0.115000 -0.118000 0.000000 0.000000
13:58:05 149.000000 -112.849998 0.000000 64.269997 304.468994 59.430000 20.202000 -11.580000 6.156500 1471358.410000 452495.875000 13.309084 80.561394 0.000000 -0.045000 0.115000 -0.118000 0.000000 0.000000
13:58:05 149.000000 -112.849998 0.000000 64.269997 304.468994 59.430000 20.194000 -11.580000 6.021500 1471358.517000 452495.890000 13.309085 80.561394 0.000000 -0.045000 0.115000 -0.118000 0.000000 0.000000
13:58:05 149.000000 -112.849998 0.000000 64.269997 304.468994 59.430000 20.194000 -11.580000 6.021500 1471358.625000 452495.905000 13.309085 80.561394 0.000000 -0.045000 0.115000 -0.118000 0.000000 0.000000
13:58:06 149.000000 -112.849998 0.000000 64.269997 304.468994 59.430000 20.194000 -11.580000 6.021500 0.003000 0.003500 13.309085 80.561394 0.000000 -0.045000 0.115000 -0.118000 0.000000 0.000000
13:58:06 149.000000 -112.849998 0.000000 64.269997 304.468994 59.430000 20.194000 -11.580000 6.021500 1471358.839000 452495.934000 13.309085 80.561394 0.000000 -0.045000 0.115000 -0.118000 0.000000 0.000000
13:58:06 149.000000 -112.849998 0.000000 64.269997 304.204010 59.430000 20.150999 -11.580000 5.692500 0.003000 0.003500 13.309097 80.561363 0.000000 -0.045000 0.115000 -0.118000 0.000000 0.000000
13:58:06 149.000000 -112.849998 0.000000 64.269997 304.204010 59.430000 20.150999 -11.580000 5.692500 1471360.037000 452492.807000 13.309097 80.561363 0.000000 -0.045000 0.115000 -0.118000 0.000000 0.000000
13:58:07 149.000000 -112.849998 0.000000 64.269997 304.204010 59.430000 20.150999 -11.580000 5.692500 1471360.144000 452492.822000 13.309097 80.561363 0.000000 -0.045000 0.115000 -0.118000 0.000000 0.000000
13:58:07 149.000000 -112.849998 0.000000 64.269997 304.204010 59.430000 20.150999 -11.580000 5.692500 0.003000 0.003200 13.309097 80.561363 0.000000 -0.045000 0.115000 -0.118000 0.000000 0.000000
13:58:07 149.000000 -112.849998 0.000000 64.269997 304.050995 59.430000 20.097000 -11.580000 5.875500 0.003000 0.003200 13.309110 80.561333 0.000000 -0.045000 0.115000 -0.118000 0.000000 0.000000
13:58:07 149.000000 -112.849998 0.000000 64.269997 304.050995 59.430000 20.097000 -11.580000 5.875500 1471361.374000 452489.774000 13.309110 80.561333 0.000000 -0.045000 0.115000 -0.118000 0.000000 0.000000
13:58:08 149.000000 -112.849998 0.000000 64.269997 304.050995 59.430000 20.097000 -11.580000 5.875500 1471361.481000 452489.788000 13.309110 80.561333 0.000000 -0.045000 0.115000 -0.118000 0.000000 0.000000
13:58:08 149.100006 -112.849998 0.000000 64.269997 304.050995 59.430000 20.097000 -11.580000 5.875500 0.003000 0.003900 13.309110 80.561333 0.000000 -0.045000 0.115000 -0.118000 0.000000 0.000000
13:58:08 149.100006 -112.849998 0.000000 64.269997 303.908997 59.430000 20.025000 -11.580000 5.529500 0.003000 0.003900 13.309128 80.561279 0.000000 -0.045000 0.115000 -0.118000 0.000000 0.000000
13:58:08 149.100006 -112.849998 0.000000 64.269997 303.908997 59.430000 20.025000 -11.580000 5.529500 1471362.715000 452486.624000 13.309128 80.561279 0.000000 -0.045000 0.115000 -0.118000 0.000000 0.000000
13:58:09 149.100006 -112.849998 0.000000 64.269997 303.908997 59.430000 20.025000 -11.580000 5.529500 1471362.822000 452486.639000 13.309128 80.561279 0.000000 -0.045000 0.115000 -0.118000 0.000000 0.000000
13:58:09 149.000000 -112.849998 0.000000 64.269997 303.908997 59.430000 20.025000 -11.580000 5.529500 0.003000 0.003600 13.309128 80.561279 0.000000 -0.045000 0.115000 -0.118000 0.000000 0.000000
13:58:09 149.000000 -112.849998 0.000000 64.269997 303.770996 59.430000 19.959999 -11.580000 5.796500 0.003000 0.003600 13.309134 80.561279 0.000000 -0.045000 0.115000 -0.118000 0.000000 0.000000
13:58:09 149.000000 -112.849998 0.000000 64.269997 303.770996 59.430000 19.959999 -11.580000 5.796500 1471363.982000 452483.630000 13.309134 80.561279 0.000000 -0.045000 0.115000 -0.118000 0.000000 0.000000
13:58:10 149.100006 -112.849998 0.000000 64.269997 303.770996 59.430000 19.959999 -11.580000 5.796500 1471364.089000 452483.644000 13.309134 80.561279 0.000000 -0.045000 0.115000 -0.118000 0.000000 0.000000
13:58:10 149.100006 -112.849998 0.000000 64.269997 303.770996 59.430000 19.959999 -11.580000 5.796500 0.003000 0.003300 13.309134 80.561279 0.000000 -0.045000 0.115000 -0.118000 0.000000 0.000000
13:58:10 149.100006 -112.849998 0.000000 64.269997 303.640015 59.430000 19.910999 -11.580000 6.482500 0.003000 0.003300 13.309150 80.561226 0.000000 -0.045000 0.115000 -0.118000 0.000000 0.000000
13:58:10 149.100006 -112.849998 0.000000 64.269997 303.640015 59.430000 19.910999 -11.580000 6.482500 1471365.198000 452480.661000 13.309150 80.561226 0.000000 -0.045000 0.115000 -0.118000 0.000000 0.000000
13:58:11 149.100006 -112.849998 0.000000 64.269997 303.640015 59.430000 19.910999 -11.580000 6.482500 0.003000 0.003000 13.309150 80.561226 0.000000 -0.045000 0.115000 -0.118000 0.000000 0.000000
13:58:11 149.100006 -112.849998 0.000000 64.269997 303.640015 59.430000 19.910999 -11.580000 6.482500 0.003000 0.003000 13.309150 80.561226 0.000000 -0.045000 0.115000 -0.118000 0.000000 0.000000
13:58:11 149.100006 -112.849998 0.000000 64.269997 303.523987 59.430000 19.874001 -11.580000 6.368500 0.003000 0.003000 13.309155 80.561226 0.000000 -0.045000 0.115000 -0.118000 0.000000 0.000000
13:58:11 149.100006 -112.849998 0.000000 64.269997 303.523987 59.430000 19.874001 -11.580000 6.368500 1471366.399000 452477.627000 13.309155 80.561226 0.000000 -0.045000 0.115000 -0.118000 0.000000 0.000000
13:58:12 149.100006 -112.849998 0.000000 64.269997 303.523987 59.430000 19.874001 -11.580000 6.368500 1471366.506000 452477.642000 13.309155 80.561226 0.000000 -0.045000 0.115000 -0.118000 0.000000 0.000000
13:58:12 149.100006 -112.849998 0.000000 64.269997 303.523987 59.430000 19.874001 -11.580000 6.368500 0.003000 0.003700 13.309155 80.561226 0.000000 -0.045000 0.115000 -0.118000 0.000000 0.000000
13:58:12 149.199997 -112.849998 0.000000 64.269997 303.420013 59.430000 19.863001 -11.580000 6.228500 0.003000 0.003700 13.309170 80.561172 0.000000 -0.045000 0.115000 -0.118000 0.000000 0.000000
13:58:12 149.199997 -112.849998 0.000000 64.269997 303.420013 59.430000 19.863001 -11.580000 6.228500 1471367.526000 452474.811000 13.309170 80.561172 0.000000 -0.045000 0.115000 -0.118000 0.000000 0.000000
13:58:13 149.199997 -112.849998 0.000000 64.269997 303.420013 59.430000 19.863001 -11.580000 6.228500 1471367.633000 452474.826000 13.309170 80.561172 0.000000 -0.045000 0.115000 -0.118000 0.000000 0.000000
13:58:13 149.199997 -112.849998 0.000000 64.269997 303.351013 59.430000 19.854000 -11.580000 5.567500 0.003000 0.003400 13.309174 80.561172 0.000000 -0.045000 0.115000 -0.118000 0.000000 0.000000
13:58:13 149.199997 -112.849998 0.000000 64.269997 303.351013 59.430000 19.854000 -11.580000 5.567500 1471368.509000 452472.010000 13.309175 80.561172 0.000000 -0.045000 0.115000 -0.118000 0.000000 0.000000
13:58:13 149.199997 -112.849998 0.000000 64.269997 303.351013 59.430000 19.854000 -11.580000 5.567500 1471368.616000 452472.025000 13.309175 80.561172 0.000000 -0.045000 0.115000 -0.118000 0.000000 0.000000
13:58:14 149.199997 -112.849998 0.000000 64.269997 303.351013 59.430000 19.854000 -11.580000 5.567500 1471368.724000 452472.039000 13.309175 80.561172 0.000000 -0.045000 0.115000 -0.118000 0.000000 0.000000
13:58:14 149.199997 -112.849998 0.000000 64.269997 303.351013 59.430000 19.854000 -11.580000 5.567500 0.003000 0.003200 13.309175 80.561172 0.000000 -0.045000 0.115000 -0.118000 0.000000 0.000000
13:58:14 149.199997 -112.849998 0.000000 64.269997 303.263000 59.430000 19.853001 -11.580000 6.015500 0.003000 0.003200 13.309184 80.561142 0.000000 -0.045000 0.115000 -0.118000 0.000000 0.000000
13:58:14 149.199997 -112.849998 0.000000 64.269997 303.263000 59.430000 19.853001 -11.580000 6.015500 1471369.687000 452469.210000 13.309184 80.561142 0.000000 -0.045000 0.115000 -0.118000 0.000000 0.000000
13:58:15 149.199997 -112.849998 0.000000 64.269997 303.263000 59.430000 19.853001 -11.580000 6.015500 1471369.794000 452469.225000 13.309184 80.561142 0.000000 -0.045000 0.115000 -0.118000 0.000000 0.000000
13:58:15 149.300003 -112.849998 0.000000 64.269997 303.213989 59.430000 19.846001 -11.580000 6.133500 0.003000 0.003900 13.309193 80.561119 0.000000 -0.045000 0.115000 -0.118000 0.000000 0.000000
13:58:15 149.300003 -112.849998 0.000000 64.269997 303.213989 59.430000 19.841999 -11.580000 6.015500 1471370.642000 452466.330000 13.309194 80.561119 0.000000 -0.045000 0.115000 -0.118000 0.000000 0.000000
13:58:15 149.300003 -112.849998 0.000000 64.269997 303.213989 59.430000 19.841999 -11.580000 6.015500 1471370.749000 452466.344000 13.309194 80.561119 0.000000 -0.045000 0.115000 -0.118000 0.000000 0.000000
13:58:16 149.300003 -112.849998 0.000000 64.269997 303.213989 59.430000 19.841999 -11.580000 6.015500 1471370.856000 452466.359000 13.309194 80.561119 0.000000 -0.045000 0.115000 -0.118000 0.000000 0.000000
13:58:16 149.300003 -112.849998 0.000000 64.269997 303.213989 59.430000 19.841999 -11.580000 6.015500 0.003000 0.003600 13.309194 80.561119 0.000000 -0.045000 0.115000 -0.118000 0.000000 0.000000
13:58:16 149.300003 -112.849998 0.000000 64.269997 303.147003 59.430000 19.825001 -11.580000 5.780500 0.003000 0.003600 13.309203 80.561096 0.000000 -0.045000 0.115000 -0.118000 0.000000 0.000000
13:58:16 149.300003 -112.849998 0.000000 64.269997 303.147003 59.430000 19.825001 -11.580000 5.780500 1471371.760000 452463.530000 13.309203 80.561096 0.000000 -0.045000 0.115000 -0.118000 0.000000 0.000000
13:58:17 149.300003 -112.849998 0.000000 64.269997 303.147003 59.430000 19.825001 -11.580000 5.780500 1471371.867000 452463.545000 13.309203 80.561096 0.000000 -0.045000 0.115000 -0.118000 0.000000 0.000000
13:58:17 149.300003 -112.849998 0.000000 64.269997 303.147003 59.430000 19.825001 -11.580000 5.780500 0.003000 0.003300 13.309203 80.561096 0.000000 -0.045000 0.115000 -0.118000 0.000000 0.000000
13:58:17 149.300003 -112.849998 0.000000 64.269997 303.084991 59.430000 19.820999 -11.580000 6.275500 0.003000 0.003300 13.309216 80.561035 0.000000 -0.045000 0.115000 -0.118000 0.000000 0.000000
13:58:17 149.300003 -112.849998 0.000000 64.269997 303.084991 59.430000 19.820999 -11.580000 6.275500 1471373.208000 452457.669000 13.309216 80.561035 0.000000 -0.045000 0.115000 -0.118000 0.000000 0.000000
13:58:18 149.300003 -112.849998 0.000000 64.269997 303.084991 59.430000 19.820999 -11.580000 6.275500 1471373.315000 452457.684000 13.309216 80.561035 0.000000 -0.045000 0.115000 -0.118000 0.000000 0.000000
13:58:18 149.300003 -112.849998 0.000000 64.269997 303.084991 59.430000 19.820999 -11.580000 6.275500 0.003000 0.003700 13.309216 80.561035 0.000000 -0.045000 0.115000 -0.118000 0.000000 0.000000
13:58:18 149.300003 -112.849998 0.000000 64.269997 303.023010 59.430000 19.820999 -11.580000 6.110500 0.003000 0.003700 13.309221 80.561043 0.000000 -0.045000 0.115000 -0.118000 0.000000 0.000000
13:58:18 149.300003 -112.849998 0.000000 64.269997 303.023010 59.430000 19.820999 -11.580000 6.110500 1471373.763000 452457.746000 13.309221 80.561043 0.000000 -0.045000 0.115000 -0.118000 0.000000 0.000000
13:58:19 149.300003 -112.849998 0.000000 64.269997 303.023010 59.430000 19.820999 -11.580000 6.110500 1471373.870000 452457.761000 13.309221 80.561043 0.000000 -0.045000 0.115000 -0.118000 0.000000 0.000000
13:58:19 149.300003 -112.849998 0.000000 64.269997 303.023010 59.430000 19.820999 -11.580000 6.110500 0.003000 0.003700 13.309221 80.561043 0.000000 -0.045000 0.115000 -0.118000 0.000000 0.000000
13:58:19 149.300003 -112.849998 0.000000 64.269997 302.962006 59.430000 19.833000 -11.580000 6.076500 0.003000 0.003700 13.309233 80.560982 0.000000 -0.045000 0.115000 -0.118000 0.000000 0.000000
13:58:19 149.300003 -112.849998 0.000000 64.269997 302.962006 59.430000 19.833000 -11.580000 6.076500 1471375.059000 452451.808000 13.309233 80.560982 0.000000 -0.045000 0.115000 -0.118000 0.000000 0.000000
13:58:20 149.300003 -112.849998 0.000000 64.269997 302.962006 59.430000 19.833000 -11.580000 6.076500 0.003000 0.003100 13.309233 80.560982 0.000000 -0.045000 0.115000 -0.118000 0.000000 0.000000
13:58:20 149.300003 -112.849998 0.000000 64.269997 302.914001 59.430000 19.840000 -11.580000 5.585500 0.003000 0.003100 13.309237 80.560982 0.000000 -0.045000 0.115000 -0.118000 0.000000 0.000000
13:58:20 149.300003 -112.849998 0.000000 64.269997 302.914001 59.430000 19.840000 -11.580000 5.585500 1471375.488000 452451.867000 13.309237 80.560982 0.000000 -0.045000 0.115000 -0.118000 0.000000 0.000000
13:58:20 149.300003 -112.849998 0.000000 64.269997 302.914001 59.430000 19.840000 -11.580000 5.585500 1471375.610000 452451.885000 13.309237 80.560982 0.000000 -0.045000 0.115000 -0.118000 0.000000 0.000000
13:58:21 149.300003 -112.849998 0.000000 64.269997 302.914001 59.430000 19.840000 -11.580000 5.585500 1471375.718000 452451.900000 13.309237 80.560982 0.000000 -0.045000 0.115000 -0.118000 0.000000 0.000000
13:58:21 149.399994 -112.849998 0.000000 64.269997 302.914001 59.430000 19.840000 -11.580000 5.585500 0.003000 0.003100 13.309237 80.560982 0.000000 -0.045000 0.115000 -0.118000 0.000000 0.000000
13:58:21 149.399994 -112.849998 0.000000 64.269997 302.838013 59.430000 19.863001 -11.580000 6.033500 0.003000 0.003100 13.309245 80.560959 0.000000 -0.045000 0.115000 -0.118000 0.000000 0.000000
13:58:21 149.399994 -112.849998 0.000000 64.269997 302.838013 59.430000 19.863001 -11.580000 6.033500 1471376.768000 452446.269000 13.309245 80.560959 0.000000 -0.045000 0.115000 -0.118000 0.000000 0.000000
13:58:22 149.300003 -112.849998 0.000000 64.269997 302.838013 59.430000 19.863001 -11.580000 6.033500 0.003000 0.003600 13.309245 80.560959 0.000000 -0.045000 0.115000 -0.118000 0.000000 0.000000
13:58:22 149.300003 -112.849998 0.000000 64.269997 302.789001 59.430000 19.875000 -11.580000 6.005500 0.003000 0.003600 13.309252 80.560936 0.000000 -0.045000 0.115000 -0.118000 0.000000 0.000000
13:58:22 149.300003 -112.849998 0.000000 64.269997 302.789001 59.430000 19.875000 -11.580000 6.005500 1471377.198000 452446.328000 13.309253 80.560936 0.000000 -0.045000 0.115000 -0.118000 0.000000 0.000000
13:58:22 149.300003 -112.849998 0.000000 64.269997 302.789001 59.430000 19.875000 -11.580000 6.005500 1471377.320000 452446.346000 13.309253 80.560936 0.000000 -0.045000 0.115000 -0.118000 0.000000 0.000000
13:58:23 149.300003 -112.849998 0.000000 64.269997 302.789001 59.430000 19.875000 -11.580000 6.005500 0.003000 0.003600 13.309253 80.560936 0.000000 -0.045000 0.115000 -0.118000 0.000000 0.000000
13:58:23 149.300003 -112.849998 0.000000 64.269997 302.789001 59.430000 19.875000 -11.580000 6.005500 0.003000 0.003600 13.309253 80.560936 0.000000 -0.045000 0.115000 -0.118000 0.000000 0.000000
13:58:23 149.300003 -112.849998 0.000000 64.269997 302.718994 59.430000 19.886999 -11.580000 5.672500 0.003000 0.003600 13.309260 80.560905 0.000000 -0.045000 0.115000 -0.118000 0.000000 0.000000
13:58:23 149.399994 -112.849998 0.000000 64.269997 302.718994 59.430000 19.886999 -11.580000 5.672500 1471378.388000 452440.317000 13.309260 80.560905 0.000000 -0.045000 0.115000 -0.118000 0.000000 0.000000
13:58:24 149.399994 -112.849998 0.000000 64.269997 302.718994 59.430000 19.886999 -11.580000 5.672500 0.003000 0.003000 13.309260 80.560905 0.000000 -0.045000 0.115000 -0.118000 0.000000 0.000000
13:58:24 149.399994 -112.849998 0.000000 64.269997 302.667999 59.430000 19.906000 -11.580000 6.174500 0.003000 0.003000 13.309267 80.560883 0.000000 -0.045000 0.115000 -0.118000 0.000000 0.000000
13:58:24 149.399994 -112.849998 0.000000 64.269997 302.667999 59.430000 19.906000 -11.580000 6.174500 1471378.817000 452440.376000 13.309270 80.560852 0.000000 -0.045000 0.115000 -0.118000 0.000000 0.000000
13:58:24 149.399994 -112.849998 0.000000 64.269997 302.667999 59.430000 19.906000 -11.580000 6.174500 1471379.192000 452437.451000 13.309270 80.560852 0.000000 -0.045000 0.115000 -0.118000 0.000000 0.000000
13:58:25 149.399994 -112.849998 0.000000 64.269997 302.667999 59.430000 19.906000 -11.580000 6.174500 1471379.300000 452437.465000 13.309270 80.560852 0.000000 -0.045000 0.115000 -0.118000 0.000000 0.000000
13:58:25 149.399994 -112.849998 0.000000 64.269997 302.604004 59.430000 19.919001 -11.580000 5.598500 0.003000 0.003700 13.309274 80.560852 0.000000 -0.045000 0.115000 -0.118000 0.000000 0.000000
13:58:25 149.399994 -112.849998 0.000000 64.269997 302.604004 59.430000 19.919001 -11.580000 5.598500 1471379.622000 452437.509000 13.309275 80.560852 0.000000 -0.045000 0.115000 -0.118000 0.000000 0.000000
13:58:25 149.399994 -112.849998 0.000000 64.269997 302.604004 59.430000 19.919001 -11.580000 5.598500 1471379.943000 452434.700000 13.309275 80.560852 0.000000 -0.045000 0.115000 -0.118000 0.000000 0.000000
13:58:26 149.399994 -112.849998 0.000000 64.269997 302.604004 59.430000 19.919001 -11.580000 5.598500 1471380.050000 452434.715000 13.309275 80.560852 0.000000 -0.045000 0.115000 -0.118000 0.000000 0.000000
13:58:26 149.399994 -112.849998 0.000000 64.269997 302.604004 59.430000 19.919001 -11.580000 5.598500 0.003000 0.003400 13.309275 80.560852 0.000000 -0.045000 0.115000 -0.118000 0.000000 0.000000
13:58:26 149.399994 -112.849998 0.000000 64.269997 302.516998 59.430000 19.947001 -11.580000 5.705500 0.003000 0.003400 13.309283 80.560799 0.000000 -0.045000 0.115000 -0.118000 0.000000 0.000000
13:58:26 149.399994 -112.849998 0.000000 64.269997 302.516998 59.430000 19.947001 -11.580000 5.705500 1471380.480000 452434.774000 13.309283 80.560799 0.000000 -0.045000 0.115000 -0.118000 0.000000 0.000000
13:58:27 149.399994 -112.849998 0.000000 64.269997 302.516998 59.430000 19.947001 -11.580000 5.705500 0.003000 0.003400 13.309283 80.560799 0.000000 -0.045000 0.115000 -0.118000 0.000000 0.000000
13:58:27 149.500000 -112.849998 0.000000 64.269997 302.446991 59.430000 19.976999 -11.580000 6.189500 0.003000 0.003400 13.309287 80.560799 0.000000 -0.045000 0.115000 -0.118000 0.000000 0.000000
13:58:27 149.500000 -112.849998 0.000000 64.269997 302.446991 59.430000 19.976999 -11.580000 6.189500 1471381.132000 452431.815000 13.309288 80.560799 0.000000 -0.045000 0.115000 -0.118000 0.000000 0.000000
13:58:27 149.500000 -112.849998 0.000000 64.269997 302.446991 59.430000 19.976999 -11.580000 6.189500 1471381.240000 452431.830000 13.309288 80.560799 0.000000 -0.045000 0.115000 -0.118000 0.000000 0.000000
13:58:28 149.500000 -112.849998 0.000000 64.269997 302.446991 59.430000 19.976999 -11.580000 6.189500 1471381.551000 452428.853000 13.309288 80.560799 0.000000 -0.045000 0.115000 -0.118000 0.000000 0.000000
13:58:28 149.500000 -112.849998 0.000000 64.269997 302.446991 59.430000 19.976999 -11.580000 6.189500 0.003000 0.003800 13.309288 80.560799 0.000000 -0.045000 0.115000 -0.118000 0.000000 0.000000
13:58:28 149.500000 -112.849998 0.000000 64.269997 302.325989 59.430000 20.018999 -11.580000 5.748500 0.003000 0.003800 13.309297 80.560745 0.000000 -0.045000 0.115000 -0.118000 0.000000 0.000000
13:58:28 149.500000 -112.849998 0.000000 64.269997 302.325989 59.430000 20.018999 -11.580000 5.748500 1471381.980000 452428.912000 13.309297 80.560745 0.000000 -0.045000 0.115000 -0.118000 0.000000 0.000000
13:58:29 149.500000 -112.849998 0.000000 64.269997 302.325989 59.430000 20.018999 -11.580000 5.748500 0.003000 0.003800 13.309297 80.560745 0.000000 -0.045000 0.115000 -0.118000 0.000000 0.000000
13:58:29 149.500000 -112.849998 0.000000 64.269997 302.229004 59.430000 20.061001 -11.580000 6.035500 1471382.380000 452426.027000 13.309300 80.560745 0.000000 -0.045000 0.115000 -0.118000 0.000000 0.000000
13:58:29 149.500000 -112.849998 0.000000 64.269997 302.229004 59.430000 20.075001 -11.580000 6.268500 1471382.595000 452426.056000 13.309301 80.560745 0.000000 -0.045000 0.115000 -0.118000 0.000000 0.000000
13:58:29 149.600006 -112.849998 0.000000 64.269997 302.229004 59.430000 20.075001 -11.580000 6.268500 1471382.703000 452426.071000 13.309301 80.560745 0.000000 -0.045000 0.115000 -0.118000 0.000000 0.000000
13:58:30 149.600006 -112.849998 0.000000 64.269997 302.229004 59.430000 20.075001 -11.580000 6.268500 1471382.992000 452422.952000 13.309301 80.560745 0.000000 -0.045000 0.115000 -0.118000 0.000000 0.000000
13:58:30 149.600006 -112.849998 0.000000 64.269997 302.096008 59.430000 20.131001 -11.580000 6.644500 0.003000 0.003200 13.309307 80.560722 0.000000 -0.045000 0.115000 -0.118000 0.000000 0.000000
13:58:30 149.600006 -112.849998 0.000000 64.269997 302.096008 59.430000 20.131001 -11.580000 6.644500 1471383.314000 452422.996000 13.309308 80.560722 0.000000 -0.045000 0.115000 -0.118000 0.000000 0.000000
13:58:30 149.600006 -112.849998 0.000000 64.269997 302.096008 59.430000 20.131001 -11.580000 6.644500 1471383.422000 452423.011000 13.309308 80.560722 0.000000 -0.045000 0.115000 -0.118000 0.000000 0.000000
13:58:31 149.600006 -112.849998 0.000000 64.269997 302.096008 59.430000 20.131001 -11.580000 6.644500 1471383.690000 452420.137000 13.309308 80.560722 0.000000 -0.045000 0.115000 -0.118000 0.000000 0.000000
13:58:31 149.600006 -112.849998 0.000000 64.269997 301.963013 59.430000 20.184000 -11.580000 5.537500 0.003000 0.003000 13.309313 80.560692 0.000000 -0.045000 0.115000 -0.118000 0.000000 0.000000
13:58:31 149.600006 -112.849998 0.000000 64.269997 301.963013 59.430000 20.184000 -11.580000 5.537500 1471384.012000 452420.181000 13.309314 80.560692 0.000000 -0.045000 0.115000 -0.118000 0.000000 0.000000
13:58:31 149.600006 -112.849998 0.000000 64.269997 301.963013 59.430000 20.184000 -11.580000 5.537500 1471384.120000 452420.196000 13.309314 80.560692 0.000000 -0.045000 0.115000 -0.118000 0.000000 0.000000
13:58:32 149.600006 -112.849998 0.000000 64.269997 301.963013 59.430000 20.184000 -11.580000 5.537500 1471384.324000 452417.322000 13.309314 80.560692 0.000000 -0.045000 0.115000 -0.118000 0.000000 0.000000
13:58:32 149.600006 -112.849998 0.000000 64.269997 301.819000 59.430000 20.246000 -11.580000 6.034500 0.003000 0.003700 13.309319 80.560669 0.000000 -0.045000 0.115000 -0.118000 0.000000 0.000000
13:58:32 149.600006 -112.849998 0.000000 64.269997 301.819000 59.430000 20.246000 -11.580000 6.034500 1471384.646000 452417.366000 13.309319 80.560669 0.000000 -0.045000 0.115000 -0.118000 0.000000 0.000000
13:58:32 149.600006 -112.849998 0.000000 64.269997 301.819000 59.430000 20.246000 -11.580000 6.034500 1471384.754000 452417.381000 13.309319 80.560669 0.000000 -0.045000 0.115000 -0.118000 0.000000 0.000000
13:58:33 149.600006 -112.849998 0.000000 64.269997 301.819000 59.430000 20.246000 -11.580000 6.034500 0.003000 0.003700 13.309319 80.560669 0.000000 -0.045000 0.115000 -0.118000 0.000000 0.000000
13:58:33 149.600006 -112.849998 0.000000 64.269997 301.669006 59.430000 20.291000 -11.580000 6.330500 0.003000 0.003700 13.309324 80.560638 0.000000 -0.045000 0.115000 -0.118000 0.000000 0.000000
13:58:33 149.600006 -112.849998 0.000000 64.269997 301.669006 59.430000 20.291000 -11.580000 6.330500 1471385.271000 452414.448000 13.309326 80.560616 0.000000 -0.045000 0.115000 -0.118000 0.000000 0.000000
13:58:33 149.600006 -112.849998 0.000000 64.269997 301.669006 59.430000 20.291000 -11.580000 6.330500 1471385.369000 452414.463000 13.309326 80.560616 0.000000 -0.045000 0.115000 -0.118000 0.000000 0.000000
13:58:34 149.600006 -112.849998 0.000000 64.269997 301.669006 59.430000 20.291000 -11.580000 6.330500 0.003000 0.003400 13.309326 80.560616 0.000000 -0.045000 0.115000 -0.118000 0.000000 0.000000
13:58:34 149.699997 -112.849998 0.000000 64.269997 301.519012 59.430000 20.306000 -11.580000 5.629500 0.003000 0.003400 13.309330 80.560616 0.000000 -0.045000 0.115000 -0.118000 0.000000 0.000000
13:58:34 149.699997 -112.849998 0.000000 64.269997 301.519012 59.430000 20.306000 -11.580000 5.629500 1471385.883000 452411.581000 13.309331 80.560616 0.000000 -0.045000 0.115000 -0.118000 0.000000 0.000000
13:58:34 149.699997 -112.849998 0.000000 64.269997 301.519012 59.430000 20.306000 -11.580000 5.629500 1471385.990000 452411.596000 13.309331 80.560616 0.000000 -0.045000 0.115000 -0.118000 0.000000 0.000000
13:58:35 149.600006 -112.849998 0.000000 64.269997 301.519012 59.430000 20.306000 -11.580000 5.629500 1471386.172000 452408.696000 13.309331 80.560616 0.000000 -0.045000 0.115000 -0.118000 0.000000 0.000000
13:58:35 149.600006 -112.849998 0.000000 64.269997 301.365997 59.430000 20.330999 -11.580000 6.689500 1471386.387000 452408.726000 13.309336 80.560585 0.000000 -0.045000 0.115000 -0.118000 0.000000 0.000000
13:58:35 149.600006 -112.849998 0.000000 64.269997 301.365997 59.430000 20.330999 -11.580000 6.689500 1471386.495000 452408.740000 13.309338 80.560562 0.000000 -0.045000 0.115000 -0.118000 0.000000 0.000000
13:58:35 149.600006 -112.849998 0.000000 64.269997 301.365997 59.430000 20.330999 -11.580000 6.689500 1471386.602000 452408.755000 13.309338 80.560562 0.000000 -0.045000 0.115000 -0.118000 0.000000 0.000000
13:58:36 149.699997 -112.849998 0.000000 64.269997 301.365997 59.430000 20.330999 -11.580000 6.689500 0.003000 0.003800 13.309338 80.560562 0.000000 -0.045000 0.115000 -0.118000 0.000000 0.000000
13:58:36 149.699997 -112.849998 0.000000 64.269997 301.225006 59.430000 20.323999 -11.580000 6.208500 0.003000 0.003800 13.309341 80.560562 0.000000 -0.045000 0.115000 -0.118000 0.000000 0.000000
13:58:36 149.699997 -112.849998 0.000000 64.269997 301.225006 59.430000 20.323999 -11.580000 6.208500 1471387.127000 452405.912000 13.309342 80.560562 0.000000 -0.045000 0.115000 -0.118000 0.000000 0.000000
13:58:36 149.699997 -112.849998 0.000000 64.269997 301.225006 59.430000 20.323999 -11.580000 6.208500 1471387.234000 452405.927000 13.309342 80.560562 0.000000 -0.045000 0.115000 -0.118000 0.000000 0.000000
13:58:37 149.699997 -112.849998 0.000000 64.269997 301.225006 59.430000 20.323999 -11.580000 6.208500 1471387.342000 452405.942000 13.309342 80.560562 0.000000 -0.045000 0.115000 -0.118000 0.000000 0.000000
13:58:37 149.699997 -112.849998 0.000000 64.269997 301.225006 59.430000 20.323999 -11.580000 6.208500 0.003000 0.003500 13.309342 80.560562 0.000000 -0.045000 0.115000 -0.118000 0.000000 0.000000
13:58:37 149.600006 -112.849998 0.000000 64.269997 301.066986 59.430000 20.295000 -11.580000 6.041500 0.003000 0.003500 13.309347 80.560539 0.000000 -0.045000 0.115000 -0.118000 0.000000 0.000000
13:58:37 149.600006 -112.849998 0.000000 64.269997 301.066986 59.430000 20.295000 -11.580000 6.041500 1471387.826000 452403.267000 13.309347 80.560539 0.000000 -0.045000 0.115000 -0.118000 0.000000 0.000000
13:58:38 149.600006 -112.849998 0.000000 64.269997 301.066986 59.430000 20.295000 -11.580000 6.041500 0.003000 0.003300 13.309347 80.560539 0.000000 -0.045000 0.115000 -0.118000 0.000000 0.000000
13:58:38 149.600006 -112.849998 0.000000 64.269997 300.968994 59.430000 20.263000 -11.580000 6.137500 0.003000 0.003300 13.309352 80.560509 0.000000 -0.045000 0.115000 -0.118000 0.000000 0.000000
13:58:38 149.600006 -112.849998 0.000000 64.269997 300.968994 59.430000 20.263000 -11.580000 6.137500 1471388.305000 452400.411000 13.309353 80.560509 0.000000 -0.045000 0.115000 -0.118000 0.000000 0.000000
13:58:38 149.600006 -112.849998 0.000000 64.269997 300.968994 59.430000 20.263000 -11.580000 6.137500 1471388.413000 452400.426000 13.309353 80.560509 0.000000 -0.045000 0.115000 -0.118000 0.000000 0.000000
13:58:39 149.600006 -112.849998 0.000000 64.269997 300.968994 59.430000 20.263000 -11.580000 6.137500 1471388.520000 452400.441000 13.309353 80.560509 0.000000 -0.045000 0.115000 -0.118000 0.000000 0.000000
13:58:39 149.600006 -112.849998 0.000000 64.269997 300.859009 59.430000 20.204000 -11.580000 6.079500 0.003000 0.003000 13.309357 80.560486 0.000000 -0.045000 0.115000 -0.118000 0.000000 0.000000
13:58:39 149.600006 -112.849998 0.000000 64.269997 300.859009 59.430000 20.204000 -11.580000 6.079500 1471388.864000 452397.687000 13.309358 80.560486 0.000000 -0.045000 0.115000 -0.118000 0.000000 0.000000
13:58:39 149.600006 -112.849998 0.000000 64.269997 300.859009 59.430000 20.204000 -11.580000 6.079500 1471388.972000 452397.701000 13.309358 80.560486 0.000000 -0.045000 0.115000 -0.118000 0.000000 0.000000
13:58:40 149.600006 -112.849998 0.000000 64.269997 300.859009 59.430000 20.204000 -11.580000 6.079500 1471389.079000 452397.716000 13.309358 80.560486 0.000000 -0.045000 0.115000 -0.118000 0.000000 0.000000
13:58:40 149.600006 -112.849998 0.000000 64.269997 300.756989 59.430000 20.139000 -11.580000 6.130500 0.003000 0.003700 13.309361 80.560463 0.000000 -0.045000 0.115000 -0.118000 0.000000 0.000000
13:58:40 149.600006 -112.849998 0.000000 64.269997 300.756989 59.430000 20.139000 -11.580000 6.130500 1471389.407000 452395.026000 13.309362 80.560463 0.000000 -0.045000 0.115000 -0.118000 0.000000 0.000000
13:58:40 149.600006 -112.849998 0.000000 64.269997 300.756989 59.430000 20.139000 -11.580000 6.130500 1471389.514000 452395.041000 13.309362 80.560463 0.000000 -0.045000 0.115000 -0.118000 0.000000 0.000000
13:58:41 149.600006 -112.849998 0.000000 64.269997 300.756989 59.430000 20.139000 -11.580000 6.130500 0.003000 0.003500 13.309362 80.560463 0.000000 -0.045000 0.115000 -0.118000 0.000000 0.000000
13:58:41 149.600006 -112.849998 0.000000 64.269997 300.666992 59.430000 20.066000 -11.580000 5.918500 0.003000 0.003500 13.309366 80.560432 0.000000 -0.045000 0.115000 -0.118000 0.000000 0.000000
13:58:41 149.600006 -112.849998 0.000000 64.269997 300.666992 59.430000 20.066000 -11.580000 5.918500 1471389.952000 452392.392000 13.309367 80.560432 0.000000 -0.045000 0.115000 -0.118000 0.000000 0.000000
13:58:41 149.600006 -112.849998 0.000000 64.269997 300.666992 59.430000 20.066000 -11.580000 5.918500 1471390.059000 452392.407000 13.309367 80.560432 0.000000 -0.045000 0.115000 -0.118000 0.000000 0.000000
13:58:42 149.699997 -112.849998 0.000000 64.269997 300.666992 59.430000 20.066000 -11.580000 5.918500 1471390.166000 452392.421000 13.309367 80.560432 0.000000 -0.045000 0.115000 -0.118000 0.000000 0.000000
13:58:42 149.699997 -112.849998 0.000000 64.269997 300.666992 59.430000 20.066000 -11.580000 5.918500 0.003000 0.003200 13.309367 80.560432 0.000000 -0.045000 0.115000 -0.118000 0.000000 0.000000
13:58:42 149.699997 -112.849998 0.000000 64.269997 300.567993 59.430000 19.987000 -11.580000 6.398500 0.003000 0.003200 13.309371 80.560387 0.000000 -0.045000 0.115000 -0.118000 0.000000 0.000000
13:58:42 149.600006 -112.849998 0.000000 64.269997 300.567993 59.430000 19.987000 -11.580000 6.398500 1471390.525000 452389.849000 13.309371 80.560387 0.000000 -0.045000 0.115000 -0.118000 0.000000 0.000000
13:58:43 149.600006 -112.849998 0.000000 64.269997 300.567993 59.430000 19.987000 -11.580000 6.398500 0.003000 0.003900 13.309371 80.560387 0.000000 -0.045000 0.115000 -0.118000 0.000000 0.000000
13:58:43 149.600006 -112.849998 0.000000 64.269997 300.507996 59.430000 19.940001 -11.580000 6.413500 0.003000 0.003900 13.309376 80.560387 0.000000 -0.045000 0.115000 -0.118000 0.000000 0.000000
13:58:43 149.600006 -112.849998 0.000000 64.269997 300.507996 59.430000 19.940001 -11.580000 6.413500 1471390.943000 452387.097000 13.309377 80.560387 0.000000 -0.045000 0.115000 -0.118000 0.000000 0.000000
13:58:43 149.600006 -112.849998 0.000000 64.269997 300.507996 59.430000 19.940001 -11.580000 6.413500 1471391.050000 452387.112000 13.309377 80.560387 0.000000 -0.045000 0.115000 -0.118000 0.000000 0.000000
13:58:44 149.600006 -112.849998 0.000000 64.269997 300.507996 59.430000 19.940001 -11.580000 6.413500 1471391.158000 452387.126000 13.309377 80.560387 0.000000 -0.045000 0.115000 -0.118000 0.000000 0.000000
13:58:44 149.600006 -112.849998 0.000000 64.269997 300.507996 59.430000 19.940001 -11.580000 6.413500 0.003000 0.003700 13.309377 80.560387 0.000000 -0.045000 0.115000 -0.118000 0.000000 0.000000
13:58:44 149.600006 -112.849998 0.000000 64.269997 300.429993 59.430000 19.879999 -11.580000 5.867500 0.003000 0.003700 13.309381 80.560341 0.000000 -0.045000 0.115000 -0.118000 0.000000 0.000000
13:58:44 149.600006 -112.849998 0.000000 64.269997 300.429993 59.430000 19.879999 -11.580000 5.867500 1471391.558000 452384.632000 13.309381 80.560341 0.000000 -0.045000 0.115000 -0.118000 0.000000 0.000000
13:58:45 149.600006 -112.849998 0.000000 64.269997 300.429993 59.430000 19.879999 -11.580000 5.867500 1471391.665000 452384.647000 13.309381 80.560341 0.000000 -0.045000 0.115000 -0.118000 0.000000 0.000000
13:58:45 149.600006 -112.849998 0.000000 64.269997 300.381989 59.430000 19.868000 -11.580000 6.643500 0.003000 0.003400 13.309384 80.560341 0.000000 -0.045000 0.115000 -0.118000 0.000000 0.000000
13:58:45 149.600006 -112.849998 0.000000 64.269997 300.381989 59.430000 19.865999 -11.580000 6.702500 1471391.973000 452381.931000 13.309385 80.560341 0.000000 -0.045000 0.115000 -0.118000 0.000000 0.000000
13:58:45 149.600006 -112.849998 0.000000 64.269997 300.381989 59.430000 19.865999 -11.580000 6.702500 1471392.081000 452381.946000 13.309385 80.560341 0.000000 -0.045000 0.115000 -0.118000 0.000000 0.000000
13:58:46 149.600006 -112.849998 0.000000 64.269997 300.381989 59.430000 19.865999 -11.580000 6.702500 1471392.188000 452381.961000 13.309385 80.560341 0.000000 -0.045000 0.115000 -0.118000 0.000000 0.000000
13:58:46 149.600006 -112.849998 0.000000 64.269997 300.338989 59.430000 19.851999 -11.580000 6.106500 0.003000 0.003100 13.309389 80.560318 0.000000 -0.045000 0.115000 -0.118000 0.000000 0.000000
13:58:46 149.600006 -112.849998 0.000000 64.269997 300.338989 59.430000 19.848000 -11.580000 5.871500 1471392.456000 452379.349000 13.309390 80.560318 0.000000 -0.045000 0.115000 -0.118000 0.000000 0.000000
13:58:46 149.600006 -112.849998 0.000000 64.269997 300.338989 59.430000 19.848000 -11.580000 5.871500 1471392.563000 452379.363000 13.309390 80.560318 0.000000 -0.045000 0.115000 -0.118000 0.000000 0.000000
13:58:47 149.600006 -112.849998 0.000000 64.269997 300.338989 59.430000 19.848000 -11.580000 5.871500 0.003000 0.003900 13.309390 80.560318 0.000000 -0.045000 0.115000 -0.118000 0.000000 0.000000
13:58:47 149.600006 -112.849998 0.000000 64.269997 300.315002 59.430000 19.851000 -11.580000 5.788500 0.003000 0.003900 13.309393 80.560295 0.000000 -0.045000 0.115000 -0.118000 0.000000 0.000000
13:58:47 149.600006 -112.849998 0.000000 64.269997 300.309998 59.430000 19.857000 -11.580000 5.964500 1471392.915000 452377.024000 13.309394 80.560295 0.000000 -0.045000 0.115000 -0.118000 0.000000 0.000000
13:58:47 149.600006 -112.849998 0.000000 64.269997 300.309998 59.430000 19.857000 -11.580000 5.964500 1471393.022000 452377.039000 13.309394 80.560295 0.000000 -0.045000 0.115000 -0.118000 0.000000 0.000000
13:58:48 149.600006 -112.849998 0.000000 64.269997 300.309998 59.430000 19.857000 -11.580000 5.964500 0.003000 0.003700 13.309394 80.560295 0.000000 -0.045000 0.115000 -0.118000 0.000000 0.000000
13:58:48 149.600006 -112.849998 0.000000 64.269997 300.299011 59.430000 19.881001 -11.580000 6.465500 1471393.296000 452374.491000 13.309398 80.560272 0.000000 -0.045000 0.115000 -0.118000 0.000000 0.000000
13:58:48 149.600006 -112.849998 0.000000 64.269997 300.299011 59.430000 19.881001 -11.580000 6.465500 1471393.403000 452374.506000 13.309399 80.560272 0.000000 -0.045000 0.115000 -0.118000 0.000000 0.000000
13:58:48 149.500000 -112.849998 0.000000 64.269997 300.299011 59.430000 19.881001 -11.580000 6.465500 1471393.511000 452374.520000 13.309399 80.560272 0.000000 -0.045000 0.115000 -0.118000 0.000000 0.000000
13:58:49 149.500000 -112.849998 0.000000 64.269997 300.299011 59.430000 19.881001 -11.580000 6.465500 1471393.618000 452374.535000 13.309399 80.560272 0.000000 -0.045000 0.115000 -0.118000 0.000000 0.000000
13:58:49 149.500000 -112.849998 0.000000 64.269997 300.302002 59.430000 19.905001 -11.580000 5.681500 0.003000 0.003400 13.309402 80.560249 0.000000 -0.045000 0.115000 -0.118000 0.000000 0.000000
13:58:49 149.500000 -112.849998 0.000000 64.269997 300.302002 59.430000 19.905001 -11.580000 5.681500 1471393.883000 452372.026000 13.309402 80.560226 0.000000 -0.045000 0.115000 -0.118000 0.000000 0.000000
13:58:49 149.500000 -112.849998 0.000000 64.269997 300.302002 59.430000 19.905001 -11.580000 5.681500 1471393.990000 452372.041000 13.309402 80.560226 0.000000 -0.045000 0.115000 -0.118000 0.000000 0.000000
13:58:50 149.500000 -112.849998 0.000000 64.269997 300.302002 59.430000 19.905001 -11.580000 5.681500 1471394.098000 452372.055000 13.309402 80.560226 0.000000 -0.045000 0.115000 -0.118000 0.000000 0.000000
13:58:50 149.500000 -112.849998 0.000000 64.269997 300.311005 59.430000 19.961000 -11.580000 6.049500 0.003000 0.003200 13.309406 80.560226 0.000000 -0.045000 0.115000 -0.118000 0.000000 0.000000
13:58:50 149.500000 -112.849998 0.000000 64.269997 300.311005 59.430000 19.961000 -11.580000 6.049500 1471394.349000 452369.714000 13.309407 80.560226 0.000000 -0.045000 0.115000 -0.118000 0.000000 0.000000
13:58:50 149.500000 -112.849998 0.000000 64.269997 300.311005 59.430000 19.961000 -11.580000 6.049500 1471394.456000 452369.729000 13.309407 80.560226 0.000000 -0.045000 0.115000 -0.118000 0.000000 0.000000
13:58:51 149.500000 -112.849998 0.000000 64.269997 300.311005 59.430000 19.961000 -11.580000 6.049500 1471394.563000 452369.744000 13.309407 80.560226 0.000000 -0.045000 0.115000 -0.118000 0.000000 0.000000
13:58:51 149.500000 -112.849998 0.000000 64.269997 300.311005 59.430000 19.961000 -11.580000 6.049500 0.003000 0.003900 13.309407 80.560226 0.000000 -0.045000 0.115000 -0.118000 0.000000 0.000000
13:58:51 149.500000 -112.849998 0.000000 64.269997 300.329987 59.430000 20.042000 -11.580000 6.060500 0.003000 0.003900 13.309410 80.560181 0.000000 -0.045000 0.115000 -0.118000 0.000000 0.000000
13:58:51 149.500000 -112.849998 0.000000 64.269997 300.329987 59.430000 20.042000 -11.580000 6.060500 1471394.905000 452367.236000 13.309410 80.560181 0.000000 -0.045000 0.115000 -0.118000 0.000000 0.000000
13:58:52 149.500000 -112.849998 0.000000 64.269997 300.329987 59.430000 20.042000 -11.580000 6.060500 0.003000 0.003700 13.309410 80.560181 0.000000 -0.045000 0.115000 -0.118000 0.000000 0.000000
13:58:52 149.500000 -112.849998 0.000000 64.269997 300.342010 59.430000 20.099001 -11.580000 5.802500 0.003000 0.003700 13.309414 80.560181 0.000000 -0.045000 0.115000 -0.118000 0.000000 0.000000
13:58:52 149.500000 -112.849998 0.000000 64.269997 300.342010 59.430000 20.114000 -11.580000 5.756500 1471395.267000 452365.028000 13.309415 80.560181 0.000000 -0.045000 0.115000 -0.118000 0.000000 0.000000
13:58:52 149.500000 -112.849998 0.000000 64.269997 300.342010 59.430000 20.114000 -11.580000 5.756500 1471395.375000 452365.045000 13.309415 80.560181 0.000000 -0.045000 0.115000 -0.118000 0.000000 0.000000
13:58:53 149.500000 -112.849998 0.000000 64.269997 300.342010 59.430000 20.114000 -11.580000 5.756500 1471395.482000 452365.062000 13.309415 80.560181 0.000000 -0.045000 0.115000 -0.118000 0.000000 0.000000
13:58:53 149.500000 -112.849998 0.000000 64.269997 300.342010 59.430000 20.114000 -11.580000 5.756500 0.003000 0.003500 13.309415 80.560181 0.000000 -0.045000 0.115000 -0.118000 0.000000 0.000000
13:58:53 149.500000 -112.849998 0.000000 64.269997 300.355988 59.430000 20.187000 -11.580000 6.025500 0.003000 0.003500 13.309418 80.560135 0.000000 -0.045000 0.115000 -0.118000 0.000000 0.000000
13:58:53 149.500000 -112.849998 0.000000 64.269997 300.355988 59.430000 20.187000 -11.580000 6.025500 1471395.805000 452362.670000 13.309418 80.560135 0.000000 -0.045000 0.115000 -0.118000 0.000000 0.000000
13:58:54 149.399994 -112.849998 0.000000 64.269997 300.355988 59.430000 20.187000 -11.580000 6.025500 0.003000 0.003200 13.309418 80.560135 0.000000 -0.045000 0.115000 -0.118000 0.000000 0.000000
13:58:54 149.399994 -112.849998 0.000000 64.269997 300.364014 59.430000 20.240999 -11.580000 6.314500 0.003000 0.003200 13.309422 80.560135 0.000000 -0.045000 0.115000 -0.118000 0.000000 0.000000
13:58:54 149.399994 -112.849998 0.000000 64.269997 300.364014 59.430000 20.240999 -11.580000 6.314500 1471396.154000 452360.018000 13.309423 80.560135 0.000000 -0.045000 0.115000 -0.118000 0.000000 0.000000
13:58:54 149.399994 -112.849998 0.000000 64.269997 300.364014 59.430000 20.240999 -11.580000 6.314500 1471396.262000 452360.035000 13.309423 80.560135 0.000000 -0.045000 0.115000 -0.118000 0.000000 0.000000
13:58:55 149.399994 -112.849998 0.000000 64.269997 300.364014 59.430000 20.240999 -11.580000 6.314500 1471396.369000 452360.052000 13.309423 80.560135 0.000000 -0.045000 0.115000 -0.118000 0.000000 0.000000
13:58:55 149.399994 -112.849998 0.000000 64.269997 300.373993 59.430000 20.285999 -11.580000 5.952500 0.003000 0.003000 13.309426 80.560112 0.000000 -0.045000 0.115000 -0.118000 0.000000 0.000000
13:58:55 149.399994 -112.849998 0.000000 64.269997 300.373993 59.430000 20.285999 -11.580000 5.952500 1471396.614000 452357.487000 13.309427 80.560112 0.000000 -0.045000 0.115000 -0.118000 0.000000 0.000000
13:58:55 149.399994 -112.849998 0.000000 64.269997 300.373993 59.430000 20.285999 -11.580000 5.952500 1471396.722000 452357.504000 13.309427 80.560112 0.000000 -0.045000 0.115000 -0.118000 0.000000 0.000000
13:58:56 149.399994 -112.849998 0.000000 64.269997 300.373993 59.430000 20.285999 -11.580000 5.952500 1471396.829000 452357.521000 13.309427 80.560112 0.000000 -0.045000 0.115000 -0.118000 0.000000 0.000000
13:58:56 149.399994 -112.849998 0.000000 64.269997 300.378998 59.430000 20.315001 -11.580000 6.133500 0.003000 0.003700 13.309430 80.560089 0.000000 -0.045000 0.115000 -0.118000 0.000000 0.000000
13:58:56 149.399994 -112.849998 0.000000 64.269997 300.378998 59.430000 20.315001 -11.580000 6.133500 1471397.027000 452355.265000 13.309431 80.560097 0.000000 -0.045000 0.115000 -0.118000 0.000000 0.000000
13:58:56 149.399994 -112.849998 0.000000 64.269997 300.378998 59.430000 20.315001 -11.580000 6.133500 1471397.134000 452355.282000 13.309431 80.560097 0.000000 -0.045000 0.115000 -0.118000 0.000000 0.000000
13:58:57 149.399994 -112.849998 0.000000 64.269997 300.378998 59.430000 20.315001 -11.580000 6.133500 0.003000 0.003500 13.309431 80.560097 0.000000 -0.045000 0.115000 -0.118000 0.000000 0.000000
13:58:57 149.399994 -112.849998 0.000000 64.269997 300.384003 59.430000 20.315001 -11.580000 6.139500 0.003000 0.003500 13.309433 80.560066 0.000000 -0.045000 0.115000 -0.118000 0.000000 0.000000
13:58:57 149.399994 -112.849998 0.000000 64.269997 300.384003 59.430000 20.315001 -11.580000 6.139500 1471397.404000 452352.746000 13.309434 80.560066 0.000000 -0.045000 0.115000 -0.118000 0.000000 0.000000
13:58:57 149.399994 -112.849998 0.000000 64.269997 300.384003 59.430000 20.315001 -11.580000 6.139500 1471397.511000 452352.763000 13.309434 80.560066 0.000000 -0.045000 0.115000 -0.118000 0.000000 0.000000
13:58:58 149.399994 -112.849998 0.000000 64.269997 300.384003 59.430000 20.315001 -11.580000 6.139500 1471397.619000 452352.780000 13.309434 80.560066 0.000000 -0.045000 0.115000 -0.118000 0.000000 0.000000
13:58:58 149.399994 -112.849998 0.000000 64.269997 300.391998 59.430000 20.289000 -11.580000 6.047500 0.003000 0.003200 13.309437 80.560051 0.000000 -0.045000 0.115000 -0.118000 0.000000 0.000000
13:58:58 149.399994 -112.849998 0.000000 64.269997 300.391998 59.430000 20.289000 -11.580000 6.047500 1471397.778000 452350.357000 13.309436 80.560028 0.000000 -0.045000 0.115000 -0.118000 0.000000 0.000000
13:58:58 149.399994 -112.849998 0.000000 64.269997 300.391998 59.430000 20.289000 -11.580000 6.047500 1471397.885000 452350.374000 13.309436 80.560028 0.000000 -0.045000 0.115000 -0.118000 0.000000 0.000000
13:58:59 149.399994 -112.849998 0.000000 64.269997 300.391998 59.430000 20.289000 -11.580000 6.047500 0.003000 0.003000 13.309436 80.560028 0.000000 -0.045000 0.115000 -0.118000 0.000000 0.000000
13:58:59 149.399994 -112.849998 0.000000 64.269997 300.395996 59.430000 20.246000 -11.580000 6.243500 0.003000 0.003000 13.309440 80.560028 0.000000 -0.045000 0.115000 -0.118000 0.000000 0.000000
13:58:59 149.399994 -112.849998 0.000000 64.269997 300.395996 59.430000 20.246000 -11.580000 6.243500 1471398.171000 452348.135000 13.309441 80.560028 0.000000 -0.045000 0.115000 -0.118000 0.000000 0.000000
13:58:59 149.399994 -112.849998 0.000000 64.269997 300.395996 59.430000 20.246000 -11.580000 6.243500 1471398.278000 452348.152000 13.309441 80.560028 0.000000 -0.045000 0.115000 -0.118000 0.000000 0.000000
13:59:00 149.399994 -112.849998 0.000000 64.269997 300.395996 59.430000 20.246000 -11.580000 6.243500 0.003000 0.003800 13.309441 80.560028 0.000000 -0.045000 0.115000 -0.118000 0.000000 0.000000
13:59:00 149.399994 -112.849998 0.000000 64.269997 300.395996 59.430000 20.246000 -11.580000 6.243500 0.003000 0.003800 13.309441 80.560028 0.000000 -0.045000 0.115000 -0.118000 0.000000 0.000000
13:59:00 149.399994 -112.849998 0.000000 64.269997 300.398987 59.430000 20.153999 -11.580000 5.812500 0.003000 0.003800 13.309443 80.559982 0.000000 -0.045000 0.115000 -0.118000 0.000000 0.000000
13:59:00 149.399994 -112.849998 0.000000 64.269997 300.398987 59.430000 20.153999 -11.580000 5.812500 1471398.659000 452345.840000 13.309443 80.559982 0.000000 -0.045000 0.115000 -0.118000 0.000000 0.000000
13:59:01 149.399994 -112.849998 0.000000 64.269997 300.398987 59.430000 20.153999 -11.580000 5.812500 0.003000 0.003500 13.309443 80.559982 0.000000 -0.045000 0.115000 -0.118000 0.000000 0.000000
13:59:01 149.399994 -112.849998 0.000000 64.269997 300.393005 59.430000 20.084999 -11.580000 6.139500 0.003000 0.003500 13.309446 80.559982 0.000000 -0.045000 0.115000 -0.118000 0.000000 0.000000
13:59:01 149.399994 -112.849998 0.000000 64.269997 300.390015 59.430000 20.066999 -11.580000 6.225500 1471398.887000 452343.394000 13.309447 80.559982 0.000000 -0.045000 0.115000 -0.118000 0.000000 0.000000
13:59:01 149.399994 -112.849998 0.000000 64.269997 300.390015 59.430000 20.066999 -11.580000 6.225500 1471398.994000 452343.411000 13.309447 80.559982 0.000000 -0.045000 0.115000 -0.118000 0.000000 0.000000
13:59:02 149.399994 -112.849998 0.000000 64.269997 300.390015 59.430000 20.066999 -11.580000 6.225500 1471399.102000 452343.428000 13.309447 80.559982 0.000000 -0.045000 0.115000 -0.118000 0.000000 0.000000
13:59:02 149.399994 -112.849998 0.000000 64.269997 300.390015 59.430000 20.066999 -11.580000 6.225500 0.003000 0.003300 13.309447 80.559982 0.000000 -0.045000 0.115000 -0.118000 0.000000 0.000000
13:59:02 149.300003 -112.849998 0.000000 64.269997 300.372986 59.430000 19.975000 -11.580000 6.326500 0.003000 0.003300 13.309451 80.559959 0.000000 -0.045000 0.115000 -0.118000 0.000000 0.000000
13:59:02 149.300003 -112.849998 0.000000 64.269997 300.372986 59.430000 19.975000 -11.580000 6.326500 1471399.383000 452340.983000 13.309451 80.559959 0.000000 -0.045000 0.115000 -0.118000 0.000000 0.000000
13:59:03 149.300003 -112.849998 0.000000 64.269997 300.372986 59.430000 19.975000 -11.580000 6.326500 0.003000 0.003000 13.309451 80.559959 0.000000 -0.045000 0.115000 -0.118000 0.000000 0.000000
13:59:03 149.300003 -112.849998 0.000000 64.269997 300.359009 59.430000 19.900000 -11.580000 5.930500 0.003000 0.003000 13.309453 80.559937 0.000000 -0.045000 0.115000 -0.118000 0.000000 0.000000
13:59:03 149.300003 -112.849998 0.000000 64.269997 300.354004 59.430000 19.885000 -11.580000 5.999500 1471399.601000 452338.666000 13.309454 80.559937 0.000000 -0.045000 0.115000 -0.118000 0.000000 0.000000
13:59:03 149.300003 -112.849998 0.000000 64.269997 300.354004 59.430000 19.885000 -11.580000 5.999500 1471399.708000 452338.684000 13.309454 80.559937 0.000000 -0.045000 0.115000 -0.118000 0.000000 0.000000
13:59:04 149.300003 -112.849998 0.000000 64.269997 300.354004 59.430000 19.885000 -11.580000 5.999500 0.003000 0.003800 13.309454 80.559937 0.000000 -0.045000 0.115000 -0.118000 0.000000 0.000000
13:59:04 149.399994 -112.849998 0.000000 64.269997 300.329010 59.430000 19.834999 -11.580000 6.463500 0.003000 0.003800 13.309456 80.559914 0.000000 -0.045000 0.115000 -0.118000 0.000000 0.000000
13:59:04 149.399994 -112.849998 0.000000 64.269997 300.329010 59.430000 19.834999 -11.580000 6.463500 1471399.987000 452336.147000 13.309457 80.559914 0.000000 -0.045000 0.115000 -0.118000 0.000000 0.000000
13:59:04 149.399994 -112.849998 0.000000 64.269997 300.329010 59.430000 19.834999 -11.580000 6.463500 1471400.095000 452336.162000 13.309457 80.559914 0.000000 -0.045000 0.115000 -0.118000 0.000000 0.000000
13:59:05 149.399994 -112.849998 0.000000 64.269997 300.329010 59.430000 19.834999 -11.580000 6.463500 0.003000 0.003600 13.309457 80.559914 0.000000 -0.045000 0.115000 -0.118000 0.000000 0.000000
13:59:05 149.300003 -112.849998 0.000000 64.269997 300.299988 59.430000 19.775999 -11.580000 5.794500 0.003000 0.003600 13.309460 80.559898 0.000000 -0.045000 0.115000 -0.118000 0.000000 0.000000
13:59:05 149.300003 -112.849998 0.000000 64.269997 300.292999 59.430000 19.767000 -11.580000 5.750500 1471400.273000 452331.473000 13.309460 80.559875 0.000000 -0.045000 0.115000 -0.118000 0.000000 0.000000
13:59:05 149.300003 -112.849998 0.000000 64.269997 300.292999 59.430000 19.767000 -11.580000 5.750500 1471400.381000 452331.490000 13.309460 80.559875 0.000000 -0.045000 0.115000 -0.118000 0.000000 0.000000
13:59:06 149.300003 -112.849998 0.000000 64.269997 300.292999 59.430000 19.767000 -11.580000 5.750500 1471400.488000 452331.507000 13.309460 80.559875 0.000000 -0.045000 0.115000 -0.118000 0.000000 0.000000
13:59:06 149.300003 -112.849998 0.000000 64.269997 300.259003 59.430000 19.752001 -11.580000 6.261500 0.003000 0.003100 13.309464 80.559875 0.000000 -0.045000 0.115000 -0.118000 0.000000 0.000000
13:59:06 149.300003 -112.849998 0.000000 64.269997 300.259003 59.430000 19.752001 -11.580000 6.261500 1471400.816000 452331.562000 13.309464 80.559875 0.000000 -0.045000 0.115000 -0.118000 0.000000 0.000000
13:59:06 149.300003 -112.849998 0.000000 64.269997 300.259003 59.430000 19.752001 -11.580000 6.261500 1471400.923000 452331.579000 13.309464 80.559875 0.000000 -0.045000 0.115000 -0.118000 0.000000 0.000000
13:59:07 149.199997 -112.849998 0.000000 64.269997 300.259003 59.430000 19.752001 -11.580000 6.261500 1471401.031000 452331.596000 13.309464 80.559875 0.000000 -0.045000 0.115000 -0.118000 0.000000 0.000000
13:59:07 149.199997 -112.849998 0.000000 64.269997 300.209015 59.430000 19.763000 -11.580000 6.644500 0.003000 0.003100 13.309467 80.559853 0.000000 -0.045000 0.115000 -0.118000 0.000000 0.000000
13:59:07 149.199997 -112.849998 0.000000 64.269997 300.209015 59.430000 19.763000 -11.580000 6.644500 1471401.353000 452331.648000 13.309466 80.559830 0.000000 -0.045000 0.115000 -0.118000 0.000000 0.000000
13:59:07 149.300003 -112.849998 0.000000 64.269997 300.209015 59.430000 19.763000 -11.580000 6.644500 1471401.100000 452326.349000 13.309466 80.559830 0.000000 -0.045000 0.115000 -0.118000 0.000000 0.000000
13:59:08 149.300003 -112.849998 0.000000 64.269997 300.209015 59.430000 19.763000 -11.580000 6.644500 0.003000 0.003600 13.309466 80.559830 0.000000 -0.045000 0.115000 -0.118000 0.000000 0.000000
13:59:08 149.300003 -112.849998 0.000000 64.269997 300.158997 59.430000 19.799000 -11.580000 6.022500 0.003000 0.003600 13.309470 80.559830 0.000000 -0.045000 0.115000 -0.118000 0.000000 0.000000
13:59:08 149.300003 -112.849998 0.000000 64.269997 300.148987 59.430000 19.811001 -11.580000 5.951500 1471401.529000 452326.417000 13.309471 80.559830 0.000000 -0.045000 0.115000 -0.118000 0.000000 0.000000
13:59:08 149.300003 -112.849998 0.000000 64.269997 300.148987 59.430000 19.811001 -11.580000 5.951500 1471401.639000 452326.438000 13.309471 80.559830 0.000000 -0.045000 0.115000 -0.118000 0.000000 0.000000
13:59:09 149.300003 -112.849998 0.000000 64.269997 300.148987 59.430000 19.811001 -11.580000 5.951500 1471401.747000 452326.456000 13.309471 80.559830 0.000000 -0.045000 0.115000 -0.118000 0.000000 0.000000
13:59:09 149.300003 -112.849998 0.000000 64.269997 300.148987 59.430000 19.811001 -11.580000 5.951500 0.003000 0.003600 13.309471 80.559830 0.000000 -0.045000 0.115000 -0.118000 0.000000 0.000000
13:59:09 149.300003 -112.849998 0.000000 64.269997 300.093994 59.430000 19.889999 -11.580000 6.174500 0.003000 0.003600 13.309473 80.559784 0.000000 -0.045000 0.115000 -0.118000 0.000000 0.000000
13:59:09 149.300003 -112.849998 0.000000 64.269997 300.093994 59.430000 19.889999 -11.580000 6.174500 1471401.892000 452321.712000 13.309473 80.559784 0.000000 -0.045000 0.115000 -0.118000 0.000000 0.000000
13:59:10 149.300003 -112.849998 0.000000 64.269997 300.093994 59.430000 19.889999 -11.580000 6.174500 0.003000 0.003100 13.309473 80.559784 0.000000 -0.045000 0.115000 -0.118000 0.000000 0.000000
13:59:10 149.300003 -112.849998 0.000000 64.269997 300.048004 59.430000 19.969000 -11.580000 6.598500 1471402.106000 452321.746000 13.309477 80.559784 0.000000 -0.045000 0.115000 -0.118000 0.000000 0.000000
13:59:10 149.300003 -112.849998 0.000000 64.269997 300.036011 59.430000 19.990999 -11.580000 6.679500 1471402.321000 452321.780000 13.309478 80.559784 0.000000 -0.045000 0.115000 -0.118000 0.000000 0.000000
13:59:10 149.300003 -112.849998 0.000000 64.269997 300.036011 59.430000 19.990999 -11.580000 6.679500 1471402.436000 452321.801000 13.309478 80.559784 0.000000 -0.045000 0.115000 -0.118000 0.000000 0.000000
13:59:11 149.300003 -112.849998 0.000000 64.269997 300.036011 59.430000 19.990999 -11.580000 6.679500 0.003000 0.003100 13.309478 80.559784 0.000000 -0.045000 0.115000 -0.118000 0.000000 0.000000
13:59:11 149.199997 -112.849998 0.000000 64.269997 299.984985 59.430000 20.094999 -11.580000 7.010500 0.003000 0.003100 13.309480 80.559761 0.000000 -0.045000 0.115000 -0.118000 0.000000 0.000000
13:59:11 149.199997 -112.849998 0.000000 64.269997 299.971985 59.430000 20.121000 -11.580000 6.941500 1471402.865000 452321.870000 13.309481 80.559761 0.000000 -0.045000 0.115000 -0.118000 0.000000 0.000000
13:59:11 149.199997 -112.849998 0.000000 64.269997 299.971985 59.430000 20.121000 -11.580000 6.941500 1471402.562000 452317.358000 13.309481 80.559761 0.000000 -0.045000 0.115000 -0.118000 0.000000 0.000000
13:59:12 149.199997 -112.849998 0.000000 64.269997 299.971985 59.430000 20.121000 -11.580000 6.941500 1471402.669000 452317.375000 13.309481 80.559761 0.000000 -0.045000 0.115000 -0.118000 0.000000 0.000000
13:59:12 149.300003 -112.849998 0.000000 64.269997 299.923004 59.430000 20.226999 -11.580000 6.172500 0.003000 0.003700 13.309484 80.559746 0.000000 -0.045000 0.115000 -0.118000 0.000000 0.000000
13:59:12 149.300003 -112.849998 0.000000 64.269997 299.911011 59.430000 20.254000 -11.580000 6.023500 1471402.992000 452317.427000 13.309484 80.559746 0.000000 -0.045000 0.115000 -0.118000 0.000000 0.000000
13:59:12 149.300003 -112.849998 0.000000 64.269997 299.911011 59.430000 20.254000 -11.580000 6.023500 1471403.107000 452317.448000 13.309484 80.559746 0.000000 -0.045000 0.115000 -0.118000 0.000000 0.000000
13:59:13 149.199997 -112.849998 0.000000 64.269997 299.911011 59.430000 20.254000 -11.580000 6.023500 1471403.214000 452317.465000 13.309484 80.559746 0.000000 -0.045000 0.115000 -0.118000 0.000000 0.000000
13:59:13 149.199997 -112.849998 0.000000 64.269997 299.863007 59.430000 20.362000 -11.580000 6.097500 0.003000 0.003700 13.309487 80.559723 0.000000 -0.045000 0.115000 -0.118000 0.000000 0.000000
13:59:13 149.199997 -112.849998 0.000000 64.269997 299.851013 59.430000 20.389000 -11.580000 6.301500 1471403.537000 452317.516000 13.309488 80.559723 0.000000 -0.045000 0.115000 -0.118000 0.000000 0.000000
13:59:13 149.199997 -112.849998 0.000000 64.269997 299.851013 59.430000 20.389000 -11.580000 6.301500 1471403.353000 452312.992000 13.309488 80.559723 0.000000 -0.045000 0.115000 -0.118000 0.000000 0.000000
13:59:14 149.199997 -112.849998 0.000000 64.269997 299.851013 59.430000 20.389000 -11.580000 6.301500 0.003000 0.003200 13.309488 80.559723 0.000000 -0.045000 0.115000 -0.118000 0.000000 0.000000
13:59:14 149.199997 -112.849998 0.000000 64.269997 299.806000 59.430000 20.486000 -11.580000 6.745500 0.003000 0.003200 13.309490 80.559700 0.000000 -0.045000 0.115000 -0.118000 0.000000 0.000000
13:59:14 149.199997 -112.849998 0.000000 64.269997 299.795013 59.430000 20.506001 -11.580000 6.710500 1471403.782000 452313.061000 13.309490 80.559685 0.000000 -0.045000 0.115000 -0.118000 0.000000 0.000000
13:59:14 149.300003 -112.849998 0.000000 64.269997 299.795013 59.430000 20.506001 -11.580000 6.710500 1471403.767000 452311.003000 13.309490 80.559685 0.000000 -0.045000 0.115000 -0.118000 0.000000 0.000000
13:59:15 149.300003 -112.849998 0.000000 64.269997 299.795013 59.430000 20.506001 -11.580000 6.710500 0.003000 0.003100 13.309490 80.559685 0.000000 -0.045000 0.115000 -0.118000 0.000000 0.000000
13:59:15 149.300003 -112.849998 0.000000 64.269997 299.751007 59.430000 20.573999 -11.580000 6.506500 0.003000 0.003100 13.309494 80.559685 0.000000 -0.045000 0.115000 -0.118000 0.000000 0.000000
13:59:15 149.199997 -112.849998 0.000000 64.269997 299.739990 59.430000 20.590000 -11.580000 6.540500 1471404.196000 452311.071000 13.309495 80.559685 0.000000 -0.045000 0.115000 -0.118000 0.000000 0.000000
13:59:15 149.199997 -112.849998 0.000000 64.269997 299.739990 59.430000 20.590000 -11.580000 6.540500 1471404.069000 452309.001000 13.309495 80.559685 0.000000 -0.045000 0.115000 -0.118000 0.000000 0.000000
13:59:16 149.199997 -112.849998 0.000000 64.269997 299.739990 59.430000 20.590000 -11.580000 6.540500 0.003000 0.003900 13.309495 80.559685 0.000000 -0.045000 0.115000 -0.118000 0.000000 0.000000
13:59:16 149.199997 -112.849998 0.000000 64.269997 299.696014 59.430000 20.639999 -11.580000 6.485500 0.003000 0.003900 13.309497 80.559669 0.000000 -0.045000 0.115000 -0.118000 0.000000 0.000000
13:59:16 149.199997 -112.849998 0.000000 64.269997 299.696014 59.430000 20.639999 -11.580000 6.485500 1471404.499000 452309.069000 13.309496 80.559647 0.000000 -0.045000 0.115000 -0.118000 0.000000 0.000000
13:59:16 149.199997 -112.849998 0.000000 64.269997 299.696014 59.430000 20.639999 -11.580000 6.485500 1471404.459000 452307.050000 13.309496 80.559647 0.000000 -0.045000 0.115000 -0.118000 0.000000 0.000000
13:59:17 149.199997 -112.849998 0.000000 64.269997 299.696014 59.430000 20.639999 -11.580000 6.485500 0.003000 0.003700 13.309496 80.559647 0.000000 -0.045000 0.115000 -0.118000 0.000000 0.000000
13:59:17 149.300003 -112.849998 0.000000 64.269997 299.644012 59.430000 20.669001 -11.580000 6.380500 0.003000 0.003700 13.309500 80.559647 0.000000 -0.045000 0.115000 -0.118000 0.000000 0.000000
13:59:17 149.300003 -112.849998 0.000000 64.269997 299.634003 59.430000 20.670000 -11.580000 6.384500 1471404.889000 452307.118000 13.309501 80.559647 0.000000 -0.045000 0.115000 -0.118000 0.000000 0.000000
13:59:17 149.300003 -112.849998 0.000000 64.269997 299.634003 59.430000 20.670000 -11.580000 6.384500 1471404.997000 452307.135000 13.309501 80.559647 0.000000 -0.045000 0.115000 -0.118000 0.000000 0.000000
13:59:18 149.300003 -112.849998 0.000000 64.269997 299.634003 59.430000 20.670000 -11.580000 6.384500 1471404.923000 452305.052000 13.309501 80.559647 0.000000 -0.045000 0.115000 -0.118000 0.000000 0.000000
13:59:18 149.199997 -112.849998 0.000000 64.269997 299.634003 59.430000 20.670000 -11.580000 6.384500 0.003000 0.003500 13.309501 80.559647 0.000000 -0.045000 0.115000 -0.118000 0.000000 0.000000
13:59:18 149.199997 -112.849998 0.000000 64.269997 299.589996 59.430000 20.648001 -11.580000 6.242500 0.003000 0.003500 13.309505 80.559631 0.000000 -0.045000 0.115000 -0.118000 0.000000 0.000000
13:59:18 149.199997 -112.849998 0.000000 64.269997 299.589996 59.430000 20.648001 -11.580000 6.242500 1471405.315000 452305.120000 13.309504 80.559608 0.000000 -0.045000 0.115000 -0.118000 0.000000 0.000000
13:59:19 149.199997 -112.849998 0.000000 64.269997 299.589996 59.430000 20.648001 -11.580000 6.242500 1471405.308000 452302.972000 13.309504 80.559608 0.000000 -0.045000 0.115000 -0.118000 0.000000 0.000000
13:59:19 149.199997 -112.849998 0.000000 64.269997 299.589996 59.430000 20.648001 -11.580000 6.242500 1471405.415000 452302.989000 13.309504 80.559608 0.000000 -0.045000 0.115000 -0.118000 0.000000 0.000000
13:59:19 149.199997 -112.849998 0.000000 64.269997 299.589996 59.430000 20.648001 -11.580000 6.242500 1471405.522000 452303.006000 13.309504 80.559608 0.000000 -0.045000 0.115000 -0.118000 0.000000 0.000000
13:59:19 149.199997 -112.849998 0.000000 64.269997 299.589996 59.430000 20.648001 -11.580000 6.242500 1471405.629000 452303.023000 13.309504 80.559608 0.000000 -0.045000 0.115000 -0.118000 0.000000 0.000000
13:59:19 149.199997 -112.849998 0.000000 64.269997 299.589996 59.430000 20.648001 -11.580000 6.242500 1471405.737000 452303.040000 13.309504 80.559608 0.000000 -0.045000 0.115000 -0.118000 0.000000 0.000000
13:59:20 149.199997 -112.849998 0.000000 64.269997 299.589996 59.430000 20.648001 -11.580000 6.242500 0.003000 0.003300 13.309504 80.559608 0.000000 -0.045000 0.115000 -0.118000 0.000000 0.000000
13:59:20 149.199997 -112.849998 0.000000 64.269997 299.526001 59.430000 20.546000 -11.580000 6.801500 0.003000 0.003300 13.309509 80.559593 0.000000 -0.045000 0.115000 -0.118000 0.000000 0.000000
13:59:20 149.199997 -112.849998 0.000000 64.269997 299.522003 59.430000 20.527000 -11.580000 6.605500 1471405.895000 452300.943000 13.309510 80.559593 0.000000 -0.045000 0.115000 -0.118000 0.000000 0.000000
13:59:20 149.199997 -112.849998 0.000000 64.269997 299.522003 59.430000 20.527000 -11.580000 6.605500 1471405.993000 452300.961000 13.309509 80.559570 0.000000 -0.045000 0.115000 -0.118000 0.000000 0.000000
13:59:21 149.199997 -112.849998 0.000000 64.269997 299.522003 59.430000 20.527000 -11.580000 6.605500 1471405.941000 452298.825000 13.309509 80.559570 0.000000 -0.045000 0.115000 -0.118000 0.000000 0.000000
13:59:21 149.199997 -112.849998 0.000000 64.269997 299.522003 59.430000 20.527000 -11.580000 6.605500 1471406.042000 452298.842000 13.309509 80.559570 0.000000 -0.045000 0.115000 -0.118000 0.000000 0.000000
13:59:21 149.199997 -112.849998 0.000000 64.269997 299.522003 59.430000 20.527000 -11.580000 6.605500 1471406.149000 452298.859000 13.309509 80.559570 0.000000 -0.045000 0.115000 -0.118000 0.000000 0.000000
13:59:21 149.199997 -112.849998 0.000000 64.269997 299.522003 59.430000 20.527000 -11.580000 6.605500 1471406.257000 452298.877000 13.309509 80.559570 0.000000 -0.045000 0.115000 -0.118000 0.000000 0.000000
13:59:21 149.199997 -112.849998 0.000000 64.269997 299.522003 59.430000 20.527000 -11.580000 6.605500 1471406.364000 452298.894000 13.309509 80.559570 0.000000 -0.045000 0.115000 -0.118000 0.000000 0.000000
13:59:22 149.199997 -112.849998 0.000000 64.269997 299.522003 59.430000 20.527000 -11.580000 6.605500 0.003000 0.003800 13.309509 80.559570 0.000000 -0.045000 0.115000 -0.118000 0.000000 0.000000
13:59:22 149.199997 -112.849998 0.000000 64.269997 299.505005 59.430000 20.339001 -11.580000 6.795500 0.003000 0.003800 13.309516 80.559555 0.000000 -0.045000 0.115000 -0.118000 0.000000 0.000000
13:59:22 149.199997 -112.849998 0.000000 64.269997 299.505005 59.430000 20.313999 -11.580000 6.761500 1471406.603000 452296.900000 13.309517 80.559555 0.000000 -0.045000 0.115000 -0.118000 0.000000 0.000000
13:59:22 149.199997 -112.849998 0.000000 64.269997 299.505005 59.430000 20.313999 -11.580000 6.761500 1471406.701000 452296.917000 13.309517 80.559555 0.000000 -0.045000 0.115000 -0.118000 0.000000 0.000000
13:59:23 149.199997 -112.849998 0.000000 64.269997 299.505005 59.430000 20.313999 -11.580000 6.761500 1471406.588000 452294.743000 13.309517 80.559555 0.000000 -0.045000 0.115000 -0.118000 0.000000 0.000000
13:59:23 149.199997 -112.849998 0.000000 64.269997 299.515015 59.430000 20.205999 -11.580000 6.223500 0.003000 0.003400 13.309518 80.559532 0.000000 -0.045000 0.115000 -0.118000 0.000000 0.000000
13:59:23 149.199997 -112.849998 0.000000 64.269997 299.519012 59.430000 20.179001 -11.580000 6.182500 1471406.881000 452294.796000 13.309517 80.559517 0.000000 -0.045000 0.115000 -0.118000 0.000000 0.000000
13:59:23 149.199997 -112.849998 0.000000 64.269997 299.519012 59.430000 20.179001 -11.580000 6.182500 1471406.979000 452294.815000 13.309517 80.559517 0.000000 -0.045000 0.115000 -0.118000 0.000000 0.000000
13:59:24 149.199997 -112.849998 0.000000 64.269997 299.519012 59.430000 20.179001 -11.580000 6.182500 1471406.894000 452292.845000 13.309517 80.559517 0.000000 -0.045000 0.115000 -0.118000 0.000000 0.000000
13:59:24 149.199997 -112.849998 0.000000 64.269997 299.532990 59.430000 20.087999 -11.580000 6.819500 0.003000 0.003200 13.309521 80.559517 0.000000 -0.045000 0.115000 -0.118000 0.000000 0.000000
13:59:24 149.199997 -112.849998 0.000000 64.269997 299.536987 59.430000 20.068001 -11.580000 6.969500 1471407.216000 452292.903000 13.309522 80.559517 0.000000 -0.045000 0.115000 -0.118000 0.000000 0.000000
13:59:24 149.199997 -112.849998 0.000000 64.269997 299.536987 59.430000 20.068001 -11.580000 6.969500 1471407.323000 452292.920000 13.309522 80.559517 0.000000 -0.045000 0.115000 -0.118000 0.000000 0.000000
13:59:25 149.199997 -112.849998 0.000000 64.269997 299.536987 59.430000 20.068001 -11.580000 6.969500 1471407.248000 452290.777000 13.309522 80.559517 0.000000 -0.045000 0.115000 -0.118000 0.000000 0.000000
13:59:25 149.199997 -112.849998 0.000000 64.269997 299.558014 59.430000 19.990999 -11.580000 6.867500 0.003000 0.003000 13.309525 80.559502 0.000000 -0.045000 0.115000 -0.118000 0.000000 0.000000
13:59:25 149.199997 -112.849998 0.000000 64.269997 299.558014 59.430000 19.990999 -11.580000 6.867500 1471407.552000 452290.828000 13.309524 80.559479 0.000000 -0.045000 0.115000 -0.118000 0.000000 0.000000
13:59:25 149.199997 -112.849998 0.000000 64.269997 299.558014 59.430000 19.990999 -11.580000 6.867500 1471407.650000 452290.845000 13.309525 80.559479 0.000000 -0.045000 0.115000 -0.118000 0.000000 0.000000
13:59:26 149.199997 -112.849998 0.000000 64.269997 299.558014 59.430000 19.990999 -11.580000 6.867500 1471407.623000 452288.813000 13.309525 80.559479 0.000000 -0.045000 0.115000 -0.118000 0.000000 0.000000
13:59:26 149.199997 -112.849998 0.000000 64.269997 299.558014 59.430000 19.990999 -11.580000 6.867500 1471407.730000 452288.831000 13.309525 80.559479 0.000000 -0.045000 0.115000 -0.118000 0.000000 0.000000
13:59:26 149.199997 -112.849998 0.000000 64.269997 299.558014 59.430000 19.990999 -11.580000 6.867500 1471407.838000 452288.848000 13.309525 80.559479 0.000000 -0.045000 0.115000 -0.118000 0.000000 0.000000
13:59:26 149.199997 -112.849998 0.000000 64.269997 299.558014 59.430000 19.990999 -11.580000 6.867500 1471407.945000 452288.868000 13.309525 80.559479 0.000000 -0.045000 0.115000 -0.118000 0.000000 0.000000
13:59:26 149.199997 -112.849998 0.000000 64.269997 299.558014 59.430000 19.990999 -11.580000 6.867500 1471408.053000 452288.887000 13.309525 80.559479 0.000000 -0.045000 0.115000 -0.118000 0.000000 0.000000
13:59:27 149.199997 -112.849998 0.000000 64.269997 299.558014 59.430000 19.990999 -11.580000 6.867500 1471407.944000 452286.837000 13.309525 80.559479 0.000000 -0.045000 0.115000 -0.118000 0.000000 0.000000
13:59:27 149.199997 -112.849998 0.000000 64.269997 299.605988 59.430000 19.931000 -11.580000 7.402500 0.003000 0.003600 13.309530 80.559464 0.000000 -0.045000 0.115000 -0.118000 0.000000 0.000000
13:59:27 149.199997 -112.849998 0.000000 64.269997 299.609985 59.430000 19.936001 -11.580000 7.365500 1471408.266000 452286.888000 13.309531 80.559464 0.000000 -0.045000 0.115000 -0.118000 0.000000 0.000000
13:59:27 149.199997 -112.849998 0.000000 64.269997 299.609985 59.430000 19.936001 -11.580000 7.365500 1471408.374000 452286.905000 13.309531 80.559464 0.000000 -0.045000 0.115000 -0.118000 0.000000 0.000000
13:59:28 149.199997 -112.849998 0.000000 64.269997 299.609985 59.430000 19.936001 -11.580000 7.365500 0.003000 0.003600 13.309531 80.559464 0.000000 -0.045000 0.115000 -0.118000 0.000000 0.000000
13:59:28 149.199997 -112.849998 0.000000 64.269997 299.623993 59.430000 19.971001 -11.580000 6.610500 0.003000 0.003600 13.309534 80.559448 0.000000 -0.045000 0.115000 -0.118000 0.000000 0.000000
13:59:28 149.199997 -112.849998 0.000000 64.269997 299.626007 59.430000 19.983999 -11.580000 6.439500 1471408.646000 452285.105000 13.309535 80.559448 0.000000 -0.045000 0.115000 -0.118000 0.000000 0.000000
13:59:28 149.199997 -112.849998 0.000000 64.269997 299.626007 59.430000 19.983999 -11.580000 6.439500 0.003000 0.003500 13.309535 80.559448 0.000000 -0.045000 0.115000 -0.118000 0.000000 0.000000
13:59:29 149.199997 -112.849998 0.000000 64.269997 299.626007 59.430000 19.983999 -11.580000 6.439500 1471408.861000 452285.140000 13.309535 80.559448 0.000000 -0.045000 0.115000 -0.118000 0.000000 0.000000
13:59:29 149.199997 -112.849998 0.000000 64.269997 299.634003 59.430000 20.056999 -11.580000 6.322500 0.003000 0.003500 13.309537 80.559433 0.000000 -0.045000 0.115000 -0.118000 0.000000 0.000000
13:59:29 149.199997 -112.849998 0.000000 64.269997 299.635986 59.430000 20.080999 -11.580000 6.451500 1471409.020000 452283.426000 13.309538 80.559433 0.000000 -0.045000 0.115000 -0.118000 0.000000 0.000000
13:59:29 149.199997 -112.849998 0.000000 64.269997 299.635986 59.430000 20.080999 -11.580000 6.451500 1471409.127000 452283.443000 13.309538 80.559433 0.000000 -0.045000 0.115000 -0.118000 0.000000 0.000000
13:59:30 149.199997 -112.849998 0.000000 64.269997 299.635986 59.430000 20.080999 -11.580000 6.451500 1471409.234000 452283.460000 13.309538 80.559433 0.000000 -0.045000 0.115000 -0.118000 0.000000 0.000000
13:59:30 149.199997 -112.849998 0.000000 64.269997 299.635986 59.430000 20.080999 -11.580000 6.451500 1471409.245000 452281.661000 13.309538 80.559433 0.000000 -0.045000 0.115000 -0.118000 0.000000 0.000000
13:59:30 149.199997 -112.849998 0.000000 64.269997 299.635986 59.430000 20.080999 -11.580000 6.451500 1471409.353000 452281.678000 13.309538 80.559433 0.000000 -0.045000 0.115000 -0.118000 0.000000 0.000000
13:59:30 149.199997 -112.849998 0.000000 64.269997 299.635986 59.430000 20.080999 -11.580000 6.451500 1471409.460000 452281.695000 13.309538 80.559433 0.000000 -0.045000 0.115000 -0.118000 0.000000 0.000000
13:59:30 149.199997 -112.849998 0.000000 64.269997 299.635986 59.430000 20.080999 -11.580000 6.451500 1471409.567000 452281.712000 13.309538 80.559433 0.000000 -0.045000 0.115000 -0.118000 0.000000 0.000000
13:59:31 149.199997 -112.849998 0.000000 64.269997 299.635986 59.430000 20.080999 -11.580000 6.451500 0.003000 0.003100 13.309538 80.559433 0.000000 -0.045000 0.115000 -0.118000 0.000000 0.000000
13:59:31 149.199997 -112.849998 0.000000 64.269997 299.652008 59.430000 20.316999 -11.580000 6.631500 0.003000 0.003100 13.309544 80.559395 0.000000 -0.045000 0.115000 -0.118000 0.000000 0.000000
13:59:31 149.199997 -112.849998 0.000000 64.269997 299.653992 59.430000 20.344999 -11.580000 6.552500 1471409.774000 452279.963000 13.309545 80.559395 0.000000 -0.045000 0.115000 -0.118000 0.000000 0.000000
13:59:31 149.199997 -112.849998 0.000000 64.269997 299.653992 59.430000 20.344999 -11.580000 6.552500 1471409.882000 452279.981000 13.309545 80.559395 0.000000 -0.045000 0.115000 -0.118000 0.000000 0.000000
13:59:32 149.100006 -112.849998 0.000000 64.269997 299.653992 59.430000 20.344999 -11.580000 6.552500 1471409.989000 452279.998000 13.309545 80.559395 0.000000 -0.045000 0.115000 -0.118000 0.000000 0.000000
13:59:32 149.100006 -112.849998 0.000000 64.269997 299.653992 59.430000 20.344999 -11.580000 6.552500 1471409.968000 452278.224000 13.309545 80.559395 0.000000 -0.045000 0.115000 -0.118000 0.000000 0.000000
13:59:32 149.100006 -112.849998 0.000000 64.269997 299.653992 59.430000 20.344999 -11.580000 6.552500 1471410.075000 452278.241000 13.309545 80.559395 0.000000 -0.045000 0.115000 -0.118000 0.000000 0.000000
13:59:32 149.100006 -112.849998 0.000000 64.269997 299.653992 59.430000 20.344999 -11.580000 6.552500 1471410.183000 452278.258000 13.309545 80.559395 0.000000 -0.045000 0.115000 -0.118000 0.000000 0.000000
13:59:32 149.100006 -112.849998 0.000000 64.269997 299.653992 59.430000 20.344999 -11.580000 6.552500 1471410.290000 452278.275000 13.309545 80.559395 0.000000 -0.045000 0.115000 -0.118000 0.000000 0.000000
13:59:33 149.100006 -112.849998 0.000000 64.269997 299.653992 59.430000 20.344999 -11.580000 6.552500 0.003000 0.003800 13.309545 80.559395 0.000000 -0.045000 0.115000 -0.118000 0.000000 0.000000
13:59:33 149.100006 -112.849998 0.000000 64.269997 299.666992 59.430000 20.631001 -11.580000 7.591500 0.003000 0.003800 13.309551 80.559364 0.000000 -0.045000 0.115000 -0.118000 0.000000 0.000000
13:59:33 149.100006 -112.849998 0.000000 64.269997 299.670013 59.430000 20.664000 -11.580000 7.584500 1471410.548000 452276.372000 13.309552 80.559364 0.000000 -0.045000 0.115000 -0.118000 0.000000 0.000000
13:59:33 149.100006 -112.849998 0.000000 64.269997 299.670013 59.430000 20.664000 -11.580000 7.584500 1471410.656000 452276.389000 13.309552 80.559364 0.000000 -0.045000 0.115000 -0.118000 0.000000 0.000000
13:59:34 149.100006 -112.849998 0.000000 64.269997 299.670013 59.430000 20.664000 -11.580000 7.584500 0.003000 0.003600 13.309552 80.559364 0.000000 -0.045000 0.115000 -0.118000 0.000000 0.000000
13:59:34 149.100006 -112.849998 0.000000 64.269997 299.686005 59.430000 20.790001 -11.580000 7.019500 0.003000 0.003600 13.309553 80.559349 0.000000 -0.045000 0.115000 -0.118000 0.000000 0.000000
13:59:34 149.100006 -112.849998 0.000000 64.269997 299.686005 59.430000 20.790001 -11.580000 7.019500 1471410.833000 452274.615000 13.309553 80.559334 0.000000 -0.045000 0.115000 -0.118000 0.000000 0.000000
13:59:34 149.100006 -112.849998 0.000000 64.269997 299.686005 59.430000 20.790001 -11.580000 7.019500 1471410.940000 452274.632000 13.309554 80.559334 0.000000 -0.045000 0.115000 -0.118000 0.000000 0.000000
13:59:35 149.100006 -112.849998 0.000000 64.269997 299.686005 59.430000 20.790001 -11.580000 7.019500 1471411.047000 452274.649000 13.309554 80.559334 0.000000 -0.045000 0.115000 -0.118000 0.000000 0.000000
13:59:35 149.100006 -112.849998 0.000000 64.269997 299.686005 59.430000 20.790001 -11.580000 7.019500 1471411.023000 452272.940000 13.309554 80.559334 0.000000 -0.045000 0.115000 -0.118000 0.000000 0.000000
13:59:35 149.100006 -112.849998 0.000000 64.269997 299.686005 59.430000 20.790001 -11.580000 7.019500 1471411.130000 452272.957000 13.309554 80.559334 0.000000 -0.045000 0.115000 -0.118000 0.000000 0.000000
13:59:35 149.100006 -112.849998 0.000000 64.269997 299.686005 59.430000 20.790001 -11.580000 7.019500 1471411.238000 452272.974000 13.309554 80.559334 0.000000 -0.045000 0.115000 -0.118000 0.000000 0.000000
13:59:35 149.100006 -112.849998 0.000000 64.269997 299.686005 59.430000 20.790001 -11.580000 7.019500 1471411.345000 452272.991000 13.309554 80.559334 0.000000 -0.045000 0.115000 -0.118000 0.000000 0.000000
13:59:36 149.000000 -112.849998 0.000000 64.269997 299.778992 59.430000 21.035000 -11.580000 6.746500 0.003000 0.003200 13.309559 80.559319 0.000000 -0.045000 0.115000 -0.118000 0.000000 0.000000
13:59:36 149.000000 -112.849998 0.000000 64.269997 299.778992 59.430000 21.035000 -11.580000 6.746500 1471411.453000 452271.371000 13.309560 80.559319 0.000000 -0.045000 0.115000 -0.118000 0.000000 0.000000
13:59:36 149.000000 -112.849998 0.000000 64.269997 299.778992 59.430000 21.035000 -11.580000 6.746500 1471411.560000 452271.390000 13.309561 80.559319 0.000000 -0.045000 0.115000 -0.118000 0.000000 0.000000
13:59:36 149.000000 -112.849998 0.000000 64.269997 299.778992 59.430000 21.035000 -11.580000 6.746500 1471411.667000 452271.410000 13.309561 80.559319 0.000000 -0.045000 0.115000 -0.118000 0.000000 0.000000
13:59:37 149.000000 -112.849998 0.000000 64.269997 299.778992 59.430000 21.035000 -11.580000 6.746500 1471411.775000 452271.429000 13.309561 80.559319 0.000000 -0.045000 0.115000 -0.118000 0.000000 0.000000
13:59:37 149.000000 -112.849998 0.000000 64.269997 299.778992 59.430000 21.035000 -11.580000 6.746500 1471411.755000 452269.736000 13.309561 80.559319 0.000000 -0.045000 0.115000 -0.118000 0.000000 0.000000
13:59:37 149.000000 -112.849998 0.000000 64.269997 299.778992 59.430000 21.035000 -11.580000 6.746500 1471411.863000 452269.756000 13.309561 80.559319 0.000000 -0.045000 0.115000 -0.118000 0.000000 0.000000
13:59:37 149.000000 -112.849998 0.000000 64.269997 299.778992 59.430000 21.035000 -11.580000 6.746500 1471411.970000 452269.775000 13.309561 80.559319 0.000000 -0.045000 0.115000 -0.118000 0.000000 0.000000
13:59:37 149.000000 -112.849998 0.000000 64.269997 299.778992 59.430000 21.035000 -11.580000 6.746500 1471412.078000 452269.795000 13.309561 80.559319 0.000000 -0.045000 0.115000 -0.118000 0.000000 0.000000
13:59:38 149.000000 -112.849998 0.000000 64.269997 299.778992 59.430000 21.035000 -11.580000 6.746500 0.003000 0.003900 13.309561 80.559319 0.000000 -0.045000 0.115000 -0.118000 0.000000 0.000000
13:59:38 149.000000 -112.849998 0.000000 64.269997 299.975006 59.430000 21.169001 -11.580000 7.107500 0.003000 0.003900 13.309566 80.559288 0.000000 -0.045000 0.115000 -0.118000 0.000000 0.000000
13:59:38 149.000000 -112.849998 0.000000 64.269997 299.993011 59.430000 21.174000 -11.580000 7.210500 1471412.281000 452267.979000 13.309567 80.559288 0.000000 -0.045000 0.115000 -0.118000 0.000000 0.000000
13:59:38 148.899994 -112.849998 0.000000 64.269997 299.993011 59.430000 21.174000 -11.580000 7.210500 1471412.388000 452267.999000 13.309567 80.559288 0.000000 -0.045000 0.115000 -0.118000 0.000000 0.000000
13:59:39 148.899994 -112.849998 0.000000 64.269997 299.993011 59.430000 21.174000 -11.580000 7.210500 1471412.496000 452268.018000 13.309567 80.559288 0.000000 -0.045000 0.115000 -0.118000 0.000000 0.000000
13:59:39 148.899994 -112.849998 0.000000 64.269997 299.993011 59.430000 21.174000 -11.580000 7.210500 1471412.603000 452268.038000 13.309567 80.559288 0.000000 -0.045000 0.115000 -0.118000 0.000000 0.000000
13:59:39 148.899994 -112.849998 0.000000 64.269997 299.993011 59.430000 21.174000 -11.580000 7.210500 1471412.548000 452266.293000 13.309567 80.559288 0.000000 -0.045000 0.115000 -0.118000 0.000000 0.000000
13:59:39 148.899994 -112.849998 0.000000 64.269997 299.993011 59.430000 21.174000 -11.580000 7.210500 1471412.655000 452266.312000 13.309567 80.559288 0.000000 -0.045000 0.115000 -0.118000 0.000000 0.000000
13:59:39 148.899994 -112.849998 0.000000 64.269997 299.993011 59.430000 21.174000 -11.580000 7.210500 1471412.763000 452266.332000 13.309567 80.559288 0.000000 -0.045000 0.115000 -0.118000 0.000000 0.000000
13:59:40 148.899994 -112.849998 0.000000 64.269997 299.993011 59.430000 21.174000 -11.580000 7.210500 0.003000 0.003600 13.309567 80.559288 0.000000 -0.045000 0.115000 -0.118000 0.000000 0.000000
13:59:40 148.899994 -112.849998 0.000000 64.269997 300.149994 59.430000 21.128000 -11.580000 6.393500 0.003000 0.003600 13.309572 80.559258 0.000000 -0.045000 0.115000 -0.118000 0.000000 0.000000
13:59:40 148.899994 -112.849998 0.000000 64.269997 300.164001 59.430000 21.118000 -11.580000 6.489500 1471412.944000 452264.774000 13.309573 80.559258 0.000000 -0.045000 0.115000 -0.118000 0.000000 0.000000
13:59:40 148.899994 -112.849998 0.000000 64.269997 300.164001 59.430000 21.118000 -11.580000 6.489500 1471413.052000 452264.794000 13.309573 80.559258 0.000000 -0.045000 0.115000 -0.118000 0.000000 0.000000
13:59:41 148.899994 -112.849998 0.000000 64.269997 300.164001 59.430000 21.118000 -11.580000 6.489500 1471413.159000 452264.813000 13.309573 80.559258 0.000000 -0.045000 0.115000 -0.118000 0.000000 0.000000
13:59:41 148.899994 -112.849998 0.000000 64.269997 300.210999 59.430000 21.068001 -11.580000 7.130500 0.003000 0.003400 13.309575 80.559242 0.000000 -0.045000 0.115000 -0.118000 0.000000 0.000000
13:59:41 148.899994 -112.849998 0.000000 64.269997 300.210999 59.430000 21.068001 -11.580000 7.130500 1471413.220000 452263.301000 13.309574 80.559227 0.000000 -0.045000 0.115000 -0.118000 0.000000 0.000000
13:59:41 148.899994 -112.849998 0.000000 64.269997 300.210999 59.430000 21.068001 -11.580000 7.130500 1471413.327000 452263.320000 13.309574 80.559227 0.000000 -0.045000 0.115000 -0.118000 0.000000 0.000000
13:59:42 148.899994 -112.849998 0.000000 64.269997 300.210999 59.430000 21.068001 -11.580000 7.130500 1471413.435000 452263.340000 13.309574 80.559227 0.000000 -0.045000 0.115000 -0.118000 0.000000 0.000000
13:59:42 148.899994 -112.849998 0.000000 64.269997 300.210999 59.430000 21.068001 -11.580000 7.130500 1471413.542000 452263.359000 13.309574 80.559227 0.000000 -0.045000 0.115000 -0.118000 0.000000 0.000000
13:59:42 148.899994 -112.849998 0.000000 64.269997 300.210999 59.430000 21.068001 -11.580000 7.130500 1471413.434000 452261.640000 13.309574 80.559227 0.000000 -0.045000 0.115000 -0.118000 0.000000 0.000000
13:59:42 148.899994 -112.849998 0.000000 64.269997 300.210999 59.430000 21.068001 -11.580000 7.130500 1471413.541000 452261.660000 13.309574 80.559227 0.000000 -0.045000 0.115000 -0.118000 0.000000 0.000000
13:59:42 148.899994 -112.849998 0.000000 64.269997 300.210999 59.430000 21.068001 -11.580000 7.130500 1471413.649000 452261.679000 13.309574 80.559227 0.000000 -0.045000 0.115000 -0.118000 0.000000 0.000000
13:59:43 148.800003 -112.849998 0.000000 64.269997 300.273987 59.430000 20.857000 -11.580000 6.981500 0.003000 0.003100 13.309579 80.559212 0.000000 -0.045000 0.115000 -0.118000 0.000000 0.000000
13:59:43 148.800003 -112.849998 0.000000 64.269997 300.273987 59.430000 20.833000 -11.580000 7.210500 1471413.727000 452260.038000 13.309580 80.559212 0.000000 -0.045000 0.115000 -0.118000 0.000000 0.000000
13:59:43 148.800003 -112.849998 0.000000 64.269997 300.273987 59.430000 20.833000 -11.580000 7.210500 1471413.834000 452260.057000 13.309582 80.559212 0.000000 -0.045000 0.115000 -0.118000 0.000000 0.000000
13:59:43 148.800003 -112.849998 0.000000 64.269997 300.273987 59.430000 20.833000 -11.580000 7.210500 1471413.942000 452260.077000 13.309582 80.559212 0.000000 -0.045000 0.115000 -0.118000 0.000000 0.000000
13:59:44 148.899994 -112.849998 0.000000 64.269997 300.273987 59.430000 20.833000 -11.580000 7.210500 1471414.049000 452260.097000 13.309582 80.559212 0.000000 -0.045000 0.115000 -0.118000 0.000000 0.000000
13:59:44 148.899994 -112.849998 0.000000 64.269997 300.273987 59.430000 20.833000 -11.580000 7.210500 1471414.157000 452260.116000 13.309582 80.559212 0.000000 -0.045000 0.115000 -0.118000 0.000000 0.000000
13:59:44 148.899994 -112.849998 0.000000 64.269997 300.273987 59.430000 20.833000 -11.580000 7.210500 1471413.979000 452258.319000 13.309582 80.559212 0.000000 -0.045000 0.115000 -0.118000 0.000000 0.000000
13:59:44 148.899994 -112.849998 0.000000 64.269997 300.273987 59.430000 20.833000 -11.580000 7.210500 1471414.086000 452258.339000 13.309582 80.559212 0.000000 -0.045000 0.115000 -0.118000 0.000000 0.000000
13:59:44 148.800003 -112.849998 0.000000 64.269997 300.273987 59.430000 20.833000 -11.580000 7.210500 0.003000 0.003800 13.309582 80.559212 0.000000 -0.045000 0.115000 -0.118000 0.000000 0.000000
13:59:45 148.800003 -112.849998 0.000000 64.269997 300.255005 59.430000 20.629000 -11.580000 7.348500 0.003000 0.003800 13.309585 80.559181 0.000000 -0.045000 0.115000 -0.118000 0.000000 0.000000
13:59:45 148.800003 -112.849998 0.000000 64.269997 300.255005 59.430000 20.629000 -11.580000 7.348500 1471414.331000 452256.691000 13.309586 80.559181 0.000000 -0.045000 0.115000 -0.118000 0.000000 0.000000
13:59:45 148.800003 -112.849998 0.000000 64.269997 300.255005 59.430000 20.629000 -11.580000 7.348500 1471414.438000 452256.711000 13.309587 80.559181 0.000000 -0.045000 0.115000 -0.118000 0.000000 0.000000
13:59:45 148.800003 -112.849998 0.000000 64.269997 300.255005 59.430000 20.629000 -11.580000 7.348500 1471414.546000 452256.730000 13.309587 80.559181 0.000000 -0.045000 0.115000 -0.118000 0.000000 0.000000
13:59:46 148.800003 -112.849998 0.000000 64.269997 300.255005 59.430000 20.629000 -11.580000 7.348500 1471414.653000 452256.750000 13.309587 80.559181 0.000000 -0.045000 0.115000 -0.118000 0.000000 0.000000
13:59:46 148.800003 -112.849998 0.000000 64.269997 300.255005 59.430000 20.629000 -11.580000 7.348500 1471414.761000 452256.769000 13.309587 80.559181 0.000000 -0.045000 0.115000 -0.118000 0.000000 0.000000
13:59:46 148.800003 -112.849998 0.000000 64.269997 300.255005 59.430000 20.629000 -11.580000 7.348500 1471414.748000 452255.334000 13.309587 80.559181 0.000000 -0.045000 0.115000 -0.118000 0.000000 0.000000
13:59:46 148.800003 -112.849998 0.000000 64.269997 300.255005 59.430000 20.629000 -11.580000 7.348500 1471414.855000 452255.354000 13.309587 80.559181 0.000000 -0.045000 0.115000 -0.118000 0.000000 0.000000
13:59:46 148.800003 -112.849998 0.000000 64.269997 300.255005 59.430000 20.629000 -11.580000 7.348500 1471414.963000 452255.373000 13.309587 80.559181 0.000000 -0.045000 0.115000 -0.118000 0.000000 0.000000
13:59:47 148.800003 -112.849998 0.000000 64.269997 300.255005 59.430000 20.629000 -11.580000 7.348500 0.003000 0.003500 13.309587 80.559181 0.000000 -0.045000 0.115000 -0.118000 0.000000 0.000000
13:59:47 148.800003 -112.849998 0.000000 64.269997 300.196014 59.430000 20.537001 -11.580000 7.278500 0.003000 0.003500 13.309592 80.559158 0.000000 -0.045000 0.115000 -0.118000 0.000000 0.000000
13:59:47 148.800003 -112.849998 0.000000 64.269997 300.192993 59.430000 20.534000 -11.580000 7.152500 1471415.212000 452253.855000 13.309593 80.559158 0.000000 -0.045000 0.115000 -0.118000 0.000000 0.000000
13:59:47 148.800003 -112.849998 0.000000 64.269997 300.192993 59.430000 20.534000 -11.580000 7.152500 0.003000 0.003300 13.309593 80.559158 0.000000 -0.045000 0.115000 -0.118000 0.000000 0.000000
13:59:48 148.800003 -112.849998 0.000000 64.269997 300.192993 59.430000 20.534000 -11.580000 7.152500 1471415.427000 452253.894000 13.309593 80.559158 0.000000 -0.045000 0.115000 -0.118000 0.000000 0.000000
13:59:48 148.699997 -112.849998 0.000000 64.269997 300.186005 59.430000 20.528000 -11.580000 6.955500 0.003000 0.003300 13.309595 80.559143 0.000000 -0.045000 0.115000 -0.118000 0.000000 0.000000
13:59:48 148.699997 -112.849998 0.000000 64.269997 300.184998 59.430000 20.525999 -11.580000 6.952500 1471415.470000 452252.601000 13.309593 80.559128 0.000000 -0.045000 0.115000 -0.118000 0.000000 0.000000
13:59:48 148.699997 -112.849998 0.000000 64.269997 300.184998 59.430000 20.525999 -11.580000 6.952500 1471415.577000 452252.620000 13.309594 80.559128 0.000000 -0.045000 0.115000 -0.118000 0.000000 0.000000
13:59:49 148.699997 -112.849998 0.000000 64.269997 300.184998 59.430000 20.525999 -11.580000 6.952500 1471415.685000 452252.640000 13.309594 80.559128 0.000000 -0.045000 0.115000 -0.118000 0.000000 0.000000
13:59:49 148.699997 -112.849998 0.000000 64.269997 300.184998 59.430000 20.525999 -11.580000 6.952500 1471415.792000 452252.659000 13.309594 80.559128 0.000000 -0.045000 0.115000 -0.118000 0.000000 0.000000
13:59:49 148.699997 -112.849998 0.000000 64.269997 300.184998 59.430000 20.525999 -11.580000 6.952500 1471415.899000 452252.679000 13.309594 80.559128 0.000000 -0.045000 0.115000 -0.118000 0.000000 0.000000
13:59:49 148.699997 -112.849998 0.000000 64.269997 300.184998 59.430000 20.525999 -11.580000 6.952500 1471415.756000 452251.140000 13.309594 80.559128 0.000000 -0.045000 0.115000 -0.118000 0.000000 0.000000
13:59:49 148.699997 -112.849998 0.000000 64.269997 300.184998 59.430000 20.525999 -11.580000 6.952500 1471415.864000 452251.160000 13.309594 80.559128 0.000000 -0.045000 0.115000 -0.118000 0.000000 0.000000
13:59:50 148.699997 -112.849998 0.000000 64.269997 300.195007 59.430000 20.500000 -11.580000 6.848500 1471415.971000 452251.179000 13.309601 80.559120 0.000000 -0.045000 0.115000 -0.118000 0.000000 0.000000
13:59:50 148.699997 -112.849998 0.000000 64.269997 300.195007 59.430000 20.497000 -11.580000 6.930500 1471416.186000 452251.218000 13.309602 80.559120 0.000000 -0.045000 0.115000 -0.118000 0.000000 0.000000
13:59:50 148.699997 -112.849998 0.000000 64.269997 300.195007 59.430000 20.497000 -11.580000 6.930500 1471416.194000 452249.771000 13.309600 80.559105 0.000000 -0.045000 0.115000 -0.118000 0.000000 0.000000
13:59:50 148.699997 -112.849998 0.000000 64.269997 300.195007 59.430000 20.497000 -11.580000 6.930500 1471416.301000 452249.790000 13.309601 80.559105 0.000000 -0.045000 0.115000 -0.118000 0.000000 0.000000
13:59:51 148.600006 -112.849998 0.000000 64.269997 300.195007 59.430000 20.497000 -11.580000 6.930500 1471416.409000 452249.810000 13.309601 80.559105 0.000000 -0.045000 0.115000 -0.118000 0.000000 0.000000
13:59:51 148.600006 -112.849998 0.000000 64.269997 300.195007 59.430000 20.497000 -11.580000 6.930500 1471416.516000 452249.829000 13.309601 80.559105 0.000000 -0.045000 0.115000 -0.118000 0.000000 0.000000
13:59:51 148.600006 -112.849998 0.000000 64.269997 300.195007 59.430000 20.497000 -11.580000 6.930500 1471416.624000 452249.849000 13.309601 80.559105 0.000000 -0.045000 0.115000 -0.118000 0.000000 0.000000
13:59:51 148.600006 -112.849998 0.000000 64.269997 300.195007 59.430000 20.497000 -11.580000 6.930500 1471416.413000 452248.181000 13.309601 80.559105 0.000000 -0.045000 0.115000 -0.118000 0.000000 0.000000
13:59:51 148.600006 -112.849998 0.000000 64.269997 300.195007 59.430000 20.497000 -11.580000 6.930500 1471416.520000 452248.201000 13.309601 80.559105 0.000000 -0.045000 0.115000 -0.118000 0.000000 0.000000
13:59:52 148.600006 -112.849998 0.000000 64.269997 300.182007 59.430000 20.490999 -11.580000 7.507500 0.003000 0.003800 13.309605 80.559090 0.000000 -0.045000 0.115000 -0.118000 0.000000 0.000000
13:59:52 148.600006 -112.849998 0.000000 64.269997 300.182007 59.430000 20.490999 -11.580000 7.507500 1471416.843000 452248.259000 13.309606 80.559090 0.000000 -0.045000 0.115000 -0.118000 0.000000 0.000000
13:59:52 148.600006 -112.849998 0.000000 64.269997 300.182007 59.430000 20.490999 -11.580000 7.507500 1471416.709000 452246.721000 13.309608 80.559090 0.000000 -0.045000 0.115000 -0.118000 0.000000 0.000000
13:59:52 148.600006 -112.849998 0.000000 64.269997 300.182007 59.430000 20.490999 -11.580000 7.507500 1471416.816000 452246.740000 13.309608 80.559090 0.000000 -0.045000 0.115000 -0.118000 0.000000 0.000000
13:59:53 148.600006 -112.849998 0.000000 64.269997 300.182007 59.430000 20.490999 -11.580000 7.507500 1471416.924000 452246.760000 13.309608 80.559090 0.000000 -0.045000 0.115000 -0.118000 0.000000 0.000000
13:59:53 148.600006 -112.849998 0.000000 64.269997 300.182007 59.430000 20.490999 -11.580000 7.507500 1471417.031000 452246.779000 13.309608 80.559090 0.000000 -0.045000 0.115000 -0.118000 0.000000 0.000000
13:59:53 148.600006 -112.849998 0.000000 64.269997 300.182007 59.430000 20.490999 -11.580000 7.507500 1471417.139000 452246.799000 13.309608 80.559090 0.000000 -0.045000 0.115000 -0.118000 0.000000 0.000000
13:59:53 148.600006 -112.849998 0.000000 64.269997 300.182007 59.430000 20.490999 -11.580000 7.507500 1471417.070000 452245.067000 13.309608 80.559090 0.000000 -0.045000 0.115000 -0.118000 0.000000 0.000000
13:59:53 148.600006 -112.849998 0.000000 64.269997 300.182007 59.430000 20.490999 -11.580000 7.507500 1471417.178000 452245.086000 13.309608 80.559090 0.000000 -0.045000 0.115000 -0.118000 0.000000 0.000000
13:59:54 148.600006 -112.849998 0.000000 64.269997 300.023010 59.430000 20.593000 -11.580000 7.562500 0.003000 0.003500 13.309611 80.559059 0.000000 -0.045000 0.115000 -0.118000 0.000000 0.000000
13:59:54 148.600006 -112.849998 0.000000 64.269997 300.023010 59.430000 20.593000 -11.580000 7.562500 1471417.500000 452245.145000 13.309612 80.559059 0.000000 -0.045000 0.115000 -0.118000 0.000000 0.000000
13:59:54 148.600006 -112.849998 0.000000 64.269997 300.023010 59.430000 20.593000 -11.580000 7.562500 1471417.368000 452243.529000 13.309613 80.559059 0.000000 -0.045000 0.115000 -0.118000 0.000000 0.000000
13:59:54 148.600006 -112.849998 0.000000 64.269997 300.023010 59.430000 20.593000 -11.580000 7.562500 1471417.476000 452243.548000 13.309613 80.559059 0.000000 -0.045000 0.115000 -0.118000 0.000000 0.000000
13:59:55 148.600006 -112.849998 0.000000 64.269997 300.023010 59.430000 20.593000 -11.580000 7.562500 1471417.583000 452243.568000 13.309613 80.559059 0.000000 -0.045000 0.115000 -0.118000 0.000000 0.000000
13:59:55 148.600006 -112.849998 0.000000 64.269997 300.023010 59.430000 20.593000 -11.580000 7.562500 1471417.690000 452243.587000 13.309613 80.559059 0.000000 -0.045000 0.115000 -0.118000 0.000000 0.000000
13:59:55 148.600006 -112.849998 0.000000 64.269997 300.023010 59.430000 20.593000 -11.580000 7.562500 1471417.798000 452243.607000 13.309613 80.559059 0.000000 -0.045000 0.115000 -0.118000 0.000000 0.000000
13:59:55 148.600006 -112.849998 0.000000 64.269997 300.023010 59.430000 20.593000 -11.580000 7.562500 1471417.603000 452240.790000 13.309613 80.559059 0.000000 -0.045000 0.115000 -0.118000 0.000000 0.000000
13:59:55 148.600006 -112.849998 0.000000 64.269997 300.023010 59.430000 20.593000 -11.580000 7.562500 1471417.710000 452240.810000 13.309613 80.559059 0.000000 -0.045000 0.115000 -0.118000 0.000000 0.000000
13:59:56 148.600006 -112.849998 0.000000 64.269997 300.023010 59.430000 20.593000 -11.580000 7.562500 0.003000 0.003000 13.309613 80.559059 0.000000 -0.045000 0.115000 -0.118000 0.000000 0.000000
13:59:56 148.600006 -112.849998 0.000000 64.269997 299.700989 59.430000 20.761999 -11.580000 7.405500 0.003000 0.003000 13.309619 80.559036 0.000000 -0.045000 0.115000 -0.118000 0.000000 0.000000
13:59:56 148.600006 -112.849998 0.000000 64.269997 299.669006 59.430000 20.777000 -11.580000 7.406500 1471418.162000 452240.905000 13.309620 80.559036 0.000000 -0.045000 0.115000 -0.118000 0.000000 0.000000
13:59:56 148.600006 -112.849998 0.000000 64.269997 299.669006 59.430000 20.777000 -11.580000 7.406500 1471418.269000 452240.925000 13.309620 80.559036 0.000000 -0.045000 0.115000 -0.118000 0.000000 0.000000
13:59:57 148.600006 -112.849998 0.000000 64.269997 299.572998 59.430000 20.823000 -11.580000 7.495500 0.003000 0.003000 13.309622 80.559021 0.000000 -0.045000 0.115000 -0.118000 0.000000 0.000000
13:59:57 148.600006 -112.849998 0.000000 64.269997 299.572998 59.430000 20.837999 -11.580000 7.554500 1471418.591000 452240.983000 13.309623 80.559021 0.000000 -0.045000 0.115000 -0.118000 0.000000 0.000000
13:59:57 148.600006 -112.849998 0.000000 64.269997 299.572998 59.430000 20.837999 -11.580000 7.554500 1471418.344000 452238.154000 13.309622 80.559013 0.000000 -0.045000 0.115000 -0.118000 0.000000 0.000000
13:59:57 148.500000 -112.849998 0.000000 64.269997 299.572998 59.430000 20.837999 -11.580000 7.554500 1471418.451000 452238.173000 13.309623 80.559013 0.000000 -0.045000 0.115000 -0.118000 0.000000 0.000000
13:59:58 148.500000 -112.849998 0.000000 64.269997 299.572998 59.430000 20.837999 -11.580000 7.554500 1471418.559000 452238.193000 13.309623 80.559013 0.000000 -0.045000 0.115000 -0.118000 0.000000 0.000000
13:59:58 148.500000 -112.849998 0.000000 64.269997 299.572998 59.430000 20.837999 -11.580000 7.554500 1471418.666000 452238.212000 13.309623 80.559013 0.000000 -0.045000 0.115000 -0.118000 0.000000 0.000000
13:59:58 148.500000 -112.849998 0.000000 64.269997 299.572998 59.430000 20.837999 -11.580000 7.554500 1471418.773000 452238.232000 13.309623 80.559013 0.000000 -0.045000 0.115000 -0.118000 0.000000 0.000000
13:59:58 148.500000 -112.849998 0.000000 64.269997 299.572998 59.430000 20.837999 -11.580000 7.554500 1471418.881000 452238.251000 13.309623 80.559013 0.000000 -0.045000 0.115000 -0.118000 0.000000 0.000000
13:59:58 148.500000 -112.849998 0.000000 64.269997 299.572998 59.430000 20.837999 -11.580000 7.554500 0.003000 0.003800 13.309623 80.559013 0.000000 -0.045000 0.115000 -0.118000 0.000000 0.000000
13:59:59 148.500000 -112.849998 0.000000 64.269997 299.259003 59.430000 20.971001 -11.580000 7.963500 0.003000 0.003800 13.309628 80.558998 0.000000 -0.045000 0.115000 -0.118000 0.000000 0.000000
13:59:59 148.500000 -112.849998 0.000000 64.269997 299.259003 59.430000 20.988001 -11.580000 8.052500 1471419.333000 452238.334000 13.309628 80.558998 0.000000 -0.045000 0.115000 -0.118000 0.000000 0.000000
13:59:59 148.500000 -112.849998 0.000000 64.269997 299.259003 59.430000 20.988001 -11.580000 8.052500 1471419.440000 452238.354000 13.309629 80.558998 0.000000 -0.045000 0.115000 -0.118000 0.000000 0.000000
13:59:59 148.500000 -112.849998 0.000000 64.269997 299.259003 59.430000 20.988001 -11.580000 8.052500 1471419.108000 452235.640000 13.309628 80.558990 0.000000 -0.045000 0.115000 -0.118000 0.000000 0.000000
14:00:00 148.500000 -112.849998 0.000000 64.269997 299.259003 59.430000 20.988001 -11.580000 8.052500 1471419.215000 452235.659000 13.309628 80.558990 0.000000 -0.045000 0.115000 -0.118000 0.000000 0.000000
14:00:00 148.500000 -112.849998 0.000000 64.269997 299.259003 59.430000 20.988001 -11.580000 8.052500 1471419.323000 452235.679000 13.309628 80.558990 0.000000 -0.045000 0.115000 -0.118000 0.000000 0.000000
14:00:00 148.500000 -112.849998 0.000000 64.269997 299.259003 59.430000 20.988001 -11.580000 8.052500 1471419.430000 452235.698000 13.309628 80.558990 0.000000 -0.045000 0.115000 -0.118000 0.000000 0.000000
14:00:00 148.500000 -112.849998 0.000000 64.269997 299.259003 59.430000 20.988001 -11.580000 8.052500 1471419.538000 452235.718000 13.309628 80.558990 0.000000 -0.045000 0.115000 -0.118000 0.000000 0.000000
14:00:00 148.500000 -112.849998 0.000000 64.269997 299.259003 59.430000 20.988001 -11.580000 8.052500 1471419.674000 452235.742000 13.309628 80.558990 0.000000 -0.045000 0.115000 -0.118000 0.000000 0.000000
14:00:01 148.500000 -112.849998 0.000000 64.269997 298.960999 59.430000 21.136000 -11.580000 7.705500 0.003000 0.003500 13.309634 80.558975 0.000000 -0.045000 0.115000 -0.118000 0.000000 0.000000
14:00:01 148.399994 -112.849998 0.000000 64.269997 298.960999 59.430000 21.136000 -11.580000 7.705500 1471419.996000 452235.801000 13.309635 80.558975 0.000000 -0.045000 0.115000 -0.118000 0.000000 0.000000
14:00:01 148.399994 -112.849998 0.000000 64.269997 298.960999 59.430000 21.136000 -11.580000 7.705500 1471420.104000 452235.820000 13.309636 80.558975 0.000000 -0.045000 0.115000 -0.118000 0.000000 0.000000
14:00:01 148.399994 -112.849998 0.000000 64.269997 298.960999 59.430000 21.136000 -11.580000 7.705500 1471419.931000 452233.378000 13.309636 80.558975 0.000000 -0.045000 0.115000 -0.118000 0.000000 0.000000
14:00:02 148.399994 -112.849998 0.000000 64.269997 298.960999 59.430000 21.136000 -11.580000 7.705500 1471420.038000 452233.397000 13.309636 80.558975 0.000000 -0.045000 0.115000 -0.118000 0.000000 0.000000
14:00:02 148.500000 -112.849998 0.000000 64.269997 298.960999 59.430000 21.136000 -11.580000 7.705500 1471420.145000 452233.417000 13.309636 80.558975 0.000000 -0.045000 0.115000 -0.118000 0.000000 0.000000
14:00:02 148.500000 -112.849998 0.000000 64.269997 298.960999 59.430000 21.136000 -11.580000 7.705500 1471420.253000 452233.436000 13.309636 80.558975 0.000000 -0.045000 0.115000 -0.118000 0.000000 0.000000
14:00:02 148.500000 -112.849998 0.000000 64.269997 298.960999 59.430000 21.136000 -11.580000 7.705500 1471420.360000 452233.456000 13.309636 80.558975 0.000000 -0.045000 0.115000 -0.118000 0.000000 0.000000
14:00:02 148.500000 -112.849998 0.000000 64.269997 298.960999 59.430000 21.136000 -11.580000 7.705500 1471420.498000 452233.493000 13.309636 80.558975 0.000000 -0.045000 0.115000 -0.118000 0.000000 0.000000
14:00:03 148.399994 -112.849998 0.000000 64.269997 298.760986 59.430000 21.302000 -11.580000 7.348500 0.003000 0.003300 13.309641 80.558960 0.000000 -0.045000 0.115000 -0.118000 0.000000 0.000000
14:00:03 148.399994 -112.849998 0.000000 64.269997 298.760986 59.430000 21.302000 -11.580000 7.348500 1471420.820000 452233.559000 13.309642 80.558960 0.000000 -0.045000 0.115000 -0.118000 0.000000 0.000000
14:00:03 148.399994 -112.849998 0.000000 64.269997 298.760986 59.430000 21.302000 -11.580000 7.348500 1471420.927000 452233.581000 13.309643 80.558960 0.000000 -0.045000 0.115000 -0.118000 0.000000 0.000000
14:00:03 148.399994 -112.849998 0.000000 64.269997 298.760986 59.430000 21.302000 -11.580000 7.348500 1471420.702000 452231.104000 13.309643 80.558960 0.000000 -0.045000 0.115000 -0.118000 0.000000 0.000000
14:00:04 148.399994 -112.849998 0.000000 64.269997 298.760986 59.430000 21.302000 -11.580000 7.348500 1471420.809000 452231.126000 13.309643 80.558960 0.000000 -0.045000 0.115000 -0.118000 0.000000 0.000000
14:00:04 148.399994 -112.849998 0.000000 64.269997 298.760986 59.430000 21.302000 -11.580000 7.348500 1471420.916000 452231.148000 13.309643 80.558960 0.000000 -0.045000 0.115000 -0.118000 0.000000 0.000000
14:00:04 148.399994 -112.849998 0.000000 64.269997 298.760986 59.430000 21.302000 -11.580000 7.348500 1471421.024000 452231.170000 13.309643 80.558960 0.000000 -0.045000 0.115000 -0.118000 0.000000 0.000000
14:00:04 148.399994 -112.849998 0.000000 64.269997 298.760986 59.430000 21.302000 -11.580000 7.348500 1471421.131000 452231.192000 13.309643 80.558960 0.000000 -0.045000 0.115000 -0.118000 0.000000 0.000000
14:00:04 148.300003 -112.849998 0.000000 64.269997 298.760986 59.430000 21.302000 -11.580000 7.348500 1471420.973000 452229.785000 13.309643 80.558960 0.000000 -0.045000 0.115000 -0.118000 0.000000 0.000000
14:00:05 148.300003 -112.849998 0.000000 64.269997 298.760986 59.430000 21.302000 -11.580000 7.348500 0.003000 0.003900 13.309643 80.558960 0.000000 -0.045000 0.115000 -0.118000 0.000000 0.000000
14:00:05 148.300003 -112.849998 0.000000 64.269997 298.630005 59.430000 21.531000 -11.580000 7.553500 0.003000 0.003900 13.309649 80.558937 0.000000 -0.045000 0.115000 -0.118000 0.000000 0.000000
14:00:05 148.300003 -112.849998 0.000000 64.269997 298.617004 59.430000 21.552000 -11.580000 7.512500 1471421.403000 452229.873000 13.309649 80.558937 0.000000 -0.045000 0.115000 -0.118000 0.000000 0.000000
14:00:05 148.300003 -112.849998 0.000000 64.269997 298.617004 59.430000 21.552000 -11.580000 7.512500 0.003000 0.003900 13.309649 80.558937 0.000000 -0.045000 0.115000 -0.118000 0.000000 0.000000
14:00:06 148.300003 -112.849998 0.000000 64.269997 298.579010 59.430000 21.621000 -11.580000 7.646500 0.003000 0.003900 13.309650 80.558922 0.000000 -0.045000 0.115000 -0.118000 0.000000 0.000000
14:00:06 148.300003 -112.849998 0.000000 64.269997 298.579010 59.430000 21.621000 -11.580000 7.646500 1471421.627000 452228.533000 13.309651 80.558922 0.000000 -0.045000 0.115000 -0.118000 0.000000 0.000000
14:00:06 148.300003 -112.849998 0.000000 64.269997 298.579010 59.430000 21.621000 -11.580000 7.646500 1471421.735000 452228.555000 13.309650 80.558907 0.000000 -0.045000 0.115000 -0.118000 0.000000 0.000000
14:00:06 148.300003 -112.849998 0.000000 64.269997 298.579010 59.430000 21.621000 -11.580000 7.646500 1471421.633000 452227.135000 13.309650 80.558907 0.000000 -0.045000 0.115000 -0.118000 0.000000 0.000000
14:00:07 148.300003 -112.849998 0.000000 64.269997 298.579010 59.430000 21.621000 -11.580000 7.646500 1471421.740000 452227.157000 13.309650 80.558907 0.000000 -0.045000 0.115000 -0.118000 0.000000 0.000000
14:00:07 148.300003 -112.849998 0.000000 64.269997 298.579010 59.430000 21.621000 -11.580000 7.646500 1471421.848000 452227.179000 13.309650 80.558907 0.000000 -0.045000 0.115000 -0.118000 0.000000 0.000000
14:00:07 148.300003 -112.849998 0.000000 64.269997 298.579010 59.430000 21.621000 -11.580000 7.646500 1471421.955000 452227.201000 13.309650 80.558907 0.000000 -0.045000 0.115000 -0.118000 0.000000 0.000000
14:00:07 148.300003 -112.849998 0.000000 64.269997 298.579010 59.430000 21.621000 -11.580000 7.646500 1471422.062000 452227.223000 13.309650 80.558907 0.000000 -0.045000 0.115000 -0.118000 0.000000 0.000000
14:00:07 148.300003 -112.849998 0.000000 64.269997 298.579010 59.430000 21.621000 -11.580000 7.646500 1471422.192000 452227.250000 13.309650 80.558907 0.000000 -0.045000 0.115000 -0.118000 0.000000 0.000000
14:00:08 148.300003 -112.849998 0.000000 64.269997 298.437988 59.430000 21.837000 -11.580000 7.864500 0.003000 0.003700 13.309656 80.558899 0.000000 -0.045000 0.115000 -0.118000 0.000000 0.000000
14:00:08 148.300003 -112.849998 0.000000 64.269997 298.437988 59.430000 21.837000 -11.580000 7.864500 1471422.514000 452227.316000 13.309657 80.558899 0.000000 -0.045000 0.115000 -0.118000 0.000000 0.000000
14:00:08 148.300003 -112.849998 0.000000 64.269997 298.437988 59.430000 21.837000 -11.580000 7.864500 1471422.622000 452227.338000 13.309658 80.558899 0.000000 -0.045000 0.115000 -0.118000 0.000000 0.000000
14:00:08 148.300003 -112.849998 0.000000 64.269997 298.437988 59.430000 21.837000 -11.580000 7.864500 1471422.729000 452227.360000 13.309658 80.558899 0.000000 -0.045000 0.115000 -0.118000 0.000000 0.000000
14:00:09 148.300003 -112.849998 0.000000 64.269997 298.368988 59.430000 21.933001 -11.580000 8.135500 0.003000 0.003700 13.309660 80.558884 0.000000 -0.045000 0.115000 -0.118000 0.000000 0.000000
14:00:09 148.300003 -112.849998 0.000000 64.269997 298.368988 59.430000 21.933001 -11.580000 8.135500 1471422.653000 452224.706000 13.309661 80.558884 0.000000 -0.045000 0.115000 -0.118000 0.000000 0.000000
14:00:09 148.300003 -112.849998 0.000000 64.269997 298.368988 59.430000 21.933001 -11.580000 8.135500 1471422.761000 452224.728000 13.309662 80.558891 0.000000 -0.045000 0.115000 -0.118000 0.000000 0.000000
14:00:09 148.300003 -112.849998 0.000000 64.269997 298.368988 59.430000 21.933001 -11.580000 8.135500 1471422.868000 452224.750000 13.309662 80.558891 0.000000 -0.045000 0.115000 -0.118000 0.000000 0.000000
14:00:10 148.199997 -112.849998 0.000000 64.269997 298.368988 59.430000 21.933001 -11.580000 8.135500 1471422.997000 452224.790000 13.309662 80.558891 0.000000 -0.045000 0.115000 -0.118000 0.000000 0.000000
14:00:10 148.199997 -112.849998 0.000000 64.269997 298.368988 59.430000 21.933001 -11.580000 8.135500 1471423.104000 452224.812000 13.309662 80.558891 0.000000 -0.045000 0.115000 -0.118000 0.000000 0.000000
14:00:10 148.199997 -112.849998 0.000000 64.269997 298.368988 59.430000 21.933001 -11.580000 8.135500 1471423.211000 452224.836000 13.309662 80.558891 0.000000 -0.045000 0.115000 -0.118000 0.000000 0.000000
14:00:10 148.199997 -112.849998 0.000000 64.269997 298.368988 59.430000 21.933001 -11.580000 8.135500 1471423.319000 452224.861000 13.309662 80.558891 0.000000 -0.045000 0.115000 -0.118000 0.000000 0.000000
14:00:10 148.199997 -112.849998 0.000000 64.269997 298.368988 59.430000 21.933001 -11.580000 8.135500 0.003000 0.003400 13.309662 80.558891 0.000000 -0.045000 0.115000 -0.118000 0.000000 0.000000
14:00:11 148.199997 -112.849998 0.000000 64.269997 298.261993 59.430000 22.108999 -11.580000 8.835500 0.003000 0.003400 13.309666 80.558861 0.000000 -0.045000 0.115000 -0.118000 0.000000 0.000000
14:00:11 148.199997 -112.849998 0.000000 64.269997 298.261993 59.430000 22.108999 -11.580000 8.835500 1471423.346000 452222.240000 13.309667 80.558861 0.000000 -0.045000 0.115000 -0.118000 0.000000 0.000000
14:00:11 148.199997 -112.849998 0.000000 64.269997 298.261993 59.430000 22.108999 -11.580000 8.835500 1471423.454000 452222.265000 13.309666 80.558853 0.000000 -0.045000 0.115000 -0.118000 0.000000 0.000000
14:00:11 148.199997 -112.849998 0.000000 64.269997 298.261993 59.430000 22.108999 -11.580000 8.835500 1471423.561000 452222.289000 13.309666 80.558853 0.000000 -0.045000 0.115000 -0.118000 0.000000 0.000000
14:00:12 148.199997 -112.849998 0.000000 64.269997 298.261993 59.430000 22.108999 -11.580000 8.835500 1471423.494000 452221.057000 13.309666 80.558853 0.000000 -0.045000 0.115000 -0.118000 0.000000 0.000000
14:00:12 148.199997 -112.849998 0.000000 64.269997 298.261993 59.430000 22.108999 -11.580000 8.835500 1471423.601000 452221.081000 13.309666 80.558853 0.000000 -0.045000 0.115000 -0.118000 0.000000 0.000000
14:00:12 148.199997 -112.849998 0.000000 64.269997 298.261993 59.430000 22.108999 -11.580000 8.835500 1471423.708000 452221.106000 13.309666 80.558853 0.000000 -0.045000 0.115000 -0.118000 0.000000 0.000000
14:00:12 148.199997 -112.849998 0.000000 64.269997 298.261993 59.430000 22.108999 -11.580000 8.835500 1471423.816000 452221.130000 13.309666 80.558853 0.000000 -0.045000 0.115000 -0.118000 0.000000 0.000000
14:00:12 148.199997 -112.849998 0.000000 64.269997 298.261993 59.430000 22.108999 -11.580000 8.835500 1471423.923000 452221.154000 13.309666 80.558853 0.000000 -0.045000 0.115000 -0.118000 0.000000 0.000000
14:00:13 148.199997 -112.849998 0.000000 64.269997 298.231995 59.430000 22.226999 -11.580000 8.314500 0.003000 0.003100 13.309672 80.558846 0.000000 -0.045000 0.115000 -0.118000 0.000000 0.000000
14:00:13 148.199997 -112.849998 0.000000 64.269997 298.231995 59.430000 22.226999 -11.580000 8.314500 1471424.055000 452219.993000 13.309673 80.558846 0.000000 -0.045000 0.115000 -0.118000 0.000000 0.000000
14:00:13 148.199997 -112.849998 0.000000 64.269997 298.231995 59.430000 22.226999 -11.580000 8.314500 1471424.163000 452220.018000 13.309672 80.558830 0.000000 -0.045000 0.115000 -0.118000 0.000000 0.000000
14:00:13 148.199997 -112.849998 0.000000 64.269997 298.231995 59.430000 22.226999 -11.580000 8.314500 1471424.270000 452220.042000 13.309672 80.558830 0.000000 -0.045000 0.115000 -0.118000 0.000000 0.000000
14:00:14 148.199997 -112.849998 0.000000 64.269997 298.231995 59.430000 22.226999 -11.580000 8.314500 1471424.178000 452218.871000 13.309672 80.558830 0.000000 -0.045000 0.115000 -0.118000 0.000000 0.000000
14:00:14 148.199997 -112.849998 0.000000 64.269997 298.231995 59.430000 22.226999 -11.580000 8.314500 1471424.286000 452218.895000 13.309672 80.558830 0.000000 -0.045000 0.115000 -0.118000 0.000000 0.000000
14:00:14 148.199997 -112.849998 0.000000 64.269997 298.231995 59.430000 22.226999 -11.580000 8.314500 1471424.393000 452218.920000 13.309672 80.558830 0.000000 -0.045000 0.115000 -0.118000 0.000000 0.000000
14:00:14 148.199997 -112.849998 0.000000 64.269997 298.231995 59.430000 22.226999 -11.580000 8.314500 1471424.500000 452218.944000 13.309672 80.558830 0.000000 -0.045000 0.115000 -0.118000 0.000000 0.000000
14:00:14 148.199997 -112.849998 0.000000 64.269997 298.231995 59.430000 22.226999 -11.580000 8.314500 1471424.608000 452218.969000 13.309672 80.558830 0.000000 -0.045000 0.115000 -0.118000 0.000000 0.000000
14:00:15 148.100006 -112.849998 0.000000 64.269997 298.377014 59.430000 22.278000 -11.580000 8.347500 0.003000 0.003800 13.309677 80.558823 0.000000 -0.045000 0.115000 -0.118000 0.000000 0.000000
14:00:15 148.100006 -112.849998 0.000000 64.269997 298.399994 59.430000 22.281000 -11.580000 8.392500 1471424.647000 452217.833000 13.309678 80.558823 0.000000 -0.045000 0.115000 -0.118000 0.000000 0.000000
14:00:15 148.100006 -112.849998 0.000000 64.269997 298.424988 59.430000 22.284000 -11.580000 8.358500 1471424.755000 452217.858000 13.309677 80.558815 0.000000 -0.045000 0.115000 -0.118000 0.000000 0.000000
14:00:15 148.100006 -112.849998 0.000000 64.269997 298.424988 59.430000 22.284000 -11.580000 8.358500 1471424.862000 452217.882000 13.309677 80.558815 0.000000 -0.045000 0.115000 -0.118000 0.000000 0.000000
14:00:16 148.100006 -112.849998 0.000000 64.269997 298.424988 59.430000 22.284000 -11.580000 8.358500 1471424.738000 452216.827000 13.309677 80.558815 0.000000 -0.045000 0.115000 -0.118000 0.000000 0.000000
14:00:16 148.100006 -112.849998 0.000000 64.269997 298.424988 59.430000 22.284000 -11.580000 8.358500 1471424.846000 452216.852000 13.309677 80.558815 0.000000 -0.045000 0.115000 -0.118000 0.000000 0.000000
14:00:16 148.100006 -112.849998 0.000000 64.269997 298.424988 59.430000 22.284000 -11.580000 8.358500 1471424.953000 452216.876000 13.309677 80.558815 0.000000 -0.045000 0.115000 -0.118000 0.000000 0.000000
14:00:16 148.100006 -112.849998 0.000000 64.269997 298.424988 59.430000 22.284000 -11.580000 8.358500 1471425.061000 452216.900000 13.309677 80.558815 0.000000 -0.045000 0.115000 -0.118000 0.000000 0.000000
14:00:16 148.000000 -112.849998 0.000000 64.269997 298.424988 59.430000 22.284000 -11.580000 8.358500 1471425.168000 452216.925000 13.309677 80.558815 0.000000 -0.045000 0.115000 -0.118000 0.000000 0.000000
14:00:17 148.000000 -112.849998 0.000000 64.269997 298.649994 59.430000 22.318001 -11.580000 8.753500 0.003000 0.003600 13.309682 80.558807 0.000000 -0.045000 0.115000 -0.118000 0.000000 0.000000
14:00:17 148.000000 -112.849998 0.000000 64.269997 298.681000 59.430000 22.329000 -11.580000 8.801500 1471425.189000 452215.893000 13.309684 80.558807 0.000000 -0.045000 0.115000 -0.118000 0.000000 0.000000
14:00:17 148.000000 -112.849998 0.000000 64.269997 298.713013 59.430000 22.341999 -11.580000 8.846500 1471425.297000 452215.917000 13.309685 80.558807 0.000000 -0.045000 0.115000 -0.118000 0.000000 0.000000
14:00:17 148.000000 -112.849998 0.000000 64.269997 298.713013 59.430000 22.341999 -11.580000 8.846500 1471425.404000 452215.942000 13.309685 80.558807 0.000000 -0.045000 0.115000 -0.118000 0.000000 0.000000
14:00:18 148.000000 -112.849998 0.000000 64.269997 298.713013 59.430000 22.341999 -11.580000 8.846500 1471425.245000 452214.757000 13.309685 80.558807 0.000000 -0.045000 0.115000 -0.118000 0.000000 0.000000
14:00:18 148.000000 -112.849998 0.000000 64.269997 298.713013 59.430000 22.341999 -11.580000 8.846500 1471425.362000 452214.782000 13.309685 80.558807 0.000000 -0.045000 0.115000 -0.118000 0.000000 0.000000
14:00:18 148.000000 -112.849998 0.000000 64.269997 298.713013 59.430000 22.341999 -11.580000 8.846500 1471425.479000 452214.806000 13.309685 80.558807 0.000000 -0.045000 0.115000 -0.118000 0.000000 0.000000
14:00:18 148.000000 -112.849998 0.000000 64.269997 298.713013 59.430000 22.341999 -11.580000 8.846500 1471425.597000 452214.831000 13.309685 80.558807 0.000000 -0.045000 0.115000 -0.118000 0.000000 0.000000
14:00:18 148.000000 -112.849998 0.000000 64.269997 298.713013 59.430000 22.341999 -11.580000 8.846500 0.003000 0.003400 13.309685 80.558807 0.000000 -0.045000 0.115000 -0.118000 0.000000 0.000000
14:00:19 148.000000 -112.849998 0.000000 64.269997 299.002014 59.430000 22.552000 -11.580000 9.366500 0.003000 0.003400 13.309688 80.558784 0.000000 -0.045000 0.115000 -0.118000 0.000000 0.000000
14:00:19 147.899994 -112.849998 0.000000 64.269997 299.002014 59.430000 22.552000 -11.580000 9.366500 1471425.824000 452213.965000 13.309689 80.558784 0.000000 -0.045000 0.115000 -0.118000 0.000000 0.000000
14:00:19 147.899994 -112.849998 0.000000 64.269997 299.002014 59.430000 22.552000 -11.580000 9.366500 1471425.941000 452213.990000 13.309690 80.558792 0.000000 -0.045000 0.115000 -0.118000 0.000000 0.000000
14:00:19 147.899994 -112.849998 0.000000 64.269997 299.002014 59.430000 22.552000 -11.580000 9.366500 1471426.058000 452214.014000 13.309690 80.558792 0.000000 -0.045000 0.115000 -0.118000 0.000000 0.000000
14:00:20 147.899994 -112.849998 0.000000 64.269997 299.002014 59.430000 22.552000 -11.580000 9.366500 1471426.175000 452214.038000 13.309690 80.558792 0.000000 -0.045000 0.115000 -0.118000 0.000000 0.000000
14:00:20 147.800003 -112.849998 0.000000 64.269997 299.002014 59.430000 22.552000 -11.580000 9.366500 1471426.154000 452213.345000 13.309690 80.558792 0.000000 -0.045000 0.115000 -0.118000 0.000000 0.000000
14:00:20 147.800003 -112.849998 0.000000 64.269997 299.002014 59.430000 22.552000 -11.580000 9.366500 1471426.271000 452213.370000 13.309690 80.558792 0.000000 -0.045000 0.115000 -0.118000 0.000000 0.000000
14:00:20 147.800003 -112.849998 0.000000 64.269997 299.002014 59.430000 22.552000 -11.580000 9.366500 1471426.389000 452213.394000 13.309690 80.558792 0.000000 -0.045000 0.115000 -0.118000 0.000000 0.000000
14:00:20 147.800003 -112.849998 0.000000 64.269997 299.002014 59.430000 22.552000 -11.580000 9.366500 1471426.506000 452213.418000 13.309690 80.558792 0.000000 -0.045000 0.115000 -0.118000 0.000000 0.000000
14:00:21 147.800003 -112.849998 0.000000 64.269997 299.550995 59.430000 22.923000 -11.580000 9.839500 0.003000 0.003300 13.309696 80.558777 0.000000 -0.045000 0.115000 -0.118000 0.000000 0.000000
14:00:21 147.800003 -112.849998 0.000000 64.269997 299.550995 59.430000 22.923000 -11.580000 9.839500 1471426.754000 452212.826000 13.309697 80.558777 0.000000 -0.045000 0.115000 -0.118000 0.000000 0.000000
14:00:21 147.800003 -112.849998 0.000000 64.269997 299.550995 59.430000 22.923000 -11.580000 9.839500 1471426.872000 452212.850000 13.309698 80.558777 0.000000 -0.045000 0.115000 -0.118000 0.000000 0.000000
14:00:21 147.800003 -112.849998 0.000000 64.269997 299.550995 59.430000 22.923000 -11.580000 9.839500 1471426.989000 452212.875000 13.309698 80.558777 0.000000 -0.045000 0.115000 -0.118000 0.000000 0.000000
14:00:22 147.699997 -112.849998 0.000000 64.269997 299.550995 59.430000 22.923000 -11.580000 9.839500 1471427.106000 452212.899000 13.309698 80.558777 0.000000 -0.045000 0.115000 -0.118000 0.000000 0.000000
14:00:22 147.699997 -112.849998 0.000000 64.269997 299.550995 59.430000 22.923000 -11.580000 9.839500 1471427.143000 452212.348000 13.309698 80.558777 0.000000 -0.045000 0.115000 -0.118000 0.000000 0.000000
14:00:22 147.699997 -112.849998 0.000000 64.269997 299.550995 59.430000 22.923000 -11.580000 9.839500 1471427.264000 452212.372000 13.309698 80.558777 0.000000 -0.045000 0.115000 -0.118000 0.000000 0.000000
14:00:22 147.699997 -112.849998 0.000000 64.269997 299.550995 59.430000 22.923000 -11.580000 9.839500 1471427.391000 452212.397000 13.309698 80.558777 0.000000 -0.045000 0.115000 -0.118000 0.000000 0.000000
14:00:22 147.600006 -112.849998 0.000000 64.269997 299.550995 59.430000 22.923000 -11.580000 9.839500 1471427.518000 452212.421000 13.309698 80.558777 0.000000 -0.045000 0.115000 -0.118000 0.000000 0.000000
14:00:23 147.600006 -112.849998 0.000000 64.269997 299.550995 59.430000 22.923000 -11.580000 9.839500 0.003000 0.003200 13.309698 80.558777 0.000000 -0.045000 0.115000 -0.118000 0.000000 0.000000
14:00:23 147.600006 -112.849998 0.000000 64.269997 300.549011 59.430000 23.098000 -11.580000 9.190500 0.003000 0.003200 13.309708 80.558769 0.000000 -0.045000 0.115000 -0.118000 0.000000 0.000000
14:00:23 147.600006 -112.849998 0.000000 64.269997 300.665009 59.430000 23.097000 -11.580000 9.209500 1471428.004000 452212.279000 13.309709 80.558769 0.000000 -0.045000 0.115000 -0.118000 0.000000 0.000000
14:00:23 147.500000 -112.849998 0.000000 64.269997 300.665009 59.430000 23.097000 -11.580000 9.209500 1471428.131000 452212.304000 13.309709 80.558769 0.000000 -0.045000 0.115000 -0.118000 0.000000 0.000000
14:00:24 147.500000 -112.849998 0.000000 64.269997 300.665009 59.430000 23.097000 -11.580000 9.209500 1471428.258000 452212.328000 13.309709 80.558769 0.000000 -0.045000 0.115000 -0.118000 0.000000 0.000000
14:00:24 147.500000 -112.849998 0.000000 64.269997 300.665009 59.430000 23.097000 -11.580000 9.209500 1471428.386000 452212.113000 13.309709 80.558769 0.000000 -0.045000 0.115000 -0.118000 0.000000 0.000000
14:00:24 147.500000 -112.849998 0.000000 64.269997 300.665009 59.430000 23.097000 -11.580000 9.209500 1471428.513000 452212.137000 13.309709 80.558769 0.000000 -0.045000 0.115000 -0.118000 0.000000 0.000000
14:00:24 147.300003 -112.849998 0.000000 64.269997 300.665009 59.430000 23.097000 -11.580000 9.209500 1471428.640000 452212.162000 13.309709 80.558769 0.000000 -0.045000 0.115000 -0.118000 0.000000 0.000000
14:00:24 147.300003 -112.849998 0.000000 64.269997 300.665009 59.430000 23.097000 -11.580000 9.209500 0.003000 0.003200 13.309709 80.558769 0.000000 -0.045000 0.115000 -0.118000 0.000000 0.000000
14:00:25 147.300003 -112.849998 0.000000 64.269997 301.681000 59.430000 23.150000 -11.580000 9.131500 0.003000 0.003200 13.309717 80.558769 0.000000 -0.045000 0.115000 -0.118000 0.000000 0.000000
14:00:25 147.300003 -112.849998 0.000000 64.269997 301.815002 59.430000 23.174999 -11.580000 9.161500 1471429.090000 452211.852000 13.309718 80.558769 0.000000 -0.045000 0.115000 -0.118000 0.000000 0.000000
14:00:25 147.300003 -112.849998 0.000000 64.269997 301.949005 59.430000 23.205000 -11.580000 9.213500 1471429.217000 452211.876000 13.309720 80.558769 0.000000 -0.045000 0.115000 -0.118000 0.000000 0.000000
14:00:25 147.300003 -112.849998 0.000000 64.269997 301.949005 59.430000 23.205000 -11.580000 9.213500 1471429.344000 452211.901000 13.309720 80.558769 0.000000 -0.045000 0.115000 -0.118000 0.000000 0.000000
14:00:26 147.300003 -112.849998 0.000000 64.269997 301.949005 59.430000 23.205000 -11.580000 9.213500 1471429.471000 452211.925000 13.309720 80.558769 0.000000 -0.045000 0.115000 -0.118000 0.000000 0.000000
14:00:26 147.300003 -112.849998 0.000000 64.269997 301.949005 59.430000 23.205000 -11.580000 9.213500 1471429.466000 452211.658000 13.309720 80.558769 0.000000 -0.045000 0.115000 -0.118000 0.000000 0.000000
14:00:26 147.199997 -112.849998 0.000000 64.269997 301.949005 59.430000 23.205000 -11.580000 9.213500 1471429.593000 452211.682000 13.309720 80.558769 0.000000 -0.045000 0.115000 -0.118000 0.000000 0.000000
14:00:26 147.199997 -112.849998 0.000000 64.269997 301.949005 59.430000 23.205000 -11.580000 9.213500 1471429.720000 452211.707000 13.309720 80.558769 0.000000 -0.045000 0.115000 -0.118000 0.000000 0.000000
14:00:26 147.199997 -112.849998 0.000000 64.269997 301.949005 59.430000 23.205000 -11.580000 9.213500 1471429.847000 452211.731000 13.309720 80.558769 0.000000 -0.045000 0.115000 -0.118000 0.000000 0.000000
14:00:27 147.199997 -112.849998 0.000000 64.269997 302.934998 59.430000 23.554001 -11.580000 9.709500 0.003000 0.003100 13.309728 80.558762 0.000000 -0.045000 0.115000 -0.118000 0.000000 0.000000
14:00:27 147.199997 -112.849998 0.000000 64.269997 303.049011 59.430000 23.610001 -11.580000 9.683500 1471430.190000 452211.475000 13.309729 80.558762 0.000000 -0.045000 0.115000 -0.118000 0.000000 0.000000
14:00:27 147.199997 -112.849998 0.000000 64.269997 303.161011 59.430000 23.665001 -11.580000 9.543500 1471430.317000 452211.499000 13.309730 80.558762 0.000000 -0.045000 0.115000 -0.118000 0.000000 0.000000
14:00:27 147.199997 -112.849998 0.000000 64.269997 303.161011 59.430000 23.665001 -11.580000 9.543500 1471430.444000 452211.523000 13.309730 80.558762 0.000000 -0.045000 0.115000 -0.118000 0.000000 0.000000
14:00:28 147.000000 -112.849998 0.000000 64.269997 303.161011 59.430000 23.665001 -11.580000 9.543500 1471430.571000 452211.548000 13.309730 80.558762 0.000000 -0.045000 0.115000 -0.118000 0.000000 0.000000
14:00:28 147.000000 -112.849998 0.000000 64.269997 303.161011 59.430000 23.665001 -11.580000 9.543500 1471430.613000 452211.384000 13.309730 80.558762 0.000000 -0.045000 0.115000 -0.118000 0.000000 0.000000
14:00:28 147.000000 -112.849998 0.000000 64.269997 303.161011 59.430000 23.665001 -11.580000 9.543500 1471430.740000 452211.411000 13.309730 80.558762 0.000000 -0.045000 0.115000 -0.118000 0.000000 0.000000
14:00:28 147.000000 -112.849998 0.000000 64.269997 303.161011 59.430000 23.665001 -11.580000 9.543500 1471430.867000 452211.438000 13.309730 80.558762 0.000000 -0.045000 0.115000 -0.118000 0.000000 0.000000
14:00:28 147.000000 -112.849998 0.000000 64.269997 303.161011 59.430000 23.665001 -11.580000 9.543500 0.003000 0.003100 13.309730 80.558762 0.000000 -0.045000 0.115000 -0.118000 0.000000 0.000000
14:00:29 146.899994 -112.849998 0.000000 64.269997 304.001007 59.430000 24.129000 -11.580000 8.672500 0.003000 0.003100 13.309738 80.558769 0.000000 -0.045000 0.115000 -0.118000 0.000000 0.000000
14:00:29 146.899994 -112.849998 0.000000 64.269997 304.093994 59.430000 24.183001 -11.580000 8.632500 1471431.413000 452211.642000 13.309739 80.558769 0.000000 -0.045000 0.115000 -0.118000 0.000000 0.000000
14:00:29 146.899994 -112.849998 0.000000 64.269997 304.183990 59.430000 24.236000 -11.580000 8.596500 1471431.540000 452211.669000 13.309739 80.558762 0.000000 -0.045000 0.115000 -0.118000 0.000000 0.000000
14:00:29 146.800003 -112.849998 0.000000 64.269997 304.183990 59.430000 24.236000 -11.580000 8.596500 1471431.666000 452211.696000 13.309739 80.558762 0.000000 -0.045000 0.115000 -0.118000 0.000000 0.000000
14:00:30 146.800003 -112.849998 0.000000 64.269997 304.183990 59.430000 24.236000 -11.580000 8.596500 1471431.793000 452211.723000 13.309739 80.558762 0.000000 -0.045000 0.115000 -0.118000 0.000000 0.000000
14:00:30 146.800003 -112.849998 0.000000 64.269997 304.183990 59.430000 24.236000 -11.580000 8.596500 1471431.920000 452211.749000 13.309739 80.558762 0.000000 -0.045000 0.115000 -0.118000 0.000000 0.000000
14:00:30 146.800003 -112.849998 0.000000 64.269997 304.183990 59.430000 24.236000 -11.580000 8.596500 1471431.923000 452211.588000 13.309739 80.558762 0.000000 -0.045000 0.115000 -0.118000 0.000000 0.000000
14:00:30 146.699997 -112.849998 0.000000 64.269997 304.183990 59.430000 24.236000 -11.580000 8.596500 1471432.050000 452211.615000 13.309739 80.558762 0.000000 -0.045000 0.115000 -0.118000 0.000000 0.000000
14:00:30 146.699997 -112.849998 0.000000 64.269997 304.183990 59.430000 24.236000 -11.580000 8.596500 1471432.177000 452211.642000 13.309739 80.558762 0.000000 -0.045000 0.115000 -0.118000 0.000000 0.000000
14:00:31 146.699997 -112.849998 0.000000 64.269997 304.777008 59.430000 24.597000 -11.580000 9.146500 0.003000 0.003100 13.309747 80.558762 0.000000 -0.045000 0.115000 -0.118000 0.000000 0.000000
14:00:31 146.699997 -112.849998 0.000000 64.269997 304.838989 59.430000 24.631001 -11.580000 9.243500 1471432.362000 452211.458000 13.309748 80.558762 0.000000 -0.045000 0.115000 -0.118000 0.000000 0.000000
14:00:31 146.699997 -112.849998 0.000000 64.269997 304.898010 59.430000 24.662001 -11.580000 9.331500 1471432.489000 452211.484000 13.309748 80.558762 0.000000 -0.045000 0.115000 -0.118000 0.000000 0.000000
14:00:31 146.699997 -112.849998 0.000000 64.269997 304.898010 59.430000 24.662001 -11.580000 9.331500 1471432.616000 452211.511000 13.309748 80.558762 0.000000 -0.045000 0.115000 -0.118000 0.000000 0.000000
14:00:32 146.699997 -112.849998 0.000000 64.269997 304.898010 59.430000 24.662001 -11.580000 9.331500 1471432.743000 452211.538000 13.309748 80.558762 0.000000 -0.045000 0.115000 -0.118000 0.000000 0.000000
14:00:32 146.699997 -112.849998 0.000000 64.269997 304.898010 59.430000 24.662001 -11.580000 9.331500 1471432.870000 452211.565000 13.309748 80.558762 0.000000 -0.045000 0.115000 -0.118000 0.000000 0.000000
14:00:32 146.500000 -112.849998 0.000000 64.269997 304.898010 59.430000 24.662001 -11.580000 9.331500 1471432.817000 452211.210000 13.309748 80.558762 0.000000 -0.045000 0.115000 -0.118000 0.000000 0.000000
14:00:32 146.500000 -112.849998 0.000000 64.269997 304.898010 59.430000 24.662001 -11.580000 9.331500 1471432.944000 452211.237000 13.309748 80.558762 0.000000 -0.045000 0.115000 -0.118000 0.000000 0.000000
14:00:32 146.500000 -112.849998 0.000000 64.269997 304.898010 59.430000 24.662001 -11.580000 9.331500 0.003000 0.003100 13.309748 80.558762 0.000000 -0.045000 0.115000 -0.118000 0.000000 0.000000
14:00:33 146.500000 -112.849998 0.000000 64.269997 305.346985 59.430000 24.855000 -11.580000 9.814500 0.003000 0.003100 13.309756 80.558762 0.000000 -0.045000 0.115000 -0.118000 0.000000 0.000000
14:00:33 146.500000 -112.849998 0.000000 64.269997 305.410004 59.430000 24.878000 -11.580000 9.814500 1471433.362000 452210.899000 13.309757 80.558762 0.000000 -0.045000 0.115000 -0.118000 0.000000 0.000000
14:00:33 146.500000 -112.849998 0.000000 64.269997 305.477997 59.430000 24.900999 -11.580000 9.774500 1471433.489000 452210.926000 13.309758 80.558762 0.000000 -0.045000 0.115000 -0.118000 0.000000 0.000000
14:00:33 146.500000 -112.849998 0.000000 64.269997 305.477997 59.430000 24.900999 -11.580000 9.774500 1471433.618000 452210.953000 13.309758 80.558762 0.000000 -0.045000 0.115000 -0.118000 0.000000 0.000000
14:00:34 146.399994 -112.849998 0.000000 64.269997 305.477997 59.430000 24.900999 -11.580000 9.774500 1471433.754000 452210.979000 13.309758 80.558762 0.000000 -0.045000 0.115000 -0.118000 0.000000 0.000000
14:00:34 146.399994 -112.849998 0.000000 64.269997 305.477997 59.430000 24.900999 -11.580000 9.774500 1471433.891000 452211.006000 13.309758 80.558762 0.000000 -0.045000 0.115000 -0.118000 0.000000 0.000000
14:00:34 146.399994 -112.849998 0.000000 64.269997 305.477997 59.430000 24.900999 -11.580000 9.774500 1471434.041000 452210.975000 13.309758 80.558762 0.000000 -0.045000 0.115000 -0.118000 0.000000 0.000000
14:00:34 146.399994 -112.849998 0.000000 64.269997 305.477997 59.430000 24.900999 -11.580000 9.774500 1471434.178000 452211.002000 13.309758 80.558762 0.000000 -0.045000 0.115000 -0.118000 0.000000 0.000000
14:00:34 146.399994 -112.849998 0.000000 64.269997 305.477997 59.430000 24.900999 -11.580000 9.774500 1471434.314000 452211.029000 13.309758 80.558762 0.000000 -0.045000 0.115000 -0.118000 0.000000 0.000000
14:00:35 146.300003 -112.849998 0.000000 64.269997 306.199005 59.430000 25.087000 -11.580000 9.479500 0.003000 0.003100 13.309768 80.558762 0.000000 -0.045000 0.115000 -0.118000 0.000000 0.000000
14:00:35 146.300003 -112.849998 0.000000 64.269997 306.307007 59.430000 25.110001 -11.580000 9.407500 1471434.713000 452211.309000 13.309770 80.558762 0.000000 -0.045000 0.115000 -0.118000 0.000000 0.000000
14:00:35 146.300003 -112.849998 0.000000 64.269997 306.417999 59.430000 25.132000 -11.580000 9.254500 1471434.850000 452211.336000 13.309771 80.558762 0.000000 -0.045000 0.115000 -0.118000 0.000000 0.000000
14:00:35 146.199997 -112.849998 0.000000 64.269997 306.417999 59.430000 25.132000 -11.580000 9.254500 1471434.987000 452211.363000 13.309771 80.558762 0.000000 -0.045000 0.115000 -0.118000 0.000000 0.000000
14:00:36 146.199997 -112.849998 0.000000 64.269997 306.417999 59.430000 25.132000 -11.580000 9.254500 1471435.124000 452211.390000 13.309771 80.558762 0.000000 -0.045000 0.115000 -0.118000 0.000000 0.000000
14:00:36 146.199997 -112.849998 0.000000 64.269997 306.417999 59.430000 25.132000 -11.580000 9.254500 1471435.260000 452211.419000 13.309771 80.558762 0.000000 -0.045000 0.115000 -0.118000 0.000000 0.000000
14:00:36 146.199997 -112.849998 0.000000 64.269997 306.417999 59.430000 25.132000 -11.580000 9.254500 1471435.244000 452211.501000 13.309771 80.558762 0.000000 -0.045000 0.115000 -0.118000 0.000000 0.000000
14:00:36 146.100006 -112.849998 0.000000 64.269997 306.417999 59.430000 25.132000 -11.580000 9.254500 1471435.381000 452211.531000 13.309771 80.558762 0.000000 -0.045000 0.115000 -0.118000 0.000000 0.000000
14:00:36 146.100006 -112.849998 0.000000 64.269997 306.417999 59.430000 25.132000 -11.580000 9.254500 1471435.518000 452211.560000 13.309771 80.558762 0.000000 -0.045000 0.115000 -0.118000 0.000000 0.000000
14:00:37 146.100006 -112.849998 0.000000 64.269997 307.287994 59.430000 25.302000 -11.580000 8.900500 0.003000 0.003100 13.309778 80.558769 0.000000 -0.045000 0.115000 -0.118000 0.000000 0.000000
14:00:37 146.100006 -112.849998 0.000000 64.269997 307.287994 59.430000 25.302000 -11.580000 8.900500 1471435.804000 452211.616000 13.309779 80.558769 0.000000 -0.045000 0.115000 -0.118000 0.000000 0.000000
14:00:37 146.100006 -112.849998 0.000000 64.269997 307.287994 59.430000 25.302000 -11.580000 8.900500 1471435.940000 452211.645000 13.309780 80.558769 0.000000 -0.045000 0.115000 -0.118000 0.000000 0.000000
14:00:37 146.100006 -112.849998 0.000000 64.269997 307.287994 59.430000 25.302000 -11.580000 8.900500 1471436.077000 452211.674000 13.309780 80.558769 0.000000 -0.045000 0.115000 -0.118000 0.000000 0.000000
14:00:38 146.100006 -112.849998 0.000000 64.269997 307.287994 59.430000 25.302000 -11.580000 8.900500 1471436.214000 452211.704000 13.309780 80.558769 0.000000 -0.045000 0.115000 -0.118000 0.000000 0.000000
14:00:38 146.100006 -112.849998 0.000000 64.269997 307.287994 59.430000 25.302000 -11.580000 8.900500 1471436.351000 452211.733000 13.309780 80.558769 0.000000 -0.045000 0.115000 -0.118000 0.000000 0.000000
14:00:38 145.899994 -112.849998 0.000000 64.269997 307.287994 59.430000 25.302000 -11.580000 8.900500 1471436.330000 452211.575000 13.309780 80.558769 0.000000 -0.045000 0.115000 -0.118000 0.000000 0.000000
14:00:38 145.899994 -112.849998 0.000000 64.269997 307.287994 59.430000 25.302000 -11.580000 8.900500 1471436.467000 452211.604000 13.309780 80.558769 0.000000 -0.045000 0.115000 -0.118000 0.000000 0.000000
14:00:38 145.899994 -112.849998 0.000000 64.269997 307.287994 59.430000 25.302000 -11.580000 8.900500 1471436.604000 452211.634000 13.309780 80.558769 0.000000 -0.045000 0.115000 -0.118000 0.000000 0.000000
14:00:39 145.899994 -112.849998 0.000000 64.269997 307.287994 59.430000 25.302000 -11.580000 8.900500 0.003000 0.003100 13.309780 80.558769 0.000000 -0.045000 0.115000 -0.118000 0.000000 0.000000
14:00:39 145.899994 -112.849998 0.000000 64.269997 308.222992 59.430000 25.601000 -11.580000 9.437500 0.003000 0.003100 13.309789 80.558762 0.000000 -0.045000 0.115000 -0.118000 0.000000 0.000000
14:00:39 145.899994 -112.849998 0.000000 64.269997 308.282990 59.430000 25.627001 -11.580000 9.547500 1471437.008000 452211.422000 13.309790 80.558762 0.000000 -0.045000 0.115000 -0.118000 0.000000 0.000000
14:00:39 145.899994 -112.849998 0.000000 64.269997 308.282990 59.430000 25.627001 -11.580000 9.547500 1471437.145000 452211.451000 13.309790 80.558762 0.000000 -0.045000 0.115000 -0.118000 0.000000 0.000000
14:00:40 145.800003 -112.849998 0.000000 64.269997 308.432007 59.430000 25.724001 -11.580000 9.831500 1471437.282000 452211.480000 13.309792 80.558762 0.000000 -0.045000 0.115000 -0.118000 0.000000 0.000000
14:00:40 145.800003 -112.849998 0.000000 64.269997 308.476013 59.430000 25.756001 -11.580000 9.685500 1471437.555000 452211.539000 13.309793 80.558762 0.000000 -0.045000 0.115000 -0.118000 0.000000 0.000000
14:00:40 145.800003 -112.849998 0.000000 64.269997 308.516998 59.430000 25.790001 -11.580000 9.521500 1471437.502000 452211.226000 13.309794 80.558762 0.000000 -0.045000 0.115000 -0.118000 0.000000 0.000000
14:00:40 145.800003 -112.849998 0.000000 64.269997 308.516998 59.430000 25.790001 -11.580000 9.521500 1471437.639000 452211.255000 13.309794 80.558762 0.000000 -0.045000 0.115000 -0.118000 0.000000 0.000000
14:00:41 145.600006 -112.849998 0.000000 64.269997 308.516998 59.430000 25.790001 -11.580000 9.521500 1471437.776000 452211.286000 13.309794 80.558762 0.000000 -0.045000 0.115000 -0.118000 0.000000 0.000000
14:00:41 145.600006 -112.849998 0.000000 64.269997 308.516998 59.430000 25.790001 -11.580000 9.521500 1471437.913000 452211.318000 13.309794 80.558762 0.000000 -0.045000 0.115000 -0.118000 0.000000 0.000000
14:00:41 145.600006 -112.849998 0.000000 64.269997 308.516998 59.430000 25.790001 -11.580000 9.521500 1471438.049000 452211.350000 13.309794 80.558762 0.000000 -0.045000 0.115000 -0.118000 0.000000 0.000000
14:00:41 145.600006 -112.849998 0.000000 64.269997 308.516998 59.430000 25.790001 -11.580000 9.521500 1471438.043000 452211.122000 13.309794 80.558762 0.000000 -0.045000 0.115000 -0.118000 0.000000 0.000000
14:00:41 145.500000 -112.849998 0.000000 64.269997 308.516998 59.430000 25.790001 -11.580000 9.521500 0.003000 0.003100 13.309794 80.558762 0.000000 -0.045000 0.115000 -0.118000 0.000000 0.000000
14:00:42 145.500000 -112.849998 0.000000 64.269997 308.718994 59.430000 26.160999 -11.580000 9.453500 0.003000 0.003100 13.309801 80.558762 0.000000 -0.045000 0.115000 -0.118000 0.000000 0.000000
14:00:42 145.500000 -112.849998 0.000000 64.269997 308.739990 59.430000 26.215000 -11.580000 9.397500 1471438.590000 452211.249000 13.309802 80.558762 0.000000 -0.045000 0.115000 -0.118000 0.000000 0.000000
14:00:42 145.500000 -112.849998 0.000000 64.269997 308.763000 59.430000 26.268000 -11.580000 9.233500 1471438.528000 452210.965000 13.309804 80.558762 0.000000 -0.045000 0.115000 -0.118000 0.000000 0.000000
14:00:42 145.399994 -112.849998 0.000000 64.269997 308.763000 59.430000 26.268000 -11.580000 9.233500 1471438.665000 452210.997000 13.309804 80.558762 0.000000 -0.045000 0.115000 -0.118000 0.000000 0.000000
14:00:43 145.399994 -112.849998 0.000000 64.269997 308.763000 59.430000 26.268000 -11.580000 9.233500 1471438.801000 452211.030000 13.309804 80.558762 0.000000 -0.045000 0.115000 -0.118000 0.000000 0.000000
14:00:43 145.399994 -112.849998 0.000000 64.269997 308.763000 59.430000 26.268000 -11.580000 9.233500 1471438.938000 452211.064000 13.309804 80.558762 0.000000 -0.045000 0.115000 -0.118000 0.000000 0.000000
14:00:43 145.399994 -112.849998 0.000000 64.269997 308.763000 59.430000 26.268000 -11.580000 9.233500 1471439.075000 452211.098000 13.309804 80.558762 0.000000 -0.045000 0.115000 -0.118000 0.000000 0.000000
14:00:43 145.300003 -112.849998 0.000000 64.269997 308.763000 59.430000 26.268000 -11.580000 9.233500 1471439.069000 452211.223000 13.309804 80.558762 0.000000 -0.045000 0.115000 -0.118000 0.000000 0.000000
14:00:43 145.300003 -112.849998 0.000000 64.269997 308.763000 59.430000 26.268000 -11.580000 9.233500 0.003000 0.003100 13.309804 80.558762 0.000000 -0.045000 0.115000 -0.118000 0.000000 0.000000
14:00:44 145.300003 -112.849998 0.000000 64.269997 308.947998 59.430000 26.768999 -11.580000 8.646500 0.003000 0.003100 13.309811 80.558762 0.000000 -0.045000 0.115000 -0.118000 0.000000 0.000000
14:00:44 145.300003 -112.849998 0.000000 64.269997 308.966003 59.430000 26.841999 -11.580000 8.691500 1471439.616000 452211.359000 13.309812 80.558762 0.000000 -0.045000 0.115000 -0.118000 0.000000 0.000000
14:00:44 145.300003 -112.849998 0.000000 64.269997 308.984009 59.430000 26.915001 -11.580000 8.655500 1471439.562000 452211.401000 13.309813 80.558762 0.000000 -0.045000 0.115000 -0.118000 0.000000 0.000000
14:00:44 145.300003 -112.849998 0.000000 64.269997 308.984009 59.430000 26.915001 -11.580000 8.655500 1471439.699000 452211.435000 13.309813 80.558762 0.000000 -0.045000 0.115000 -0.118000 0.000000 0.000000
14:00:45 145.300003 -112.849998 0.000000 64.269997 308.984009 59.430000 26.915001 -11.580000 8.655500 1471439.836000 452211.472000 13.309813 80.558762 0.000000 -0.045000 0.115000 -0.118000 0.000000 0.000000
14:00:45 145.300003 -112.849998 0.000000 64.269997 308.984009 59.430000 26.915001 -11.580000 8.655500 1471439.973000 452211.508000 13.309813 80.558762 0.000000 -0.045000 0.115000 -0.118000 0.000000 0.000000
14:00:45 145.199997 -112.849998 0.000000 64.269997 308.984009 59.430000 26.915001 -11.580000 8.655500 1471440.109000 452211.545000 13.309813 80.558762 0.000000 -0.045000 0.115000 -0.118000 0.000000 0.000000
14:00:45 145.199997 -112.849998 0.000000 64.269997 308.984009 59.430000 26.915001 -11.580000 8.655500 1471439.511000 452210.455000 13.309813 80.558762 0.000000 -0.045000 0.115000 -0.118000 0.000000 0.000000
14:00:45 145.199997 -112.849998 0.000000 64.269997 308.984009 59.430000 26.915001 -11.580000 8.655500 0.003000 0.003000 13.309813 80.558762 0.000000 -0.045000 0.115000 -0.118000 0.000000 0.000000
14:00:46 145.199997 -112.849998 0.000000 64.269997 309.036011 59.430000 27.527000 -11.580000 9.304500 0.003000 0.003000 13.309816 80.558754 0.000000 -0.045000 0.115000 -0.118000 0.000000 0.000000
14:00:46 145.199997 -112.849998 0.000000 64.269997 309.036011 59.430000 27.527000 -11.580000 9.304500 1471440.058000 452210.600000 13.309817 80.558754 0.000000 -0.045000 0.115000 -0.118000 0.000000 0.000000
14:00:46 145.199997 -112.849998 0.000000 64.269997 309.036011 59.430000 27.527000 -11.580000 9.304500 1471440.201000 452210.634000 13.309819 80.558754 0.000000 -0.045000 0.115000 -0.118000 0.000000 0.000000
14:00:46 145.199997 -112.849998 0.000000 64.269997 309.036011 59.430000 27.527000 -11.580000 9.304500 1471440.337000 452210.670000 13.309819 80.558754 0.000000 -0.045000 0.115000 -0.118000 0.000000 0.000000
14:00:47 145.100006 -112.849998 0.000000 64.269997 309.036011 59.430000 27.527000 -11.580000 9.304500 1471440.474000 452210.707000 13.309819 80.558754 0.000000 -0.045000 0.115000 -0.118000 0.000000 0.000000
14:00:47 145.100006 -112.849998 0.000000 64.269997 309.036011 59.430000 27.527000 -11.580000 9.304500 1471440.611000 452210.744000 13.309819 80.558754 0.000000 -0.045000 0.115000 -0.118000 0.000000 0.000000
14:00:47 145.100006 -112.849998 0.000000 64.269997 309.036011 59.430000 27.527000 -11.580000 9.304500 1471440.748000 452210.780000 13.309819 80.558754 0.000000 -0.045000 0.115000 -0.118000 0.000000 0.000000
14:00:47 145.100006 -112.849998 0.000000 64.269997 309.036011 59.430000 27.527000 -11.580000 9.304500 1471440.053000 452209.003000 13.309819 80.558754 0.000000 -0.045000 0.115000 -0.118000 0.000000 0.000000
14:00:47 145.100006 -112.849998 0.000000 64.269997 309.036011 59.430000 27.527000 -11.580000 9.304500 1471440.190000 452209.040000 13.309819 80.558754 0.000000 -0.045000 0.115000 -0.118000 0.000000 0.000000
14:00:48 145.000000 -112.849998 0.000000 64.269997 309.036011 59.430000 27.527000 -11.580000 9.304500 0.003000 0.003900 13.309819 80.558754 0.000000 -0.045000 0.115000 -0.118000 0.000000 0.000000
14:00:48 145.000000 -112.849998 0.000000 64.269997 308.923004 59.430000 28.274000 -11.580000 9.932500 0.003000 0.003900 13.309823 80.558746 0.000000 -0.045000 0.115000 -0.118000 0.000000 0.000000
14:00:48 145.000000 -112.849998 0.000000 64.269997 308.916992 59.430000 28.334999 -11.580000 9.976500 1471440.751000 452209.194000 13.309824 80.558746 0.000000 -0.045000 0.115000 -0.118000 0.000000 0.000000
14:00:48 145.000000 -112.849998 0.000000 64.269997 308.916992 59.430000 28.334999 -11.580000 9.976500 0.003000 0.003900 13.309824 80.558746 0.000000 -0.045000 0.115000 -0.118000 0.000000 0.000000
14:00:49 145.000000 -112.849998 0.000000 64.269997 308.929993 59.430000 28.509001 -11.580000 9.880500 0.003000 0.003900 13.309824 80.558739 0.000000 -0.045000 0.115000 -0.118000 0.000000 0.000000
14:00:49 145.000000 -112.849998 0.000000 64.269997 308.946014 59.430000 28.566999 -11.580000 9.867500 1471441.298000 452209.341000 13.309825 80.558739 0.000000 -0.045000 0.115000 -0.118000 0.000000 0.000000
14:00:49 144.899994 -112.849998 0.000000 64.269997 308.967987 59.430000 28.625999 -11.580000 9.872500 1471441.435000 452209.377000 13.309826 80.558739 0.000000 -0.045000 0.115000 -0.118000 0.000000 0.000000
14:00:49 144.899994 -112.849998 0.000000 64.269997 308.967987 59.430000 28.625999 -11.580000 9.872500 1471441.166000 452208.453000 13.309826 80.558739 0.000000 -0.045000 0.115000 -0.118000 0.000000 0.000000
14:00:50 144.899994 -112.849998 0.000000 64.269997 309.076996 59.430000 28.798000 -11.580000 9.570500 0.003000 0.003800 13.309827 80.558731 0.000000 -0.045000 0.115000 -0.118000 0.000000 0.000000
14:00:50 144.899994 -112.849998 0.000000 64.269997 309.128998 59.430000 28.855000 -11.580000 9.475500 1471441.576000 452208.564000 13.309828 80.558731 0.000000 -0.045000 0.115000 -0.118000 0.000000 0.000000
14:00:50 144.899994 -112.849998 0.000000 64.269997 309.188995 59.430000 28.913000 -11.580000 9.436500 1471441.713000 452208.603000 13.309830 80.558731 0.000000 -0.045000 0.115000 -0.118000 0.000000 0.000000
14:00:50 144.899994 -112.849998 0.000000 64.269997 309.188995 59.430000 28.913000 -11.580000 9.436500 1471441.514000 452207.819000 13.309830 80.558731 0.000000 -0.045000 0.115000 -0.118000 0.000000 0.000000
14:00:51 144.899994 -112.849998 0.000000 64.269997 309.188995 59.430000 28.913000 -11.580000 9.436500 1471441.651000 452207.858000 13.309830 80.558731 0.000000 -0.045000 0.115000 -0.118000 0.000000 0.000000
14:00:51 144.899994 -112.849998 0.000000 64.269997 309.188995 59.430000 28.913000 -11.580000 9.436500 1471441.788000 452207.897000 13.309830 80.558731 0.000000 -0.045000 0.115000 -0.118000 0.000000 0.000000
14:00:51 144.899994 -112.849998 0.000000 64.269997 309.188995 59.430000 28.913000 -11.580000 9.436500 1471441.924000 452207.937000 13.309830 80.558731 0.000000 -0.045000 0.115000 -0.118000 0.000000 0.000000
14:00:51 144.899994 -112.849998 0.000000 64.269997 309.188995 59.430000 28.913000 -11.580000 9.436500 1471442.061000 452207.976000 13.309830 80.558731 0.000000 -0.045000 0.115000 -0.118000 0.000000 0.000000
14:00:51 144.899994 -112.849998 0.000000 64.269997 309.188995 59.430000 28.913000 -11.580000 9.436500 0.003000 0.003700 13.309830 80.558731 0.000000 -0.045000 0.115000 -0.118000 0.000000 0.000000
14:00:52 144.800003 -112.849998 0.000000 64.269997 309.950989 59.430000 29.289000 -11.580000 8.615500 0.003000 0.003700 13.309834 80.558716 0.000000 -0.045000 0.115000 -0.118000 0.000000 0.000000
14:00:52 144.800003 -112.849998 0.000000 64.269997 310.070007 59.430000 29.322001 -11.580000 8.583500 1471442.316000 452207.254000 13.309834 80.558716 0.000000 -0.045000 0.115000 -0.118000 0.000000 0.000000
14:00:52 144.800003 -112.849998 0.000000 64.269997 310.190002 59.430000 29.351999 -11.580000 8.647500 1471442.453000 452207.296000 13.309835 80.558716 0.000000 -0.045000 0.115000 -0.118000 0.000000 0.000000
14:00:52 144.800003 -112.849998 0.000000 64.269997 310.190002 59.430000 29.351999 -11.580000 8.647500 1471442.227000 452206.368000 13.309835 80.558716 0.000000 -0.045000 0.115000 -0.118000 0.000000 0.000000
14:00:53 144.699997 -112.849998 0.000000 64.269997 310.190002 59.430000 29.351999 -11.580000 8.647500 1471442.363000 452206.410000 13.309835 80.558716 0.000000 -0.045000 0.115000 -0.118000 0.000000 0.000000
14:00:53 144.699997 -112.849998 0.000000 64.269997 310.190002 59.430000 29.351999 -11.580000 8.647500 1471442.500000 452206.451000 13.309835 80.558716 0.000000 -0.045000 0.115000 -0.118000 0.000000 0.000000
14:00:53 144.699997 -112.849998 0.000000 64.269997 310.190002 59.430000 29.351999 -11.580000 8.647500 1471442.637000 452206.493000 13.309835 80.558716 0.000000 -0.045000 0.115000 -0.118000 0.000000 0.000000
14:00:53 144.699997 -112.849998 0.000000 64.269997 310.190002 59.430000 29.351999 -11.580000 8.647500 1471442.773000 452206.534000 13.309835 80.558716 0.000000 -0.045000 0.115000 -0.118000 0.000000 0.000000
14:00:53 144.699997 -112.849998 0.000000 64.269997 310.190002 59.430000 29.351999 -11.580000 8.647500 0.003000 0.003600 13.309835 80.558716 0.000000 -0.045000 0.115000 -0.118000 0.000000 0.000000
14:00:54 144.699997 -112.849998 0.000000 64.269997 311.195007 59.430000 29.378000 -11.580000 8.689500 0.003000 0.003600 13.309837 80.558701 0.000000 -0.045000 0.115000 -0.118000 0.000000 0.000000
14:00:54 144.699997 -112.849998 0.000000 64.269997 311.325989 59.430000 29.360001 -11.580000 8.743500 1471442.840000 452205.559000 13.309838 80.558701 0.000000 -0.045000 0.115000 -0.118000 0.000000 0.000000
14:00:54 144.699997 -112.849998 0.000000 64.269997 311.459991 59.430000 29.339001 -11.580000 8.797500 1471442.977000 452205.601000 13.309836 80.558693 0.000000 -0.045000 0.115000 -0.118000 0.000000 0.000000
14:00:54 144.600006 -112.849998 0.000000 64.269997 311.459991 59.430000 29.339001 -11.580000 8.797500 1471442.270000 452203.339000 13.309836 80.558693 0.000000 -0.045000 0.115000 -0.118000 0.000000 0.000000
14:00:55 144.600006 -112.849998 0.000000 64.269997 311.459991 59.430000 29.339001 -11.580000 8.797500 1471442.407000 452203.380000 13.309836 80.558693 0.000000 -0.045000 0.115000 -0.118000 0.000000 0.000000
14:00:55 144.600006 -112.849998 0.000000 64.269997 311.459991 59.430000 29.339001 -11.580000 8.797500 1471442.543000 452203.422000 13.309836 80.558693 0.000000 -0.045000 0.115000 -0.118000 0.000000 0.000000
14:00:55 144.600006 -112.849998 0.000000 64.269997 311.459991 59.430000 29.339001 -11.580000 8.797500 1471442.680000 452203.463000 13.309836 80.558693 0.000000 -0.045000 0.115000 -0.118000 0.000000 0.000000
14:00:55 144.500000 -112.849998 0.000000 64.269997 311.459991 59.430000 29.339001 -11.580000 8.797500 1471442.817000 452203.505000 13.309836 80.558693 0.000000 -0.045000 0.115000 -0.118000 0.000000 0.000000
14:00:55 144.500000 -112.849998 0.000000 64.269997 311.459991 59.430000 29.339001 -11.580000 8.797500 0.003000 0.003300 13.309836 80.558693 0.000000 -0.045000 0.115000 -0.118000 0.000000 0.000000
14:00:56 144.500000 -112.849998 0.000000 64.269997 312.723999 59.430000 29.069000 -11.580000 8.611500 0.003000 0.003300 13.309843 80.558678 0.000000 -0.045000 0.115000 -0.118000 0.000000 0.000000
14:00:56 144.500000 -112.849998 0.000000 64.269997 312.920990 59.430000 29.032000 -11.580000 8.762500 1471443.381000 452203.680000 13.309844 80.558685 0.000000 -0.045000 0.115000 -0.118000 0.000000 0.000000
14:00:56 144.500000 -112.849998 0.000000 64.269997 313.130005 59.430000 28.995001 -11.580000 8.878500 1471443.518000 452203.720000 13.309843 80.558670 0.000000 -0.045000 0.115000 -0.118000 0.000000 0.000000
14:00:56 144.500000 -112.849998 0.000000 64.269997 313.130005 59.430000 28.995001 -11.580000 8.878500 1471443.022000 452201.369000 13.309843 80.558670 0.000000 -0.045000 0.115000 -0.118000 0.000000 0.000000
14:00:57 144.500000 -112.849998 0.000000 64.269997 313.130005 59.430000 28.995001 -11.580000 8.878500 1471443.159000 452201.408000 13.309843 80.558670 0.000000 -0.045000 0.115000 -0.118000 0.000000 0.000000
14:00:57 144.500000 -112.849998 0.000000 64.269997 313.130005 59.430000 28.995001 -11.580000 8.878500 1471443.295000 452201.447000 13.309843 80.558670 0.000000 -0.045000 0.115000 -0.118000 0.000000 0.000000
14:00:57 144.399994 -112.849998 0.000000 64.269997 313.130005 59.430000 28.995001 -11.580000 8.878500 1471443.432000 452201.486000 13.309843 80.558670 0.000000 -0.045000 0.115000 -0.118000 0.000000 0.000000
14:00:57 144.399994 -112.849998 0.000000 64.269997 313.130005 59.430000 28.995001 -11.580000 8.878500 1471443.569000 452201.525000 13.309843 80.558670 0.000000 -0.045000 0.115000 -0.118000 0.000000 0.000000
14:00:57 144.399994 -112.849998 0.000000 64.269997 313.130005 59.430000 28.995001 -11.580000 8.878500 1471443.749000 452201.573000 13.309843 80.558670 0.000000 -0.045000 0.115000 -0.118000 0.000000 0.000000
14:00:58 144.399994 -112.849998 0.000000 64.269997 315.342010 59.430000 28.712999 -11.580000 7.681500 0.003000 0.003100 13.309852 80.558670 0.000000 -0.045000 0.115000 -0.118000 0.000000 0.000000
14:00:58 144.399994 -112.849998 0.000000 64.269997 315.687988 59.430000 28.688000 -11.580000 7.667500 1471444.178000 452201.690000 13.309853 80.558670 0.000000 -0.045000 0.115000 -0.118000 0.000000 0.000000
14:00:58 144.399994 -112.849998 0.000000 64.269997 316.049011 59.430000 28.660999 -11.580000 7.579500 1471444.315000 452201.729000 13.309855 80.558670 0.000000 -0.045000 0.115000 -0.118000 0.000000 0.000000
14:00:58 144.399994 -112.849998 0.000000 64.269997 316.049011 59.430000 28.660999 -11.580000 7.579500 1471444.116000 452200.214000 13.309855 80.558670 0.000000 -0.045000 0.115000 -0.118000 0.000000 0.000000
14:00:59 144.399994 -112.849998 0.000000 64.269997 316.049011 59.430000 28.660999 -11.580000 7.579500 1471444.253000 452200.253000 13.309855 80.558670 0.000000 -0.045000 0.115000 -0.118000 0.000000 0.000000
14:00:59 144.199997 -112.849998 0.000000 64.269997 316.049011 59.430000 28.660999 -11.580000 7.579500 1471444.390000 452200.292000 13.309855 80.558670 0.000000 -0.045000 0.115000 -0.118000 0.000000 0.000000
14:00:59 144.199997 -112.849998 0.000000 64.269997 316.049011 59.430000 28.660999 -11.580000 7.579500 1471444.526000 452200.331000 13.309855 80.558670 0.000000 -0.045000 0.115000 -0.118000 0.000000 0.000000
14:00:59 144.199997 -112.849998 0.000000 64.269997 316.049011 59.430000 28.660999 -11.580000 7.579500 1471444.663000 452200.370000 13.309855 80.558670 0.000000 -0.045000 0.115000 -0.118000 0.000000 0.000000
14:00:59 144.199997 -112.849998 0.000000 64.269997 316.049011 59.430000 28.660999 -11.580000 7.579500 0.003000 0.003000 13.309855 80.558670 0.000000 -0.045000 0.115000 -0.118000 0.000000 0.000000
14:01:00 144.100006 -112.849998 0.000000 64.269997 319.343994 59.430000 28.438000 -11.580000 5.954500 0.003000 0.003000 13.309862 80.558655 0.000000 -0.045000 0.115000 -0.118000 0.000000 0.000000
14:01:00 144.100006 -112.849998 0.000000 64.269997 319.782013 59.430000 28.408001 -11.580000 6.002500 1471445.250000 452200.535000 13.309863 80.558655 0.000000 -0.045000 0.115000 -0.118000 0.000000 0.000000
14:01:00 144.100006 -112.849998 0.000000 64.269997 320.221008 59.430000 28.381001 -11.580000 6.114500 1471445.386000 452200.574000 13.309865 80.558655 0.000000 -0.045000 0.115000 -0.118000 0.000000 0.000000
14:01:00 143.899994 -112.849998 0.000000 64.269997 320.221008 59.430000 28.381001 -11.580000 6.114500 1471445.523000 452200.613000 13.309865 80.558655 0.000000 -0.045000 0.115000 -0.118000 0.000000 0.000000
14:01:01 143.899994 -112.849998 0.000000 64.269997 320.221008 59.430000 28.381001 -11.580000 6.114500 1471445.305000 452198.891000 13.309865 80.558655 0.000000 -0.045000 0.115000 -0.118000 0.000000 0.000000
14:01:01 143.899994 -112.849998 0.000000 64.269997 320.221008 59.430000 28.381001 -11.580000 6.114500 1471445.442000 452198.929000 13.309865 80.558655 0.000000 -0.045000 0.115000 -0.118000 0.000000 0.000000
14:01:01 143.899994 -112.849998 0.000000 64.269997 320.221008 59.430000 28.381001 -11.580000 6.114500 1471445.579000 452198.965000 13.309865 80.558655 0.000000 -0.045000 0.115000 -0.118000 0.000000 0.000000
14:01:01 143.800003 -112.849998 0.000000 64.269997 320.221008 59.430000 28.381001 -11.580000 6.114500 1471445.715000 452199.002000 13.309865 80.558655 0.000000 -0.045000 0.115000 -0.118000 0.000000 0.000000
14:01:01 143.800003 -112.849998 0.000000 64.269997 320.221008 59.430000 28.381001 -11.580000 6.114500 1471445.852000 452199.039000 13.309865 80.558655 0.000000 -0.045000 0.115000 -0.118000 0.000000 0.000000
14:01:02 143.800003 -112.849998 0.000000 64.269997 323.718994 59.430000 28.039000 -11.580000 5.219500 0.003000 0.003900 13.309872 80.558640 0.000000 -0.045000 0.115000 -0.118000 0.000000 0.000000
14:01:02 143.800003 -112.849998 0.000000 64.269997 324.144012 59.430000 27.990999 -11.580000 5.256500 1471446.284000 452199.154000 13.309873 80.558640 0.000000 -0.045000 0.115000 -0.118000 0.000000 0.000000
14:01:02 143.800003 -112.849998 0.000000 64.269997 324.565002 59.430000 27.945000 -11.580000 5.273500 1471446.421000 452199.191000 13.309875 80.558640 0.000000 -0.045000 0.115000 -0.118000 0.000000 0.000000
14:01:02 143.800003 -112.849998 0.000000 64.269997 324.565002 59.430000 27.945000 -11.580000 5.273500 1471446.558000 452199.226000 13.309875 80.558640 0.000000 -0.045000 0.115000 -0.118000 0.000000 0.000000
14:01:03 143.800003 -112.849998 0.000000 64.269997 324.565002 59.430000 27.945000 -11.580000 5.273500 1471446.481000 452196.688000 13.309875 80.558640 0.000000 -0.045000 0.115000 -0.118000 0.000000 0.000000
14:01:03 143.800003 -112.849998 0.000000 64.269997 324.565002 59.430000 27.945000 -11.580000 5.273500 1471446.618000 452196.722000 13.309875 80.558640 0.000000 -0.045000 0.115000 -0.118000 0.000000 0.000000
14:01:03 143.699997 -112.849998 0.000000 64.269997 324.565002 59.430000 27.945000 -11.580000 5.273500 1471446.754000 452196.756000 13.309875 80.558640 0.000000 -0.045000 0.115000 -0.118000 0.000000 0.000000
14:01:03 143.699997 -112.849998 0.000000 64.269997 324.565002 59.430000 27.945000 -11.580000 5.273500 1471446.891000 452196.790000 13.309875 80.558640 0.000000 -0.045000 0.115000 -0.118000 0.000000 0.000000
14:01:03 143.699997 -112.849998 0.000000 64.269997 324.565002 59.430000 27.945000 -11.580000 5.273500 1471447.028000 452196.825000 13.309875 80.558640 0.000000 -0.045000 0.115000 -0.118000 0.000000 0.000000
14:01:04 143.699997 -112.849998 0.000000 64.269997 327.809998 59.430000 27.615999 -11.580000 4.603500 0.003000 0.003600 13.309882 80.558617 0.000000 -0.045000 0.115000 -0.118000 0.000000 0.000000
14:01:04 143.699997 -112.849998 0.000000 64.269997 327.809998 59.430000 27.615999 -11.580000 4.603500 1471447.323000 452195.459000 13.309883 80.558617 0.000000 -0.045000 0.115000 -0.118000 0.000000 0.000000
14:01:04 143.699997 -112.849998 0.000000 64.269997 327.809998 59.430000 27.615999 -11.580000 4.603500 1471447.460000 452195.490000 13.309884 80.558617 0.000000 -0.045000 0.115000 -0.118000 0.000000 0.000000
14:01:04 143.699997 -112.849998 0.000000 64.269997 327.809998 59.430000 27.615999 -11.580000 4.603500 1471447.597000 452195.522000 13.309884 80.558617 0.000000 -0.045000 0.115000 -0.118000 0.000000 0.000000
14:01:05 143.699997 -112.849998 0.000000 64.269997 327.809998 59.430000 27.615999 -11.580000 4.603500 1471447.735000 452194.294000 13.309884 80.558617 0.000000 -0.045000 0.115000 -0.118000 0.000000 0.000000
14:01:05 143.600006 -112.849998 0.000000 64.269997 327.809998 59.430000 27.615999 -11.580000 4.603500 1471447.872000 452194.325000 13.309884 80.558617 0.000000 -0.045000 0.115000 -0.118000 0.000000 0.000000
14:01:05 143.600006 -112.849998 0.000000 64.269997 327.809998 59.430000 27.615999 -11.580000 4.603500 1471448.008000 452194.357000 13.309884 80.558617 0.000000 -0.045000 0.115000 -0.118000 0.000000 0.000000
14:01:05 143.600006 -112.849998 0.000000 64.269997 327.809998 59.430000 27.615999 -11.580000 4.603500 1471448.145000 452194.389000 13.309884 80.558617 0.000000 -0.045000 0.115000 -0.118000 0.000000 0.000000
14:01:05 143.600006 -112.849998 0.000000 64.269997 327.809998 59.430000 27.615999 -11.580000 4.603500 1471448.282000 452194.420000 13.309884 80.558617 0.000000 -0.045000 0.115000 -0.118000 0.000000 0.000000
14:01:06 143.500000 -112.849998 0.000000 64.269997 331.748993 59.430000 27.360001 -11.580000 3.313500 0.003000 0.003400 13.309895 80.558601 0.000000 -0.045000 0.115000 -0.118000 0.000000 0.000000
14:01:06 143.500000 -112.849998 0.000000 64.269997 332.153015 59.430000 27.318001 -11.580000 3.291500 1471448.753000 452193.477000 13.309896 80.558601 0.000000 -0.045000 0.115000 -0.118000 0.000000 0.000000
14:01:06 143.500000 -112.849998 0.000000 64.269997 332.559998 59.430000 27.273001 -11.580000 3.304500 1471448.899000 452193.509000 13.309897 80.558601 0.000000 -0.045000 0.115000 -0.118000 0.000000 0.000000
14:01:06 143.399994 -112.849998 0.000000 64.269997 332.559998 59.430000 27.273001 -11.580000 3.304500 1471449.046000 452193.540000 13.309897 80.558601 0.000000 -0.045000 0.115000 -0.118000 0.000000 0.000000
14:01:07 143.399994 -112.849998 0.000000 64.269997 332.559998 59.430000 27.273001 -11.580000 3.304500 1471449.240000 452192.534000 13.309897 80.558601 0.000000 -0.045000 0.115000 -0.118000 0.000000 0.000000
14:01:07 143.399994 -112.849998 0.000000 64.269997 332.559998 59.430000 27.273001 -11.580000 3.304500 1471449.386000 452192.563000 13.309897 80.558601 0.000000 -0.045000 0.115000 -0.118000 0.000000 0.000000
14:01:07 143.399994 -112.849998 0.000000 64.269997 332.559998 59.430000 27.273001 -11.580000 3.304500 1471449.533000 452192.592000 13.309897 80.558601 0.000000 -0.045000 0.115000 -0.118000 0.000000 0.000000
14:01:07 143.300003 -112.849998 0.000000 64.269997 332.559998 59.430000 27.273001 -11.580000 3.304500 0.003000 0.003200 13.309897 80.558601 0.000000 -0.045000 0.115000 -0.118000 0.000000 0.000000
14:01:07 143.300003 -112.849998 0.000000 64.269997 332.559998 59.430000 27.273001 -11.580000 3.304500 0.003000 0.003200 13.309897 80.558601 0.000000 -0.045000 0.115000 -0.118000 0.000000 0.000000
14:01:08 143.300003 -112.849998 0.000000 64.269997 335.989014 59.430000 26.948999 -11.580000 2.742500 0.003000 0.003200 13.309909 80.558578 0.000000 -0.045000 0.115000 -0.118000 0.000000 0.000000
14:01:08 143.300003 -112.849998 0.000000 64.269997 336.447998 59.430000 26.917999 -11.580000 2.641500 1471450.338000 452191.674000 13.309911 80.558578 0.000000 -0.045000 0.115000 -0.118000 0.000000 0.000000
14:01:08 143.300003 -112.849998 0.000000 64.269997 336.916992 59.430000 26.886999 -11.580000 2.557500 1471450.484000 452191.702000 13.309912 80.558578 0.000000 -0.045000 0.115000 -0.118000 0.000000 0.000000
14:01:08 143.300003 -112.849998 0.000000 64.269997 336.916992 59.430000 26.886999 -11.580000 2.557500 1471450.631000 452191.730000 13.309912 80.558578 0.000000 -0.045000 0.115000 -0.118000 0.000000 0.000000
14:01:09 143.300003 -112.849998 0.000000 64.269997 336.916992 59.430000 26.886999 -11.580000 2.557500 1471450.877000 452190.865000 13.309912 80.558578 0.000000 -0.045000 0.115000 -0.118000 0.000000 0.000000
14:01:09 143.300003 -112.849998 0.000000 64.269997 336.916992 59.430000 26.886999 -11.580000 2.557500 1471451.023000 452190.892000 13.309912 80.558578 0.000000 -0.045000 0.115000 -0.118000 0.000000 0.000000
14:01:09 143.199997 -112.849998 0.000000 64.269997 336.916992 59.430000 26.886999 -11.580000 2.557500 1471451.170000 452190.919000 13.309912 80.558578 0.000000 -0.045000 0.115000 -0.118000 0.000000 0.000000
14:01:09 143.199997 -112.849998 0.000000 64.269997 336.916992 59.430000 26.886999 -11.580000 2.557500 1471451.316000 452190.946000 13.309912 80.558578 0.000000 -0.045000 0.115000 -0.118000 0.000000 0.000000
14:01:09 143.199997 -112.849998 0.000000 64.269997 336.916992 59.430000 26.886999 -11.580000 2.557500 0.003000 0.003000 13.309912 80.558578 0.000000 -0.045000 0.115000 -0.118000 0.000000 0.000000
14:01:10 143.199997 -112.849998 0.000000 64.269997 341.062012 59.430000 26.709000 -11.580000 1.820500 0.003000 0.003000 13.309924 80.558571 0.000000 -0.045000 0.115000 -0.118000 0.000000 0.000000
14:01:10 143.100006 -112.849998 0.000000 64.269997 341.631012 59.430000 26.681000 -11.580000 1.671500 1471451.986000 452190.427000 13.309925 80.558571 0.000000 -0.045000 0.115000 -0.118000 0.000000 0.000000
14:01:10 143.100006 -112.849998 0.000000 64.269997 342.210999 59.430000 26.649000 -11.580000 1.501500 1471452.142000 452190.454000 13.309927 80.558563 0.000000 -0.045000 0.115000 -0.118000 0.000000 0.000000
14:01:10 143.100006 -112.849998 0.000000 64.269997 342.210999 59.430000 26.649000 -11.580000 1.501500 1471452.298000 452190.481000 13.309927 80.558563 0.000000 -0.045000 0.115000 -0.118000 0.000000 0.000000
14:01:11 143.100006 -112.849998 0.000000 64.269997 342.210999 59.430000 26.649000 -11.580000 1.501500 1471452.455000 452190.508000 13.309927 80.558563 0.000000 -0.045000 0.115000 -0.118000 0.000000 0.000000
14:01:11 142.899994 -112.849998 0.000000 64.269997 342.210999 59.430000 26.649000 -11.580000 1.501500 1471452.631000 452189.960000 13.309927 80.558563 0.000000 -0.045000 0.115000 -0.118000 0.000000 0.000000
14:01:11 142.899994 -112.849998 0.000000 64.269997 342.210999 59.430000 26.649000 -11.580000 1.501500 1471452.787000 452189.987000 13.309927 80.558563 0.000000 -0.045000 0.115000 -0.118000 0.000000 0.000000
14:01:11 142.899994 -112.849998 0.000000 64.269997 342.210999 59.430000 26.649000 -11.580000 1.501500 1471452.943000 452190.014000 13.309927 80.558563 0.000000 -0.045000 0.115000 -0.118000 0.000000 0.000000
14:01:11 142.899994 -112.849998 0.000000 64.269997 342.210999 59.430000 26.649000 -11.580000 1.501500 0.003000 0.003000 13.309927 80.558563 0.000000 -0.045000 0.115000 -0.118000 0.000000 0.000000
14:01:12 142.800003 -112.849998 0.000000 64.269997 346.987000 59.430000 26.344999 -11.580000 0.843500 0.003000 0.003000 13.309938 80.558563 0.000000 -0.045000 0.115000 -0.118000 0.000000 0.000000
14:01:12 142.800003 -112.849998 0.000000 64.269997 347.584991 59.430000 26.304001 -11.580000 0.664500 1471453.581000 452189.559000 13.309939 80.558563 0.000000 -0.045000 0.115000 -0.118000 0.000000 0.000000
14:01:12 142.800003 -112.849998 0.000000 64.269997 348.182007 59.430000 26.257999 -11.580000 0.455500 1471453.737000 452189.586000 13.309940 80.558556 0.000000 -0.045000 0.115000 -0.118000 0.000000 0.000000
14:01:12 142.699997 -112.849998 0.000000 64.269997 348.182007 59.430000 26.257999 -11.580000 0.455500 1471453.893000 452189.613000 13.309940 80.558556 0.000000 -0.045000 0.115000 -0.118000 0.000000 0.000000
14:01:13 142.699997 -112.849998 0.000000 64.269997 348.182007 59.430000 26.257999 -11.580000 0.455500 1471454.049000 452189.640000 13.309940 80.558556 0.000000 -0.045000 0.115000 -0.118000 0.000000 0.000000
14:01:13 142.699997 -112.849998 0.000000 64.269997 348.182007 59.430000 26.257999 -11.580000 0.455500 1471454.166000 452189.157000 13.309940 80.558556 0.000000 -0.045000 0.115000 -0.118000 0.000000 0.000000
14:01:13 142.699997 -112.849998 0.000000 64.269997 348.182007 59.430000 26.257999 -11.580000 0.455500 1471454.321000 452189.186000 13.309940 80.558556 0.000000 -0.045000 0.115000 -0.118000 0.000000 0.000000
14:01:13 142.699997 -112.849998 0.000000 64.269997 348.182007 59.430000 26.257999 -11.580000 0.455500 1471454.473000 452189.215000 13.309940 80.558556 0.000000 -0.045000 0.115000 -0.118000 0.000000 0.000000
14:01:13 142.600006 -112.849998 0.000000 64.269997 348.182007 59.430000 26.257999 -11.580000 0.455500 0.003000 0.003900 13.309940 80.558556 0.000000 -0.045000 0.115000 -0.118000 0.000000 0.000000
14:01:14 142.600006 -112.849998 0.000000 64.269997 352.923004 59.430000 25.761999 -11.580000 -0.543000 0.003000 0.003900 13.309952 80.558556 0.000000 -0.045000 0.115000 -0.118000 0.000000 0.000000
14:01:14 142.600006 -112.849998 0.000000 64.269997 353.505005 59.430000 25.688999 -11.580000 -0.594000 1471455.053000 452188.812000 13.309953 80.558556 0.000000 -0.045000 0.115000 -0.118000 0.000000 0.000000
14:01:14 142.500000 -112.849998 0.000000 64.269997 354.083008 59.430000 25.617001 -11.580000 -0.717000 1471455.199000 452188.841000 13.309955 80.558556 0.000000 -0.045000 0.115000 -0.118000 0.000000 0.000000
14:01:14 142.500000 -112.849998 0.000000 64.269997 354.083008 59.430000 25.617001 -11.580000 -0.717000 1471455.346000 452188.870000 13.309955 80.558556 0.000000 -0.045000 0.115000 -0.118000 0.000000 0.000000
14:01:15 142.500000 -112.849998 0.000000 64.269997 354.083008 59.430000 25.617001 -11.580000 -0.717000 1471455.492000 452188.900000 13.309955 80.558556 0.000000 -0.045000 0.115000 -0.118000 0.000000 0.000000
14:01:15 142.500000 -112.849998 0.000000 64.269997 354.083008 59.430000 25.617001 -11.580000 -0.717000 1471455.605000 452188.238000 13.309955 80.558556 0.000000 -0.045000 0.115000 -0.118000 0.000000 0.000000
14:01:15 142.500000 -112.849998 0.000000 64.269997 354.083008 59.430000 25.617001 -11.580000 -0.717000 1471455.752000 452188.268000 13.309955 80.558556 0.000000 -0.045000 0.115000 -0.118000 0.000000 0.000000
14:01:15 142.500000 -112.849998 0.000000 64.269997 354.083008 59.430000 25.617001 -11.580000 -0.717000 1471455.898000 452188.297000 13.309955 80.558556 0.000000 -0.045000 0.115000 -0.118000 0.000000 0.000000
14:01:15 142.500000 -112.849998 0.000000 64.269997 354.083008 59.430000 25.617001 -11.580000 -0.717000 0.003000 0.003800 13.309955 80.558556 0.000000 -0.045000 0.115000 -0.118000 0.000000 0.000000
14:01:16 142.500000 -112.849998 0.000000 64.269997 358.605011 59.430000 25.106001 -11.580000 -1.191000 0.003000 0.003800 13.309964 80.558548 0.000000 -0.045000 0.115000 -0.118000 0.000000 0.000000
14:01:16 142.399994 -112.849998 0.000000 64.269997 359.153992 59.430000 25.062000 -11.580000 -1.106000 1471456.462000 452187.762000 13.309966 80.558548 0.000000 -0.045000 0.115000 -0.118000 0.000000 0.000000
14:01:16 142.399994 -112.849998 0.000000 64.269997 359.699005 59.430000 25.023001 -11.580000 -1.168000 1471456.609000 452187.792000 13.309967 80.558548 0.000000 -0.045000 0.115000 -0.118000 0.000000 0.000000
14:01:16 142.399994 -112.849998 0.000000 64.269997 359.699005 59.430000 25.023001 -11.580000 -1.168000 1471456.755000 452187.821000 13.309967 80.558548 0.000000 -0.045000 0.115000 -0.118000 0.000000 0.000000
14:01:17 142.399994 -112.849998 0.000000 64.269997 359.699005 59.430000 25.023001 -11.580000 -1.168000 1471456.902000 452187.850000 13.309967 80.558548 0.000000 -0.045000 0.115000 -0.118000 0.000000 0.000000
14:01:17 142.300003 -112.849998 0.000000 64.269997 359.699005 59.430000 25.023001 -11.580000 -1.168000 1471457.001000 452187.021000 13.309967 80.558548 0.000000 -0.045000 0.115000 -0.118000 0.000000 0.000000
14:01:17 142.300003 -112.849998 0.000000 64.269997 359.699005 59.430000 25.023001 -11.580000 -1.168000 1471457.148000 452187.051000 13.309967 80.558548 0.000000 -0.045000 0.115000 -0.118000 0.000000 0.000000
14:01:17 142.300003 -112.849998 0.000000 64.269997 359.699005 59.430000 25.023001 -11.580000 -1.168000 1471457.294000 452187.080000 13.309967 80.558548 0.000000 -0.045000 0.115000 -0.118000 0.000000 0.000000
14:01:17 142.300003 -112.849998 0.000000 64.269997 359.699005 59.430000 25.023001 -11.580000 -1.168000 0.003000 0.003700 13.309967 80.558548 0.000000 -0.045000 0.115000 -0.118000 0.000000 0.000000
14:01:18 142.199997 -112.849998 0.000000 64.269997 3.824000 59.430000 24.948000 -11.580000 -2.220000 0.003000 0.003700 13.309977 80.558533 0.000000 -0.045000 0.115000 -0.118000 0.000000 0.000000
14:01:18 142.199997 -112.849998 0.000000 64.269997 4.312000 59.430000 24.972000 -11.580000 -2.298000 1471457.867000 452186.365000 13.309978 80.558533 0.000000 -0.045000 0.115000 -0.118000 0.000000 0.000000
14:01:18 142.199997 -112.849998 0.000000 64.269997 4.794000 59.430000 25.006001 -11.580000 -2.444000 1471458.023000 452186.394000 13.309979 80.558533 0.000000 -0.045000 0.115000 -0.118000 0.000000 0.000000
14:01:18 142.199997 -112.849998 0.000000 64.269997 4.794000 59.430000 25.006001 -11.580000 -2.444000 1471458.180000 452186.423000 13.309979 80.558533 0.000000 -0.045000 0.115000 -0.118000 0.000000 0.000000
14:01:19 142.199997 -112.849998 0.000000 64.269997 4.794000 59.430000 25.006001 -11.580000 -2.444000 1471458.336000 452186.453000 13.309979 80.558533 0.000000 -0.045000 0.115000 -0.118000 0.000000 0.000000
14:01:19 142.199997 -112.849998 0.000000 64.269997 4.794000 59.430000 25.006001 -11.580000 -2.444000 1471458.428000 452185.650000 13.309979 80.558533 0.000000 -0.045000 0.115000 -0.118000 0.000000 0.000000
14:01:19 142.199997 -112.849998 0.000000 64.269997 4.794000 59.430000 25.006001 -11.580000 -2.444000 1471458.584000 452185.679000 13.309979 80.558533 0.000000 -0.045000 0.115000 -0.118000 0.000000 0.000000
14:01:19 142.199997 -112.849998 0.000000 64.269997 4.794000 59.430000 25.006001 -11.580000 -2.444000 1471458.740000 452185.708000 13.309979 80.558533 0.000000 -0.045000 0.115000 -0.118000 0.000000 0.000000
14:01:19 142.100006 -112.849998 0.000000 64.269997 4.794000 59.430000 25.006001 -11.580000 -2.444000 0.003000 0.003500 13.309979 80.558533 0.000000 -0.045000 0.115000 -0.118000 0.000000 0.000000
14:01:20 142.100006 -112.849998 0.000000 64.269997 8.372000 59.430000 25.593000 -11.580000 -2.688000 0.003000 0.003500 13.309990 80.558517 0.000000 -0.045000 0.115000 -0.118000 0.000000 0.000000
14:01:20 142.100006 -112.849998 0.000000 64.269997 8.786000 59.430000 25.691000 -11.580000 -2.583000 1471459.331000 452185.148000 13.309992 80.558525 0.000000 -0.045000 0.115000 -0.118000 0.000000 0.000000
14:01:20 141.899994 -112.849998 0.000000 64.269997 9.193000 59.430000 25.791000 -11.580000 -2.539000 1471459.487000 452185.177000 13.309993 80.558525 0.000000 -0.045000 0.115000 -0.118000 0.000000 0.000000
14:01:20 141.899994 -112.849998 0.000000 64.269997 9.193000 59.430000 25.791000 -11.580000 -2.539000 1471459.643000 452185.206000 13.309993 80.558525 0.000000 -0.045000 0.115000 -0.118000 0.000000 0.000000
14:01:21 141.899994 -112.849998 0.000000 64.269997 9.193000 59.430000 25.791000 -11.580000 -2.539000 1471459.799000 452185.236000 13.309993 80.558525 0.000000 -0.045000 0.115000 -0.118000 0.000000 0.000000
14:01:21 141.899994 -112.849998 0.000000 64.269997 9.193000 59.430000 25.791000 -11.580000 -2.539000 1471459.956000 452185.265000 13.309993 80.558525 0.000000 -0.045000 0.115000 -0.118000 0.000000 0.000000
14:01:21 141.899994 -112.849998 0.000000 64.269997 9.193000 59.430000 25.791000 -11.580000 -2.539000 1471460.087000 452184.798000 13.309993 80.558525 0.000000 -0.045000 0.115000 -0.118000 0.000000 0.000000
14:01:21 141.899994 -112.849998 0.000000 64.269997 9.193000 59.430000 25.791000 -11.580000 -2.539000 1471460.234000 452184.827000 13.309993 80.558525 0.000000 -0.045000 0.115000 -0.118000 0.000000 0.000000
14:01:22 141.899994 -112.849998 0.000000 64.269997 11.953000 59.430000 26.535000 -11.580000 -3.296000 1471460.380000 452184.856000 13.310002 80.558510 0.000000 -0.045000 0.115000 -0.118000 0.000000 0.000000
14:01:22 141.899994 -112.849998 0.000000 64.269997 11.953000 59.430000 26.535000 -11.580000 -3.296000 1471460.673000 452184.914000 13.310003 80.558510 0.000000 -0.045000 0.115000 -0.118000 0.000000 0.000000
14:01:22 141.800003 -112.849998 0.000000 64.269997 11.953000 59.430000 26.535000 -11.580000 -3.296000 1471460.838000 452184.304000 13.310005 80.558510 0.000000 -0.045000 0.115000 -0.118000 0.000000 0.000000
14:01:22 141.800003 -112.849998 0.000000 64.269997 11.953000 59.430000 26.535000 -11.580000 -3.296000 1471460.984000 452184.331000 13.310005 80.558510 0.000000 -0.045000 0.115000 -0.118000 0.000000 0.000000
14:01:22 141.800003 -112.849998 0.000000 64.269997 11.953000 59.430000 26.535000 -11.580000 -3.296000 1471461.131000 452184.358000 13.310005 80.558510 0.000000 -0.045000 0.115000 -0.118000 0.000000 0.000000
14:01:23 141.800003 -112.849998 0.000000 64.269997 11.953000 59.430000 26.535000 -11.580000 -3.296000 1471461.277000 452184.384000 13.310005 80.558510 0.000000 -0.045000 0.115000 -0.118000 0.000000 0.000000
14:01:23 141.699997 -112.849998 0.000000 64.269997 11.953000 59.430000 26.535000 -11.580000 -3.296000 1471461.424000 452184.411000 13.310005 80.558510 0.000000 -0.045000 0.115000 -0.118000 0.000000 0.000000
14:01:23 141.699997 -112.849998 0.000000 64.269997 11.953000 59.430000 26.535000 -11.580000 -3.296000 1471461.578000 452183.734000 13.310005 80.558510 0.000000 -0.045000 0.115000 -0.118000 0.000000 0.000000
14:01:23 141.699997 -112.849998 0.000000 64.269997 11.953000 59.430000 26.535000 -11.580000 -3.296000 1471461.724000 452183.761000 13.310005 80.558510 0.000000 -0.045000 0.115000 -0.118000 0.000000 0.000000
14:01:24 141.600006 -112.849998 0.000000 64.269997 15.724000 59.430000 27.191999 -11.580000 -4.891000 0.003000 0.003300 13.310016 80.558502 0.000000 -0.045000 0.115000 -0.118000 0.000000 0.000000
14:01:24 141.600006 -112.849998 0.000000 64.269997 15.724000 59.430000 27.191999 -11.580000 -4.891000 1471462.164000 452183.842000 13.310017 80.558502 0.000000 -0.045000 0.115000 -0.118000 0.000000 0.000000
14:01:24 141.600006 -112.849998 0.000000 64.269997 15.724000 59.430000 27.191999 -11.580000 -4.891000 1471462.315000 452183.112000 13.310019 80.558502 0.000000 -0.045000 0.115000 -0.118000 0.000000 0.000000
14:01:24 141.600006 -112.849998 0.000000 64.269997 15.724000 59.430000 27.191999 -11.580000 -4.891000 1471462.461000 452183.137000 13.310019 80.558502 0.000000 -0.045000 0.115000 -0.118000 0.000000 0.000000
14:01:24 141.600006 -112.849998 0.000000 64.269997 15.724000 59.430000 27.191999 -11.580000 -4.891000 1471462.608000 452183.161000 13.310019 80.558502 0.000000 -0.045000 0.115000 -0.118000 0.000000 0.000000
14:01:25 141.399994 -112.849998 0.000000 64.269997 15.724000 59.430000 27.191999 -11.580000 -4.891000 1471462.754000 452183.186000 13.310019 80.558502 0.000000 -0.045000 0.115000 -0.118000 0.000000 0.000000
14:01:25 141.399994 -112.849998 0.000000 64.269997 15.724000 59.430000 27.191999 -11.580000 -4.891000 1471462.901000 452183.210000 13.310019 80.558502 0.000000 -0.045000 0.115000 -0.118000 0.000000 0.000000
14:01:25 141.399994 -112.849998 0.000000 64.269997 15.724000 59.430000 27.191999 -11.580000 -4.891000 1471463.051000 452182.491000 13.310019 80.558502 0.000000 -0.045000 0.115000 -0.118000 0.000000 0.000000
14:01:25 141.399994 -112.849998 0.000000 64.269997 15.724000 59.430000 27.191999 -11.580000 -4.891000 1471463.198000 452182.515000 13.310019 80.558502 0.000000 -0.045000 0.115000 -0.118000 0.000000 0.000000
14:01:25 141.199997 -112.849998 0.000000 64.269997 15.724000 59.430000 27.191999 -11.580000 -4.891000 0.003000 0.003200 13.310019 80.558502 0.000000 -0.045000 0.115000 -0.118000 0.000000 0.000000
14:01:26 141.199997 -112.849998 0.000000 64.269997 19.680000 59.430000 27.079000 -11.580000 -5.391000 0.003000 0.003200 13.310030 80.558495 0.000000 -0.045000 0.115000 -0.118000 0.000000 0.000000
14:01:26 141.199997 -112.849998 0.000000 64.269997 20.025999 59.430000 27.032000 -11.580000 -5.161000 1471463.775000 452181.986000 13.310032 80.558495 0.000000 -0.045000 0.115000 -0.118000 0.000000 0.000000
14:01:26 141.000000 -112.849998 0.000000 64.269997 20.367001 59.430000 26.976999 -11.580000 -4.878000 1471463.922000 452182.011000 13.310033 80.558495 0.000000 -0.045000 0.115000 -0.118000 0.000000 0.000000
14:01:26 141.000000 -112.849998 0.000000 64.269997 20.367001 59.430000 26.976999 -11.580000 -4.878000 1471464.068000 452182.035000 13.310033 80.558495 0.000000 -0.045000 0.115000 -0.118000 0.000000 0.000000
14:01:27 141.000000 -112.849998 0.000000 64.269997 20.367001 59.430000 26.976999 -11.580000 -4.878000 1471464.215000 452182.057000 13.310033 80.558495 0.000000 -0.045000 0.115000 -0.118000 0.000000 0.000000
14:01:27 141.000000 -112.849998 0.000000 64.269997 20.367001 59.430000 26.976999 -11.580000 -4.878000 1471464.361000 452182.079000 13.310033 80.558495 0.000000 -0.045000 0.115000 -0.118000 0.000000 0.000000
14:01:27 141.000000 -112.849998 0.000000 64.269997 20.367001 59.430000 26.976999 -11.580000 -4.878000 1471464.486000 452181.468000 13.310033 80.558495 0.000000 -0.045000 0.115000 -0.118000 0.000000 0.000000
14:01:27 141.000000 -112.849998 0.000000 64.269997 20.367001 59.430000 26.976999 -11.580000 -4.878000 1471464.632000 452181.490000 13.310033 80.558495 0.000000 -0.045000 0.115000 -0.118000 0.000000 0.000000
14:01:27 141.000000 -112.849998 0.000000 64.269997 20.367001 59.430000 26.976999 -11.580000 -4.878000 0.003000 0.003100 13.310033 80.558495 0.000000 -0.045000 0.115000 -0.118000 0.000000 0.000000
14:01:28 141.000000 -112.849998 0.000000 64.269997 22.836000 59.430000 26.143000 -11.580000 -5.001000 0.003000 0.003100 13.310042 80.558479 0.000000 -0.045000 0.115000 -0.118000 0.000000 0.000000
14:01:28 140.800003 -112.849998 0.000000 64.269997 23.105000 59.430000 25.989000 -11.580000 -4.625000 1471465.164000 452180.990000 13.310044 80.558479 0.000000 -0.045000 0.115000 -0.118000 0.000000 0.000000
14:01:28 140.800003 -112.849998 0.000000 64.269997 23.363001 59.430000 25.823000 -11.580000 -4.269000 1471465.310000 452181.012000 13.310045 80.558479 0.000000 -0.045000 0.115000 -0.118000 0.000000 0.000000
14:01:28 140.800003 -112.849998 0.000000 64.269997 23.363001 59.430000 25.823000 -11.580000 -4.269000 1471465.457000 452181.031000 13.310045 80.558479 0.000000 -0.045000 0.115000 -0.118000 0.000000 0.000000
14:01:29 140.800003 -112.849998 0.000000 64.269997 23.363001 59.430000 25.823000 -11.580000 -4.269000 1471465.603000 452181.051000 13.310045 80.558479 0.000000 -0.045000 0.115000 -0.118000 0.000000 0.000000
14:01:29 140.600006 -112.849998 0.000000 64.269997 23.363001 59.430000 25.823000 -11.580000 -4.269000 1471465.750000 452181.070000 13.310045 80.558479 0.000000 -0.045000 0.115000 -0.118000 0.000000 0.000000
14:01:29 140.600006 -112.849998 0.000000 64.269997 23.363001 59.430000 25.823000 -11.580000 -4.269000 1471465.834000 452180.446000 13.310045 80.558479 0.000000 -0.045000 0.115000 -0.118000 0.000000 0.000000
14:01:29 140.600006 -112.849998 0.000000 64.269997 23.363001 59.430000 25.823000 -11.580000 -4.269000 1471465.971000 452180.466000 13.310045 80.558479 0.000000 -0.045000 0.115000 -0.118000 0.000000 0.000000
14:01:29 140.600006 -112.849998 0.000000 64.269997 23.363001 59.430000 25.823000 -11.580000 -4.269000 0.003000 0.003000 13.310045 80.558479 0.000000 -0.045000 0.115000 -0.118000 0.000000 0.000000
14:01:30 140.500000 -112.849998 0.000000 64.269997 25.032000 59.430000 24.125000 -11.580000 -3.540000 0.003000 0.003000 13.310055 80.558472 0.000000 -0.045000 0.115000 -0.118000 0.000000 0.000000
14:01:30 140.500000 -112.849998 0.000000 64.269997 25.188999 59.430000 23.879999 -11.580000 -3.686000 1471466.518000 452180.537000 13.310056 80.558472 0.000000 -0.045000 0.115000 -0.118000 0.000000 0.000000
14:01:30 140.500000 -112.849998 0.000000 64.269997 25.334999 59.430000 23.634001 -11.580000 -3.760000 1471466.636000 452179.779000 13.310058 80.558472 0.000000 -0.045000 0.115000 -0.118000 0.000000 0.000000
14:01:31 140.300003 -112.849998 0.000000 64.269997 25.591999 59.430000 23.136000 -11.580000 -3.672000 0.003000 0.003900 13.310060 80.558464 0.000000 -0.045000 0.115000 -0.118000 0.000000 0.000000
14:01:31 140.300003 -112.849998 0.000000 64.269997 25.591999 59.430000 23.136000 -11.580000 -3.672000 1471467.046000 452179.830000 13.310061 80.558464 0.000000 -0.045000 0.115000 -0.118000 0.000000 0.000000
14:01:31 140.300003 -112.849998 0.000000 64.269997 25.591999 59.430000 23.136000 -11.580000 -3.672000 1471467.183000 452179.847000 13.310062 80.558464 0.000000 -0.045000 0.115000 -0.118000 0.000000 0.000000
14:01:31 140.300003 -112.849998 0.000000 64.269997 25.591999 59.430000 23.136000 -11.580000 -3.672000 1471467.297000 452178.991000 13.310062 80.558464 0.000000 -0.045000 0.115000 -0.118000 0.000000 0.000000
14:01:31 140.300003 -112.849998 0.000000 64.269997 25.591999 59.430000 23.136000 -11.580000 -3.672000 1471467.434000 452179.008000 13.310062 80.558464 0.000000 -0.045000 0.115000 -0.118000 0.000000 0.000000
14:01:32 140.300003 -112.849998 0.000000 64.269997 25.591999 59.430000 23.136000 -11.580000 -3.672000 1471467.570000 452179.025000 13.310062 80.558464 0.000000 -0.045000 0.115000 -0.118000 0.000000 0.000000
14:01:32 140.300003 -112.849998 0.000000 64.269997 25.591999 59.430000 23.136000 -11.580000 -3.672000 1471467.707000 452179.042000 13.310062 80.558464 0.000000 -0.045000 0.115000 -0.118000 0.000000 0.000000
14:01:32 140.300003 -112.849998 0.000000 64.269997 25.591999 59.430000 23.136000 -11.580000 -3.672000 1471467.844000 452179.059000 13.310062 80.558464 0.000000 -0.045000 0.115000 -0.118000 0.000000 0.000000
14:01:32 140.199997 -112.849998 0.000000 64.269997 25.591999 59.430000 23.136000 -11.580000 -3.672000 0.003000 0.003900 13.310062 80.558464 0.000000 -0.045000 0.115000 -0.118000 0.000000 0.000000
14:01:33 140.199997 -112.849998 0.000000 64.269997 26.436001 59.430000 20.740000 -11.580000 -5.115000 0.003000 0.003900 13.310072 80.558449 0.000000 -0.045000 0.115000 -0.118000 0.000000 0.000000
14:01:33 140.199997 -112.849998 0.000000 64.269997 26.436001 59.430000 20.740000 -11.580000 -5.115000 1471468.367000 452178.226000 13.310073 80.558449 0.000000 -0.045000 0.115000 -0.118000 0.000000 0.000000
14:01:33 140.199997 -112.849998 0.000000 64.269997 26.436001 59.430000 20.740000 -11.580000 -5.115000 1471468.504000 452178.243000 13.310075 80.558449 0.000000 -0.045000 0.115000 -0.118000 0.000000 0.000000
14:01:33 140.199997 -112.849998 0.000000 64.269997 26.436001 59.430000 20.740000 -11.580000 -5.115000 1471468.657000 452177.285000 13.310075 80.558449 0.000000 -0.045000 0.115000 -0.118000 0.000000 0.000000
14:01:33 140.199997 -112.849998 0.000000 64.269997 26.436001 59.430000 20.740000 -11.580000 -5.115000 1471468.793000 452177.302000 13.310075 80.558449 0.000000 -0.045000 0.115000 -0.118000 0.000000 0.000000
14:01:34 140.199997 -112.849998 0.000000 64.269997 26.436001 59.430000 20.740000 -11.580000 -5.115000 1471468.930000 452177.318000 13.310075 80.558449 0.000000 -0.045000 0.115000 -0.118000 0.000000 0.000000
14:01:34 140.199997 -112.849998 0.000000 64.269997 26.436001 59.430000 20.740000 -11.580000 -5.115000 1471469.067000 452177.333000 13.310075 80.558449 0.000000 -0.045000 0.115000 -0.118000 0.000000 0.000000
14:01:34 140.199997 -112.849998 0.000000 64.269997 26.436001 59.430000 20.740000 -11.580000 -5.115000 1471469.204000 452177.347000 13.310075 80.558449 0.000000 -0.045000 0.115000 -0.118000 0.000000 0.000000
14:01:34 140.199997 -112.849998 0.000000 64.269997 26.436001 59.430000 20.740000 -11.580000 -5.115000 1471469.326000 452176.522000 13.310075 80.558449 0.000000 -0.045000 0.115000 -0.118000 0.000000 0.000000
14:01:34 140.199997 -112.849998 0.000000 64.269997 26.436001 59.430000 20.740000 -11.580000 -5.115000 0.003000 0.003600 13.310075 80.558449 0.000000 -0.045000 0.115000 -0.118000 0.000000 0.000000
14:01:35 140.300003 -112.849998 0.000000 64.269997 26.895000 59.430000 19.471001 -11.580000 -4.688000 0.003000 0.003600 13.310085 80.558434 0.000000 -0.045000 0.115000 -0.118000 0.000000 0.000000
14:01:35 140.300003 -112.849998 0.000000 64.269997 26.944000 59.430000 19.457001 -11.580000 -4.422000 1471469.873000 452176.580000 13.310086 80.558434 0.000000 -0.045000 0.115000 -0.118000 0.000000 0.000000
14:01:35 140.300003 -112.849998 0.000000 64.269997 27.000999 59.430000 19.455999 -11.580000 -4.176000 1471469.991000 452175.824000 13.310086 80.558426 0.000000 -0.045000 0.115000 -0.118000 0.000000 0.000000
14:01:35 140.300003 -112.849998 0.000000 64.269997 27.000999 59.430000 19.455999 -11.580000 -4.176000 1471470.128000 452175.839000 13.310086 80.558426 0.000000 -0.045000 0.115000 -0.118000 0.000000 0.000000
14:01:36 140.300003 -112.849998 0.000000 64.269997 27.000999 59.430000 19.455999 -11.580000 -4.176000 1471470.265000 452175.854000 13.310086 80.558426 0.000000 -0.045000 0.115000 -0.118000 0.000000 0.000000
14:01:36 140.300003 -112.849998 0.000000 64.269997 27.000999 59.430000 19.455999 -11.580000 -4.176000 1471470.401000 452175.868000 13.310086 80.558426 0.000000 -0.045000 0.115000 -0.118000 0.000000 0.000000
14:01:36 140.300003 -112.849998 0.000000 64.269997 27.000999 59.430000 19.455999 -11.580000 -4.176000 1471470.538000 452175.880000 13.310086 80.558426 0.000000 -0.045000 0.115000 -0.118000 0.000000 0.000000
14:01:36 140.300003 -112.849998 0.000000 64.269997 27.000999 59.430000 19.455999 -11.580000 -4.176000 1471470.586000 452175.268000 13.310086 80.558426 0.000000 -0.045000 0.115000 -0.118000 0.000000 0.000000
14:01:36 140.300003 -112.849998 0.000000 64.269997 27.000999 59.430000 19.455999 -11.580000 -4.176000 0.003000 0.003500 13.310086 80.558426 0.000000 -0.045000 0.115000 -0.118000 0.000000 0.000000
14:01:37 140.300003 -112.849998 0.000000 64.269997 27.700001 59.430000 19.825001 -11.580000 -4.716000 0.003000 0.003500 13.310097 80.558426 0.000000 -0.045000 0.115000 -0.118000 0.000000 0.000000
14:01:37 140.300003 -112.849998 0.000000 64.269997 27.816999 59.430000 19.915001 -11.580000 -4.577000 1471471.133000 452175.317000 13.310098 80.558426 0.000000 -0.045000 0.115000 -0.118000 0.000000 0.000000
14:01:37 140.300003 -112.849998 0.000000 64.269997 27.940001 59.430000 20.010000 -11.580000 -4.369000 1471471.245000 452174.661000 13.310098 80.558418 0.000000 -0.045000 0.115000 -0.118000 0.000000 0.000000
14:01:37 140.300003 -112.849998 0.000000 64.269997 27.940001 59.430000 20.010000 -11.580000 -4.369000 1471471.381000 452174.673000 13.310098 80.558418 0.000000 -0.045000 0.115000 -0.118000 0.000000 0.000000
14:01:38 140.300003 -112.849998 0.000000 64.269997 27.940001 59.430000 20.010000 -11.580000 -4.369000 1471471.518000 452174.686000 13.310098 80.558418 0.000000 -0.045000 0.115000 -0.118000 0.000000 0.000000
14:01:38 140.300003 -112.849998 0.000000 64.269997 27.940001 59.430000 20.010000 -11.580000 -4.369000 1471471.655000 452174.698000 13.310098 80.558418 0.000000 -0.045000 0.115000 -0.118000 0.000000 0.000000
14:01:38 140.300003 -112.849998 0.000000 64.269997 27.940001 59.430000 20.010000 -11.580000 -4.369000 1471471.791000 452174.710000 13.310098 80.558418 0.000000 -0.045000 0.115000 -0.118000 0.000000 0.000000
14:01:38 140.300003 -112.849998 0.000000 64.269997 27.940001 59.430000 20.010000 -11.580000 -4.369000 0.003000 0.003400 13.310098 80.558418 0.000000 -0.045000 0.115000 -0.118000 0.000000 0.000000
14:01:39 140.300003 -112.849998 0.000000 64.269997 28.969999 59.430000 20.732000 -11.580000 -3.920000 1471472.003000 452174.130000 13.310107 80.558411 0.000000 -0.045000 0.115000 -0.118000 0.000000 0.000000
14:01:39 140.300003 -112.849998 0.000000 64.269997 28.969999 59.430000 20.732000 -11.580000 -3.920000 1471472.276000 452174.150000 13.310108 80.558411 0.000000 -0.045000 0.115000 -0.118000 0.000000 0.000000
14:01:39 140.300003 -112.849998 0.000000 64.269997 28.969999 59.430000 20.732000 -11.580000 -3.920000 1471472.413000 452174.159000 13.310109 80.558411 0.000000 -0.045000 0.115000 -0.118000 0.000000 0.000000
14:01:39 140.300003 -112.849998 0.000000 64.269997 28.969999 59.430000 20.732000 -11.580000 -3.920000 1471472.535000 452173.564000 13.310109 80.558411 0.000000 -0.045000 0.115000 -0.118000 0.000000 0.000000
14:01:39 140.300003 -112.849998 0.000000 64.269997 28.969999 59.430000 20.732000 -11.580000 -3.920000 1471472.671000 452173.573000 13.310109 80.558411 0.000000 -0.045000 0.115000 -0.118000 0.000000 0.000000
14:01:40 140.300003 -112.849998 0.000000 64.269997 28.969999 59.430000 20.732000 -11.580000 -3.920000 1471472.808000 452173.583000 13.310109 80.558411 0.000000 -0.045000 0.115000 -0.118000 0.000000 0.000000
14:01:40 140.300003 -112.849998 0.000000 64.269997 28.969999 59.430000 20.732000 -11.580000 -3.920000 1471472.945000 452173.593000 13.310109 80.558411 0.000000 -0.045000 0.115000 -0.118000 0.000000 0.000000
14:01:40 140.300003 -112.849998 0.000000 64.269997 28.969999 59.430000 20.732000 -11.580000 -3.920000 1471473.082000 452173.603000 13.310109 80.558411 0.000000 -0.045000 0.115000 -0.118000 0.000000 0.000000
14:01:40 140.300003 -112.849998 0.000000 64.269997 28.969999 59.430000 20.732000 -11.580000 -3.920000 0.003000 0.003300 13.310109 80.558411 0.000000 -0.045000 0.115000 -0.118000 0.000000 0.000000
14:01:41 140.300003 -112.849998 0.000000 64.269997 30.752001 59.430000 21.554001 -11.580000 -3.879000 0.003000 0.003300 13.310118 80.558411 0.000000 -0.045000 0.115000 -0.118000 0.000000 0.000000
14:01:41 140.300003 -112.849998 0.000000 64.269997 30.752001 59.430000 21.554001 -11.580000 -3.879000 1471473.556000 452173.167000 13.310119 80.558411 0.000000 -0.045000 0.115000 -0.118000 0.000000 0.000000
14:01:41 140.399994 -112.849998 0.000000 64.269997 30.752001 59.430000 21.554001 -11.580000 -3.879000 1471473.693000 452173.177000 13.310121 80.558411 0.000000 -0.045000 0.115000 -0.118000 0.000000 0.000000
14:01:41 140.399994 -112.849998 0.000000 64.269997 30.752001 59.430000 21.554001 -11.580000 -3.879000 1471473.830000 452173.187000 13.310121 80.558411 0.000000 -0.045000 0.115000 -0.118000 0.000000 0.000000
14:01:41 140.399994 -112.849998 0.000000 64.269997 30.752001 59.430000 21.554001 -11.580000 -3.879000 1471473.880000 452172.823000 13.310121 80.558411 0.000000 -0.045000 0.115000 -0.118000 0.000000 0.000000
14:01:42 140.399994 -112.849998 0.000000 64.269997 30.752001 59.430000 21.554001 -11.580000 -3.879000 1471474.017000 452172.831000 13.310121 80.558411 0.000000 -0.045000 0.115000 -0.118000 0.000000 0.000000
14:01:42 140.399994 -112.849998 0.000000 64.269997 30.752001 59.430000 21.554001 -11.580000 -3.879000 1471474.153000 452172.838000 13.310121 80.558411 0.000000 -0.045000 0.115000 -0.118000 0.000000 0.000000
14:01:42 140.399994 -112.849998 0.000000 64.269997 30.752001 59.430000 21.554001 -11.580000 -3.879000 1471474.290000 452172.845000 13.310121 80.558411 0.000000 -0.045000 0.115000 -0.118000 0.000000 0.000000
14:01:42 140.399994 -112.849998 0.000000 64.269997 30.752001 59.430000 21.554001 -11.580000 -3.879000 1471474.427000 452172.853000 13.310121 80.558411 0.000000 -0.045000 0.115000 -0.118000 0.000000 0.000000
14:01:43 140.500000 -112.849998 0.000000 64.269997 32.705002 59.430000 21.551001 -11.580000 -4.646000 0.003000 0.003200 13.310129 80.558403 0.000000 -0.045000 0.115000 -0.118000 0.000000 0.000000
14:01:43 140.500000 -112.849998 0.000000 64.269997 32.705002 59.430000 21.551001 -11.580000 -4.646000 1471474.727000 452172.567000 13.310130 80.558403 0.000000 -0.045000 0.115000 -0.118000 0.000000 0.000000
14:01:43 140.500000 -112.849998 0.000000 64.269997 32.705002 59.430000 21.551001 -11.580000 -4.646000 1471474.864000 452172.574000 13.310131 80.558403 0.000000 -0.045000 0.115000 -0.118000 0.000000 0.000000
14:01:43 140.500000 -112.849998 0.000000 64.269997 32.705002 59.430000 21.551001 -11.580000 -4.646000 1471475.000000 452172.581000 13.310133 80.558403 0.000000 -0.045000 0.115000 -0.118000 0.000000 0.000000
14:01:43 140.500000 -112.849998 0.000000 64.269997 32.705002 59.430000 21.551001 -11.580000 -4.646000 1471475.097000 452172.281000 13.310133 80.558403 0.000000 -0.045000 0.115000 -0.118000 0.000000 0.000000
14:01:44 140.500000 -112.849998 0.000000 64.269997 32.705002 59.430000 21.551001 -11.580000 -4.646000 1471475.233000 452172.289000 13.310133 80.558403 0.000000 -0.045000 0.115000 -0.118000 0.000000 0.000000
14:01:44 140.500000 -112.849998 0.000000 64.269997 32.705002 59.430000 21.551001 -11.580000 -4.646000 1471475.370000 452172.296000 13.310133 80.558403 0.000000 -0.045000 0.115000 -0.118000 0.000000 0.000000
14:01:44 140.500000 -112.849998 0.000000 64.269997 32.705002 59.430000 21.551001 -11.580000 -4.646000 1471475.507000 452172.303000 13.310133 80.558403 0.000000 -0.045000 0.115000 -0.118000 0.000000 0.000000
14:01:44 140.500000 -112.849998 0.000000 64.269997 32.705002 59.430000 21.551001 -11.580000 -4.646000 1471475.644000 452172.310000 13.310133 80.558403 0.000000 -0.045000 0.115000 -0.118000 0.000000 0.000000
14:01:45 140.600006 -112.849998 0.000000 64.269997 34.444000 59.430000 20.481001 -11.580000 -5.665000 0.003000 0.003200 13.310140 80.558395 0.000000 -0.045000 0.115000 -0.118000 0.000000 0.000000
14:01:45 140.600006 -112.849998 0.000000 64.269997 34.444000 59.430000 20.481001 -11.580000 -5.665000 1471475.896000 452171.903000 13.310142 80.558395 0.000000 -0.045000 0.115000 -0.118000 0.000000 0.000000
14:01:45 140.600006 -112.849998 0.000000 64.269997 34.444000 59.430000 20.481001 -11.580000 -5.665000 1471476.033000 452171.908000 13.310143 80.558395 0.000000 -0.045000 0.115000 -0.118000 0.000000 0.000000
14:01:45 140.699997 -112.849998 0.000000 64.269997 34.444000 59.430000 20.481001 -11.580000 -5.665000 1471476.169000 452171.912000 13.310143 80.558395 0.000000 -0.045000 0.115000 -0.118000 0.000000 0.000000
14:01:45 140.699997 -112.849998 0.000000 64.269997 34.444000 59.430000 20.481001 -11.580000 -5.665000 1471476.336000 452171.932000 13.310143 80.558395 0.000000 -0.045000 0.115000 -0.118000 0.000000 0.000000
14:01:46 140.699997 -112.849998 0.000000 64.269997 34.444000 59.430000 20.481001 -11.580000 -5.665000 1471476.473000 452171.937000 13.310143 80.558395 0.000000 -0.045000 0.115000 -0.118000 0.000000 0.000000
14:01:46 140.699997 -112.849998 0.000000 64.269997 34.444000 59.430000 20.481001 -11.580000 -5.665000 1471476.610000 452171.942000 13.310143 80.558395 0.000000 -0.045000 0.115000 -0.118000 0.000000 0.000000
14:01:46 140.699997 -112.849998 0.000000 64.269997 34.444000 59.430000 20.481001 -11.580000 -5.665000 1471476.747000 452171.947000 13.310143 80.558395 0.000000 -0.045000 0.115000 -0.118000 0.000000 0.000000
14:01:46 140.699997 -112.849998 0.000000 64.269997 34.444000 59.430000 20.481001 -11.580000 -5.665000 0.003000 0.003100 13.310143 80.558395 0.000000 -0.045000 0.115000 -0.118000 0.000000 0.000000
14:01:47 140.699997 -112.849998 0.000000 64.269997 35.611000 59.430000 18.766001 -11.580000 -6.599000 0.003000 0.003100 13.310150 80.558403 0.000000 -0.045000 0.115000 -0.118000 0.000000 0.000000
14:01:47 140.699997 -112.849998 0.000000 64.269997 35.701000 59.430000 18.586000 -11.580000 -6.540000 1471477.064000 452171.994000 13.310152 80.558403 0.000000 -0.045000 0.115000 -0.118000 0.000000 0.000000
14:01:47 140.699997 -112.849998 0.000000 64.269997 35.790001 59.430000 18.407000 -11.580000 -6.466000 1471477.203000 452171.999000 13.310153 80.558403 0.000000 -0.045000 0.115000 -0.118000 0.000000 0.000000
14:01:47 140.699997 -112.849998 0.000000 64.269997 35.875000 59.430000 18.229000 -11.580000 -6.382000 1471477.350000 452172.004000 13.310154 80.558403 0.000000 -0.045000 0.115000 -0.118000 0.000000 0.000000
14:01:47 140.699997 -112.849998 0.000000 64.269997 35.875000 59.430000 18.229000 -11.580000 -6.382000 1471477.525000 452172.011000 13.310154 80.558403 0.000000 -0.045000 0.115000 -0.118000 0.000000 0.000000
14:01:48 140.699997 -112.849998 0.000000 64.269997 35.875000 59.430000 18.229000 -11.580000 -6.382000 1471477.672000 452172.013000 13.310154 80.558403 0.000000 -0.045000 0.115000 -0.118000 0.000000 0.000000
14:01:48 140.899994 -112.849998 0.000000 64.269997 35.875000 59.430000 18.229000 -11.580000 -6.382000 1471477.818000 452172.015000 13.310154 80.558403 0.000000 -0.045000 0.115000 -0.118000 0.000000 0.000000
14:01:48 140.899994 -112.849998 0.000000 64.269997 35.875000 59.430000 18.229000 -11.580000 -6.382000 1471477.965000 452172.018000 13.310154 80.558403 0.000000 -0.045000 0.115000 -0.118000 0.000000 0.000000
14:01:48 140.899994 -112.849998 0.000000 64.269997 35.875000 59.430000 18.229000 -11.580000 -6.382000 0.003000 0.003200 13.310154 80.558403 0.000000 -0.045000 0.115000 -0.118000 0.000000 0.000000
14:01:49 140.899994 -112.849998 0.000000 64.269997 36.390999 59.430000 17.077999 -11.580000 -7.198000 0.003000 0.003200 13.310159 80.558403 0.000000 -0.045000 0.115000 -0.118000 0.000000 0.000000
14:01:49 140.899994 -112.849998 0.000000 64.269997 36.453999 59.430000 16.945000 -11.580000 -7.112000 1471478.020000 452172.571000 13.310161 80.558403 0.000000 -0.045000 0.115000 -0.118000 0.000000 0.000000
14:01:49 140.899994 -112.849998 0.000000 64.269997 36.514000 59.430000 16.820000 -11.580000 -7.241000 1471478.166000 452172.573000 13.310162 80.558403 0.000000 -0.045000 0.115000 -0.118000 0.000000 0.000000
14:01:49 140.899994 -112.849998 0.000000 64.269997 36.571999 59.430000 16.707001 -11.580000 -7.231000 1471478.313000 452172.576000 13.310163 80.558403 0.000000 -0.045000 0.115000 -0.118000 0.000000 0.000000
14:01:49 140.899994 -112.849998 0.000000 64.269997 36.571999 59.430000 16.707001 -11.580000 -7.231000 1471478.485000 452172.580000 13.310163 80.558403 0.000000 -0.045000 0.115000 -0.118000 0.000000 0.000000
14:01:50 140.899994 -112.849998 0.000000 64.269997 36.571999 59.430000 16.707001 -11.580000 -7.231000 1471478.631000 452172.583000 13.310163 80.558403 0.000000 -0.045000 0.115000 -0.118000 0.000000 0.000000
14:01:50 140.899994 -112.849998 0.000000 64.269997 36.571999 59.430000 16.707001 -11.580000 -7.231000 1471478.778000 452172.585000 13.310163 80.558403 0.000000 -0.045000 0.115000 -0.118000 0.000000 0.000000
14:01:50 140.899994 -112.849998 0.000000 64.269997 36.571999 59.430000 16.707001 -11.580000 -7.231000 1471478.924000 452172.587000 13.310163 80.558403 0.000000 -0.045000 0.115000 -0.118000 0.000000 0.000000
14:01:50 140.899994 -112.849998 0.000000 64.269997 36.571999 59.430000 16.707001 -11.580000 -7.231000 0.003000 0.003200 13.310163 80.558403 0.000000 -0.045000 0.115000 -0.118000 0.000000 0.000000
14:01:51 140.899994 -112.849998 0.000000 64.269997 36.922001 59.430000 16.249001 -11.580000 -7.261000 0.003000 0.003200 13.310167 80.558411 0.000000 -0.045000 0.115000 -0.118000 0.000000 0.000000
14:01:51 140.899994 -112.849998 0.000000 64.269997 36.922001 59.430000 16.249001 -11.580000 -7.261000 1471478.933000 452173.437000 13.310168 80.558411 0.000000 -0.045000 0.115000 -0.118000 0.000000 0.000000
14:01:51 140.899994 -112.849998 0.000000 64.269997 36.922001 59.430000 16.249001 -11.580000 -7.261000 1471479.079000 452173.440000 13.310170 80.558411 0.000000 -0.045000 0.115000 -0.118000 0.000000 0.000000
14:01:51 140.899994 -112.849998 0.000000 64.269997 36.922001 59.430000 16.249001 -11.580000 -7.261000 1471479.226000 452173.442000 13.310170 80.558411 0.000000 -0.045000 0.115000 -0.118000 0.000000 0.000000
14:01:51 140.899994 -112.849998 0.000000 64.269997 36.922001 59.430000 16.249001 -11.580000 -7.261000 1471479.372000 452173.444000 13.310170 80.558411 0.000000 -0.045000 0.115000 -0.118000 0.000000 0.000000
14:01:52 140.899994 -112.849998 0.000000 64.269997 36.922001 59.430000 16.249001 -11.580000 -7.261000 1471479.120000 452174.016000 13.310170 80.558411 0.000000 -0.045000 0.115000 -0.118000 0.000000 0.000000
14:01:52 140.899994 -112.849998 0.000000 64.269997 36.922001 59.430000 16.249001 -11.580000 -7.261000 1471479.273000 452174.019000 13.310170 80.558411 0.000000 -0.045000 0.115000 -0.118000 0.000000 0.000000
14:01:52 140.899994 -112.849998 0.000000 64.269997 36.922001 59.430000 16.249001 -11.580000 -7.261000 1471479.430000 452174.021000 13.310170 80.558411 0.000000 -0.045000 0.115000 -0.118000 0.000000 0.000000
14:01:52 140.899994 -112.849998 0.000000 64.269997 36.922001 59.430000 16.249001 -11.580000 -7.261000 1471479.586000 452174.022000 13.310170 80.558411 0.000000 -0.045000 0.115000 -0.118000 0.000000 0.000000
14:01:52 140.899994 -112.849998 0.000000 64.269997 36.922001 59.430000 16.249001 -11.580000 -7.261000 0.003000 0.003400 13.310170 80.558411 0.000000 -0.045000 0.115000 -0.118000 0.000000 0.000000
14:01:53 140.899994 -112.849998 0.000000 64.269997 37.382000 59.430000 16.858000 -11.580000 -7.553000 0.003000 0.003400 13.310177 80.558426 0.000000 -0.045000 0.115000 -0.118000 0.000000 0.000000
14:01:53 140.899994 -112.849998 0.000000 64.269997 37.412998 59.430000 16.992001 -11.580000 -7.157000 1471479.964000 452174.525000 13.310178 80.558426 0.000000 -0.045000 0.115000 -0.118000 0.000000 0.000000
14:01:53 140.899994 -112.849998 0.000000 64.269997 37.439999 59.430000 17.136000 -11.580000 -6.819000 1471480.120000 452174.528000 13.310175 80.558426 0.000000 -0.045000 0.115000 -0.118000 0.000000 0.000000
14:01:53 140.899994 -112.849998 0.000000 64.269997 37.439999 59.430000 17.136000 -11.580000 -6.819000 1471480.276000 452174.530000 13.310175 80.558426 0.000000 -0.045000 0.115000 -0.118000 0.000000 0.000000
14:01:54 140.899994 -112.849998 0.000000 64.269997 37.439999 59.430000 17.136000 -11.580000 -6.819000 1471480.006000 452175.205000 13.310175 80.558426 0.000000 -0.045000 0.115000 -0.118000 0.000000 0.000000
14:01:54 140.899994 -112.849998 0.000000 64.269997 37.439999 59.430000 17.136000 -11.580000 -6.819000 1471480.163000 452175.206000 13.310175 80.558426 0.000000 -0.045000 0.115000 -0.118000 0.000000 0.000000
14:01:54 140.800003 -112.849998 0.000000 64.269997 37.439999 59.430000 17.136000 -11.580000 -6.819000 1471480.319000 452175.208000 13.310175 80.558426 0.000000 -0.045000 0.115000 -0.118000 0.000000 0.000000
14:01:54 140.800003 -112.849998 0.000000 64.269997 37.439999 59.430000 17.136000 -11.580000 -6.819000 1471480.475000 452175.211000 13.310175 80.558426 0.000000 -0.045000 0.115000 -0.118000 0.000000 0.000000
14:01:55 140.800003 -112.849998 0.000000 64.269997 37.471001 59.430000 18.291000 -11.580000 -6.873000 0.003000 0.003500 13.310181 80.558434 0.000000 -0.045000 0.115000 -0.118000 0.000000 0.000000
14:01:55 140.699997 -112.849998 0.000000 64.269997 37.471001 59.430000 18.291000 -11.580000 -6.873000 1471480.436000 452175.979000 13.310183 80.558434 0.000000 -0.045000 0.115000 -0.118000 0.000000 0.000000
14:01:55 140.699997 -112.849998 0.000000 64.269997 37.471001 59.430000 18.291000 -11.580000 -6.873000 1471480.583000 452175.979000 13.310184 80.558434 0.000000 -0.045000 0.115000 -0.118000 0.000000 0.000000
14:01:55 140.699997 -112.849998 0.000000 64.269997 37.471001 59.430000 18.291000 -11.580000 -6.873000 1471480.730000 452175.979000 13.310184 80.558434 0.000000 -0.045000 0.115000 -0.118000 0.000000 0.000000
14:01:55 140.699997 -112.849998 0.000000 64.269997 37.471001 59.430000 18.291000 -11.580000 -6.873000 1471480.876000 452175.979000 13.310184 80.558434 0.000000 -0.045000 0.115000 -0.118000 0.000000 0.000000
14:01:56 140.600006 -112.849998 0.000000 64.269997 37.471001 59.430000 18.291000 -11.580000 -6.873000 1471480.706000 452176.690000 13.310184 80.558434 0.000000 -0.045000 0.115000 -0.118000 0.000000 0.000000
14:01:56 140.600006 -112.849998 0.000000 64.269997 37.471001 59.430000 18.291000 -11.580000 -6.873000 1471480.852000 452176.690000 13.310184 80.558434 0.000000 -0.045000 0.115000 -0.118000 0.000000 0.000000
14:01:56 140.600006 -112.849998 0.000000 64.269997 37.471001 59.430000 18.291000 -11.580000 -6.873000 1471480.999000 452176.690000 13.310184 80.558434 0.000000 -0.045000 0.115000 -0.118000 0.000000 0.000000
14:01:56 140.600006 -112.849998 0.000000 64.269997 37.471001 59.430000 18.291000 -11.580000 -6.873000 0.003000 0.003600 13.310184 80.558434 0.000000 -0.045000 0.115000 -0.118000 0.000000 0.000000
14:01:57 140.600006 -112.849998 0.000000 64.269997 36.876999 59.430000 19.902000 -11.580000 -6.644000 0.003000 0.003600 13.310187 80.558449 0.000000 -0.045000 0.115000 -0.118000 0.000000 0.000000
14:01:57 140.600006 -112.849998 0.000000 64.269997 36.765999 59.430000 20.039000 -11.580000 -6.518000 1471481.192000 452177.555000 13.310189 80.558449 0.000000 -0.045000 0.115000 -0.118000 0.000000 0.000000
14:01:57 140.600006 -112.849998 0.000000 64.269997 36.645000 59.430000 20.172001 -11.580000 -6.384000 1471481.338000 452177.555000 13.310190 80.558449 0.000000 -0.045000 0.115000 -0.118000 0.000000 0.000000
14:01:57 140.600006 -112.849998 0.000000 64.269997 36.514999 59.430000 20.299000 -11.580000 -6.302000 1471481.485000 452177.552000 13.310192 80.558449 0.000000 -0.045000 0.115000 -0.118000 0.000000 0.000000
14:01:57 140.399994 -112.849998 0.000000 64.269997 36.514999 59.430000 20.299000 -11.580000 -6.302000 1471481.631000 452177.550000 13.310192 80.558449 0.000000 -0.045000 0.115000 -0.118000 0.000000 0.000000
14:01:58 140.399994 -112.849998 0.000000 64.269997 36.514999 59.430000 20.299000 -11.580000 -6.302000 1471481.270000 452178.537000 13.310192 80.558449 0.000000 -0.045000 0.115000 -0.118000 0.000000 0.000000
14:01:58 140.399994 -112.849998 0.000000 64.269997 36.514999 59.430000 20.299000 -11.580000 -6.302000 1471481.416000 452178.534000 13.310192 80.558449 0.000000 -0.045000 0.115000 -0.118000 0.000000 0.000000
14:01:58 140.399994 -112.849998 0.000000 64.269997 36.514999 59.430000 20.299000 -11.580000 -6.302000 1471481.563000 452178.532000 13.310192 80.558449 0.000000 -0.045000 0.115000 -0.118000 0.000000 0.000000
14:01:58 140.300003 -112.849998 0.000000 64.269997 36.514999 59.430000 20.299000 -11.580000 -6.302000 1471481.709000 452178.529000 13.310192 80.558449 0.000000 -0.045000 0.115000 -0.118000 0.000000 0.000000
14:01:59 140.300003 -112.849998 0.000000 64.269997 35.367001 59.430000 21.010000 -11.580000 -5.763000 0.003000 0.003800 13.310192 80.558472 0.000000 -0.045000 0.115000 -0.118000 0.000000 0.000000
14:01:59 140.300003 -112.849998 0.000000 64.269997 35.367001 59.430000 21.010000 -11.580000 -5.763000 1471481.670000 452179.539000 13.310193 80.558472 0.000000 -0.045000 0.115000 -0.118000 0.000000 0.000000
14:01:59 140.300003 -112.849998 0.000000 64.269997 35.367001 59.430000 21.010000 -11.580000 -5.763000 1471481.816000 452179.534000 13.310193 80.558472 0.000000 -0.045000 0.115000 -0.118000 0.000000 0.000000
14:01:59 140.300003 -112.849998 0.000000 64.269997 35.367001 59.430000 21.010000 -11.580000 -5.763000 1471481.963000 452179.530000 13.310193 80.558472 0.000000 -0.045000 0.115000 -0.118000 0.000000 0.000000
14:01:59 140.300003 -112.849998 0.000000 64.269997 35.367001 59.430000 21.010000 -11.580000 -5.763000 1471482.109000 452179.525000 13.310193 80.558472 0.000000 -0.045000 0.115000 -0.118000 0.000000 0.000000
14:02:00 140.300003 -112.849998 0.000000 64.269997 35.367001 59.430000 21.010000 -11.580000 -5.763000 1471481.767000 452180.655000 13.310193 80.558472 0.000000 -0.045000 0.115000 -0.118000 0.000000 0.000000
14:02:00 140.300003 -112.849998 0.000000 64.269997 35.367001 59.430000 21.010000 -11.580000 -5.763000 1471481.913000 452180.651000 13.310193 80.558472 0.000000 -0.045000 0.115000 -0.118000 0.000000 0.000000
14:02:00 140.199997 -112.849998 0.000000 64.269997 35.367001 59.430000 21.010000 -11.580000 -5.763000 1471482.060000 452180.646000 13.310193 80.558472 0.000000 -0.045000 0.115000 -0.118000 0.000000 0.000000
14:02:00 140.199997 -112.849998 0.000000 64.269997 35.367001 59.430000 21.010000 -11.580000 -5.763000 1471482.206000 452180.641000 13.310193 80.558472 0.000000 -0.045000 0.115000 -0.118000 0.000000 0.000000
14:02:01 140.199997 -112.849998 0.000000 64.269997 33.056000 59.430000 21.737000 -11.580000 -5.456000 0.003000 0.003000 13.310196 80.558495 0.000000 -0.045000 0.115000 -0.118000 0.000000 0.000000
14:02:01 140.100006 -112.849998 0.000000 64.269997 33.056000 59.430000 21.737000 -11.580000 -5.456000 1471482.055000 452181.865000 13.310197 80.558487 0.000000 -0.045000 0.115000 -0.118000 0.000000 0.000000
14:02:01 140.100006 -112.849998 0.000000 64.269997 33.056000 59.430000 21.737000 -11.580000 -5.456000 1471482.202000 452181.860000 13.310199 80.558487 0.000000 -0.045000 0.115000 -0.118000 0.000000 0.000000
14:02:01 140.100006 -112.849998 0.000000 64.269997 33.056000 59.430000 21.737000 -11.580000 -5.456000 1471482.348000 452181.855000 13.310199 80.558487 0.000000 -0.045000 0.115000 -0.118000 0.000000 0.000000
14:02:01 140.100006 -112.849998 0.000000 64.269997 33.056000 59.430000 21.737000 -11.580000 -5.456000 1471482.495000 452181.850000 13.310199 80.558487 0.000000 -0.045000 0.115000 -0.118000 0.000000 0.000000
14:02:02 139.899994 -112.849998 0.000000 64.269997 33.056000 59.430000 21.737000 -11.580000 -5.456000 1471482.641000 452181.842000 13.310199 80.558487 0.000000 -0.045000 0.115000 -0.118000 0.000000 0.000000
14:02:02 139.899994 -112.849998 0.000000 64.269997 33.056000 59.430000 21.737000 -11.580000 -5.456000 1471482.318000 452183.091000 13.310199 80.558487 0.000000 -0.045000 0.115000 -0.118000 0.000000 0.000000
14:02:02 139.899994 -112.849998 0.000000 64.269997 33.056000 59.430000 21.737000 -11.580000 -5.456000 1471482.464000 452183.086000 13.310199 80.558487 0.000000 -0.045000 0.115000 -0.118000 0.000000 0.000000
14:02:02 139.899994 -112.849998 0.000000 64.269997 33.056000 59.430000 21.737000 -11.580000 -5.456000 0.003000 0.003300 13.310199 80.558487 0.000000 -0.045000 0.115000 -0.118000 0.000000 0.000000
14:02:03 139.899994 -112.849998 0.000000 64.269997 30.364000 59.430000 22.552999 -11.580000 -5.199000 1471482.757000 452183.077000 13.310199 80.558517 0.000000 -0.045000 0.115000 -0.118000 0.000000 0.000000
14:02:03 139.899994 -112.849998 0.000000 64.269997 30.087000 59.430000 22.641001 -11.580000 -5.160000 1471482.428000 452184.435000 13.310201 80.558517 0.000000 -0.045000 0.115000 -0.118000 0.000000 0.000000
14:02:03 139.899994 -112.849998 0.000000 64.269997 29.812000 59.430000 22.730000 -11.580000 -5.174000 1471482.575000 452184.428000 13.310202 80.558517 0.000000 -0.045000 0.115000 -0.118000 0.000000 0.000000
14:02:03 139.899994 -112.849998 0.000000 64.269997 29.537001 59.430000 22.818001 -11.580000 -5.163000 1471482.721000 452184.423000 13.310203 80.558517 0.000000 -0.045000 0.115000 -0.118000 0.000000 0.000000
14:02:03 139.800003 -112.849998 0.000000 64.269997 29.537001 59.430000 22.818001 -11.580000 -5.163000 1471482.868000 452184.418000 13.310203 80.558517 0.000000 -0.045000 0.115000 -0.118000 0.000000 0.000000
14:02:04 139.800003 -112.849998 0.000000 64.269997 29.537001 59.430000 22.818001 -11.580000 -5.163000 1471483.014000 452184.414000 13.310203 80.558517 0.000000 -0.045000 0.115000 -0.118000 0.000000 0.000000
14:02:04 139.800003 -112.849998 0.000000 64.269997 29.537001 59.430000 22.818001 -11.580000 -5.163000 1471482.737000 452185.754000 13.310203 80.558517 0.000000 -0.045000 0.115000 -0.118000 0.000000 0.000000
14:02:04 139.800003 -112.849998 0.000000 64.269997 29.537001 59.430000 22.818001 -11.580000 -5.163000 1471482.884000 452185.749000 13.310203 80.558517 0.000000 -0.045000 0.115000 -0.118000 0.000000 0.000000
14:02:04 139.699997 -112.849998 0.000000 64.269997 29.537001 59.430000 22.818001 -11.580000 -5.163000 0.003000 0.003500 13.310203 80.558517 0.000000 -0.045000 0.115000 -0.118000 0.000000 0.000000
14:02:05 139.699997 -112.849998 0.000000 64.269997 27.670000 59.430000 23.367001 -11.580000 -4.519000 0.003000 0.003500 13.310205 80.558540 0.000000 -0.045000 0.115000 -0.118000 0.000000 0.000000
14:02:05 139.699997 -112.849998 0.000000 64.269997 27.410000 59.430000 23.420000 -11.580000 -4.522000 1471483.071000 452187.124000 13.310206 80.558540 0.000000 -0.045000 0.115000 -0.118000 0.000000 0.000000
14:02:05 139.699997 -112.849998 0.000000 64.269997 27.150000 59.430000 23.466999 -11.580000 -4.433000 1471483.208000 452187.119000 13.310207 80.558540 0.000000 -0.045000 0.115000 -0.118000 0.000000 0.000000
14:02:05 139.699997 -112.849998 0.000000 64.269997 26.891001 59.430000 23.506001 -11.580000 -4.272000 1471483.344000 452187.114000 13.310209 80.558540 0.000000 -0.045000 0.115000 -0.118000 0.000000 0.000000
14:02:05 139.699997 -112.849998 0.000000 64.269997 26.891001 59.430000 23.506001 -11.580000 -4.272000 1471483.481000 452187.109000 13.310209 80.558540 0.000000 -0.045000 0.115000 -0.118000 0.000000 0.000000
14:02:06 139.699997 -112.849998 0.000000 64.269997 26.891001 59.430000 23.506001 -11.580000 -4.272000 1471483.618000 452187.104000 13.310209 80.558540 0.000000 -0.045000 0.115000 -0.118000 0.000000 0.000000
14:02:06 139.699997 -112.849998 0.000000 64.269997 26.891001 59.430000 23.506001 -11.580000 -4.272000 1471483.464000 452188.545000 13.310209 80.558540 0.000000 -0.045000 0.115000 -0.118000 0.000000 0.000000
14:02:06 139.600006 -112.849998 0.000000 64.269997 26.891001 59.430000 23.506001 -11.580000 -4.272000 1471483.601000 452188.540000 13.310209 80.558540 0.000000 -0.045000 0.115000 -0.118000 0.000000 0.000000
14:02:06 139.600006 -112.849998 0.000000 64.269997 26.891001 59.430000 23.506001 -11.580000 -4.272000 0.003000 0.003800 13.310209 80.558540 0.000000 -0.045000 0.115000 -0.118000 0.000000 0.000000
14:02:07 139.600006 -112.849998 0.000000 64.269997 25.072001 59.430000 23.576000 -11.580000 -2.975000 0.003000 0.003800 13.310213 80.558563 0.000000 -0.045000 0.115000 -0.118000 0.000000 0.000000
14:02:07 139.500000 -112.849998 0.000000 64.269997 25.072001 59.430000 23.576000 -11.580000 -2.975000 1471483.989000 452189.993000 13.310214 80.558563 0.000000 -0.045000 0.115000 -0.118000 0.000000 0.000000
14:02:07 139.500000 -112.849998 0.000000 64.269997 25.072001 59.430000 23.576000 -11.580000 -2.975000 1471484.126000 452189.989000 13.310216 80.558563 0.000000 -0.045000 0.115000 -0.118000 0.000000 0.000000
14:02:07 139.500000 -112.849998 0.000000 64.269997 25.072001 59.430000 23.576000 -11.580000 -2.975000 1471484.263000 452189.987000 13.310216 80.558563 0.000000 -0.045000 0.115000 -0.118000 0.000000 0.000000
14:02:07 139.500000 -112.849998 0.000000 64.269997 25.072001 59.430000 23.576000 -11.580000 -2.975000 1471484.393000 452189.984000 13.310216 80.558563 0.000000 -0.045000 0.115000 -0.118000 0.000000 0.000000
14:02:08 139.399994 -112.849998 0.000000 64.269997 25.072001 59.430000 23.576000 -11.580000 -2.975000 1471484.520000 452189.982000 13.310216 80.558563 0.000000 -0.045000 0.115000 -0.118000 0.000000 0.000000
14:02:08 139.399994 -112.849998 0.000000 64.269997 25.072001 59.430000 23.576000 -11.580000 -2.975000 1471484.701000 452191.454000 13.310216 80.558563 0.000000 -0.045000 0.115000 -0.118000 0.000000 0.000000
14:02:08 139.399994 -112.849998 0.000000 64.269997 25.072001 59.430000 23.576000 -11.580000 -2.975000 1471484.828000 452191.452000 13.310216 80.558563 0.000000 -0.045000 0.115000 -0.118000 0.000000 0.000000
14:02:08 139.399994 -112.849998 0.000000 64.269997 25.072001 59.430000 23.576000 -11.580000 -2.975000 1471484.955000 452191.452000 13.310216 80.558563 0.000000 -0.045000 0.115000 -0.118000 0.000000 0.000000
14:02:08 139.399994 -112.849998 0.000000 64.269997 25.072001 59.430000 23.576000 -11.580000 -2.975000 0.003000 0.003100 13.310216 80.558563 0.000000 -0.045000 0.115000 -0.118000 0.000000 0.000000
14:02:09 139.399994 -112.849998 0.000000 64.269997 22.521000 59.430000 23.118999 -11.580000 -2.419000 0.003000 0.003100 13.310229 80.558594 0.000000 -0.045000 0.115000 -0.118000 0.000000 0.000000
14:02:09 139.399994 -112.849998 0.000000 64.269997 22.332001 59.430000 23.048000 -11.580000 -2.556000 1471485.800000 452192.825000 13.310231 80.558594 0.000000 -0.045000 0.115000 -0.118000 0.000000 0.000000
14:02:09 139.399994 -112.849998 0.000000 64.269997 22.149000 59.430000 22.972000 -11.580000 -2.686000 1471485.927000 452192.825000 13.310240 80.558601 0.000000 -0.045000 0.115000 -0.118000 0.000000 0.000000
14:02:09 139.500000 -112.849998 0.000000 64.269997 22.149000 59.430000 22.972000 -11.580000 -2.686000 1471486.054000 452192.825000 13.310240 80.558601 0.000000 -0.045000 0.115000 -0.118000 0.000000 0.000000
14:02:10 139.500000 -112.849998 0.000000 64.269997 22.149000 59.430000 22.972000 -11.580000 -2.686000 1471486.181000 452192.825000 13.310240 80.558601 0.000000 -0.045000 0.115000 -0.118000 0.000000 0.000000
14:02:10 139.500000 -112.849998 0.000000 64.269997 22.149000 59.430000 22.972000 -11.580000 -2.686000 1471487.145000 452194.015000 13.310240 80.558601 0.000000 -0.045000 0.115000 -0.118000 0.000000 0.000000
14:02:10 139.500000 -112.849998 0.000000 64.269997 22.149000 59.430000 22.972000 -11.580000 -2.686000 1471487.271000 452194.015000 13.310240 80.558601 0.000000 -0.045000 0.115000 -0.118000 0.000000 0.000000
14:02:10 139.500000 -112.849998 0.000000 64.269997 22.149000 59.430000 22.972000 -11.580000 -2.686000 1471487.398000 452194.015000 13.310240 80.558601 0.000000 -0.045000 0.115000 -0.118000 0.000000 0.000000
14:02:10 139.500000 -112.849998 0.000000 64.269997 22.149000 59.430000 22.972000 -11.580000 -2.686000 0.003000 0.003400 13.310240 80.558601 0.000000 -0.045000 0.115000 -0.118000 0.000000 0.000000
14:02:11 139.500000 -112.849998 0.000000 64.269997 20.864000 59.430000 22.240999 -11.580000 -3.270000 0.003000 0.003400 13.310258 80.558617 0.000000 -0.045000 0.115000 -0.118000 0.000000 0.000000
14:02:11 139.500000 -112.849998 0.000000 64.269997 20.719000 59.430000 22.139000 -11.580000 -3.266000 1471488.916000 452195.193000 13.310259 80.558617 0.000000 -0.045000 0.115000 -0.118000 0.000000 0.000000
14:02:11 139.500000 -112.849998 0.000000 64.269997 20.576000 59.430000 22.035000 -11.580000 -3.262000 1471489.043000 452195.193000 13.310261 80.558617 0.000000 -0.045000 0.115000 -0.118000 0.000000 0.000000
14:02:12 139.500000 -112.849998 0.000000 64.269997 20.290001 59.430000 21.820000 -11.580000 -3.317000 0.003000 0.003500 13.310271 80.558624 0.000000 -0.045000 0.115000 -0.118000 0.000000 0.000000
14:02:12 139.500000 -112.849998 0.000000 64.269997 20.146999 59.430000 21.709999 -11.580000 -3.358000 1471489.424000 452195.193000 13.310272 80.558624 0.000000 -0.045000 0.115000 -0.118000 0.000000 0.000000
14:02:12 139.500000 -112.849998 0.000000 64.269997 20.004999 59.430000 21.599001 -11.580000 -3.352000 1471490.497000 452196.474000 13.310273 80.558624 0.000000 -0.045000 0.115000 -0.118000 0.000000 0.000000
14:02:12 139.500000 -112.849998 0.000000 64.269997 19.862000 59.430000 21.488001 -11.580000 -3.296000 1471490.624000 452196.474000 13.310275 80.558624 0.000000 -0.045000 0.115000 -0.118000 0.000000 0.000000
14:02:12 139.500000 -112.849998 0.000000 64.269997 19.862000 59.430000 21.488001 -11.580000 -3.296000 1471490.750000 452196.474000 13.310275 80.558624 0.000000 -0.045000 0.115000 -0.118000 0.000000 0.000000
14:02:13 139.500000 -112.849998 0.000000 64.269997 19.862000 59.430000 21.488001 -11.580000 -3.296000 1471490.877000 452196.474000 13.310275 80.558624 0.000000 -0.045000 0.115000 -0.118000 0.000000 0.000000
14:02:13 139.600006 -112.849998 0.000000 64.269997 19.862000 59.430000 21.488001 -11.580000 -3.296000 1471491.004000 452196.474000 13.310275 80.558624 0.000000 -0.045000 0.115000 -0.118000 0.000000 0.000000
14:02:13 139.600006 -112.849998 0.000000 64.269997 19.862000 59.430000 21.488001 -11.580000 -3.296000 1471492.021000 452197.755000 13.310275 80.558624 0.000000 -0.045000 0.115000 -0.118000 0.000000 0.000000
14:02:13 139.600006 -112.849998 0.000000 64.269997 19.862000 59.430000 21.488001 -11.580000 -3.296000 1471492.148000 452197.755000 13.310275 80.558624 0.000000 -0.045000 0.115000 -0.118000 0.000000 0.000000
14:02:14 139.600006 -112.849998 0.000000 64.269997 18.833000 59.430000 20.718000 -11.580000 -2.478000 0.003000 0.003700 13.310299 80.558647 0.000000 -0.045000 0.115000 -0.118000 0.000000 0.000000
14:02:14 139.699997 -112.849998 0.000000 64.269997 18.684000 59.430000 20.608999 -11.580000 -2.525000 1471492.529000 452197.755000 13.310300 80.558647 0.000000 -0.045000 0.115000 -0.118000 0.000000 0.000000
14:02:14 139.699997 -112.849998 0.000000 64.269997 18.533001 59.430000 20.503000 -11.580000 -2.601000 1471493.553000 452198.946000 13.310301 80.558647 0.000000 -0.045000 0.115000 -0.118000 0.000000 0.000000
14:02:14 139.699997 -112.849998 0.000000 64.269997 18.382999 59.430000 20.399000 -11.580000 -2.673000 1471493.680000 452198.946000 13.310303 80.558647 0.000000 -0.045000 0.115000 -0.118000 0.000000 0.000000
14:02:14 139.699997 -112.849998 0.000000 64.269997 18.382999 59.430000 20.399000 -11.580000 -2.673000 1471493.807000 452198.946000 13.310303 80.558647 0.000000 -0.045000 0.115000 -0.118000 0.000000 0.000000
14:02:15 139.800003 -112.849998 0.000000 64.269997 18.382999 59.430000 20.399000 -11.580000 -2.673000 1471493.934000 452198.946000 13.310303 80.558647 0.000000 -0.045000 0.115000 -0.118000 0.000000 0.000000
14:02:15 139.800003 -112.849998 0.000000 64.269997 18.382999 59.430000 20.399000 -11.580000 -2.673000 1471494.061000 452198.946000 13.310303 80.558647 0.000000 -0.045000 0.115000 -0.118000 0.000000 0.000000
14:02:15 139.800003 -112.849998 0.000000 64.269997 17.639000 59.430000 19.943001 -11.580000 -2.097000 0.003000 0.003800 13.310315 80.558662 0.000000 -0.045000 0.115000 -0.118000 0.000000 0.000000
14:02:15 139.699997 -112.849998 0.000000 64.269997 17.639000 59.430000 19.943001 -11.580000 -2.097000 1471495.260000 452200.252000 13.310315 80.558662 0.000000 -0.045000 0.115000 -0.118000 0.000000 0.000000
14:02:16 139.699997 -112.849998 0.000000 64.269997 17.639000 59.430000 19.943001 -11.580000 -2.097000 1471495.387000 452200.252000 13.310315 80.558662 0.000000 -0.045000 0.115000 -0.118000 0.000000 0.000000
14:02:16 139.699997 -112.849998 0.000000 64.269997 17.639000 59.430000 19.943001 -11.580000 -2.097000 1471495.514000 452200.252000 13.310315 80.558662 0.000000 -0.045000 0.115000 -0.118000 0.000000 0.000000
14:02:16 139.699997 -112.849998 0.000000 64.269997 17.639000 59.430000 19.943001 -11.580000 -2.097000 1471496.365000 452201.662000 13.310315 80.558662 0.000000 -0.045000 0.115000 -0.118000 0.000000 0.000000
14:02:16 139.699997 -112.849998 0.000000 64.269997 17.639000 59.430000 19.943001 -11.580000 -2.097000 1471496.492000 452201.662000 13.310315 80.558662 0.000000 -0.045000 0.115000 -0.118000 0.000000 0.000000
14:02:17 139.800003 -112.849998 0.000000 64.269997 16.669001 59.430000 19.469000 -11.580000 -2.498000 0.003000 0.003100 13.310338 80.558685 0.000000 -0.045000 0.115000 -0.118000 0.000000 0.000000
14:02:17 139.800003 -112.849998 0.000000 64.269997 16.541000 59.430000 19.426001 -11.580000 -2.518000 1471496.873000 452201.662000 13.310339 80.558685 0.000000 -0.045000 0.115000 -0.118000 0.000000 0.000000
14:02:17 139.800003 -112.849998 0.000000 64.269997 16.417000 59.430000 19.389999 -11.580000 -2.441000 1471497.854000 452202.995000 13.310340 80.558685 0.000000 -0.045000 0.115000 -0.118000 0.000000 0.000000
14:02:17 139.800003 -112.849998 0.000000 64.269997 16.295000 59.430000 19.361000 -11.580000 -2.322000 1471497.980000 452202.995000 13.310341 80.558685 0.000000 -0.045000 0.115000 -0.118000 0.000000 0.000000
14:02:17 139.800003 -112.849998 0.000000 64.269997 16.295000 59.430000 19.361000 -11.580000 -2.322000 1471498.107000 452202.995000 13.310341 80.558685 0.000000 -0.045000 0.115000 -0.118000 0.000000 0.000000
14:02:18 139.800003 -112.849998 0.000000 64.269997 16.295000 59.430000 19.361000 -11.580000 -2.322000 1471498.234000 452202.995000 13.310341 80.558685 0.000000 -0.045000 0.115000 -0.118000 0.000000 0.000000
14:02:18 139.800003 -112.849998 0.000000 64.269997 16.295000 59.430000 19.361000 -11.580000 -2.322000 1471498.361000 452202.995000 13.310341 80.558685 0.000000 -0.045000 0.115000 -0.118000 0.000000 0.000000
14:02:18 139.800003 -112.849998 0.000000 64.269997 16.295000 59.430000 19.361000 -11.580000 -2.322000 1471499.199000 452204.392000 13.310341 80.558685 0.000000 -0.045000 0.115000 -0.118000 0.000000 0.000000
14:02:18 139.800003 -112.849998 0.000000 64.269997 16.295000 59.430000 19.361000 -11.580000 -2.322000 0.003000 0.003400 13.310341 80.558685 0.000000 -0.045000 0.115000 -0.118000 0.000000 0.000000
14:02:19 139.800003 -112.849998 0.000000 64.269997 15.546000 59.430000 19.285000 -11.580000 -1.869000 1471499.453000 452204.397000 13.310362 80.558708 0.000000 -0.045000 0.115000 -0.118000 0.000000 0.000000
14:02:19 139.800003 -112.849998 0.000000 64.269997 15.454000 59.430000 19.288000 -11.580000 -1.900000 1471499.707000 452204.402000 13.310363 80.558708 0.000000 -0.045000 0.115000 -0.118000 0.000000 0.000000
14:02:19 139.899994 -112.849998 0.000000 64.269997 15.364000 59.430000 19.294001 -11.580000 -1.927000 1471500.518000 452205.814000 13.310364 80.558708 0.000000 -0.045000 0.115000 -0.118000 0.000000 0.000000
14:02:19 139.899994 -112.849998 0.000000 64.269997 15.278000 59.430000 19.302000 -11.580000 -1.931000 1471500.645000 452205.817000 13.310366 80.558708 0.000000 -0.045000 0.115000 -0.118000 0.000000 0.000000
14:02:19 139.899994 -112.849998 0.000000 64.269997 15.278000 59.430000 19.302000 -11.580000 -1.931000 1471500.771000 452205.819000 13.310366 80.558708 0.000000 -0.045000 0.115000 -0.118000 0.000000 0.000000
14:02:20 139.899994 -112.849998 0.000000 64.269997 15.278000 59.430000 19.302000 -11.580000 -1.931000 1471500.898000 452205.822000 13.310366 80.558708 0.000000 -0.045000 0.115000 -0.118000 0.000000 0.000000
14:02:20 140.000000 -112.849998 0.000000 64.269997 15.278000 59.430000 19.302000 -11.580000 -1.931000 1471501.025000 452205.824000 13.310366 80.558708 0.000000 -0.045000 0.115000 -0.118000 0.000000 0.000000
14:02:20 140.000000 -112.849998 0.000000 64.269997 15.278000 59.430000 19.302000 -11.580000 -1.931000 1471502.007000 452207.237000 13.310366 80.558708 0.000000 -0.045000 0.115000 -0.118000 0.000000 0.000000
14:02:20 140.000000 -112.849998 0.000000 64.269997 15.278000 59.430000 19.302000 -11.580000 -1.931000 1471502.134000 452207.240000 13.310366 80.558708 0.000000 -0.045000 0.115000 -0.118000 0.000000 0.000000
14:02:21 140.000000 -112.849998 0.000000 64.269997 14.739000 59.430000 19.388000 -11.580000 -1.654000 0.003000 0.003700 13.310390 80.558739 0.000000 -0.045000 0.115000 -0.118000 0.000000 0.000000
14:02:21 140.000000 -112.849998 0.000000 64.269997 14.668000 59.430000 19.400000 -11.580000 -1.731000 1471502.515000 452207.247000 13.310391 80.558739 0.000000 -0.045000 0.115000 -0.118000 0.000000 0.000000
14:02:21 140.000000 -112.849998 0.000000 64.269997 14.598000 59.430000 19.413000 -11.580000 -1.819000 1471502.642000 452207.249000 13.310392 80.558739 0.000000 -0.045000 0.115000 -0.118000 0.000000 0.000000
14:02:21 140.000000 -112.849998 0.000000 64.269997 14.528000 59.430000 19.427000 -11.580000 -1.908000 1471503.746000 452208.533000 13.310393 80.558739 0.000000 -0.045000 0.115000 -0.118000 0.000000 0.000000
14:02:21 140.000000 -112.849998 0.000000 64.269997 14.528000 59.430000 19.427000 -11.580000 -1.908000 1471503.873000 452208.536000 13.310393 80.558739 0.000000 -0.045000 0.115000 -0.118000 0.000000 0.000000
14:02:22 140.100006 -112.849998 0.000000 64.269997 14.528000 59.430000 19.427000 -11.580000 -1.908000 1471504.000000 452208.538000 13.310393 80.558739 0.000000 -0.045000 0.115000 -0.118000 0.000000 0.000000
14:02:22 140.100006 -112.849998 0.000000 64.269997 14.528000 59.430000 19.427000 -11.580000 -1.908000 1471504.126000 452208.541000 13.310393 80.558739 0.000000 -0.045000 0.115000 -0.118000 0.000000 0.000000
14:02:22 140.100006 -112.849998 0.000000 64.269997 14.528000 59.430000 19.427000 -11.580000 -1.908000 1471504.253000 452208.543000 13.310393 80.558739 0.000000 -0.045000 0.115000 -0.118000 0.000000 0.000000
14:02:22 140.100006 -112.849998 0.000000 64.269997 14.528000 59.430000 19.427000 -11.580000 -1.908000 0.003000 0.003800 13.310393 80.558739 0.000000 -0.045000 0.115000 -0.118000 0.000000 0.000000
14:02:23 140.199997 -112.849998 0.000000 64.269997 14.036000 59.430000 19.555000 -11.580000 -2.238000 0.003000 0.003800 13.310422 80.558762 0.000000 -0.045000 0.115000 -0.118000 0.000000 0.000000
14:02:23 140.199997 -112.849998 0.000000 64.269997 13.964000 59.430000 19.577999 -11.580000 -2.282000 1471505.863000 452209.822000 13.310423 80.558762 0.000000 -0.045000 0.115000 -0.118000 0.000000 0.000000
14:02:23 140.199997 -112.849998 0.000000 64.269997 13.891000 59.430000 19.603001 -11.580000 -2.324000 1471505.990000 452209.824000 13.310424 80.558762 0.000000 -0.045000 0.115000 -0.118000 0.000000 0.000000
14:02:23 140.199997 -112.849998 0.000000 64.269997 13.816000 59.430000 19.629000 -11.580000 -2.342000 1471507.233000 452210.992000 13.310425 80.558762 0.000000 -0.045000 0.115000 -0.118000 0.000000 0.000000
14:02:23 140.199997 -112.849998 0.000000 64.269997 13.816000 59.430000 19.629000 -11.580000 -2.342000 1471507.360000 452210.995000 13.310425 80.558762 0.000000 -0.045000 0.115000 -0.118000 0.000000 0.000000
14:02:24 140.199997 -112.849998 0.000000 64.269997 13.816000 59.430000 19.629000 -11.580000 -2.342000 1471507.487000 452210.997000 13.310425 80.558762 0.000000 -0.045000 0.115000 -0.118000 0.000000 0.000000
14:02:24 140.199997 -112.849998 0.000000 64.269997 13.816000 59.430000 19.629000 -11.580000 -2.342000 1471507.614000 452211.000000 13.310425 80.558762 0.000000 -0.045000 0.115000 -0.118000 0.000000 0.000000
14:02:24 140.199997 -112.849998 0.000000 64.269997 13.816000 59.430000 19.629000 -11.580000 -2.342000 1471507.741000 452211.002000 13.310425 80.558762 0.000000 -0.045000 0.115000 -0.118000 0.000000 0.000000
14:02:24 140.199997 -112.849998 0.000000 64.269997 13.816000 59.430000 19.629000 -11.580000 -2.342000 1471509.054000 452212.170000 13.310425 80.558762 0.000000 -0.045000 0.115000 -0.118000 0.000000 0.000000
14:02:25 140.199997 -112.849998 0.000000 64.269997 13.258000 59.430000 19.794001 -11.580000 -1.754000 0.003000 0.003200 13.310452 80.558784 0.000000 -0.045000 0.115000 -0.118000 0.000000 0.000000
14:02:25 140.199997 -112.849998 0.000000 64.269997 13.258000 59.430000 19.794001 -11.580000 -1.754000 1471509.435000 452212.177000 13.310453 80.558784 0.000000 -0.045000 0.115000 -0.118000 0.000000 0.000000
14:02:25 140.300003 -112.849998 0.000000 64.269997 13.258000 59.430000 19.794001 -11.580000 -1.754000 1471509.562000 452212.180000 13.310455 80.558784 0.000000 -0.045000 0.115000 -0.118000 0.000000 0.000000
14:02:25 140.300003 -112.849998 0.000000 64.269997 13.258000 59.430000 19.794001 -11.580000 -1.754000 1471510.659000 452213.386000 13.310455 80.558784 0.000000 -0.045000 0.115000 -0.118000 0.000000 0.000000
14:02:25 140.300003 -112.849998 0.000000 64.269997 13.258000 59.430000 19.794001 -11.580000 -1.754000 1471510.786000 452213.389000 13.310455 80.558784 0.000000 -0.045000 0.115000 -0.118000 0.000000 0.000000
14:02:26 140.300003 -112.849998 0.000000 64.269997 13.258000 59.430000 19.794001 -11.580000 -1.754000 1471510.913000 452213.391000 13.310455 80.558784 0.000000 -0.045000 0.115000 -0.118000 0.000000 0.000000
14:02:26 140.300003 -112.849998 0.000000 64.269997 13.258000 59.430000 19.794001 -11.580000 -1.754000 1471511.040000 452213.394000 13.310455 80.558784 0.000000 -0.045000 0.115000 -0.118000 0.000000 0.000000
14:02:26 140.300003 -112.849998 0.000000 64.269997 13.258000 59.430000 19.794001 -11.580000 -1.754000 1471511.167000 452213.396000 13.310455 80.558784 0.000000 -0.045000 0.115000 -0.118000 0.000000 0.000000
14:02:26 140.300003 -112.849998 0.000000 64.269997 13.258000 59.430000 19.794001 -11.580000 -1.754000 1471512.286000 452214.629000 13.310455 80.558784 0.000000 -0.045000 0.115000 -0.118000 0.000000 0.000000
14:02:26 140.300003 -112.849998 0.000000 64.269997 13.258000 59.430000 19.794001 -11.580000 -1.754000 0.003000 0.003400 13.310455 80.558784 0.000000 -0.045000 0.115000 -0.118000 0.000000 0.000000
14:02:27 140.300003 -112.849998 0.000000 64.269997 12.233000 59.430000 19.773001 -11.580000 -1.700000 0.003000 0.003400 13.310482 80.558807 0.000000 -0.045000 0.115000 -0.118000 0.000000 0.000000
14:02:27 140.300003 -112.849998 0.000000 64.269997 12.131000 59.430000 19.754000 -11.580000 -1.853000 1471512.794000 452214.638000 13.310483 80.558807 0.000000 -0.045000 0.115000 -0.118000 0.000000 0.000000
14:02:27 140.300003 -112.849998 0.000000 64.269997 12.028000 59.430000 19.733999 -11.580000 -2.045000 1471513.754000 452215.960000 13.310484 80.558807 0.000000 -0.045000 0.115000 -0.118000 0.000000 0.000000
14:02:27 140.300003 -112.849998 0.000000 64.269997 12.028000 59.430000 19.733999 -11.580000 -2.045000 1471513.881000 452215.961000 13.310484 80.558807 0.000000 -0.045000 0.115000 -0.118000 0.000000 0.000000
14:02:28 140.300003 -112.849998 0.000000 64.269997 12.028000 59.430000 19.733999 -11.580000 -2.045000 1471514.008000 452215.963000 13.310484 80.558807 0.000000 -0.045000 0.115000 -0.118000 0.000000 0.000000
14:02:28 140.300003 -112.849998 0.000000 64.269997 12.028000 59.430000 19.733999 -11.580000 -2.045000 1471514.135000 452215.965000 13.310484 80.558807 0.000000 -0.045000 0.115000 -0.118000 0.000000 0.000000
14:02:28 140.300003 -112.849998 0.000000 64.269997 12.028000 59.430000 19.733999 -11.580000 -2.045000 0.003000 0.003500 13.310484 80.558807 0.000000 -0.045000 0.115000 -0.118000 0.000000 0.000000
14:02:28 140.300003 -112.849998 0.000000 64.269997 12.028000 59.430000 19.733999 -11.580000 -2.045000 0.003000 0.003500 13.310484 80.558807 0.000000 -0.045000 0.115000 -0.118000 0.000000 0.000000
14:02:29 140.399994 -112.849998 0.000000 64.269997 11.273000 59.430000 19.600000 -11.580000 -1.590000 0.003000 0.003500 13.310506 80.558830 0.000000 -0.045000 0.115000 -0.118000 0.000000 0.000000
14:02:29 140.399994 -112.849998 0.000000 64.269997 11.159000 59.430000 19.577999 -11.580000 -1.472000 1471515.534000 452217.348000 13.310508 80.558830 0.000000 -0.045000 0.115000 -0.118000 0.000000 0.000000
14:02:29 140.399994 -112.849998 0.000000 64.269997 11.044000 59.430000 19.554001 -11.580000 -1.393000 1471515.661000 452217.348000 13.310509 80.558830 0.000000 -0.045000 0.115000 -0.118000 0.000000 0.000000
14:02:29 140.399994 -112.849998 0.000000 64.269997 10.929000 59.430000 19.528000 -11.580000 -1.387000 1471516.604000 452218.702000 13.310510 80.558830 0.000000 -0.045000 0.115000 -0.118000 0.000000 0.000000
14:02:29 140.500000 -112.849998 0.000000 64.269997 10.929000 59.430000 19.528000 -11.580000 -1.387000 1471516.731000 452218.702000 13.310510 80.558830 0.000000 -0.045000 0.115000 -0.118000 0.000000 0.000000
14:02:30 140.500000 -112.849998 0.000000 64.269997 10.929000 59.430000 19.528000 -11.580000 -1.387000 1471516.858000 452218.702000 13.310510 80.558830 0.000000 -0.045000 0.115000 -0.118000 0.000000 0.000000
14:02:30 140.500000 -112.849998 0.000000 64.269997 10.929000 59.430000 19.528000 -11.580000 -1.387000 1471516.985000 452218.702000 13.310510 80.558830 0.000000 -0.045000 0.115000 -0.118000 0.000000 0.000000
14:02:30 140.500000 -112.849998 0.000000 64.269997 10.929000 59.430000 19.528000 -11.580000 -1.387000 1471517.112000 452218.703000 13.310510 80.558830 0.000000 -0.045000 0.115000 -0.118000 0.000000 0.000000
14:02:30 140.399994 -112.849998 0.000000 64.269997 10.929000 59.430000 19.528000 -11.580000 -1.387000 1471518.013000 452220.048000 13.310510 80.558830 0.000000 -0.045000 0.115000 -0.118000 0.000000 0.000000
14:02:31 140.399994 -112.849998 0.000000 64.269997 10.089000 59.430000 19.322001 -11.580000 -1.583000 0.003000 0.003000 13.310531 80.558853 0.000000 -0.045000 0.115000 -0.118000 0.000000 0.000000
14:02:31 140.399994 -112.849998 0.000000 64.269997 9.965000 59.430000 19.294001 -11.580000 -1.428000 1471518.394000 452220.055000 13.310533 80.558853 0.000000 -0.045000 0.115000 -0.118000 0.000000 0.000000
14:02:31 140.399994 -112.849998 0.000000 64.269997 9.840000 59.430000 19.267000 -11.580000 -1.276000 1471518.521000 452220.057000 13.310534 80.558853 0.000000 -0.045000 0.115000 -0.118000 0.000000 0.000000
14:02:31 140.399994 -112.849998 0.000000 64.269997 9.715000 59.430000 19.239000 -11.580000 -1.166000 1471518.648000 452220.060000 13.310534 80.558853 0.000000 -0.045000 0.115000 -0.118000 0.000000 0.000000
14:02:31 140.399994 -112.849998 0.000000 64.269997 9.715000 59.430000 19.239000 -11.580000 -1.166000 1471519.469000 452221.498000 13.310534 80.558853 0.000000 -0.045000 0.115000 -0.118000 0.000000 0.000000
14:02:32 140.399994 -112.849998 0.000000 64.269997 9.715000 59.430000 19.239000 -11.580000 -1.166000 1471519.596000 452221.500000 13.310534 80.558853 0.000000 -0.045000 0.115000 -0.118000 0.000000 0.000000
14:02:32 140.399994 -112.849998 0.000000 64.269997 9.715000 59.430000 19.239000 -11.580000 -1.166000 1471519.723000 452221.501000 13.310534 80.558853 0.000000 -0.045000 0.115000 -0.118000 0.000000 0.000000
14:02:32 140.500000 -112.849998 0.000000 64.269997 9.715000 59.430000 19.239000 -11.580000 -1.166000 1471519.850000 452221.503000 13.310534 80.558853 0.000000 -0.045000 0.115000 -0.118000 0.000000 0.000000
14:02:32 140.500000 -112.849998 0.000000 64.269997 9.715000 59.430000 19.239000 -11.580000 -1.166000 0.003000 0.003100 13.310534 80.558853 0.000000 -0.045000 0.115000 -0.118000 0.000000 0.000000
14:02:33 140.500000 -112.849998 0.000000 64.269997 8.825000 59.430000 19.049000 -11.580000 -1.375000 0.003000 0.003100 13.310556 80.558884 0.000000 -0.045000 0.115000 -0.118000 0.000000 0.000000
14:02:33 140.500000 -112.849998 0.000000 64.269997 8.696000 59.430000 19.030001 -11.580000 -1.294000 1471521.821000 452224.308000 13.310557 80.558884 0.000000 -0.045000 0.115000 -0.118000 0.000000 0.000000
14:02:33 140.500000 -112.849998 0.000000 64.269997 8.568000 59.430000 19.011999 -11.580000 -1.191000 1471521.948000 452224.311000 13.310558 80.558884 0.000000 -0.045000 0.115000 -0.118000 0.000000 0.000000
14:02:33 140.500000 -112.849998 0.000000 64.269997 8.438000 59.430000 18.996000 -11.580000 -1.064000 1471522.075000 452224.313000 13.310559 80.558884 0.000000 -0.045000 0.115000 -0.118000 0.000000 0.000000
14:02:33 140.500000 -112.849998 0.000000 64.269997 8.438000 59.430000 18.996000 -11.580000 -1.064000 1471522.212000 452224.317000 13.310559 80.558884 0.000000 -0.045000 0.115000 -0.118000 0.000000 0.000000
14:02:34 140.500000 -112.849998 0.000000 64.269997 8.438000 59.430000 18.996000 -11.580000 -1.064000 1471522.339000 452224.320000 13.310559 80.558884 0.000000 -0.045000 0.115000 -0.118000 0.000000 0.000000
14:02:34 140.500000 -112.849998 0.000000 64.269997 8.438000 59.430000 18.996000 -11.580000 -1.064000 1471522.466000 452224.322000 13.310559 80.558884 0.000000 -0.045000 0.115000 -0.118000 0.000000 0.000000
14:02:34 140.500000 -112.849998 0.000000 64.269997 8.438000 59.430000 18.996000 -11.580000 -1.064000 1471522.593000 452224.325000 13.310559 80.558884 0.000000 -0.045000 0.115000 -0.118000 0.000000 0.000000
14:02:34 140.500000 -112.849998 0.000000 64.269997 8.438000 59.430000 18.996000 -11.580000 -1.064000 0.003000 0.003400 13.310559 80.558884 0.000000 -0.045000 0.115000 -0.118000 0.000000 0.000000
14:02:35 140.500000 -112.849998 0.000000 64.269997 7.543000 59.430000 18.893000 -11.580000 -0.663000 0.003000 0.003400 13.310578 80.558907 0.000000 -0.045000 0.115000 -0.118000 0.000000 0.000000
14:02:35 140.500000 -112.849998 0.000000 64.269997 7.417000 59.430000 18.881001 -11.580000 -0.692000 1471524.270000 452227.372000 13.310579 80.558907 0.000000 -0.045000 0.115000 -0.118000 0.000000 0.000000
14:02:35 140.500000 -112.849998 0.000000 64.269997 7.292000 59.430000 18.870001 -11.580000 -0.747000 1471524.397000 452227.375000 13.310580 80.558907 0.000000 -0.045000 0.115000 -0.118000 0.000000 0.000000
14:02:35 140.500000 -112.849998 0.000000 64.269997 7.168000 59.430000 18.860001 -11.580000 -0.836000 1471524.524000 452227.377000 13.310581 80.558907 0.000000 -0.045000 0.115000 -0.118000 0.000000 0.000000
14:02:35 140.500000 -112.849998 0.000000 64.269997 7.168000 59.430000 18.860001 -11.580000 -0.836000 1471524.656000 452227.394000 13.310581 80.558907 0.000000 -0.045000 0.115000 -0.118000 0.000000 0.000000
14:02:36 140.500000 -112.849998 0.000000 64.269997 7.168000 59.430000 18.860001 -11.580000 -0.836000 1471524.783000 452227.397000 13.310581 80.558907 0.000000 -0.045000 0.115000 -0.118000 0.000000 0.000000
14:02:36 140.500000 -112.849998 0.000000 64.269997 7.168000 59.430000 18.860001 -11.580000 -0.836000 1471524.910000 452227.399000 13.310581 80.558907 0.000000 -0.045000 0.115000 -0.118000 0.000000 0.000000
14:02:36 140.500000 -112.849998 0.000000 64.269997 7.168000 59.430000 18.860001 -11.580000 -0.836000 1471525.037000 452227.402000 13.310581 80.558907 0.000000 -0.045000 0.115000 -0.118000 0.000000 0.000000
14:02:36 140.699997 -112.849998 0.000000 64.269997 7.168000 59.430000 18.860001 -11.580000 -0.836000 0.003000 0.003700 13.310581 80.558907 0.000000 -0.045000 0.115000 -0.118000 0.000000 0.000000
14:02:37 140.699997 -112.849998 0.000000 64.269997 6.331000 59.430000 18.868000 -11.580000 -0.862000 0.003000 0.003700 13.310606 80.558937 0.000000 -0.045000 0.115000 -0.118000 0.000000 0.000000
14:02:37 140.699997 -112.849998 0.000000 64.269997 6.218000 59.430000 18.879999 -11.580000 -0.853000 1471527.290000 452230.166000 13.310607 80.558937 0.000000 -0.045000 0.115000 -0.118000 0.000000 0.000000
14:02:37 140.699997 -112.849998 0.000000 64.269997 6.104000 59.430000 18.895000 -11.580000 -0.865000 1471527.416000 452230.169000 13.310608 80.558937 0.000000 -0.045000 0.115000 -0.118000 0.000000 0.000000
14:02:37 140.699997 -112.849998 0.000000 64.269997 5.993000 59.430000 18.910999 -11.580000 -0.906000 1471527.543000 452230.171000 13.310609 80.558937 0.000000 -0.045000 0.115000 -0.118000 0.000000 0.000000
14:02:37 140.699997 -112.849998 0.000000 64.269997 5.993000 59.430000 18.910999 -11.580000 -0.906000 1471527.683000 452230.188000 13.310609 80.558937 0.000000 -0.045000 0.115000 -0.118000 0.000000 0.000000
14:02:38 140.699997 -112.849998 0.000000 64.269997 5.993000 59.430000 18.910999 -11.580000 -0.906000 1471527.810000 452230.190000 13.310609 80.558937 0.000000 -0.045000 0.115000 -0.118000 0.000000 0.000000
14:02:38 140.699997 -112.849998 0.000000 64.269997 5.993000 59.430000 18.910999 -11.580000 -0.906000 1471527.937000 452230.193000 13.310609 80.558937 0.000000 -0.045000 0.115000 -0.118000 0.000000 0.000000
14:02:38 140.699997 -112.849998 0.000000 64.269997 5.993000 59.430000 18.910999 -11.580000 -0.906000 1471528.063000 452230.195000 13.310609 80.558937 0.000000 -0.045000 0.115000 -0.118000 0.000000 0.000000
14:02:38 140.699997 -112.849998 0.000000 64.269997 5.993000 59.430000 18.910999 -11.580000 -0.906000 0.003000 0.003000 13.310609 80.558937 0.000000 -0.045000 0.115000 -0.118000 0.000000 0.000000
14:02:39 140.699997 -112.849998 0.000000 64.269997 5.234000 59.430000 19.082001 -11.580000 -0.775000 0.003000 0.003000 13.310630 80.558960 0.000000 -0.045000 0.115000 -0.118000 0.000000 0.000000
14:02:39 140.699997 -112.849998 0.000000 64.269997 5.128000 59.430000 19.111000 -11.580000 -0.727000 1471529.998000 452233.019000 13.310631 80.558960 0.000000 -0.045000 0.115000 -0.118000 0.000000 0.000000
14:02:39 140.800003 -112.849998 0.000000 64.269997 5.022000 59.430000 19.139000 -11.580000 -0.719000 1471530.125000 452233.019000 13.310633 80.558960 0.000000 -0.045000 0.115000 -0.118000 0.000000 0.000000
14:02:39 140.800003 -112.849998 0.000000 64.269997 4.916000 59.430000 19.169001 -11.580000 -0.750000 1471530.252000 452233.019000 13.310634 80.558960 0.000000 -0.045000 0.115000 -0.118000 0.000000 0.000000
14:02:39 140.800003 -112.849998 0.000000 64.269997 4.916000 59.430000 19.169001 -11.580000 -0.750000 1471530.380000 452233.033000 13.310634 80.558960 0.000000 -0.045000 0.115000 -0.118000 0.000000 0.000000
14:02:40 140.800003 -112.849998 0.000000 64.269997 4.916000 59.430000 19.169001 -11.580000 -0.750000 1471530.507000 452233.033000 13.310634 80.558960 0.000000 -0.045000 0.115000 -0.118000 0.000000 0.000000
14:02:40 140.800003 -112.849998 0.000000 64.269997 4.916000 59.430000 19.169001 -11.580000 -0.750000 1471530.634000 452233.033000 13.310634 80.558960 0.000000 -0.045000 0.115000 -0.118000 0.000000 0.000000
14:02:40 140.800003 -112.849998 0.000000 64.269997 4.916000 59.430000 19.169001 -11.580000 -0.750000 1471530.761000 452233.033000 13.310634 80.558960 0.000000 -0.045000 0.115000 -0.118000 0.000000 0.000000
14:02:40 140.800003 -112.849998 0.000000 64.269997 4.916000 59.430000 19.169001 -11.580000 -0.750000 0.003000 0.003300 13.310634 80.558960 0.000000 -0.045000 0.115000 -0.118000 0.000000 0.000000
14:02:41 140.800003 -112.849998 0.000000 64.269997 4.171000 59.430000 19.382999 -11.580000 -0.746000 0.003000 0.003300 13.310656 80.558983 0.000000 -0.045000 0.115000 -0.118000 0.000000 0.000000
14:02:41 140.800003 -112.849998 0.000000 64.269997 4.063000 59.430000 19.413000 -11.580000 -0.738000 1471532.817000 452235.632000 13.310657 80.558983 0.000000 -0.045000 0.115000 -0.118000 0.000000 0.000000
14:02:41 140.800003 -112.849998 0.000000 64.269997 3.955000 59.430000 19.441999 -11.580000 -0.786000 1471532.944000 452235.632000 13.310658 80.558983 0.000000 -0.045000 0.115000 -0.118000 0.000000 0.000000
14:02:41 140.800003 -112.849998 0.000000 64.269997 3.846000 59.430000 19.469999 -11.580000 -0.869000 1471533.071000 452235.632000 13.310665 80.558998 0.000000 -0.045000 0.115000 -0.118000 0.000000 0.000000
14:02:41 140.899994 -112.849998 0.000000 64.269997 3.846000 59.430000 19.469999 -11.580000 -0.869000 1471533.198000 452235.632000 13.310665 80.558998 0.000000 -0.045000 0.115000 -0.118000 0.000000 0.000000
14:02:42 140.899994 -112.849998 0.000000 64.269997 3.846000 59.430000 19.469999 -11.580000 -0.869000 1471533.994000 452237.080000 13.310665 80.558998 0.000000 -0.045000 0.115000 -0.118000 0.000000 0.000000
14:02:42 140.899994 -112.849998 0.000000 64.269997 3.846000 59.430000 19.469999 -11.580000 -0.869000 1471534.121000 452237.080000 13.310665 80.558998 0.000000 -0.045000 0.115000 -0.118000 0.000000 0.000000
14:02:42 140.899994 -112.849998 0.000000 64.269997 3.846000 59.430000 19.469999 -11.580000 -0.869000 1471534.248000 452237.080000 13.310665 80.558998 0.000000 -0.045000 0.115000 -0.118000 0.000000 0.000000
14:02:42 141.000000 -112.849998 0.000000 64.269997 3.170000 59.430000 19.642000 -11.580000 -0.953000 0.003000 0.003700 13.310678 80.559013 0.000000 -0.045000 0.115000 -0.118000 0.000000 0.000000
14:02:43 141.000000 -112.849998 0.000000 64.269997 3.170000 59.430000 19.670000 -11.580000 -0.859000 1471535.268000 452238.451000 13.310679 80.559013 0.000000 -0.045000 0.115000 -0.118000 0.000000 0.000000
14:02:43 141.000000 -112.849998 0.000000 64.269997 3.170000 59.430000 19.670000 -11.580000 -0.859000 1471535.395000 452238.451000 13.310680 80.559013 0.000000 -0.045000 0.115000 -0.118000 0.000000 0.000000
14:02:43 141.000000 -112.849998 0.000000 64.269997 3.170000 59.430000 19.670000 -11.580000 -0.859000 1471535.522000 452238.451000 13.310681 80.559013 0.000000 -0.045000 0.115000 -0.118000 0.000000 0.000000
14:02:43 140.899994 -112.849998 0.000000 64.269997 3.170000 59.430000 19.670000 -11.580000 -0.859000 1471535.649000 452238.451000 13.310681 80.559013 0.000000 -0.045000 0.115000 -0.118000 0.000000 0.000000
14:02:43 140.899994 -112.849998 0.000000 64.269997 3.170000 59.430000 19.670000 -11.580000 -0.859000 1471535.767000 452238.451000 13.310681 80.559013 0.000000 -0.045000 0.115000 -0.118000 0.000000 0.000000
14:02:44 140.899994 -112.849998 0.000000 64.269997 3.170000 59.430000 19.670000 -11.580000 -0.859000 1471536.429000 452239.886000 13.310681 80.559013 0.000000 -0.045000 0.115000 -0.118000 0.000000 0.000000
14:02:44 140.899994 -112.849998 0.000000 64.269997 3.170000 59.430000 19.670000 -11.580000 -0.859000 1471536.546000 452239.886000 13.310681 80.559013 0.000000 -0.045000 0.115000 -0.118000 0.000000 0.000000
14:02:44 140.899994 -112.849998 0.000000 64.269997 3.170000 59.430000 19.670000 -11.580000 -0.859000 1471536.663000 452239.886000 13.310681 80.559013 0.000000 -0.045000 0.115000 -0.118000 0.000000 0.000000
14:02:44 140.899994 -112.849998 0.000000 64.269997 1.895000 59.430000 19.830999 -11.580000 -0.543000 0.003000 0.003900 13.310694 80.559029 0.000000 -0.045000 0.115000 -0.118000 0.000000 0.000000
14:02:45 140.899994 -112.849998 0.000000 64.269997 1.895000 59.430000 19.830999 -11.580000 -0.543000 1471537.683000 452241.231000 13.310700 80.559036 0.000000 -0.045000 0.115000 -0.118000 0.000000 0.000000
14:02:45 140.899994 -112.849998 0.000000 64.269997 1.895000 59.430000 19.830999 -11.580000 -0.543000 1471537.800000 452241.231000 13.310702 80.559036 0.000000 -0.045000 0.115000 -0.118000 0.000000 0.000000
14:02:45 140.899994 -112.849998 0.000000 64.269997 1.895000 59.430000 19.830999 -11.580000 -0.543000 1471537.917000 452241.231000 13.310702 80.559036 0.000000 -0.045000 0.115000 -0.118000 0.000000 0.000000
14:02:45 140.899994 -112.849998 0.000000 64.269997 1.895000 59.430000 19.830999 -11.580000 -0.543000 1471538.034000 452241.231000 13.310702 80.559036 0.000000 -0.045000 0.115000 -0.118000 0.000000 0.000000
14:02:45 140.899994 -112.849998 0.000000 64.269997 1.895000 59.430000 19.830999 -11.580000 -0.543000 1471538.151000 452241.231000 13.310702 80.559036 0.000000 -0.045000 0.115000 -0.118000 0.000000 0.000000
14:02:46 140.899994 -112.849998 0.000000 64.269997 1.895000 59.430000 19.830999 -11.580000 -0.543000 1471538.821000 452242.783000 13.310702 80.559036 0.000000 -0.045000 0.115000 -0.118000 0.000000 0.000000
14:02:46 140.899994 -112.849998 0.000000 64.269997 1.895000 59.430000 19.830999 -11.580000 -0.543000 1471538.938000 452242.783000 13.310702 80.559036 0.000000 -0.045000 0.115000 -0.118000 0.000000 0.000000
14:02:46 140.899994 -112.849998 0.000000 64.269997 1.895000 59.430000 19.830999 -11.580000 -0.543000 1471539.056000 452242.783000 13.310702 80.559036 0.000000 -0.045000 0.115000 -0.118000 0.000000 0.000000
14:02:46 140.899994 -112.849998 0.000000 64.269997 1.895000 59.430000 19.830999 -11.580000 -0.543000 0.003000 0.003200 13.310702 80.559036 0.000000 -0.045000 0.115000 -0.118000 0.000000 0.000000
14:02:47 141.000000 -112.849998 0.000000 64.269997 0.294000 59.430000 19.695000 -11.580000 -0.139000 0.003000 0.003200 13.310722 80.559067 0.000000 -0.045000 0.115000 -0.118000 0.000000 0.000000
14:02:47 141.000000 -112.849998 0.000000 64.269997 0.144000 59.430000 19.667000 -11.580000 -0.120000 1471540.121000 452244.295000 13.310723 80.559067 0.000000 -0.045000 0.115000 -0.118000 0.000000 0.000000
14:02:47 141.000000 -112.849998 0.000000 64.269997 359.993988 59.430000 19.636999 -11.580000 -0.096000 1471540.238000 452244.295000 13.310724 80.559067 0.000000 -0.045000 0.115000 -0.118000 0.000000 0.000000
14:02:47 141.000000 -112.849998 0.000000 64.269997 359.842987 59.430000 19.605000 -11.580000 -0.077000 1471540.355000 452244.295000 13.310725 80.559067 0.000000 -0.045000 0.115000 -0.118000 0.000000 0.000000
14:02:47 141.000000 -112.849998 0.000000 64.269997 359.842987 59.430000 19.605000 -11.580000 -0.077000 1471540.473000 452244.295000 13.310725 80.559067 0.000000 -0.045000 0.115000 -0.118000 0.000000 0.000000
14:02:48 140.899994 -112.849998 0.000000 64.269997 359.842987 59.430000 19.605000 -11.580000 -0.077000 1471541.260000 452245.860000 13.310725 80.559067 0.000000 -0.045000 0.115000 -0.118000 0.000000 0.000000
14:02:48 140.899994 -112.849998 0.000000 64.269997 359.842987 59.430000 19.605000 -11.580000 -0.077000 1471541.377000 452245.860000 13.310725 80.559067 0.000000 -0.045000 0.115000 -0.118000 0.000000 0.000000
14:02:48 140.899994 -112.849998 0.000000 64.269997 359.842987 59.430000 19.605000 -11.580000 -0.077000 1471541.495000 452245.860000 13.310725 80.559067 0.000000 -0.045000 0.115000 -0.118000 0.000000 0.000000
14:02:48 140.899994 -112.849998 0.000000 64.269997 359.842987 59.430000 19.605000 -11.580000 -0.077000 0.003000 0.003500 13.310725 80.559067 0.000000 -0.045000 0.115000 -0.118000 0.000000 0.000000
14:02:49 140.899994 -112.849998 0.000000 64.269997 358.794006 59.430000 19.368000 -11.580000 -0.056000 0.003000 0.003500 13.310744 80.559097 0.000000 -0.045000 0.115000 -0.118000 0.000000 0.000000
14:02:49 140.899994 -112.849998 0.000000 64.269997 358.645996 59.430000 19.334000 -11.580000 0.011600 1471542.628000 452247.505000 13.310745 80.559097 0.000000 -0.045000 0.115000 -0.118000 0.000000 0.000000
14:02:49 140.899994 -112.849998 0.000000 64.269997 358.497009 59.430000 19.301001 -11.580000 0.064600 1471542.746000 452247.507000 13.310747 80.559097 0.000000 -0.045000 0.115000 -0.118000 0.000000 0.000000
14:02:49 141.000000 -112.849998 0.000000 64.269997 358.348999 59.430000 19.268999 -11.580000 0.118600 1471542.863000 452247.510000 13.310748 80.559097 0.000000 -0.045000 0.115000 -0.118000 0.000000 0.000000
14:02:49 141.000000 -112.849998 0.000000 64.269997 358.348999 59.430000 19.268999 -11.580000 0.118600 1471542.980000 452247.512000 13.310748 80.559097 0.000000 -0.045000 0.115000 -0.118000 0.000000 0.000000
14:02:50 141.000000 -112.849998 0.000000 64.269997 358.348999 59.430000 19.268999 -11.580000 0.118600 1471543.820000 452249.041000 13.310748 80.559097 0.000000 -0.045000 0.115000 -0.118000 0.000000 0.000000
14:02:50 141.000000 -112.849998 0.000000 64.269997 358.348999 59.430000 19.268999 -11.580000 0.118600 1471543.937000 452249.041000 13.310748 80.559097 0.000000 -0.045000 0.115000 -0.118000 0.000000 0.000000
14:02:50 141.000000 -112.849998 0.000000 64.269997 358.348999 59.430000 19.268999 -11.580000 0.118600 1471544.055000 452249.041000 13.310748 80.559097 0.000000 -0.045000 0.115000 -0.118000 0.000000 0.000000
14:02:50 141.000000 -112.849998 0.000000 64.269997 358.348999 59.430000 19.268999 -11.580000 0.118600 0.003000 0.003900 13.310748 80.559097 0.000000 -0.045000 0.115000 -0.118000 0.000000 0.000000
14:02:51 141.000000 -112.849998 0.000000 64.269997 357.329010 59.430000 19.039000 -11.580000 0.241600 0.003000 0.003900 13.310768 80.559128 0.000000 -0.045000 0.115000 -0.118000 0.000000 0.000000
14:02:51 141.000000 -112.849998 0.000000 64.269997 357.183990 59.430000 19.007999 -11.580000 0.304600 1471545.176000 452250.620000 13.310769 80.559128 0.000000 -0.045000 0.115000 -0.118000 0.000000 0.000000
14:02:51 141.000000 -112.849998 0.000000 64.269997 357.040985 59.430000 18.978001 -11.580000 0.389600 1471545.293000 452250.623000 13.310770 80.559128 0.000000 -0.045000 0.115000 -0.118000 0.000000 0.000000
14:02:51 141.000000 -112.849998 0.000000 64.269997 356.898010 59.430000 18.948000 -11.580000 0.460600 1471545.411000 452250.625000 13.310771 80.559128 0.000000 -0.045000 0.115000 -0.118000 0.000000 0.000000
14:02:51 141.000000 -112.849998 0.000000 64.269997 356.898010 59.430000 18.948000 -11.580000 0.460600 1471545.528000 452250.628000 13.310771 80.559128 0.000000 -0.045000 0.115000 -0.118000 0.000000 0.000000
14:02:52 141.000000 -112.849998 0.000000 64.269997 356.898010 59.430000 18.948000 -11.580000 0.460600 1471545.645000 452250.630000 13.310771 80.559128 0.000000 -0.045000 0.115000 -0.118000 0.000000 0.000000
14:02:52 141.000000 -112.849998 0.000000 64.269997 356.898010 59.430000 18.948000 -11.580000 0.460600 1471546.503000 452252.133000 13.310771 80.559128 0.000000 -0.045000 0.115000 -0.118000 0.000000 0.000000
14:02:52 141.000000 -112.849998 0.000000 64.269997 356.898010 59.430000 18.948000 -11.580000 0.460600 1471546.620000 452252.136000 13.310771 80.559128 0.000000 -0.045000 0.115000 -0.118000 0.000000 0.000000
14:02:52 141.000000 -112.849998 0.000000 64.269997 356.898010 59.430000 18.948000 -11.580000 0.460600 1471546.737000 452252.138000 13.310771 80.559128 0.000000 -0.045000 0.115000 -0.118000 0.000000 0.000000
14:02:53 141.000000 -112.849998 0.000000 64.269997 355.919006 59.430000 18.777000 -11.580000 0.101600 0.003000 0.003200 13.310791 80.559151 0.000000 -0.045000 0.115000 -0.118000 0.000000 0.000000
14:02:53 141.100006 -112.849998 0.000000 64.269997 355.779999 59.430000 18.764000 -11.580000 0.109600 1471547.763000 452253.633000 13.310792 80.559151 0.000000 -0.045000 0.115000 -0.118000 0.000000 0.000000
14:02:53 141.100006 -112.849998 0.000000 64.269997 355.643005 59.430000 18.754000 -11.580000 0.162600 1471547.880000 452253.635000 13.310793 80.559151 0.000000 -0.045000 0.115000 -0.118000 0.000000 0.000000
14:02:53 141.100006 -112.849998 0.000000 64.269997 355.643005 59.430000 18.747000 -11.580000 0.228600 1471547.998000 452253.638000 13.310794 80.559151 0.000000 -0.045000 0.115000 -0.118000 0.000000 0.000000
14:02:53 141.100006 -112.849998 0.000000 64.269997 355.643005 59.430000 18.747000 -11.580000 0.228600 1471548.115000 452253.640000 13.310794 80.559151 0.000000 -0.045000 0.115000 -0.118000 0.000000 0.000000
14:02:54 141.100006 -112.849998 0.000000 64.269997 355.643005 59.430000 18.747000 -11.580000 0.228600 1471548.232000 452253.643000 13.310794 80.559151 0.000000 -0.045000 0.115000 -0.118000 0.000000 0.000000
14:02:54 141.100006 -112.849998 0.000000 64.269997 355.643005 59.430000 18.747000 -11.580000 0.228600 1471549.019000 452255.133000 13.310794 80.559151 0.000000 -0.045000 0.115000 -0.118000 0.000000 0.000000
14:02:54 141.100006 -112.849998 0.000000 64.269997 355.643005 59.430000 18.747000 -11.580000 0.228600 1471549.136000 452255.135000 13.310794 80.559151 0.000000 -0.045000 0.115000 -0.118000 0.000000 0.000000
14:02:54 141.100006 -112.849998 0.000000 64.269997 355.643005 59.430000 18.747000 -11.580000 0.228600 0.003000 0.003500 13.310794 80.559151 0.000000 -0.045000 0.115000 -0.118000 0.000000 0.000000
14:02:55 141.199997 -112.849998 0.000000 64.269997 354.550995 59.430000 18.794001 -11.580000 0.021600 0.003000 0.003500 13.310812 80.559181 0.000000 -0.045000 0.115000 -0.118000 0.000000 0.000000
14:02:55 141.199997 -112.849998 0.000000 64.269997 354.415985 59.430000 18.816000 -11.580000 -0.059000 1471550.073000 452256.684000 13.310813 80.559181 0.000000 -0.045000 0.115000 -0.118000 0.000000 0.000000
14:02:55 141.199997 -112.849998 0.000000 64.269997 354.278015 59.430000 18.843000 -11.580000 -0.085000 1471550.190000 452256.686000 13.310814 80.559181 0.000000 -0.045000 0.115000 -0.118000 0.000000 0.000000
14:02:55 141.199997 -112.849998 0.000000 64.269997 354.278015 59.430000 18.875000 -11.580000 -0.060000 1471550.308000 452256.689000 13.310815 80.559181 0.000000 -0.045000 0.115000 -0.118000 0.000000 0.000000
14:02:55 141.199997 -112.849998 0.000000 64.269997 354.278015 59.430000 18.875000 -11.580000 -0.060000 1471550.425000 452256.691000 13.310815 80.559181 0.000000 -0.045000 0.115000 -0.118000 0.000000 0.000000
14:02:56 141.199997 -112.849998 0.000000 64.269997 354.278015 59.430000 18.875000 -11.580000 -0.060000 1471550.542000 452256.693000 13.310815 80.559181 0.000000 -0.045000 0.115000 -0.118000 0.000000 0.000000
14:02:56 141.199997 -112.849998 0.000000 64.269997 354.278015 59.430000 18.875000 -11.580000 -0.060000 1471551.203000 452258.079000 13.310815 80.559181 0.000000 -0.045000 0.115000 -0.118000 0.000000 0.000000
14:02:56 141.199997 -112.849998 0.000000 64.269997 354.278015 59.430000 18.875000 -11.580000 -0.060000 1471551.320000 452258.080000 13.310815 80.559181 0.000000 -0.045000 0.115000 -0.118000 0.000000 0.000000
14:02:56 141.199997 -112.849998 0.000000 64.269997 354.278015 59.430000 18.875000 -11.580000 -0.060000 0.003000 0.003800 13.310815 80.559181 0.000000 -0.045000 0.115000 -0.118000 0.000000 0.000000
14:02:57 141.199997 -112.849998 0.000000 64.269997 353.144012 59.430000 19.167000 -11.580000 0.195000 0.003000 0.003800 13.310832 80.559204 0.000000 -0.045000 0.115000 -0.118000 0.000000 0.000000
14:02:57 141.199997 -112.849998 0.000000 64.269997 352.994995 59.430000 19.211000 -11.580000 0.197000 1471552.247000 452259.462000 13.310833 80.559204 0.000000 -0.045000 0.115000 -0.118000 0.000000 0.000000
14:02:57 141.199997 -112.849998 0.000000 64.269997 352.845001 59.430000 19.257000 -11.580000 0.251000 1471552.364000 452259.462000 13.310834 80.559204 0.000000 -0.045000 0.115000 -0.118000 0.000000 0.000000
14:02:57 141.199997 -112.849998 0.000000 64.269997 352.845001 59.430000 19.302000 -11.580000 0.317000 1471552.481000 452259.462000 13.310838 80.559219 0.000000 -0.045000 0.115000 -0.118000 0.000000 0.000000
14:02:57 141.199997 -112.849998 0.000000 64.269997 352.845001 59.430000 19.302000 -11.580000 0.317000 1471552.599000 452259.462000 13.310838 80.559219 0.000000 -0.045000 0.115000 -0.118000 0.000000 0.000000
14:02:58 141.199997 -112.849998 0.000000 64.269997 352.845001 59.430000 19.302000 -11.580000 0.317000 1471552.716000 452259.462000 13.310838 80.559219 0.000000 -0.045000 0.115000 -0.118000 0.000000 0.000000
14:02:58 141.199997 -112.849998 0.000000 64.269997 352.845001 59.430000 19.302000 -11.580000 0.317000 1471553.127000 452260.793000 13.310838 80.559219 0.000000 -0.045000 0.115000 -0.118000 0.000000 0.000000
14:02:58 141.199997 -112.849998 0.000000 64.269997 352.845001 59.430000 19.302000 -11.580000 0.317000 0.003000 0.003000 13.310838 80.559219 0.000000 -0.045000 0.115000 -0.118000 0.000000 0.000000
14:02:58 141.199997 -112.849998 0.000000 64.269997 351.717987 59.430000 19.521000 -11.580000 0.717000 1471553.362000 452260.793000 13.310846 80.559227 0.000000 -0.045000 0.115000 -0.118000 0.000000 0.000000
14:02:59 141.199997 -112.849998 0.000000 64.269997 351.717987 59.430000 19.521000 -11.580000 0.717000 1471553.596000 452260.793000 13.310847 80.559227 0.000000 -0.045000 0.115000 -0.118000 0.000000 0.000000
14:02:59 141.199997 -112.849998 0.000000 64.269997 351.717987 59.430000 19.521000 -11.580000 0.717000 1471554.012000 452262.125000 13.310849 80.559227 0.000000 -0.045000 0.115000 -0.118000 0.000000 0.000000
14:02:59 141.199997 -112.849998 0.000000 64.269997 351.717987 59.430000 19.521000 -11.580000 0.717000 1471554.129000 452262.125000 13.310850 80.559227 0.000000 -0.045000 0.115000 -0.118000 0.000000 0.000000
14:02:59 141.199997 -112.849998 0.000000 64.269997 351.717987 59.430000 19.521000 -11.580000 0.717000 1471554.246000 452262.125000 13.310850 80.559227 0.000000 -0.045000 0.115000 -0.118000 0.000000 0.000000
14:02:59 141.199997 -112.849998 0.000000 64.269997 351.717987 59.430000 19.521000 -11.580000 0.717000 1471554.363000 452262.125000 13.310850 80.559227 0.000000 -0.045000 0.115000 -0.118000 0.000000 0.000000
14:03:00 141.100006 -112.849998 0.000000 64.269997 351.717987 59.430000 19.521000 -11.580000 0.717000 1471554.480000 452262.125000 13.310850 80.559227 0.000000 -0.045000 0.115000 -0.118000 0.000000 0.000000
14:03:00 141.100006 -112.849998 0.000000 64.269997 351.717987 59.430000 19.521000 -11.580000 0.717000 1471554.806000 452263.508000 13.310850 80.559227 0.000000 -0.045000 0.115000 -0.118000 0.000000 0.000000
14:03:00 141.100006 -112.849998 0.000000 64.269997 351.717987 59.430000 19.521000 -11.580000 0.717000 1471554.923000 452263.508000 13.310850 80.559227 0.000000 -0.045000 0.115000 -0.118000 0.000000 0.000000
14:03:00 141.100006 -112.849998 0.000000 64.269997 351.717987 59.430000 19.521000 -11.580000 0.717000 0.003000 0.003300 13.310850 80.559227 0.000000 -0.045000 0.115000 -0.118000 0.000000 0.000000
14:03:01 141.100006 -112.849998 0.000000 64.269997 349.699005 59.430000 19.542999 -11.580000 1.102000 0.003000 0.003300 13.310863 80.559258 0.000000 -0.045000 0.115000 -0.118000 0.000000 0.000000
14:03:01 141.100006 -112.849998 0.000000 64.269997 349.506989 59.430000 19.521999 -11.580000 1.166000 1471555.646000 452264.917000 13.310863 80.559258 0.000000 -0.045000 0.115000 -0.118000 0.000000 0.000000
14:03:01 141.100006 -112.849998 0.000000 64.269997 349.313995 59.430000 19.497000 -11.580000 1.161000 1471555.753000 452264.917000 13.310864 80.559258 0.000000 -0.045000 0.115000 -0.118000 0.000000 0.000000
14:03:01 141.100006 -112.849998 0.000000 64.269997 349.313995 59.430000 19.469000 -11.580000 1.103000 1471555.861000 452264.917000 13.310865 80.559258 0.000000 -0.045000 0.115000 -0.118000 0.000000 0.000000
14:03:01 141.100006 -112.849998 0.000000 64.269997 349.313995 59.430000 19.469000 -11.580000 1.103000 1471555.968000 452264.917000 13.310865 80.559258 0.000000 -0.045000 0.115000 -0.118000 0.000000 0.000000
14:03:02 141.100006 -112.849998 0.000000 64.269997 349.313995 59.430000 19.469000 -11.580000 1.103000 1471556.076000 452264.917000 13.310865 80.559258 0.000000 -0.045000 0.115000 -0.118000 0.000000 0.000000
14:03:02 141.100006 -112.849998 0.000000 64.269997 349.313995 59.430000 19.469000 -11.580000 1.103000 1471556.183000 452264.917000 13.310865 80.559258 0.000000 -0.045000 0.115000 -0.118000 0.000000 0.000000
14:03:02 141.100006 -112.849998 0.000000 64.269997 349.313995 59.430000 19.469000 -11.580000 1.103000 1471556.679000 452266.339000 13.310865 80.559258 0.000000 -0.045000 0.115000 -0.118000 0.000000 0.000000
14:03:02 141.100006 -112.849998 0.000000 64.269997 347.970001 59.430000 19.253000 -11.580000 1.019000 0.003000 0.003600 13.310875 80.559273 0.000000 -0.045000 0.115000 -0.118000 0.000000 0.000000
14:03:03 141.100006 -112.849998 0.000000 64.269997 347.970001 59.430000 19.253000 -11.580000 1.019000 1471557.001000 452266.339000 13.310879 80.559280 0.000000 -0.045000 0.115000 -0.118000 0.000000 0.000000
14:03:03 141.100006 -112.849998 0.000000 64.269997 347.970001 59.430000 19.253000 -11.580000 1.019000 1471557.108000 452266.339000 13.310881 80.559280 0.000000 -0.045000 0.115000 -0.118000 0.000000 0.000000
14:03:03 141.100006 -112.849998 0.000000 64.269997 347.970001 59.430000 19.253000 -11.580000 1.019000 1471557.584000 452267.799000 13.310881 80.559280 0.000000 -0.045000 0.115000 -0.118000 0.000000 0.000000
14:03:03 141.100006 -112.849998 0.000000 64.269997 347.970001 59.430000 19.253000 -11.580000 1.019000 1471557.692000 452267.799000 13.310881 80.559280 0.000000 -0.045000 0.115000 -0.118000 0.000000 0.000000
14:03:03 141.100006 -112.849998 0.000000 64.269997 347.970001 59.430000 19.253000 -11.580000 1.019000 1471557.799000 452267.799000 13.310881 80.559280 0.000000 -0.045000 0.115000 -0.118000 0.000000 0.000000
14:03:04 141.100006 -112.849998 0.000000 64.269997 347.970001 59.430000 19.253000 -11.580000 1.019000 1471557.907000 452267.799000 13.310881 80.559280 0.000000 -0.045000 0.115000 -0.118000 0.000000 0.000000
14:03:04 141.100006 -112.849998 0.000000 64.269997 347.970001 59.430000 19.253000 -11.580000 1.019000 1471558.014000 452267.799000 13.310881 80.559280 0.000000 -0.045000 0.115000 -0.118000 0.000000 0.000000
14:03:04 141.100006 -112.849998 0.000000 64.269997 347.970001 59.430000 19.253000 -11.580000 1.019000 0.003000 0.003700 13.310881 80.559280 0.000000 -0.045000 0.115000 -0.118000 0.000000 0.000000
14:03:04 141.100006 -112.849998 0.000000 64.269997 347.970001 59.430000 19.253000 -11.580000 1.019000 0.003000 0.003700 13.310881 80.559280 0.000000 -0.045000 0.115000 -0.118000 0.000000 0.000000
14:03:05 141.100006 -112.849998 0.000000 64.269997 345.885986 59.430000 18.804001 -11.580000 1.261000 0.003000 0.003700 13.310896 80.559311 0.000000 -0.045000 0.115000 -0.118000 0.000000 0.000000
14:03:05 141.100006 -112.849998 0.000000 64.269997 345.697998 59.430000 18.770000 -11.580000 1.349000 1471558.903000 452269.300000 13.310897 80.559311 0.000000 -0.045000 0.115000 -0.118000 0.000000 0.000000
14:03:05 141.100006 -112.849998 0.000000 64.269997 345.510010 59.430000 18.735001 -11.580000 1.433000 1471559.415000 452270.734000 13.310898 80.559311 0.000000 -0.045000 0.115000 -0.118000 0.000000 0.000000
14:03:05 141.100006 -112.849998 0.000000 64.269997 345.321991 59.430000 18.702000 -11.580000 1.494000 1471559.522000 452270.734000 13.310899 80.559311 0.000000 -0.045000 0.115000 -0.118000 0.000000 0.000000
14:03:05 141.100006 -112.849998 0.000000 64.269997 345.321991 59.430000 18.702000 -11.580000 1.494000 1471559.630000 452270.734000 13.310899 80.559311 0.000000 -0.045000 0.115000 -0.118000 0.000000 0.000000
14:03:06 141.100006 -112.849998 0.000000 64.269997 345.321991 59.430000 18.702000 -11.580000 1.494000 1471559.737000 452270.734000 13.310899 80.559311 0.000000 -0.045000 0.115000 -0.118000 0.000000 0.000000
14:03:06 141.100006 -112.849998 0.000000 64.269997 345.321991 59.430000 18.702000 -11.580000 1.494000 1471559.845000 452270.734000 13.310899 80.559311 0.000000 -0.045000 0.115000 -0.118000 0.000000 0.000000
14:03:06 141.100006 -112.849998 0.000000 64.269997 345.321991 59.430000 18.702000 -11.580000 1.494000 1471560.326000 452272.194000 13.310899 80.559311 0.000000 -0.045000 0.115000 -0.118000 0.000000 0.000000
14:03:06 141.100006 -112.849998 0.000000 64.269997 345.321991 59.430000 18.702000 -11.580000 1.494000 0.003000 0.003200 13.310899 80.559311 0.000000 -0.045000 0.115000 -0.118000 0.000000 0.000000
14:03:07 141.199997 -112.849998 0.000000 64.269997 344.026001 59.430000 18.500999 -11.580000 1.438000 0.003000 0.003200 13.310913 80.559334 0.000000 -0.045000 0.115000 -0.118000 0.000000 0.000000
14:03:07 141.199997 -112.849998 0.000000 64.269997 343.842010 59.430000 18.482000 -11.580000 1.432000 1471560.756000 452272.194000 13.310914 80.559334 0.000000 -0.045000 0.115000 -0.118000 0.000000 0.000000
14:03:07 141.199997 -112.849998 0.000000 64.269997 343.656006 59.430000 18.466000 -11.580000 1.456000 1471561.358000 452273.474000 13.310915 80.559334 0.000000 -0.045000 0.115000 -0.118000 0.000000 0.000000
14:03:07 141.199997 -112.849998 0.000000 64.269997 343.471008 59.430000 18.452999 -11.580000 1.522000 1471561.466000 452273.474000 13.310917 80.559334 0.000000 -0.045000 0.115000 -0.118000 0.000000 0.000000
14:03:07 141.199997 -112.849998 0.000000 64.269997 343.471008 59.430000 18.452999 -11.580000 1.522000 1471561.573000 452273.474000 13.310917 80.559334 0.000000 -0.045000 0.115000 -0.118000 0.000000 0.000000
14:03:08 141.199997 -112.849998 0.000000 64.269997 343.471008 59.430000 18.452999 -11.580000 1.522000 1471561.681000 452273.474000 13.310917 80.559334 0.000000 -0.045000 0.115000 -0.118000 0.000000 0.000000
14:03:08 141.199997 -112.849998 0.000000 64.269997 343.471008 59.430000 18.452999 -11.580000 1.522000 1471561.788000 452273.474000 13.310917 80.559334 0.000000 -0.045000 0.115000 -0.118000 0.000000 0.000000
14:03:08 141.199997 -112.849998 0.000000 64.269997 343.471008 59.430000 18.452999 -11.580000 1.522000 1471562.319000 452274.741000 13.310917 80.559334 0.000000 -0.045000 0.115000 -0.118000 0.000000 0.000000
14:03:08 141.199997 -112.849998 0.000000 64.269997 342.342010 59.430000 18.459000 -11.580000 1.580000 0.003000 0.003400 13.310929 80.559357 0.000000 -0.045000 0.115000 -0.118000 0.000000 0.000000
14:03:09 141.199997 -112.849998 0.000000 64.269997 342.342010 59.430000 18.459000 -11.580000 1.580000 1471562.642000 452274.741000 13.310931 80.559357 0.000000 -0.045000 0.115000 -0.118000 0.000000 0.000000
14:03:09 141.199997 -112.849998 0.000000 64.269997 342.342010 59.430000 18.459000 -11.580000 1.580000 1471562.749000 452274.741000 13.310932 80.559357 0.000000 -0.045000 0.115000 -0.118000 0.000000 0.000000
14:03:09 141.199997 -112.849998 0.000000 64.269997 342.342010 59.430000 18.459000 -11.580000 1.580000 1471563.283000 452275.866000 13.310932 80.559357 0.000000 -0.045000 0.115000 -0.118000 0.000000 0.000000
14:03:09 141.199997 -112.849998 0.000000 64.269997 342.342010 59.430000 18.459000 -11.580000 1.580000 1471563.390000 452275.866000 13.310932 80.559357 0.000000 -0.045000 0.115000 -0.118000 0.000000 0.000000
14:03:09 141.199997 -112.849998 0.000000 64.269997 342.342010 59.430000 18.459000 -11.580000 1.580000 1471563.498000 452275.866000 13.310932 80.559357 0.000000 -0.045000 0.115000 -0.118000 0.000000 0.000000
14:03:10 141.199997 -112.849998 0.000000 64.269997 342.342010 59.430000 18.459000 -11.580000 1.580000 1471563.605000 452275.866000 13.310932 80.559357 0.000000 -0.045000 0.115000 -0.118000 0.000000 0.000000
14:03:10 141.199997 -112.849998 0.000000 64.269997 342.342010 59.430000 18.459000 -11.580000 1.580000 1471563.712000 452275.866000 13.310932 80.559357 0.000000 -0.045000 0.115000 -0.118000 0.000000 0.000000
14:03:10 141.199997 -112.849998 0.000000 64.269997 342.342010 59.430000 18.459000 -11.580000 1.580000 0.003000 0.003500 13.310932 80.559357 0.000000 -0.045000 0.115000 -0.118000 0.000000 0.000000
14:03:10 141.199997 -112.849998 0.000000 64.269997 340.342010 59.430000 18.738001 -11.580000 1.819000 0.003000 0.003500 13.310945 80.559380 0.000000 -0.045000 0.115000 -0.118000 0.000000 0.000000
14:03:11 141.199997 -112.849998 0.000000 64.269997 340.342010 59.430000 18.738001 -11.580000 1.819000 1471564.386000 452277.074000 13.310946 80.559380 0.000000 -0.045000 0.115000 -0.118000 0.000000 0.000000
14:03:11 141.199997 -112.849998 0.000000 64.269997 340.342010 59.430000 18.738001 -11.580000 1.819000 1471564.493000 452277.071000 13.310947 80.559380 0.000000 -0.045000 0.115000 -0.118000 0.000000 0.000000
14:03:11 141.199997 -112.849998 0.000000 64.269997 340.342010 59.430000 18.738001 -11.580000 1.819000 1471564.959000 452278.141000 13.310947 80.559380 0.000000 -0.045000 0.115000 -0.118000 0.000000 0.000000
14:03:11 141.199997 -112.849998 0.000000 64.269997 340.342010 59.430000 18.738001 -11.580000 1.819000 1471565.067000 452278.139000 13.310947 80.559380 0.000000 -0.045000 0.115000 -0.118000 0.000000 0.000000
14:03:11 141.199997 -112.849998 0.000000 64.269997 340.342010 59.430000 18.738001 -11.580000 1.819000 1471565.174000 452278.137000 13.310947 80.559380 0.000000 -0.045000 0.115000 -0.118000 0.000000 0.000000
14:03:12 141.199997 -112.849998 0.000000 64.269997 340.342010 59.430000 18.738001 -11.580000 1.819000 1471565.282000 452278.134000 13.310947 80.559380 0.000000 -0.045000 0.115000 -0.118000 0.000000 0.000000
14:03:12 141.199997 -112.849998 0.000000 64.269997 340.342010 59.430000 18.738001 -11.580000 1.819000 1471565.389000 452278.132000 13.310947 80.559380 0.000000 -0.045000 0.115000 -0.118000 0.000000 0.000000
14:03:12 141.199997 -112.849998 0.000000 64.269997 340.342010 59.430000 18.738001 -11.580000 1.819000 1471565.497000 452278.132000 13.310947 80.559380 0.000000 -0.045000 0.115000 -0.118000 0.000000 0.000000
14:03:12 141.100006 -112.849998 0.000000 64.269997 338.122986 59.430000 19.007000 -11.580000 2.151000 0.003000 0.003800 13.310959 80.559402 0.000000 -0.045000 0.115000 -0.118000 0.000000 0.000000
14:03:13 141.100006 -112.849998 0.000000 64.269997 338.122986 59.430000 19.007000 -11.580000 2.151000 1471566.107000 452279.266000 13.310960 80.559402 0.000000 -0.045000 0.115000 -0.118000 0.000000 0.000000
14:03:13 141.100006 -112.849998 0.000000 64.269997 338.122986 59.430000 19.007000 -11.580000 2.151000 1471566.215000 452279.266000 13.310961 80.559402 0.000000 -0.045000 0.115000 -0.118000 0.000000 0.000000
14:03:13 141.100006 -112.849998 0.000000 64.269997 338.122986 59.430000 19.007000 -11.580000 2.151000 1471566.322000 452279.266000 13.310961 80.559402 0.000000 -0.045000 0.115000 -0.118000 0.000000 0.000000
14:03:13 141.100006 -112.849998 0.000000 64.269997 338.122986 59.430000 19.007000 -11.580000 2.151000 1471566.587000 452280.404000 13.310961 80.559402 0.000000 -0.045000 0.115000 -0.118000 0.000000 0.000000
14:03:13 141.100006 -112.849998 0.000000 64.269997 338.122986 59.430000 19.007000 -11.580000 2.151000 1471566.694000 452280.404000 13.310961 80.559402 0.000000 -0.045000 0.115000 -0.118000 0.000000 0.000000
14:03:14 141.100006 -112.849998 0.000000 64.269997 338.122986 59.430000 19.007000 -11.580000 2.151000 1471566.802000 452280.404000 13.310961 80.559402 0.000000 -0.045000 0.115000 -0.118000 0.000000 0.000000
14:03:14 141.100006 -112.849998 0.000000 64.269997 338.122986 59.430000 19.007000 -11.580000 2.151000 1471566.909000 452280.404000 13.310961 80.559402 0.000000 -0.045000 0.115000 -0.118000 0.000000 0.000000
14:03:14 141.100006 -112.849998 0.000000 64.269997 338.122986 59.430000 19.007000 -11.580000 2.151000 0.003000 0.003000 13.310961 80.559402 0.000000 -0.045000 0.115000 -0.118000 0.000000 0.000000
14:03:14 141.000000 -112.849998 0.000000 64.269997 335.731995 59.430000 18.905001 -11.580000 2.409000 1471567.328000 452281.503000 13.310972 80.559418 0.000000 -0.045000 0.115000 -0.118000 0.000000 0.000000
14:03:15 141.000000 -112.849998 0.000000 64.269997 335.731995 59.430000 18.874001 -11.580000 2.433000 1471567.543000 452281.503000 13.310973 80.559418 0.000000 -0.045000 0.115000 -0.118000 0.000000 0.000000
14:03:15 141.000000 -112.849998 0.000000 64.269997 335.731995 59.430000 18.874001 -11.580000 2.433000 1471567.650000 452281.503000 13.310974 80.559418 0.000000 -0.045000 0.115000 -0.118000 0.000000 0.000000
14:03:15 141.000000 -112.849998 0.000000 64.269997 335.731995 59.430000 18.874001 -11.580000 2.433000 1471567.758000 452281.503000 13.310975 80.559418 0.000000 -0.045000 0.115000 -0.118000 0.000000 0.000000
14:03:15 141.000000 -112.849998 0.000000 64.269997 335.731995 59.430000 18.874001 -11.580000 2.433000 1471568.072000 452282.640000 13.310975 80.559418 0.000000 -0.045000 0.115000 -0.118000 0.000000 0.000000
14:03:15 141.000000 -112.849998 0.000000 64.269997 335.731995 59.430000 18.874001 -11.580000 2.433000 1471568.180000 452282.640000 13.310975 80.559418 0.000000 -0.045000 0.115000 -0.118000 0.000000 0.000000
14:03:16 141.000000 -112.849998 0.000000 64.269997 335.731995 59.430000 18.874001 -11.580000 2.433000 1471568.287000 452282.640000 13.310975 80.559418 0.000000 -0.045000 0.115000 -0.118000 0.000000 0.000000
14:03:16 141.000000 -112.849998 0.000000 64.269997 335.731995 59.430000 18.874001 -11.580000 2.433000 1471568.395000 452282.640000 13.310975 80.559418 0.000000 -0.045000 0.115000 -0.118000 0.000000 0.000000
14:03:16 141.000000 -112.849998 0.000000 64.269997 335.731995 59.430000 18.874001 -11.580000 2.433000 0.003000 0.003200 13.310975 80.559418 0.000000 -0.045000 0.115000 -0.118000 0.000000 0.000000
14:03:16 141.000000 -112.849998 0.000000 64.269997 333.286987 59.430000 18.474001 -11.580000 2.567000 0.003000 0.003200 13.310985 80.559433 0.000000 -0.045000 0.115000 -0.118000 0.000000 0.000000
14:03:17 141.000000 -112.849998 0.000000 64.269997 333.286987 59.430000 18.474001 -11.580000 2.567000 1471569.099000 452283.716000 13.310988 80.559441 0.000000 -0.045000 0.115000 -0.118000 0.000000 0.000000
14:03:17 141.000000 -112.849998 0.000000 64.269997 333.286987 59.430000 18.474001 -11.580000 2.567000 1471569.206000 452283.717000 13.310989 80.559441 0.000000 -0.045000 0.115000 -0.118000 0.000000 0.000000
14:03:17 141.000000 -112.849998 0.000000 64.269997 333.286987 59.430000 18.474001 -11.580000 2.567000 1471569.313000 452283.717000 13.310989 80.559441 0.000000 -0.045000 0.115000 -0.118000 0.000000 0.000000
14:03:17 141.000000 -112.849998 0.000000 64.269997 333.286987 59.430000 18.474001 -11.580000 2.567000 1471569.783000 452284.709000 13.310989 80.559441 0.000000 -0.045000 0.115000 -0.118000 0.000000 0.000000
14:03:17 141.000000 -112.849998 0.000000 64.269997 333.286987 59.430000 18.474001 -11.580000 2.567000 1471569.891000 452284.710000 13.310989 80.559441 0.000000 -0.045000 0.115000 -0.118000 0.000000 0.000000
14:03:18 141.000000 -112.849998 0.000000 64.269997 333.286987 59.430000 18.474001 -11.580000 2.567000 1471569.998000 452284.711000 13.310989 80.559441 0.000000 -0.045000 0.115000 -0.118000 0.000000 0.000000
14:03:18 141.000000 -112.849998 0.000000 64.269997 333.286987 59.430000 18.474001 -11.580000 2.567000 1471570.105000 452284.714000 13.310989 80.559441 0.000000 -0.045000 0.115000 -0.118000 0.000000 0.000000
14:03:18 141.000000 -112.849998 0.000000 64.269997 333.286987 59.430000 18.474001 -11.580000 2.567000 0.003000 0.003400 13.310989 80.559441 0.000000 -0.045000 0.115000 -0.118000 0.000000 0.000000
14:03:18 141.000000 -112.849998 0.000000 64.269997 330.856995 59.430000 18.073000 -11.580000 2.902000 0.003000 0.003400 13.311000 80.559448 0.000000 -0.045000 0.115000 -0.118000 0.000000 0.000000
14:03:19 141.000000 -112.849998 0.000000 64.269997 330.856995 59.430000 18.073000 -11.580000 2.902000 1471570.821000 452285.718000 13.311004 80.559456 0.000000 -0.045000 0.115000 -0.118000 0.000000 0.000000
14:03:19 141.000000 -112.849998 0.000000 64.269997 330.856995 59.430000 18.073000 -11.580000 2.902000 1471570.928000 452285.718000 13.311005 80.559456 0.000000 -0.045000 0.115000 -0.118000 0.000000 0.000000
14:03:19 141.000000 -112.849998 0.000000 64.269997 330.856995 59.430000 18.073000 -11.580000 2.902000 1471571.036000 452285.718000 13.311005 80.559456 0.000000 -0.045000 0.115000 -0.118000 0.000000 0.000000
14:03:19 141.000000 -112.849998 0.000000 64.269997 330.856995 59.430000 18.073000 -11.580000 2.902000 1471571.439000 452286.726000 13.311005 80.559456 0.000000 -0.045000 0.115000 -0.118000 0.000000 0.000000
14:03:19 141.000000 -112.849998 0.000000 64.269997 330.856995 59.430000 18.073000 -11.580000 2.902000 1471571.547000 452286.726000 13.311005 80.559456 0.000000 -0.045000 0.115000 -0.118000 0.000000 0.000000
14:03:20 141.000000 -112.849998 0.000000 64.269997 330.856995 59.430000 18.073000 -11.580000 2.902000 1471571.654000 452286.726000 13.311005 80.559456 0.000000 -0.045000 0.115000 -0.118000 0.000000 0.000000
14:03:20 141.000000 -112.849998 0.000000 64.269997 330.856995 59.430000 18.073000 -11.580000 2.902000 1471571.762000 452286.726000 13.311005 80.559456 0.000000 -0.045000 0.115000 -0.118000 0.000000 0.000000
14:03:20 141.000000 -112.849998 0.000000 64.269997 330.856995 59.430000 18.073000 -11.580000 2.902000 1471571.869000 452286.726000 13.311005 80.559456 0.000000 -0.045000 0.115000 -0.118000 0.000000 0.000000
14:03:20 141.000000 -112.849998 0.000000 64.269997 328.372009 59.430000 17.801001 -11.580000 3.167000 0.003000 0.003600 13.311014 80.559464 0.000000 -0.045000 0.115000 -0.118000 0.000000 0.000000
14:03:21 141.000000 -112.849998 0.000000 64.269997 328.372009 59.430000 17.801001 -11.580000 3.167000 1471572.356000 452287.683000 13.311018 80.559471 0.000000 -0.045000 0.115000 -0.118000 0.000000 0.000000
14:03:21 141.000000 -112.849998 0.000000 64.269997 328.372009 59.430000 17.801001 -11.580000 3.167000 1471572.463000 452287.683000 13.311019 80.559471 0.000000 -0.045000 0.115000 -0.118000 0.000000 0.000000
14:03:21 141.000000 -112.849998 0.000000 64.269997 328.372009 59.430000 17.801001 -11.580000 3.167000 1471572.571000 452287.683000 13.311019 80.559471 0.000000 -0.045000 0.115000 -0.118000 0.000000 0.000000
14:03:21 141.000000 -112.849998 0.000000 64.269997 328.372009 59.430000 17.801001 -11.580000 3.167000 1471572.977000 452288.485000 13.311019 80.559471 0.000000 -0.045000 0.115000 -0.118000 0.000000 0.000000
14:03:21 141.000000 -112.849998 0.000000 64.269997 328.372009 59.430000 17.801001 -11.580000 3.167000 1471573.084000 452288.485000 13.311019 80.559471 0.000000 -0.045000 0.115000 -0.118000 0.000000 0.000000
14:03:22 141.000000 -112.849998 0.000000 64.269997 328.372009 59.430000 17.801001 -11.580000 3.167000 1471573.192000 452288.485000 13.311019 80.559471 0.000000 -0.045000 0.115000 -0.118000 0.000000 0.000000
14:03:22 141.000000 -112.849998 0.000000 64.269997 328.372009 59.430000 17.801001 -11.580000 3.167000 1471573.299000 452288.485000 13.311019 80.559471 0.000000 -0.045000 0.115000 -0.118000 0.000000 0.000000
14:03:22 140.899994 -112.849998 0.000000 64.269997 328.372009 59.430000 17.801001 -11.580000 3.167000 1471573.407000 452288.485000 13.311019 80.559471 0.000000 -0.045000 0.115000 -0.118000 0.000000 0.000000
14:03:22 140.899994 -112.849998 0.000000 64.269997 328.372009 59.430000 17.801001 -11.580000 3.167000 0.003000 0.003800 13.311019 80.559471 0.000000 -0.045000 0.115000 -0.118000 0.000000 0.000000
14:03:23 140.899994 -112.849998 0.000000 64.269997 325.598999 59.430000 17.632000 -11.580000 3.442000 0.003000 0.003800 13.311032 80.559486 0.000000 -0.045000 0.115000 -0.118000 0.000000 0.000000
14:03:23 141.000000 -112.849998 0.000000 64.269997 325.346985 59.430000 17.621000 -11.580000 3.474000 1471574.355000 452290.036000 13.311033 80.559486 0.000000 -0.045000 0.115000 -0.118000 0.000000 0.000000
14:03:23 141.000000 -112.849998 0.000000 64.269997 325.096985 59.430000 17.611000 -11.580000 3.500000 1471574.463000 452290.036000 13.311034 80.559486 0.000000 -0.045000 0.115000 -0.118000 0.000000 0.000000
14:03:23 141.000000 -112.849998 0.000000 64.269997 324.846985 59.430000 17.603001 -11.580000 3.518000 1471574.570000 452290.036000 13.311035 80.559486 0.000000 -0.045000 0.115000 -0.118000 0.000000 0.000000
14:03:23 141.000000 -112.849998 0.000000 64.269997 324.846985 59.430000 17.603001 -11.580000 3.518000 1471574.696000 452290.050000 13.311035 80.559486 0.000000 -0.045000 0.115000 -0.118000 0.000000 0.000000
14:03:24 140.899994 -112.849998 0.000000 64.269997 324.846985 59.430000 17.603001 -11.580000 3.518000 1471574.803000 452290.050000 13.311035 80.559486 0.000000 -0.045000 0.115000 -0.118000 0.000000 0.000000
14:03:24 140.899994 -112.849998 0.000000 64.269997 324.846985 59.430000 17.603001 -11.580000 3.518000 1471574.911000 452290.050000 13.311035 80.559486 0.000000 -0.045000 0.115000 -0.118000 0.000000 0.000000
14:03:24 140.899994 -112.849998 0.000000 64.269997 324.846985 59.430000 17.603001 -11.580000 3.518000 1471575.018000 452290.050000 13.311035 80.559486 0.000000 -0.045000 0.115000 -0.118000 0.000000 0.000000
14:03:24 140.899994 -112.849998 0.000000 64.269997 324.846985 59.430000 17.603001 -11.580000 3.518000 0.003000 0.003000 13.311035 80.559486 0.000000 -0.045000 0.115000 -0.118000 0.000000 0.000000
14:03:25 140.899994 -112.849998 0.000000 64.269997 323.085999 59.430000 17.611000 -11.580000 3.686000 0.003000 0.003000 13.311047 80.559502 0.000000 -0.045000 0.115000 -0.118000 0.000000 0.000000
14:03:25 140.899994 -112.849998 0.000000 64.269997 322.832001 59.430000 17.618000 -11.580000 3.708000 1471575.932000 452291.549000 13.311048 80.559502 0.000000 -0.045000 0.115000 -0.118000 0.000000 0.000000
14:03:25 140.899994 -112.849998 0.000000 64.269997 322.576996 59.430000 17.627001 -11.580000 3.738000 1471576.039000 452291.549000 13.311049 80.559502 0.000000 -0.045000 0.115000 -0.118000 0.000000 0.000000
14:03:25 140.899994 -112.849998 0.000000 64.269997 322.576996 59.430000 17.634001 -11.580000 3.781000 1471576.146000 452291.549000 13.311049 80.559502 0.000000 -0.045000 0.115000 -0.118000 0.000000 0.000000
14:03:25 140.899994 -112.849998 0.000000 64.269997 322.576996 59.430000 17.634001 -11.580000 3.781000 1471576.279000 452291.563000 13.311049 80.559502 0.000000 -0.045000 0.115000 -0.118000 0.000000 0.000000
14:03:26 140.899994 -112.849998 0.000000 64.269997 322.576996 59.430000 17.634001 -11.580000 3.781000 1471576.386000 452291.563000 13.311049 80.559502 0.000000 -0.045000 0.115000 -0.118000 0.000000 0.000000
14:03:26 140.899994 -112.849998 0.000000 64.269997 322.576996 59.430000 17.634001 -11.580000 3.781000 1471576.494000 452291.563000 13.311049 80.559502 0.000000 -0.045000 0.115000 -0.118000 0.000000 0.000000
14:03:26 140.899994 -112.849998 0.000000 64.269997 322.576996 59.430000 17.634001 -11.580000 3.781000 1471576.601000 452291.563000 13.311049 80.559502 0.000000 -0.045000 0.115000 -0.118000 0.000000 0.000000
14:03:26 140.800003 -112.849998 0.000000 64.269997 320.773010 59.430000 17.641001 -11.580000 3.902000 0.003000 0.003100 13.311060 80.559517 0.000000 -0.045000 0.115000 -0.118000 0.000000 0.000000
14:03:27 140.800003 -112.849998 0.000000 64.269997 320.773010 59.430000 17.641001 -11.580000 3.902000 1471577.388000 452292.895000 13.311061 80.559517 0.000000 -0.045000 0.115000 -0.118000 0.000000 0.000000
14:03:27 140.800003 -112.849998 0.000000 64.269997 320.773010 59.430000 17.641001 -11.580000 3.902000 1471577.496000 452292.897000 13.311062 80.559517 0.000000 -0.045000 0.115000 -0.118000 0.000000 0.000000
14:03:27 140.800003 -112.849998 0.000000 64.269997 320.773010 59.430000 17.641001 -11.580000 3.902000 1471577.603000 452292.899000 13.311062 80.559517 0.000000 -0.045000 0.115000 -0.118000 0.000000 0.000000
14:03:27 140.800003 -112.849998 0.000000 64.269997 320.773010 59.430000 17.641001 -11.580000 3.902000 1471577.710000 452292.902000 13.311062 80.559517 0.000000 -0.045000 0.115000 -0.118000 0.000000 0.000000
14:03:27 140.800003 -112.849998 0.000000 64.269997 320.773010 59.430000 17.641001 -11.580000 3.902000 1471577.836000 452292.910000 13.311062 80.559517 0.000000 -0.045000 0.115000 -0.118000 0.000000 0.000000
14:03:28 140.800003 -112.849998 0.000000 64.269997 320.773010 59.430000 17.641001 -11.580000 3.902000 1471577.944000 452292.912000 13.311062 80.559517 0.000000 -0.045000 0.115000 -0.118000 0.000000 0.000000
14:03:28 140.800003 -112.849998 0.000000 64.269997 320.773010 59.430000 17.641001 -11.580000 3.902000 1471578.051000 452292.915000 13.311062 80.559517 0.000000 -0.045000 0.115000 -0.118000 0.000000 0.000000
14:03:28 140.699997 -112.849998 0.000000 64.269997 320.773010 59.430000 17.641001 -11.580000 3.902000 0.003000 0.003200 13.311062 80.559517 0.000000 -0.045000 0.115000 -0.118000 0.000000 0.000000
14:03:28 140.699997 -112.849998 0.000000 64.269997 318.169006 59.430000 17.469000 -11.580000 3.949000 0.003000 0.003200 13.311072 80.559525 0.000000 -0.045000 0.115000 -0.118000 0.000000 0.000000
14:03:29 140.699997 -112.849998 0.000000 64.269997 318.169006 59.430000 17.469000 -11.580000 3.949000 1471578.805000 452294.205000 13.311073 80.559525 0.000000 -0.045000 0.115000 -0.118000 0.000000 0.000000
14:03:29 140.699997 -112.849998 0.000000 64.269997 318.169006 59.430000 17.469000 -11.580000 3.949000 1471578.913000 452294.207000 13.311073 80.559525 0.000000 -0.045000 0.115000 -0.118000 0.000000 0.000000
14:03:29 140.699997 -112.849998 0.000000 64.269997 318.169006 59.430000 17.469000 -11.580000 3.949000 1471579.020000 452294.210000 13.311073 80.559525 0.000000 -0.045000 0.115000 -0.118000 0.000000 0.000000
14:03:29 140.699997 -112.849998 0.000000 64.269997 318.169006 59.430000 17.469000 -11.580000 3.949000 1471579.127000 452294.212000 13.311073 80.559525 0.000000 -0.045000 0.115000 -0.118000 0.000000 0.000000
14:03:29 140.699997 -112.849998 0.000000 64.269997 318.169006 59.430000 17.469000 -11.580000 3.949000 1471579.463000 452294.810000 13.311073 80.559525 0.000000 -0.045000 0.115000 -0.118000 0.000000 0.000000
14:03:30 140.699997 -112.849998 0.000000 64.269997 318.169006 59.430000 17.469000 -11.580000 3.949000 1471579.571000 452294.813000 13.311073 80.559525 0.000000 -0.045000 0.115000 -0.118000 0.000000 0.000000
14:03:30 140.699997 -112.849998 0.000000 64.269997 318.169006 59.430000 17.469000 -11.580000 3.949000 1471579.678000 452294.815000 13.311073 80.559525 0.000000 -0.045000 0.115000 -0.118000 0.000000 0.000000
14:03:30 140.699997 -112.849998 0.000000 64.269997 318.169006 59.430000 17.469000 -11.580000 3.949000 0.003000 0.003400 13.311073 80.559525 0.000000 -0.045000 0.115000 -0.118000 0.000000 0.000000
14:03:30 140.699997 -112.849998 0.000000 64.269997 315.592987 59.430000 17.018000 -11.580000 4.178000 0.003000 0.003400 13.311086 80.559540 0.000000 -0.045000 0.115000 -0.118000 0.000000 0.000000
14:03:31 140.699997 -112.849998 0.000000 64.269997 315.592987 59.430000 17.018000 -11.580000 4.178000 1471580.221000 452295.434000 13.311087 80.559540 0.000000 -0.045000 0.115000 -0.118000 0.000000 0.000000
14:03:31 140.699997 -112.849998 0.000000 64.269997 315.592987 59.430000 17.018000 -11.580000 4.178000 1471580.329000 452295.439000 13.311088 80.559540 0.000000 -0.045000 0.115000 -0.118000 0.000000 0.000000
14:03:31 140.699997 -112.849998 0.000000 64.269997 315.592987 59.430000 17.018000 -11.580000 4.178000 1471580.436000 452295.444000 13.311089 80.559540 0.000000 -0.045000 0.115000 -0.118000 0.000000 0.000000
14:03:31 140.699997 -112.849998 0.000000 64.269997 315.592987 59.430000 17.018000 -11.580000 4.178000 1471580.543000 452295.449000 13.311089 80.559540 0.000000 -0.045000 0.115000 -0.118000 0.000000 0.000000
14:03:31 140.600006 -112.849998 0.000000 64.269997 315.592987 59.430000 17.018000 -11.580000 4.178000 1471580.755000 452296.065000 13.311089 80.559540 0.000000 -0.045000 0.115000 -0.118000 0.000000 0.000000
14:03:32 140.600006 -112.849998 0.000000 64.269997 315.592987 59.430000 17.018000 -11.580000 4.178000 1471580.863000 452296.069000 13.311089 80.559540 0.000000 -0.045000 0.115000 -0.118000 0.000000 0.000000
14:03:32 140.600006 -112.849998 0.000000 64.269997 315.592987 59.430000 17.018000 -11.580000 4.178000 1471580.970000 452296.074000 13.311089 80.559540 0.000000 -0.045000 0.115000 -0.118000 0.000000 0.000000
14:03:32 140.600006 -112.849998 0.000000 64.269997 315.592987 59.430000 17.018000 -11.580000 4.178000 1471581.078000 452296.079000 13.311089 80.559540 0.000000 -0.045000 0.115000 -0.118000 0.000000 0.000000
14:03:32 140.600006 -112.849998 0.000000 64.269997 313.106995 59.430000 16.504000 -11.580000 4.509000 0.003000 0.003600 13.311096 80.559547 0.000000 -0.045000 0.115000 -0.118000 0.000000 0.000000
14:03:33 140.600006 -112.849998 0.000000 64.269997 312.863007 59.430000 16.462000 -11.580000 4.489000 1471581.538000 452296.625000 13.311098 80.559547 0.000000 -0.045000 0.115000 -0.118000 0.000000 0.000000
14:03:33 140.600006 -112.849998 0.000000 64.269997 312.618988 59.430000 16.422001 -11.580000 4.482000 1471581.645000 452296.630000 13.311099 80.559547 0.000000 -0.045000 0.115000 -0.118000 0.000000 0.000000
14:03:33 140.600006 -112.849998 0.000000 64.269997 312.376007 59.430000 16.385000 -11.580000 4.495000 1471581.753000 452296.635000 13.311100 80.559547 0.000000 -0.045000 0.115000 -0.118000 0.000000 0.000000
14:03:33 140.600006 -112.849998 0.000000 64.269997 312.131989 59.430000 16.351000 -11.580000 4.524000 1471581.860000 452296.640000 13.311101 80.559547 0.000000 -0.045000 0.115000 -0.118000 0.000000 0.000000
14:03:33 140.600006 -112.849998 0.000000 64.269997 312.131989 59.430000 16.351000 -11.580000 4.524000 1471581.968000 452296.645000 13.311101 80.559547 0.000000 -0.045000 0.115000 -0.118000 0.000000 0.000000
14:03:34 140.600006 -112.849998 0.000000 64.269997 312.131989 59.430000 16.351000 -11.580000 4.524000 1471582.125000 452297.194000 13.311101 80.559547 0.000000 -0.045000 0.115000 -0.118000 0.000000 0.000000
14:03:34 140.600006 -112.849998 0.000000 64.269997 312.131989 59.430000 16.351000 -11.580000 4.524000 1471582.232000 452297.199000 13.311101 80.559547 0.000000 -0.045000 0.115000 -0.118000 0.000000 0.000000
14:03:34 140.600006 -112.849998 0.000000 64.269997 312.131989 59.430000 16.351000 -11.580000 4.524000 0.003000 0.003700 13.311101 80.559547 0.000000 -0.045000 0.115000 -0.118000 0.000000 0.000000
14:03:34 140.600006 -112.849998 0.000000 64.269997 310.654999 59.430000 16.184999 -11.580000 4.648000 0.003000 0.003700 13.311108 80.559555 0.000000 -0.045000 0.115000 -0.118000 0.000000 0.000000
14:03:35 140.600006 -112.849998 0.000000 64.269997 310.407990 59.430000 16.160000 -11.580000 4.620000 1471582.766000 452297.660000 13.311110 80.559555 0.000000 -0.045000 0.115000 -0.118000 0.000000 0.000000
14:03:35 140.600006 -112.849998 0.000000 64.269997 310.161987 59.430000 16.136000 -11.580000 4.602000 1471582.873000 452297.664000 13.311110 80.559555 0.000000 -0.045000 0.115000 -0.118000 0.000000 0.000000
14:03:35 140.600006 -112.849998 0.000000 64.269997 309.915985 59.430000 16.112000 -11.580000 4.575000 1471582.980000 452297.669000 13.311111 80.559555 0.000000 -0.045000 0.115000 -0.118000 0.000000 0.000000
14:03:35 140.600006 -112.849998 0.000000 64.269997 309.915985 59.430000 16.086000 -11.580000 4.537000 1471583.088000 452297.674000 13.311112 80.559555 0.000000 -0.045000 0.115000 -0.118000 0.000000 0.000000
14:03:35 140.600006 -112.849998 0.000000 64.269997 309.915985 59.430000 16.086000 -11.580000 4.537000 1471583.195000 452297.679000 13.311112 80.559555 0.000000 -0.045000 0.115000 -0.118000 0.000000 0.000000
14:03:36 140.600006 -112.849998 0.000000 64.269997 309.915985 59.430000 16.086000 -11.580000 4.537000 1471583.402000 452298.099000 13.311112 80.559555 0.000000 -0.045000 0.115000 -0.118000 0.000000 0.000000
14:03:36 140.600006 -112.849998 0.000000 64.269997 309.915985 59.430000 16.086000 -11.580000 4.537000 1471583.509000 452298.104000 13.311112 80.559555 0.000000 -0.045000 0.115000 -0.118000 0.000000 0.000000
14:03:36 140.600006 -112.849998 0.000000 64.269997 309.915985 59.430000 16.086000 -11.580000 4.537000 0.003000 0.003800 13.311112 80.559555 0.000000 -0.045000 0.115000 -0.118000 0.000000 0.000000
14:03:36 140.600006 -112.849998 0.000000 64.269997 308.225006 59.430000 15.933000 -11.580000 4.747000 0.003000 0.003800 13.311119 80.559563 0.000000 -0.045000 0.115000 -0.118000 0.000000 0.000000
14:03:37 140.600006 -112.849998 0.000000 64.269997 308.225006 59.430000 15.933000 -11.580000 4.747000 1471583.946000 452298.140000 13.311120 80.559570 0.000000 -0.045000 0.115000 -0.118000 0.000000 0.000000
14:03:37 140.600006 -112.849998 0.000000 64.269997 308.225006 59.430000 15.933000 -11.580000 4.747000 1471584.054000 452298.147000 13.311121 80.559570 0.000000 -0.045000 0.115000 -0.118000 0.000000 0.000000
14:03:37 140.600006 -112.849998 0.000000 64.269997 308.225006 59.430000 15.933000 -11.580000 4.747000 1471584.161000 452298.154000 13.311121 80.559570 0.000000 -0.045000 0.115000 -0.118000 0.000000 0.000000
14:03:37 140.600006 -112.849998 0.000000 64.269997 308.225006 59.430000 15.933000 -11.580000 4.747000 1471584.269000 452298.161000 13.311121 80.559570 0.000000 -0.045000 0.115000 -0.118000 0.000000 0.000000
14:03:37 140.600006 -112.849998 0.000000 64.269997 308.225006 59.430000 15.933000 -11.580000 4.747000 1471584.376000 452298.169000 13.311121 80.559570 0.000000 -0.045000 0.115000 -0.118000 0.000000 0.000000
14:03:38 140.600006 -112.849998 0.000000 64.269997 308.225006 59.430000 15.933000 -11.580000 4.747000 1471584.557000 452299.057000 13.311121 80.559570 0.000000 -0.045000 0.115000 -0.118000 0.000000 0.000000
14:03:38 140.600006 -112.849998 0.000000 64.269997 308.225006 59.430000 15.933000 -11.580000 4.747000 1471584.665000 452299.064000 13.311121 80.559570 0.000000 -0.045000 0.115000 -0.118000 0.000000 0.000000
14:03:38 140.600006 -112.849998 0.000000 64.269997 308.225006 59.430000 15.933000 -11.580000 4.747000 0.003000 0.003900 13.311121 80.559570 0.000000 -0.045000 0.115000 -0.118000 0.000000 0.000000
14:03:38 140.600006 -112.849998 0.000000 64.269997 305.912994 59.430000 15.742000 -11.580000 5.023000 0.003000 0.003900 13.311131 80.559578 0.000000 -0.045000 0.115000 -0.118000 0.000000 0.000000
14:03:39 140.600006 -112.849998 0.000000 64.269997 305.912994 59.430000 15.742000 -11.580000 5.023000 1471585.273000 452299.393000 13.311132 80.559578 0.000000 -0.045000 0.115000 -0.118000 0.000000 0.000000
14:03:39 140.600006 -112.849998 0.000000 64.269997 305.912994 59.430000 15.742000 -11.580000 5.023000 1471585.380000 452299.400000 13.311133 80.559578 0.000000 -0.045000 0.115000 -0.118000 0.000000 0.000000
14:03:39 140.600006 -112.849998 0.000000 64.269997 305.912994 59.430000 15.742000 -11.580000 5.023000 1471585.488000 452299.407000 13.311133 80.559578 0.000000 -0.045000 0.115000 -0.118000 0.000000 0.000000
14:03:39 140.600006 -112.849998 0.000000 64.269997 305.912994 59.430000 15.742000 -11.580000 5.023000 1471585.595000 452299.415000 13.311133 80.559578 0.000000 -0.045000 0.115000 -0.118000 0.000000 0.000000
14:03:39 140.600006 -112.849998 0.000000 64.269997 305.912994 59.430000 15.742000 -11.580000 5.023000 1471585.703000 452299.422000 13.311133 80.559578 0.000000 -0.045000 0.115000 -0.118000 0.000000 0.000000
14:03:40 140.600006 -112.849998 0.000000 64.269997 305.912994 59.430000 15.742000 -11.580000 5.023000 1471585.936000 452299.755000 13.311133 80.559578 0.000000 -0.045000 0.115000 -0.118000 0.000000 0.000000
14:03:40 140.600006 -112.849998 0.000000 64.269997 305.912994 59.430000 15.742000 -11.580000 5.023000 1471586.043000 452299.762000 13.311133 80.559578 0.000000 -0.045000 0.115000 -0.118000 0.000000 0.000000
14:03:40 140.600006 -112.849998 0.000000 64.269997 305.912994 59.430000 15.742000 -11.580000 5.023000 1471586.151000 452299.770000 13.311133 80.559578 0.000000 -0.045000 0.115000 -0.118000 0.000000 0.000000
14:03:40 140.600006 -112.849998 0.000000 64.269997 305.912994 59.430000 15.742000 -11.580000 5.023000 0.003000 0.003900 13.311133 80.559578 0.000000 -0.045000 0.115000 -0.118000 0.000000 0.000000
14:03:41 140.600006 -112.849998 0.000000 64.269997 303.459015 59.430000 15.676000 -11.580000 5.214000 0.003000 0.003900 13.311144 80.559578 0.000000 -0.045000 0.115000 -0.118000 0.000000 0.000000
14:03:41 140.600006 -112.849998 0.000000 64.269997 303.239990 59.430000 15.666000 -11.580000 5.188000 1471586.692000 452300.060000 13.311145 80.559578 0.000000 -0.045000 0.115000 -0.118000 0.000000 0.000000
14:03:41 140.600006 -112.849998 0.000000 64.269997 303.022003 59.430000 15.654000 -11.580000 5.157000 1471586.800000 452300.067000 13.311146 80.559578 0.000000 -0.045000 0.115000 -0.118000 0.000000 0.000000
14:03:41 140.600006 -112.849998 0.000000 64.269997 303.022003 59.430000 15.639000 -11.580000 5.155000 1471586.907000 452300.074000 13.311147 80.559578 0.000000 -0.045000 0.115000 -0.118000 0.000000 0.000000
14:03:41 140.600006 -112.849998 0.000000 64.269997 303.022003 59.430000 15.639000 -11.580000 5.155000 1471587.015000 452300.082000 13.311147 80.559578 0.000000 -0.045000 0.115000 -0.118000 0.000000 0.000000
14:03:42 140.600006 -112.849998 0.000000 64.269997 303.022003 59.430000 15.639000 -11.580000 5.155000 1471587.262000 452300.272000 13.311147 80.559578 0.000000 -0.045000 0.115000 -0.118000 0.000000 0.000000
14:03:42 140.600006 -112.849998 0.000000 64.269997 303.022003 59.430000 15.639000 -11.580000 5.155000 1471587.370000 452300.280000 13.311147 80.559578 0.000000 -0.045000 0.115000 -0.118000 0.000000 0.000000
14:03:42 140.600006 -112.849998 0.000000 64.269997 303.022003 59.430000 15.639000 -11.580000 5.155000 0.003000 0.003000 13.311147 80.559578 0.000000 -0.045000 0.115000 -0.118000 0.000000 0.000000
14:03:42 140.600006 -112.849998 0.000000 64.269997 301.550995 59.430000 15.482000 -11.580000 5.080000 0.003000 0.003000 13.311155 80.559586 0.000000 -0.045000 0.115000 -0.118000 0.000000 0.000000
14:03:43 140.500000 -112.849998 0.000000 64.269997 301.550995 59.430000 15.482000 -11.580000 5.080000 1471587.799000 452300.312000 13.311156 80.559586 0.000000 -0.045000 0.115000 -0.118000 0.000000 0.000000
14:03:43 140.500000 -112.849998 0.000000 64.269997 301.550995 59.430000 15.482000 -11.580000 5.080000 1471588.068000 452300.501000 13.311156 80.559586 0.000000 -0.045000 0.115000 -0.118000 0.000000 0.000000
14:03:43 140.500000 -112.849998 0.000000 64.269997 301.550995 59.430000 15.482000 -11.580000 5.080000 1471588.176000 452300.511000 13.311156 80.559586 0.000000 -0.045000 0.115000 -0.118000 0.000000 0.000000
14:03:43 140.500000 -112.849998 0.000000 64.269997 301.550995 59.430000 15.482000 -11.580000 5.080000 1471588.283000 452300.521000 13.311156 80.559586 0.000000 -0.045000 0.115000 -0.118000 0.000000 0.000000
14:03:43 140.500000 -112.849998 0.000000 64.269997 301.550995 59.430000 15.482000 -11.580000 5.080000 1471588.391000 452300.531000 13.311156 80.559586 0.000000 -0.045000 0.115000 -0.118000 0.000000 0.000000
14:03:44 140.399994 -112.849998 0.000000 64.269997 301.550995 59.430000 15.482000 -11.580000 5.080000 1471588.498000 452300.540000 13.311156 80.559586 0.000000 -0.045000 0.115000 -0.118000 0.000000 0.000000
14:03:44 140.399994 -112.849998 0.000000 64.269997 301.550995 59.430000 15.482000 -11.580000 5.080000 1471588.693000 452300.760000 13.311156 80.559586 0.000000 -0.045000 0.115000 -0.118000 0.000000 0.000000
14:03:44 140.399994 -112.849998 0.000000 64.269997 301.550995 59.430000 15.482000 -11.580000 5.080000 0.003000 0.003000 13.311156 80.559586 0.000000 -0.045000 0.115000 -0.118000 0.000000 0.000000
14:03:44 140.399994 -112.849998 0.000000 64.269997 299.640015 59.430000 15.036000 -11.580000 5.168000 0.003000 0.003000 13.311167 80.559586 0.000000 -0.045000 0.115000 -0.118000 0.000000 0.000000
14:03:45 140.399994 -112.849998 0.000000 64.269997 299.640015 59.430000 15.036000 -11.580000 5.168000 1471589.105000 452300.799000 13.311168 80.559586 0.000000 -0.045000 0.115000 -0.118000 0.000000 0.000000
14:03:45 140.399994 -112.849998 0.000000 64.269997 299.640015 59.430000 15.036000 -11.580000 5.168000 1471589.273000 452301.018000 13.311168 80.559586 0.000000 -0.045000 0.115000 -0.118000 0.000000 0.000000
14:03:45 140.399994 -112.849998 0.000000 64.269997 299.640015 59.430000 15.036000 -11.580000 5.168000 1471589.371000 452301.028000 13.311168 80.559586 0.000000 -0.045000 0.115000 -0.118000 0.000000 0.000000
14:03:45 140.399994 -112.849998 0.000000 64.269997 299.640015 59.430000 15.036000 -11.580000 5.168000 1471589.469000 452301.038000 13.311168 80.559586 0.000000 -0.045000 0.115000 -0.118000 0.000000 0.000000
14:03:45 140.399994 -112.849998 0.000000 64.269997 299.640015 59.430000 15.036000 -11.580000 5.168000 1471589.567000 452301.048000 13.311168 80.559586 0.000000 -0.045000 0.115000 -0.118000 0.000000 0.000000
14:03:46 140.399994 -112.849998 0.000000 64.269997 299.640015 59.430000 15.036000 -11.580000 5.168000 1471589.665000 452301.057000 13.311168 80.559586 0.000000 -0.045000 0.115000 -0.118000 0.000000 0.000000
14:03:46 140.399994 -112.849998 0.000000 64.269997 299.640015 59.430000 15.036000 -11.580000 5.168000 1471589.852000 452301.302000 13.311168 80.559586 0.000000 -0.045000 0.115000 -0.118000 0.000000 0.000000
14:03:46 140.399994 -112.849998 0.000000 64.269997 299.640015 59.430000 15.036000 -11.580000 5.168000 1471589.951000 452301.312000 13.311168 80.559586 0.000000 -0.045000 0.115000 -0.118000 0.000000 0.000000
14:03:46 140.399994 -112.849998 0.000000 64.269997 297.989990 59.430000 14.659000 -11.580000 5.608000 0.003000 0.003100 13.311176 80.559593 0.000000 -0.045000 0.115000 -0.118000 0.000000 0.000000
14:03:47 140.399994 -112.849998 0.000000 64.269997 297.837006 59.430000 14.638000 -11.580000 5.612000 1471590.272000 452301.342000 13.311177 80.559593 0.000000 -0.045000 0.115000 -0.118000 0.000000 0.000000
14:03:47 140.399994 -112.849998 0.000000 64.269997 297.683990 59.430000 14.622000 -11.580000 5.623000 1471590.402000 452301.548000 13.311178 80.559593 0.000000 -0.045000 0.115000 -0.118000 0.000000 0.000000
14:03:47 140.399994 -112.849998 0.000000 64.269997 297.532990 59.430000 14.609000 -11.580000 5.626000 1471590.510000 452301.558000 13.311179 80.559593 0.000000 -0.045000 0.115000 -0.118000 0.000000 0.000000
14:03:47 140.399994 -112.849998 0.000000 64.269997 297.532990 59.430000 14.599000 -11.580000 5.646000 1471590.617000 452301.567000 13.311180 80.559593 0.000000 -0.045000 0.115000 -0.118000 0.000000 0.000000
14:03:47 140.399994 -112.849998 0.000000 64.269997 297.532990 59.430000 14.599000 -11.580000 5.646000 1471590.725000 452301.577000 13.311180 80.559593 0.000000 -0.045000 0.115000 -0.118000 0.000000 0.000000
14:03:48 140.399994 -112.849998 0.000000 64.269997 297.532990 59.430000 14.599000 -11.580000 5.646000 1471590.832000 452301.587000 13.311180 80.559593 0.000000 -0.045000 0.115000 -0.118000 0.000000 0.000000
14:03:48 140.500000 -112.849998 0.000000 64.269997 297.532990 59.430000 14.599000 -11.580000 5.646000 1471590.950000 452301.767000 13.311180 80.559593 0.000000 -0.045000 0.115000 -0.118000 0.000000 0.000000
14:03:48 140.500000 -112.849998 0.000000 64.269997 297.532990 59.430000 14.599000 -11.580000 5.646000 0.003000 0.003100 13.311180 80.559593 0.000000 -0.045000 0.115000 -0.118000 0.000000 0.000000
14:03:48 140.500000 -112.849998 0.000000 64.269997 296.506989 59.430000 14.595000 -11.580000 5.671000 0.003000 0.003100 13.311187 80.559601 0.000000 -0.045000 0.115000 -0.118000 0.000000 0.000000
14:03:49 140.500000 -112.849998 0.000000 64.269997 296.363007 59.430000 14.602000 -11.580000 5.682000 1471591.379000 452301.806000 13.311188 80.559601 0.000000 -0.045000 0.115000 -0.118000 0.000000 0.000000
14:03:49 140.500000 -112.849998 0.000000 64.269997 296.221008 59.430000 14.610000 -11.580000 5.683000 1471591.492000 452301.961000 13.311189 80.559601 0.000000 -0.045000 0.115000 -0.118000 0.000000 0.000000
14:03:49 140.500000 -112.849998 0.000000 64.269997 296.078003 59.430000 14.619000 -11.580000 5.671000 1471591.600000 452301.971000 13.311190 80.559601 0.000000 -0.045000 0.115000 -0.118000 0.000000 0.000000
14:03:49 140.500000 -112.849998 0.000000 64.269997 296.078003 59.430000 14.630000 -11.580000 5.676000 1471591.707000 452301.981000 13.311191 80.559601 0.000000 -0.045000 0.115000 -0.118000 0.000000 0.000000
14:03:49 140.500000 -112.849998 0.000000 64.269997 296.078003 59.430000 14.630000 -11.580000 5.676000 1471591.814000 452301.990000 13.311191 80.559601 0.000000 -0.045000 0.115000 -0.118000 0.000000 0.000000
14:03:50 140.500000 -112.849998 0.000000 64.269997 296.078003 59.430000 14.630000 -11.580000 5.676000 1471591.922000 452302.000000 13.311191 80.559601 0.000000 -0.045000 0.115000 -0.118000 0.000000 0.000000
14:03:50 140.500000 -112.849998 0.000000 64.269997 296.078003 59.430000 14.630000 -11.580000 5.676000 1471592.057000 452302.142000 13.311191 80.559601 0.000000 -0.045000 0.115000 -0.118000 0.000000 0.000000
14:03:50 140.500000 -112.849998 0.000000 64.269997 296.078003 59.430000 14.630000 -11.580000 5.676000 1471592.165000 452302.152000 13.311191 80.559601 0.000000 -0.045000 0.115000 -0.118000 0.000000 0.000000
14:03:50 140.399994 -112.849998 0.000000 64.269997 295.106995 59.430000 14.719000 -11.580000 5.702000 0.003000 0.003200 13.311196 80.559601 0.000000 -0.045000 0.115000 -0.118000 0.000000 0.000000
14:03:51 140.399994 -112.849998 0.000000 64.269997 294.971008 59.430000 14.736000 -11.580000 5.704000 1471592.487000 452302.181000 13.311197 80.559601 0.000000 -0.045000 0.115000 -0.118000 0.000000 0.000000
14:03:51 140.399994 -112.849998 0.000000 64.269997 294.835999 59.430000 14.753000 -11.580000 5.694000 1471592.599000 452302.297000 13.311198 80.559601 0.000000 -0.045000 0.115000 -0.118000 0.000000 0.000000
14:03:51 140.399994 -112.849998 0.000000 64.269997 294.701996 59.430000 14.771000 -11.580000 5.685000 1471592.707000 452302.307000 13.311199 80.559601 0.000000 -0.045000 0.115000 -0.118000 0.000000 0.000000
14:03:51 140.399994 -112.849998 0.000000 64.269997 294.701996 59.430000 14.788000 -11.580000 5.672000 1471592.809000 452302.319000 13.311200 80.559601 0.000000 -0.045000 0.115000 -0.118000 0.000000 0.000000
14:03:51 140.399994 -112.849998 0.000000 64.269997 294.701996 59.430000 14.788000 -11.580000 5.672000 1471592.907000 452302.331000 13.311200 80.559601 0.000000 -0.045000 0.115000 -0.118000 0.000000 0.000000
14:03:52 140.399994 -112.849998 0.000000 64.269997 294.701996 59.430000 14.788000 -11.580000 5.672000 1471593.004000 452302.343000 13.311200 80.559601 0.000000 -0.045000 0.115000 -0.118000 0.000000 0.000000
14:03:52 140.399994 -112.849998 0.000000 64.269997 294.701996 59.430000 14.788000 -11.580000 5.672000 1471593.164000 452302.439000 13.311200 80.559601 0.000000 -0.045000 0.115000 -0.118000 0.000000 0.000000
14:03:52 140.399994 -112.849998 0.000000 64.269997 294.701996 59.430000 14.788000 -11.580000 5.672000 1471593.261000 452302.451000 13.311200 80.559601 0.000000 -0.045000 0.115000 -0.118000 0.000000 0.000000
14:03:52 140.399994 -112.849998 0.000000 64.269997 293.782990 59.430000 14.878000 -11.580000 5.449000 0.003000 0.003200 13.311207 80.559601 0.000000 -0.045000 0.115000 -0.118000 0.000000 0.000000
14:03:53 140.399994 -112.849998 0.000000 64.269997 293.657013 59.430000 14.891000 -11.580000 5.429000 1471593.554000 452302.488000 13.311207 80.559601 0.000000 -0.045000 0.115000 -0.118000 0.000000 0.000000
14:03:53 140.399994 -112.849998 0.000000 64.269997 293.531006 59.430000 14.904000 -11.580000 5.424000 1471593.652000 452302.500000 13.311208 80.559601 0.000000 -0.045000 0.115000 -0.118000 0.000000 0.000000
14:03:53 140.399994 -112.849998 0.000000 64.269997 293.406006 59.430000 14.920000 -11.580000 5.458000 1471593.708000 452302.631000 13.311209 80.559601 0.000000 -0.045000 0.115000 -0.118000 0.000000 0.000000
14:03:53 140.399994 -112.849998 0.000000 64.269997 293.406006 59.430000 14.937000 -11.580000 5.546000 1471593.805000 452302.645000 13.311210 80.559601 0.000000 -0.045000 0.115000 -0.118000 0.000000 0.000000
14:03:53 140.399994 -112.849998 0.000000 64.269997 293.406006 59.430000 14.937000 -11.580000 5.546000 1471593.903000 452302.660000 13.311210 80.559601 0.000000 -0.045000 0.115000 -0.118000 0.000000 0.000000
14:03:54 140.399994 -112.849998 0.000000 64.269997 293.406006 59.430000 14.937000 -11.580000 5.546000 1471594.000000 452302.674000 13.311210 80.559601 0.000000 -0.045000 0.115000 -0.118000 0.000000 0.000000
14:03:54 140.399994 -112.849998 0.000000 64.269997 293.406006 59.430000 14.937000 -11.580000 5.546000 1471594.098000 452302.689000 13.311210 80.559601 0.000000 -0.045000 0.115000 -0.118000 0.000000 0.000000
14:03:54 140.399994 -112.849998 0.000000 64.269997 293.406006 59.430000 14.937000 -11.580000 5.546000 1471594.145000 452302.827000 13.311210 80.559601 0.000000 -0.045000 0.115000 -0.118000 0.000000 0.000000
14:03:54 140.399994 -112.849998 0.000000 64.269997 292.571991 59.430000 15.076000 -11.580000 5.747000 0.003000 0.003200 13.311213 80.559608 0.000000 -0.045000 0.115000 -0.118000 0.000000 0.000000
14:03:55 140.399994 -112.849998 0.000000 64.269997 292.571991 59.430000 15.076000 -11.580000 5.747000 1471594.437000 452302.870000 13.311213 80.559608 0.000000 -0.045000 0.115000 -0.118000 0.000000 0.000000
14:03:55 140.500000 -112.849998 0.000000 64.269997 292.571991 59.430000 15.076000 -11.580000 5.747000 1471594.535000 452302.885000 13.311213 80.559608 0.000000 -0.045000 0.115000 -0.118000 0.000000 0.000000
14:03:55 140.500000 -112.849998 0.000000 64.269997 292.571991 59.430000 15.076000 -11.580000 5.747000 1471594.511000 452303.032000 13.311213 80.559608 0.000000 -0.045000 0.115000 -0.118000 0.000000 0.000000
14:03:55 140.500000 -112.849998 0.000000 64.269997 292.571991 59.430000 15.076000 -11.580000 5.747000 1471594.608000 452303.047000 13.311213 80.559608 0.000000 -0.045000 0.115000 -0.118000 0.000000 0.000000
14:03:55 140.500000 -112.849998 0.000000 64.269997 292.571991 59.430000 15.076000 -11.580000 5.747000 1471594.706000 452303.060000 13.311213 80.559608 0.000000 -0.045000 0.115000 -0.118000 0.000000 0.000000
14:03:56 140.500000 -112.849998 0.000000 64.269997 292.571991 59.430000 15.076000 -11.580000 5.747000 1471594.804000 452303.073000 13.311213 80.559608 0.000000 -0.045000 0.115000 -0.118000 0.000000 0.000000
14:03:56 140.500000 -112.849998 0.000000 64.269997 292.571991 59.430000 15.076000 -11.580000 5.747000 1471594.901000 452303.085000 13.311213 80.559608 0.000000 -0.045000 0.115000 -0.118000 0.000000 0.000000
14:03:56 140.500000 -112.849998 0.000000 64.269997 292.571991 59.430000 15.076000 -11.580000 5.747000 1471594.873000 452303.224000 13.311213 80.559608 0.000000 -0.045000 0.115000 -0.118000 0.000000 0.000000
14:03:56 140.500000 -112.849998 0.000000 64.269997 292.571991 59.430000 15.076000 -11.580000 5.747000 0.003000 0.003300 13.311213 80.559608 0.000000 -0.045000 0.115000 -0.118000 0.000000 0.000000
14:03:57 140.399994 -112.849998 0.000000 64.269997 291.311005 59.430000 15.467000 -11.580000 5.945000 0.003000 0.003300 13.311220 80.559608 0.000000 -0.045000 0.115000 -0.118000 0.000000 0.000000
14:03:57 140.399994 -112.849998 0.000000 64.269997 291.195007 59.430000 15.498000 -11.580000 5.902000 1471595.263000 452303.273000 13.311221 80.559608 0.000000 -0.045000 0.115000 -0.118000 0.000000 0.000000
14:03:57 140.399994 -112.849998 0.000000 64.269997 291.079987 59.430000 15.526000 -11.580000 5.876000 1471595.202000 452303.417000 13.311222 80.559608 0.000000 -0.045000 0.115000 -0.118000 0.000000 0.000000
14:03:57 140.399994 -112.849998 0.000000 64.269997 290.963989 59.430000 15.551000 -11.580000 5.836000 1471595.299000 452303.429000 13.311223 80.559608 0.000000 -0.045000 0.115000 -0.118000 0.000000 0.000000
14:03:57 140.500000 -112.849998 0.000000 64.269997 290.963989 59.430000 15.551000 -11.580000 5.836000 1471595.397000 452303.441000 13.311223 80.559608 0.000000 -0.045000 0.115000 -0.118000 0.000000 0.000000
14:03:58 140.500000 -112.849998 0.000000 64.269997 290.963989 59.430000 15.551000 -11.580000 5.836000 1471595.495000 452303.455000 13.311223 80.559608 0.000000 -0.045000 0.115000 -0.118000 0.000000 0.000000
14:03:58 140.500000 -112.849998 0.000000 64.269997 290.963989 59.430000 15.551000 -11.580000 5.836000 1471595.592000 452303.470000 13.311223 80.559608 0.000000 -0.045000 0.115000 -0.118000 0.000000 0.000000
14:03:58 140.500000 -112.849998 0.000000 64.269997 290.963989 59.430000 15.551000 -11.580000 5.836000 1471595.598000 452303.572000 13.311223 80.559608 0.000000 -0.045000 0.115000 -0.118000 0.000000 0.000000
14:03:58 140.500000 -112.849998 0.000000 64.269997 290.299011 59.430000 15.607000 -11.580000 5.613000 0.003000 0.003300 13.311226 80.559616 0.000000 -0.045000 0.115000 -0.118000 0.000000 0.000000
14:03:59 140.500000 -112.849998 0.000000 64.269997 290.195007 59.430000 15.599000 -11.580000 5.570000 1471595.891000 452303.616000 13.311227 80.559616 0.000000 -0.045000 0.115000 -0.118000 0.000000 0.000000
14:03:59 140.500000 -112.849998 0.000000 64.269997 290.093994 59.430000 15.588000 -11.580000 5.562000 1471595.988000 452303.631000 13.311228 80.559616 0.000000 -0.045000 0.115000 -0.118000 0.000000 0.000000
14:03:59 140.500000 -112.849998 0.000000 64.269997 289.993988 59.430000 15.570000 -11.580000 5.559000 1471595.978000 452303.726000 13.311229 80.559616 0.000000 -0.045000 0.115000 -0.118000 0.000000 0.000000
14:03:59 140.500000 -112.849998 0.000000 64.269997 289.993988 59.430000 15.549000 -11.580000 5.564000 1471596.075000 452303.741000 13.311230 80.559616 0.000000 -0.045000 0.115000 -0.118000 0.000000 0.000000
14:03:59 140.500000 -112.849998 0.000000 64.269997 289.993988 59.430000 15.549000 -11.580000 5.564000 1471596.173000 452303.756000 13.311230 80.559616 0.000000 -0.045000 0.115000 -0.118000 0.000000 0.000000
14:04:00 140.500000 -112.849998 0.000000 64.269997 289.993988 59.430000 15.549000 -11.580000 5.564000 1471596.270000 452303.770000 13.311230 80.559616 0.000000 -0.045000 0.115000 -0.118000 0.000000 0.000000
14:04:00 140.500000 -112.849998 0.000000 64.269997 289.993988 59.430000 15.549000 -11.580000 5.564000 1471596.368000 452303.785000 13.311230 80.559616 0.000000 -0.045000 0.115000 -0.118000 0.000000 0.000000
14:04:00 140.399994 -112.849998 0.000000 64.269997 289.993988 59.430000 15.549000 -11.580000 5.564000 0.003000 0.003300 13.311230 80.559616 0.000000 -0.045000 0.115000 -0.118000 0.000000 0.000000
14:04:00 140.399994 -112.849998 0.000000 64.269997 289.343994 59.430000 15.339000 -11.580000 5.500000 0.003000 0.003300 13.311232 80.559616 0.000000 -0.045000 0.115000 -0.118000 0.000000 0.000000
14:04:01 140.399994 -112.849998 0.000000 64.269997 289.255005 59.430000 15.294000 -11.580000 5.460000 1471596.588000 452303.942000 13.311233 80.559616 0.000000 -0.045000 0.115000 -0.118000 0.000000 0.000000
14:04:01 140.399994 -112.849998 0.000000 64.269997 289.166992 59.430000 15.247000 -11.580000 5.447000 1471596.686000 452303.959000 13.311234 80.559616 0.000000 -0.045000 0.115000 -0.118000 0.000000 0.000000
14:04:01 140.399994 -112.849998 0.000000 64.269997 289.079987 59.430000 15.200000 -11.580000 5.457000 1471596.614000 452304.061000 13.311234 80.559616 0.000000 -0.045000 0.115000 -0.118000 0.000000 0.000000
14:04:01 140.399994 -112.849998 0.000000 64.269997 289.079987 59.430000 15.152000 -11.580000 5.441000 1471596.711000 452304.078000 13.311235 80.559616 0.000000 -0.045000 0.115000 -0.118000 0.000000 0.000000
14:04:01 140.399994 -112.849998 0.000000 64.269997 289.079987 59.430000 15.152000 -11.580000 5.441000 1471596.809000 452304.095000 13.311235 80.559616 0.000000 -0.045000 0.115000 -0.118000 0.000000 0.000000
14:04:02 140.399994 -112.849998 0.000000 64.269997 289.079987 59.430000 15.152000 -11.580000 5.441000 1471596.907000 452304.112000 13.311235 80.559616 0.000000 -0.045000 0.115000 -0.118000 0.000000 0.000000
14:04:02 140.399994 -112.849998 0.000000 64.269997 289.079987 59.430000 15.152000 -11.580000 5.441000 1471597.004000 452304.129000 13.311235 80.559616 0.000000 -0.045000 0.115000 -0.118000 0.000000 0.000000
14:04:02 140.399994 -112.849998 0.000000 64.269997 289.079987 59.430000 15.152000 -11.580000 5.441000 0.003000 0.003400 13.311235 80.559616 0.000000 -0.045000 0.115000 -0.118000 0.000000 0.000000
14:04:02 140.399994 -112.849998 0.000000 64.269997 288.480988 59.430000 14.866000 -11.580000 5.526000 0.003000 0.003400 13.311236 80.559616 0.000000 -0.045000 0.115000 -0.118000 0.000000 0.000000
14:04:03 140.399994 -112.849998 0.000000 64.269997 288.397003 59.430000 14.824000 -11.580000 5.581000 1471597.176000 452304.291000 13.311237 80.559624 0.000000 -0.045000 0.115000 -0.118000 0.000000 0.000000
14:04:03 140.399994 -112.849998 0.000000 64.269997 288.312988 59.430000 14.783000 -11.580000 5.599000 1471597.274000 452304.308000 13.311238 80.559624 0.000000 -0.045000 0.115000 -0.118000 0.000000 0.000000
14:04:03 140.399994 -112.849998 0.000000 64.269997 288.230011 59.430000 14.745000 -11.580000 5.606000 1471597.372000 452304.326000 13.311239 80.559624 0.000000 -0.045000 0.115000 -0.118000 0.000000 0.000000
14:04:03 140.399994 -112.849998 0.000000 64.269997 288.230011 59.430000 14.710000 -11.580000 5.609000 1471597.230000 452304.437000 13.311237 80.559624 0.000000 -0.045000 0.115000 -0.118000 0.000000 0.000000
14:04:03 140.399994 -112.849998 0.000000 64.269997 288.230011 59.430000 14.710000 -11.580000 5.609000 1471597.328000 452304.454000 13.311237 80.559624 0.000000 -0.045000 0.115000 -0.118000 0.000000 0.000000
14:04:04 140.399994 -112.849998 0.000000 64.269997 288.230011 59.430000 14.710000 -11.580000 5.609000 1471597.425000 452304.471000 13.311237 80.559624 0.000000 -0.045000 0.115000 -0.118000 0.000000 0.000000
14:04:04 140.399994 -112.849998 0.000000 64.269997 288.230011 59.430000 14.710000 -11.580000 5.609000 1471597.523000 452304.488000 13.311237 80.559624 0.000000 -0.045000 0.115000 -0.118000 0.000000 0.000000
14:04:04 140.399994 -112.849998 0.000000 64.269997 288.230011 59.430000 14.710000 -11.580000 5.609000 1471597.621000 452304.505000 13.311237 80.559624 0.000000 -0.045000 0.115000 -0.118000 0.000000 0.000000
14:04:04 140.399994 -112.849998 0.000000 64.269997 287.638000 59.430000 14.553000 -11.580000 5.546000 0.003000 0.003400 13.311240 80.559624 0.000000 -0.045000 0.115000 -0.118000 0.000000 0.000000
14:04:05 140.399994 -112.849998 0.000000 64.269997 287.553009 59.430000 14.538000 -11.580000 5.556000 1471597.628000 452304.650000 13.311241 80.559624 0.000000 -0.045000 0.115000 -0.118000 0.000000 0.000000
14:04:05 140.399994 -112.849998 0.000000 64.269997 287.467010 59.430000 14.526000 -11.580000 5.592000 1471597.726000 452304.667000 13.311242 80.559624 0.000000 -0.045000 0.115000 -0.118000 0.000000 0.000000
14:04:05 140.399994 -112.849998 0.000000 64.269997 287.381012 59.430000 14.518000 -11.580000 5.623000 1471597.824000 452304.684000 13.311243 80.559624 0.000000 -0.045000 0.115000 -0.118000 0.000000 0.000000
14:04:05 140.399994 -112.849998 0.000000 64.269997 287.381012 59.430000 14.513000 -11.580000 5.644000 1471597.620000 452304.796000 13.311244 80.559624 0.000000 -0.045000 0.115000 -0.118000 0.000000 0.000000
14:04:05 140.399994 -112.849998 0.000000 64.269997 287.381012 59.430000 14.513000 -11.580000 5.644000 1471597.718000 452304.813000 13.311244 80.559624 0.000000 -0.045000 0.115000 -0.118000 0.000000 0.000000
14:04:06 140.399994 -112.849998 0.000000 64.269997 287.381012 59.430000 14.513000 -11.580000 5.644000 1471597.815000 452304.830000 13.311244 80.559624 0.000000 -0.045000 0.115000 -0.118000 0.000000 0.000000
14:04:06 140.399994 -112.849998 0.000000 64.269997 287.381012 59.430000 14.513000 -11.580000 5.644000 1471597.913000 452304.847000 13.311244 80.559624 0.000000 -0.045000 0.115000 -0.118000 0.000000 0.000000
14:04:06 140.300003 -112.849998 0.000000 64.269997 287.381012 59.430000 14.513000 -11.580000 5.644000 0.003000 0.003400 13.311244 80.559624 0.000000 -0.045000 0.115000 -0.118000 0.000000 0.000000
14:04:06 140.300003 -112.849998 0.000000 64.269997 286.763000 59.430000 14.527000 -11.580000 5.454000 0.003000 0.003400 13.311246 80.559624 0.000000 -0.045000 0.115000 -0.118000 0.000000 0.000000
14:04:07 140.300003 -112.849998 0.000000 64.269997 286.673004 59.430000 14.536000 -11.580000 5.434000 1471597.976000 452305.022000 13.311244 80.559624 0.000000 -0.045000 0.115000 -0.118000 0.000000 0.000000
14:04:07 140.500000 -112.849998 0.000000 64.269997 286.583008 59.430000 14.546000 -11.580000 5.419000 1471598.073000 452305.039000 13.311245 80.559624 0.000000 -0.045000 0.115000 -0.118000 0.000000 0.000000
14:04:07 140.500000 -112.849998 0.000000 64.269997 286.493011 59.430000 14.558000 -11.580000 5.410000 1471598.171000 452305.056000 13.311246 80.559624 0.000000 -0.045000 0.115000 -0.118000 0.000000 0.000000
14:04:07 140.500000 -112.849998 0.000000 64.269997 286.493011 59.430000 14.571000 -11.580000 5.403000 1471597.953000 452305.167000 13.311247 80.559624 0.000000 -0.045000 0.115000 -0.118000 0.000000 0.000000
14:04:07 140.500000 -112.849998 0.000000 64.269997 286.493011 59.430000 14.571000 -11.580000 5.403000 1471598.050000 452305.186000 13.311247 80.559624 0.000000 -0.045000 0.115000 -0.118000 0.000000 0.000000
14:04:08 140.500000 -112.849998 0.000000 64.269997 286.493011 59.430000 14.571000 -11.580000 5.403000 1471598.148000 452305.206000 13.311247 80.559624 0.000000 -0.045000 0.115000 -0.118000 0.000000 0.000000
14:04:08 140.399994 -112.849998 0.000000 64.269997 286.493011 59.430000 14.571000 -11.580000 5.403000 1471598.246000 452305.223000 13.311247 80.559624 0.000000 -0.045000 0.115000 -0.118000 0.000000 0.000000
14:04:08 140.399994 -112.849998 0.000000 64.269997 286.493011 59.430000 14.571000 -11.580000 5.403000 0.003000 0.003500 13.311247 80.559624 0.000000 -0.045000 0.115000 -0.118000 0.000000 0.000000
14:04:08 140.399994 -112.849998 0.000000 64.269997 285.854004 59.430000 14.690000 -11.580000 5.556000 0.003000 0.003500 13.311250 80.559631 0.000000 -0.045000 0.115000 -0.118000 0.000000 0.000000
14:04:09 140.500000 -112.849998 0.000000 64.269997 285.760010 59.430000 14.716000 -11.580000 5.604000 1471598.320000 452305.399000 13.311247 80.559631 0.000000 -0.045000 0.115000 -0.118000 0.000000 0.000000
14:04:09 140.500000 -112.849998 0.000000 64.269997 285.665985 59.430000 14.742000 -11.580000 5.648000 1471598.415000 452305.419000 13.311248 80.559631 0.000000 -0.045000 0.115000 -0.118000 0.000000 0.000000
14:04:09 140.500000 -112.849998 0.000000 64.269997 285.570007 59.430000 14.770000 -11.580000 5.696000 1471598.503000 452305.436000 13.311249 80.559631 0.000000 -0.045000 0.115000 -0.118000 0.000000 0.000000
14:04:09 140.500000 -112.849998 0.000000 64.269997 285.570007 59.430000 14.799000 -11.580000 5.689000 1471598.270000 452305.539000 13.311250 80.559631 0.000000 -0.045000 0.115000 -0.118000 0.000000 0.000000
14:04:09 140.500000 -112.849998 0.000000 64.269997 285.570007 59.430000 14.799000 -11.580000 5.689000 1471598.357000 452305.556000 13.311250 80.559631 0.000000 -0.045000 0.115000 -0.118000 0.000000 0.000000
14:04:10 140.500000 -112.849998 0.000000 64.269997 285.570007 59.430000 14.799000 -11.580000 5.689000 1471598.445000 452305.573000 13.311250 80.559631 0.000000 -0.045000 0.115000 -0.118000 0.000000 0.000000
14:04:10 140.500000 -112.849998 0.000000 64.269997 285.570007 59.430000 14.799000 -11.580000 5.689000 1471598.533000 452305.590000 13.311250 80.559631 0.000000 -0.045000 0.115000 -0.118000 0.000000 0.000000
14:04:10 140.500000 -112.849998 0.000000 64.269997 285.570007 59.430000 14.799000 -11.580000 5.689000 1471598.621000 452305.607000 13.311250 80.559631 0.000000 -0.045000 0.115000 -0.118000 0.000000 0.000000
14:04:10 140.500000 -112.849998 0.000000 64.269997 284.895996 59.430000 14.987000 -11.580000 5.654000 0.003000 0.003500 13.311249 80.559631 0.000000 -0.045000 0.115000 -0.118000 0.000000 0.000000
14:04:11 140.500000 -112.849998 0.000000 64.269997 284.798004 59.430000 15.021000 -11.580000 5.709000 1471598.208000 452305.829000 13.311250 80.559631 0.000000 -0.045000 0.115000 -0.118000 0.000000 0.000000
14:04:11 140.500000 -112.849998 0.000000 64.269997 284.699005 59.430000 15.054000 -11.580000 5.786000 1471598.295000 452305.846000 13.311251 80.559631 0.000000 -0.045000 0.115000 -0.118000 0.000000 0.000000
14:04:11 140.500000 -112.849998 0.000000 64.269997 284.600006 59.430000 15.086000 -11.580000 5.826000 1471598.383000 452305.863000 13.311251 80.559631 0.000000 -0.045000 0.115000 -0.118000 0.000000 0.000000
14:04:11 140.500000 -112.849998 0.000000 64.269997 284.600006 59.430000 15.116000 -11.580000 5.842000 1471598.521000 452305.884000 13.311252 80.559631 0.000000 -0.045000 0.115000 -0.118000 0.000000 0.000000
14:04:11 140.500000 -112.849998 0.000000 64.269997 284.600006 59.430000 15.116000 -11.580000 5.842000 1471598.619000 452305.901000 13.311252 80.559631 0.000000 -0.045000 0.115000 -0.118000 0.000000 0.000000
14:04:12 140.500000 -112.849998 0.000000 64.269997 284.600006 59.430000 15.116000 -11.580000 5.842000 1471598.717000 452305.919000 13.311252 80.559631 0.000000 -0.045000 0.115000 -0.118000 0.000000 0.000000
14:04:12 140.500000 -112.849998 0.000000 64.269997 284.600006 59.430000 15.116000 -11.580000 5.842000 1471598.814000 452305.936000 13.311252 80.559631 0.000000 -0.045000 0.115000 -0.118000 0.000000 0.000000
14:04:12 140.500000 -112.849998 0.000000 64.269997 284.600006 59.430000 15.116000 -11.580000 5.842000 1471598.912000 452305.953000 13.311252 80.559631 0.000000 -0.045000 0.115000 -0.118000 0.000000 0.000000
14:04:12 140.500000 -112.849998 0.000000 64.269997 283.902008 59.430000 15.245000 -11.580000 5.668000 0.003000 0.003500 13.311252 80.559639 0.000000 -0.045000 0.115000 -0.118000 0.000000 0.000000
14:04:13 140.500000 -112.849998 0.000000 64.269997 283.902008 59.430000 15.245000 -11.580000 5.668000 1471598.587000 452306.162000 13.311253 80.559639 0.000000 -0.045000 0.115000 -0.118000 0.000000 0.000000
14:04:13 140.500000 -112.849998 0.000000 64.269997 283.902008 59.430000 15.245000 -11.580000 5.668000 1471598.685000 452306.179000 13.311254 80.559639 0.000000 -0.045000 0.115000 -0.118000 0.000000 0.000000
14:04:13 140.600006 -112.849998 0.000000 64.269997 283.902008 59.430000 15.245000 -11.580000 5.668000 1471598.783000 452306.196000 13.311254 80.559639 0.000000 -0.045000 0.115000 -0.118000 0.000000 0.000000
14:04:13 140.600006 -112.849998 0.000000 64.269997 283.902008 59.430000 15.245000 -11.580000 5.668000 1471598.880000 452306.213000 13.311254 80.559639 0.000000 -0.045000 0.115000 -0.118000 0.000000 0.000000
14:04:13 140.600006 -112.849998 0.000000 64.269997 283.902008 59.430000 15.245000 -11.580000 5.668000 1471598.985000 452306.234000 13.311254 80.559639 0.000000 -0.045000 0.115000 -0.118000 0.000000 0.000000
14:04:14 140.600006 -112.849998 0.000000 64.269997 283.902008 59.430000 15.245000 -11.580000 5.668000 1471599.083000 452306.252000 13.311254 80.559639 0.000000 -0.045000 0.115000 -0.118000 0.000000 0.000000
14:04:14 140.500000 -112.849998 0.000000 64.269997 283.902008 59.430000 15.245000 -11.580000 5.668000 1471599.180000 452306.269000 13.311254 80.559639 0.000000 -0.045000 0.115000 -0.118000 0.000000 0.000000
14:04:14 140.500000 -112.849998 0.000000 64.269997 283.902008 59.430000 15.245000 -11.580000 5.668000 0.003000 0.003600 13.311254 80.559639 0.000000 -0.045000 0.115000 -0.118000 0.000000 0.000000
14:04:14 140.500000 -112.849998 0.000000 64.269997 282.990997 59.430000 15.125000 -11.580000 5.455000 1471599.375000 452306.303000 13.311255 80.559639 0.000000 -0.045000 0.115000 -0.118000 0.000000 0.000000
14:04:15 140.500000 -112.849998 0.000000 64.269997 282.911011 59.430000 15.087000 -11.580000 5.456000 1471598.990000 452306.512000 13.311256 80.559639 0.000000 -0.045000 0.115000 -0.118000 0.000000 0.000000
14:04:15 140.500000 -112.849998 0.000000 64.269997 282.833008 59.430000 15.045000 -11.580000 5.451000 1471599.088000 452306.532000 13.311257 80.559639 0.000000 -0.045000 0.115000 -0.118000 0.000000 0.000000
14:04:15 140.500000 -112.849998 0.000000 64.269997 282.833008 59.430000 14.999000 -11.580000 5.466000 1471599.180000 452306.551000 13.311258 80.559639 0.000000 -0.045000 0.115000 -0.118000 0.000000 0.000000
14:04:15 140.500000 -112.849998 0.000000 64.269997 282.833008 59.430000 14.950000 -11.580000 5.457000 1471599.268000 452306.571000 13.311259 80.559639 0.000000 -0.045000 0.115000 -0.118000 0.000000 0.000000
14:04:15 140.500000 -112.849998 0.000000 64.269997 282.833008 59.430000 14.950000 -11.580000 5.457000 1471599.376000 452306.582000 13.311259 80.559639 0.000000 -0.045000 0.115000 -0.118000 0.000000 0.000000
14:04:16 140.500000 -112.849998 0.000000 64.269997 282.833008 59.430000 14.950000 -11.580000 5.457000 1471599.464000 452306.602000 13.311259 80.559639 0.000000 -0.045000 0.115000 -0.118000 0.000000 0.000000
14:04:16 140.500000 -112.849998 0.000000 64.269997 282.833008 59.430000 14.950000 -11.580000 5.457000 1471599.552000 452306.621000 13.311259 80.559639 0.000000 -0.045000 0.115000 -0.118000 0.000000 0.000000
14:04:16 140.500000 -112.849998 0.000000 64.269997 282.833008 59.430000 14.950000 -11.580000 5.457000 0.003000 0.003600 13.311259 80.559639 0.000000 -0.045000 0.115000 -0.118000 0.000000 0.000000
14:04:16 140.399994 -112.849998 0.000000 64.269997 282.269012 59.430000 14.623000 -11.580000 5.445000 0.003000 0.003600 13.311258 80.559639 0.000000 -0.045000 0.115000 -0.118000 0.000000 0.000000
14:04:17 140.399994 -112.849998 0.000000 64.269997 282.203003 59.430000 14.567000 -11.580000 5.454000 1471599.258000 452306.870000 13.311258 80.559647 0.000000 -0.045000 0.115000 -0.118000 0.000000 0.000000
14:04:17 140.399994 -112.849998 0.000000 64.269997 282.135986 59.430000 14.511000 -11.580000 5.441000 1471599.346000 452306.890000 13.311259 80.559647 0.000000 -0.045000 0.115000 -0.118000 0.000000 0.000000
14:04:17 140.399994 -112.849998 0.000000 64.269997 282.070007 59.430000 14.457000 -11.580000 5.449000 1471599.434000 452306.910000 13.311260 80.559647 0.000000 -0.045000 0.115000 -0.118000 0.000000 0.000000
14:04:17 140.399994 -112.849998 0.000000 64.269997 282.070007 59.430000 14.404000 -11.580000 5.433000 1471599.522000 452306.929000 13.311261 80.559647 0.000000 -0.045000 0.115000 -0.118000 0.000000 0.000000
14:04:17 140.399994 -112.849998 0.000000 64.269997 282.070007 59.430000 14.404000 -11.580000 5.433000 1471599.650000 452306.953000 13.311261 80.559647 0.000000 -0.045000 0.115000 -0.118000 0.000000 0.000000
14:04:18 140.399994 -112.849998 0.000000 64.269997 282.070007 59.430000 14.404000 -11.580000 5.433000 1471599.738000 452306.973000 13.311261 80.559647 0.000000 -0.045000 0.115000 -0.118000 0.000000 0.000000
14:04:18 140.399994 -112.849998 0.000000 64.269997 282.070007 59.430000 14.404000 -11.580000 5.433000 1471599.826000 452306.992000 13.311261 80.559647 0.000000 -0.045000 0.115000 -0.118000 0.000000 0.000000
14:04:18 140.399994 -112.849998 0.000000 64.269997 282.070007 59.430000 14.404000 -11.580000 5.433000 1471599.914000 452307.012000 13.311261 80.559647 0.000000 -0.045000 0.115000 -0.118000 0.000000 0.000000
14:04:18 140.399994 -112.849998 0.000000 64.269997 281.634003 59.430000 14.141000 -11.580000 5.410000 0.003000 0.003700 13.311260 80.559647 0.000000 -0.045000 0.115000 -0.118000 0.000000 0.000000
14:04:19 140.399994 -112.849998 0.000000 64.269997 281.572998 59.430000 14.109000 -11.580000 5.386000 1471599.833000 452307.207000 13.311261 80.559647 0.000000 -0.045000 0.115000 -0.118000 0.000000 0.000000
14:04:19 140.399994 -112.849998 0.000000 64.269997 281.511993 59.430000 14.081000 -11.580000 5.374000 1471599.921000 452307.229000 13.311262 80.559647 0.000000 -0.045000 0.115000 -0.118000 0.000000 0.000000
14:04:19 140.399994 -112.849998 0.000000 64.269997 281.450012 59.430000 14.058000 -11.580000 5.370000 1471600.009000 452307.251000 13.311263 80.559647 0.000000 -0.045000 0.115000 -0.118000 0.000000 0.000000
14:04:19 140.399994 -112.849998 0.000000 64.269997 281.450012 59.430000 14.038000 -11.580000 5.346000 1471600.097000 452307.273000 13.311259 80.559647 0.000000 -0.045000 0.115000 -0.118000 0.000000 0.000000
14:04:19 140.399994 -112.849998 0.000000 64.269997 281.450012 59.430000 14.038000 -11.580000 5.346000 1471599.416000 452307.466000 13.311259 80.559647 0.000000 -0.045000 0.115000 -0.118000 0.000000 0.000000
14:04:20 140.399994 -112.849998 0.000000 64.269997 281.450012 59.430000 14.038000 -11.580000 5.346000 1471599.504000 452307.488000 13.311259 80.559647 0.000000 -0.045000 0.115000 -0.118000 0.000000 0.000000
14:04:20 140.399994 -112.849998 0.000000 64.269997 281.450012 59.430000 14.038000 -11.580000 5.346000 1471599.592000 452307.510000 13.311259 80.559647 0.000000 -0.045000 0.115000 -0.118000 0.000000 0.000000
14:04:20 140.399994 -112.849998 0.000000 64.269997 281.450012 59.430000 14.038000 -11.580000 5.346000 0.003000 0.003700 13.311259 80.559647 0.000000 -0.045000 0.115000 -0.118000 0.000000 0.000000
14:04:20 140.399994 -112.849998 0.000000 64.269997 281.006012 59.430000 14.015000 -11.580000 5.343000 0.003000 0.003700 13.311260 80.559647 0.000000 -0.045000 0.115000 -0.118000 0.000000 0.000000
14:04:21 140.399994 -112.849998 0.000000 64.269997 280.938995 59.430000 14.027000 -11.580000 5.300000 1471599.978000 452307.603000 13.311261 80.559654 0.000000 -0.045000 0.115000 -0.118000 0.000000 0.000000
14:04:21 140.399994 -112.849998 0.000000 64.269997 280.871002 59.430000 14.042000 -11.580000 5.263000 1471600.066000 452307.625000 13.311262 80.559654 0.000000 -0.045000 0.115000 -0.118000 0.000000 0.000000
14:04:21 140.399994 -112.849998 0.000000 64.269997 280.802002 59.430000 14.062000 -11.580000 5.235000 1471600.154000 452307.647000 13.311263 80.559654 0.000000 -0.045000 0.115000 -0.118000 0.000000 0.000000
14:04:21 140.399994 -112.849998 0.000000 64.269997 280.802002 59.430000 14.085000 -11.580000 5.199000 1471600.242000 452307.669000 13.311261 80.559654 0.000000 -0.045000 0.115000 -0.118000 0.000000 0.000000
14:04:21 140.399994 -112.849998 0.000000 64.269997 280.802002 59.430000 14.085000 -11.580000 5.199000 1471599.611000 452307.888000 13.311261 80.559654 0.000000 -0.045000 0.115000 -0.118000 0.000000 0.000000
14:04:22 140.399994 -112.849998 0.000000 64.269997 280.802002 59.430000 14.085000 -11.580000 5.199000 1471599.699000 452307.910000 13.311261 80.559654 0.000000 -0.045000 0.115000 -0.118000 0.000000 0.000000
14:04:22 140.399994 -112.849998 0.000000 64.269997 280.802002 59.430000 14.085000 -11.580000 5.199000 1471599.787000 452307.932000 13.311261 80.559654 0.000000 -0.045000 0.115000 -0.118000 0.000000 0.000000
14:04:22 140.399994 -112.849998 0.000000 64.269997 280.802002 59.430000 14.085000 -11.580000 5.199000 0.003000 0.003700 13.311261 80.559654 0.000000 -0.045000 0.115000 -0.118000 0.000000 0.000000
14:04:22 140.399994 -112.849998 0.000000 64.269997 280.802002 59.430000 14.085000 -11.580000 5.199000 0.003000 0.003700 13.311261 80.559654 0.000000 -0.045000 0.115000 -0.118000 0.000000 0.000000
14:04:23 140.399994 -112.849998 0.000000 64.269997 280.195007 59.430000 14.346000 -11.580000 5.115000 0.003000 0.003700 13.311263 80.559654 0.000000 -0.045000 0.115000 -0.118000 0.000000 0.000000
14:04:23 140.399994 -112.849998 0.000000 64.269997 280.112000 59.430000 14.399000 -11.580000 5.171000 1471600.255000 452308.060000 13.311264 80.559654 0.000000 -0.045000 0.115000 -0.118000 0.000000 0.000000
14:04:23 140.399994 -112.849998 0.000000 64.269997 280.027008 59.430000 14.455000 -11.580000 5.247000 1471600.343000 452308.082000 13.311265 80.559654 0.000000 -0.045000 0.115000 -0.118000 0.000000 0.000000
14:04:23 140.399994 -112.849998 0.000000 64.269997 280.027008 59.430000 14.514000 -11.580000 5.329000 1471600.431000 452308.104000 13.311266 80.559654 0.000000 -0.045000 0.115000 -0.118000 0.000000 0.000000
14:04:23 140.399994 -112.849998 0.000000 64.269997 280.027008 59.430000 14.514000 -11.580000 5.329000 1471600.519000 452308.126000 13.311266 80.559654 0.000000 -0.045000 0.115000 -0.118000 0.000000 0.000000
14:04:24 140.399994 -112.849998 0.000000 64.269997 280.027008 59.430000 14.514000 -11.580000 5.329000 1471599.740000 452308.306000 13.311266 80.559654 0.000000 -0.045000 0.115000 -0.118000 0.000000 0.000000
14:04:24 140.399994 -112.849998 0.000000 64.269997 280.027008 59.430000 14.514000 -11.580000 5.329000 1471599.828000 452308.328000 13.311266 80.559654 0.000000 -0.045000 0.115000 -0.118000 0.000000 0.000000
14:04:24 140.399994 -112.849998 0.000000 64.269997 280.027008 59.430000 14.514000 -11.580000 5.329000 0.003000 0.003800 13.311266 80.559654 0.000000 -0.045000 0.115000 -0.118000 0.000000 0.000000
14:04:24 140.399994 -112.849998 0.000000 64.269997 279.364014 59.430000 14.925000 -11.580000 5.547000 0.003000 0.003800 13.311267 80.559654 0.000000 -0.045000 0.115000 -0.118000 0.000000 0.000000
14:04:25 140.399994 -112.849998 0.000000 64.269997 279.259003 59.430000 15.000000 -11.580000 5.595000 1471600.207000 452308.419000 13.311264 80.559654 0.000000 -0.045000 0.115000 -0.118000 0.000000 0.000000
14:04:25 140.399994 -112.849998 0.000000 64.269997 279.151001 59.430000 15.074000 -11.580000 5.640000 1471600.294000 452308.438000 13.311265 80.559662 0.000000 -0.045000 0.115000 -0.118000 0.000000 0.000000
14:04:25 140.500000 -112.849998 0.000000 64.269997 279.042999 59.430000 15.148000 -11.580000 5.645000 1471600.382000 452308.458000 13.311266 80.559662 0.000000 -0.045000 0.115000 -0.118000 0.000000 0.000000
14:04:25 140.500000 -112.849998 0.000000 64.269997 279.042999 59.430000 15.220000 -11.580000 5.652000 1471600.470000 452308.478000 13.311267 80.559662 0.000000 -0.045000 0.115000 -0.118000 0.000000 0.000000
14:04:25 140.500000 -112.849998 0.000000 64.269997 279.042999 59.430000 15.220000 -11.580000 5.652000 1471600.558000 452308.497000 13.311267 80.559662 0.000000 -0.045000 0.115000 -0.118000 0.000000 0.000000
14:04:26 140.500000 -112.849998 0.000000 64.269997 279.042999 59.430000 15.220000 -11.580000 5.652000 1471599.996000 452308.662000 13.311267 80.559662 0.000000 -0.045000 0.115000 -0.118000 0.000000 0.000000
14:04:26 140.500000 -112.849998 0.000000 64.269997 279.042999 59.430000 15.220000 -11.580000 5.652000 1471600.084000 452308.682000 13.311267 80.559662 0.000000 -0.045000 0.115000 -0.118000 0.000000 0.000000
14:04:26 140.500000 -112.849998 0.000000 64.269997 279.042999 59.430000 15.220000 -11.580000 5.652000 0.003000 0.003800 13.311267 80.559662 0.000000 -0.045000 0.115000 -0.118000 0.000000 0.000000
14:04:26 140.500000 -112.849998 0.000000 64.269997 278.282990 59.430000 15.544000 -11.580000 5.562000 0.003000 0.003800 13.311269 80.559662 0.000000 -0.045000 0.115000 -0.118000 0.000000 0.000000
14:04:27 140.500000 -112.849998 0.000000 64.269997 278.183990 59.430000 15.573000 -11.580000 5.501000 1471600.481000 452308.764000 13.311268 80.559662 0.000000 -0.045000 0.115000 -0.118000 0.000000 0.000000
14:04:27 140.500000 -112.849998 0.000000 64.269997 278.088013 59.430000 15.593000 -11.580000 5.471000 1471600.569000 452308.784000 13.311269 80.559662 0.000000 -0.045000 0.115000 -0.118000 0.000000 0.000000
14:04:27 140.500000 -112.849998 0.000000 64.269997 278.088013 59.430000 15.601000 -11.580000 5.430000 1471600.657000 452308.803000 13.311270 80.559662 0.000000 -0.045000 0.115000 -0.118000 0.000000 0.000000
14:04:27 140.500000 -112.849998 0.000000 64.269997 278.088013 59.430000 15.601000 -11.580000 5.395000 1471600.745000 452308.823000 13.311271 80.559662 0.000000 -0.045000 0.115000 -0.118000 0.000000 0.000000
14:04:27 140.500000 -112.849998 0.000000 64.269997 278.088013 59.430000 15.601000 -11.580000 5.395000 1471600.833000 452308.842000 13.311271 80.559662 0.000000 -0.045000 0.115000 -0.118000 0.000000 0.000000
14:04:28 140.399994 -112.849998 0.000000 64.269997 278.088013 59.430000 15.601000 -11.580000 5.395000 1471600.688000 452309.098000 13.311271 80.559662 0.000000 -0.045000 0.115000 -0.118000 0.000000 0.000000
14:04:28 140.399994 -112.849998 0.000000 64.269997 278.088013 59.430000 15.601000 -11.580000 5.395000 0.003000 0.003900 13.311271 80.559662 0.000000 -0.045000 0.115000 -0.118000 0.000000 0.000000
14:04:28 140.399994 -112.849998 0.000000 64.269997 278.088013 59.430000 15.601000 -11.580000 5.395000 1471600.871000 452309.140000 13.311271 80.559662 0.000000 -0.045000 0.115000 -0.118000 0.000000 0.000000
14:04:28 140.399994 -112.849998 0.000000 64.269997 277.552002 59.430000 15.415000 -11.580000 5.247000 0.003000 0.003900 13.311275 80.559662 0.000000 -0.045000 0.115000 -0.118000 0.000000 0.000000
14:04:29 140.399994 -112.849998 0.000000 64.269997 277.516998 59.430000 15.357000 -11.580000 5.197000 1471601.116000 452309.343000 13.311275 80.559669 0.000000 -0.045000 0.115000 -0.118000 0.000000 0.000000
14:04:29 140.399994 -112.849998 0.000000 64.269997 277.488007 59.430000 15.294000 -11.580000 5.171000 1471601.204000 452309.365000 13.311276 80.559669 0.000000 -0.045000 0.115000 -0.118000 0.000000 0.000000
14:04:29 140.399994 -112.849998 0.000000 64.269997 277.488007 59.430000 15.225000 -11.580000 5.168000 1471601.292000 452309.387000 13.311277 80.559669 0.000000 -0.045000 0.115000 -0.118000 0.000000 0.000000
14:04:29 140.300003 -112.849998 0.000000 64.269997 277.488007 59.430000 15.152000 -11.580000 5.123000 1471601.380000 452309.409000 13.311278 80.559669 0.000000 -0.045000 0.115000 -0.118000 0.000000 0.000000
14:04:29 140.300003 -112.849998 0.000000 64.269997 277.488007 59.430000 15.152000 -11.580000 5.123000 1471601.468000 452309.431000 13.311278 80.559669 0.000000 -0.045000 0.115000 -0.118000 0.000000 0.000000
14:04:30 140.300003 -112.849998 0.000000 64.269997 277.488007 59.430000 15.152000 -11.580000 5.123000 1471601.534000 452309.614000 13.311278 80.559669 0.000000 -0.045000 0.115000 -0.118000 0.000000 0.000000
14:04:30 140.300003 -112.849998 0.000000 64.269997 277.488007 59.430000 15.152000 -11.580000 5.123000 0.003000 0.003900 13.311278 80.559669 0.000000 -0.045000 0.115000 -0.118000 0.000000 0.000000
14:04:30 140.300003 -112.849998 0.000000 64.269997 277.446991 59.430000 14.741000 -11.580000 5.039000 0.003000 0.003900 13.311282 80.559669 0.000000 -0.045000 0.115000 -0.118000 0.000000 0.000000
14:04:30 140.300003 -112.849998 0.000000 64.269997 277.446991 59.430000 14.741000 -11.580000 5.039000 1471601.885000 452309.711000 13.311282 80.559669 0.000000 -0.045000 0.115000 -0.118000 0.000000 0.000000
14:04:31 140.300003 -112.849998 0.000000 64.269997 277.446991 59.430000 14.741000 -11.580000 5.039000 1471601.828000 452309.883000 13.311282 80.559669 0.000000 -0.045000 0.115000 -0.118000 0.000000 0.000000
14:04:31 140.300003 -112.849998 0.000000 64.269997 277.446991 59.430000 14.741000 -11.580000 5.039000 1471601.916000 452309.907000 13.311282 80.559669 0.000000 -0.045000 0.115000 -0.118000 0.000000 0.000000
14:04:31 140.199997 -112.849998 0.000000 64.269997 277.446991 59.430000 14.741000 -11.580000 5.039000 0.003000 0.003900 13.311282 80.559669 0.000000 -0.045000 0.115000 -0.118000 0.000000 0.000000
14:04:31 140.199997 -112.849998 0.000000 64.269997 277.542999 59.430000 14.253000 -11.580000 4.876000 0.003000 0.003900 13.311285 80.559669 0.000000 -0.045000 0.115000 -0.118000 0.000000 0.000000
14:04:32 140.199997 -112.849998 0.000000 64.269997 277.562012 59.430000 14.183000 -11.580000 4.862000 1471601.927000 452310.126000 13.311283 80.559669 0.000000 -0.045000 0.115000 -0.118000 0.000000 0.000000
14:04:32 140.100006 -112.849998 0.000000 64.269997 277.582001 59.430000 14.118000 -11.580000 4.869000 1471602.015000 452310.153000 13.311284 80.559669 0.000000 -0.045000 0.115000 -0.118000 0.000000 0.000000
14:04:32 140.100006 -112.849998 0.000000 64.269997 277.582001 59.430000 14.058000 -11.580000 4.854000 1471602.103000 452310.180000 13.311284 80.559677 0.000000 -0.045000 0.115000 -0.118000 0.000000 0.000000
14:04:32 140.100006 -112.849998 0.000000 64.269997 277.582001 59.430000 14.004000 -11.580000 4.875000 1471602.191000 452310.207000 13.311285 80.559677 0.000000 -0.045000 0.115000 -0.118000 0.000000 0.000000
14:04:32 140.100006 -112.849998 0.000000 64.269997 277.582001 59.430000 14.004000 -11.580000 4.875000 1471602.279000 452310.234000 13.311285 80.559677 0.000000 -0.045000 0.115000 -0.118000 0.000000 0.000000
14:04:33 140.100006 -112.849998 0.000000 64.269997 277.582001 59.430000 14.004000 -11.580000 4.875000 1471602.042000 452310.369000 13.311285 80.559677 0.000000 -0.045000 0.115000 -0.118000 0.000000 0.000000
14:04:33 140.100006 -112.849998 0.000000 64.269997 277.582001 59.430000 14.004000 -11.580000 4.875000 1471602.130000 452310.396000 13.311285 80.559677 0.000000 -0.045000 0.115000 -0.118000 0.000000 0.000000
14:04:33 140.100006 -112.849998 0.000000 64.269997 277.582001 59.430000 14.004000 -11.580000 4.875000 0.003000 0.003000 13.311285 80.559677 0.000000 -0.045000 0.115000 -0.118000 0.000000 0.000000
14:04:33 140.100006 -112.849998 0.000000 64.269997 277.690002 59.430000 13.828000 -11.580000 5.045000 0.003000 0.003000 13.311287 80.559677 0.000000 -0.045000 0.115000 -0.118000 0.000000 0.000000
14:04:34 140.100006 -112.849998 0.000000 64.269997 277.692993 59.430000 13.827000 -11.580000 5.045000 1471602.481000 452310.503000 13.311285 80.559677 0.000000 -0.045000 0.115000 -0.118000 0.000000 0.000000
14:04:34 140.100006 -112.849998 0.000000 64.269997 277.694000 59.430000 13.834000 -11.580000 5.034000 1471602.209000 452310.665000 13.311285 80.559677 0.000000 -0.045000 0.115000 -0.118000 0.000000 0.000000
14:04:34 140.100006 -112.849998 0.000000 64.269997 277.694000 59.430000 13.848000 -11.580000 5.035000 1471602.297000 452310.692000 13.311286 80.559677 0.000000 -0.045000 0.115000 -0.118000 0.000000 0.000000
14:04:34 140.100006 -112.849998 0.000000 64.269997 277.694000 59.430000 13.872000 -11.580000 5.043000 1471602.385000 452310.718000 13.311287 80.559677 0.000000 -0.045000 0.115000 -0.118000 0.000000 0.000000
14:04:34 140.100006 -112.849998 0.000000 64.269997 277.694000 59.430000 13.872000 -11.580000 5.043000 1471602.473000 452310.745000 13.311287 80.559677 0.000000 -0.045000 0.115000 -0.118000 0.000000 0.000000
14:04:35 140.100006 -112.849998 0.000000 64.269997 277.694000 59.430000 13.872000 -11.580000 5.043000 1471602.561000 452310.772000 13.311287 80.559677 0.000000 -0.045000 0.115000 -0.118000 0.000000 0.000000
14:04:35 140.100006 -112.849998 0.000000 64.269997 277.694000 59.430000 13.872000 -11.580000 5.043000 0.003000 0.003000 13.311287 80.559677 0.000000 -0.045000 0.115000 -0.118000 0.000000 0.000000
14:04:35 140.100006 -112.849998 0.000000 64.269997 277.694000 59.430000 13.872000 -11.580000 5.043000 0.003000 0.003000 13.311287 80.559677 0.000000 -0.045000 0.115000 -0.118000 0.000000 0.000000
14:04:35 140.199997 -112.849998 0.000000 64.269997 277.618011 59.430000 14.166000 -11.580000 5.031000 0.003000 0.003000 13.311286 80.559685 0.000000 -0.045000 0.115000 -0.118000 0.000000 0.000000
14:04:36 140.199997 -112.849998 0.000000 64.269997 277.597992 59.430000 14.236000 -11.580000 5.053000 1471602.651000 452311.004000 13.311287 80.559685 0.000000 -0.045000 0.115000 -0.118000 0.000000 0.000000
14:04:36 140.199997 -112.849998 0.000000 64.269997 277.575012 59.430000 14.311000 -11.580000 5.057000 1471602.441000 452311.187000 13.311288 80.559685 0.000000 -0.045000 0.115000 -0.118000 0.000000 0.000000
14:04:36 140.199997 -112.849998 0.000000 64.269997 277.575012 59.430000 14.390000 -11.580000 5.060000 1471602.529000 452311.212000 13.311289 80.559685 0.000000 -0.045000 0.115000 -0.118000 0.000000 0.000000
14:04:36 140.100006 -112.849998 0.000000 64.269997 277.575012 59.430000 14.473000 -11.580000 5.034000 1471602.617000 452311.236000 13.311289 80.559685 0.000000 -0.045000 0.115000 -0.118000 0.000000 0.000000
14:04:36 140.100006 -112.849998 0.000000 64.269997 277.575012 59.430000 14.473000 -11.580000 5.034000 1471602.705000 452311.261000 13.311289 80.559685 0.000000 -0.045000 0.115000 -0.118000 0.000000 0.000000
14:04:37 140.100006 -112.849998 0.000000 64.269997 277.575012 59.430000 14.473000 -11.580000 5.034000 1471602.793000 452311.285000 13.311289 80.559685 0.000000 -0.045000 0.115000 -0.118000 0.000000 0.000000
14:04:37 140.100006 -112.849998 0.000000 64.269997 277.575012 59.430000 14.473000 -11.580000 5.034000 0.003000 0.003100 13.311289 80.559685 0.000000 -0.045000 0.115000 -0.118000 0.000000 0.000000
14:04:37 140.100006 -112.849998 0.000000 64.269997 277.356995 59.430000 14.921000 -11.580000 4.953000 1471602.836000 452311.481000 13.311292 80.559685 0.000000 -0.045000 0.115000 -0.118000 0.000000 0.000000
14:04:37 140.100006 -112.849998 0.000000 64.269997 277.356995 59.430000 14.921000 -11.580000 4.953000 1471603.012000 452311.530000 13.311292 80.559685 0.000000 -0.045000 0.115000 -0.118000 0.000000 0.000000
14:04:38 140.100006 -112.849998 0.000000 64.269997 277.356995 59.430000 14.921000 -11.580000 4.953000 1471603.100000 452311.554000 13.311292 80.559685 0.000000 -0.045000 0.115000 -0.118000 0.000000 0.000000
14:04:38 140.199997 -112.849998 0.000000 64.269997 277.356995 59.430000 14.921000 -11.580000 4.953000 1471603.175000 452311.804000 13.311292 80.559685 0.000000 -0.045000 0.115000 -0.118000 0.000000 0.000000
14:04:38 140.199997 -112.849998 0.000000 64.269997 277.356995 59.430000 14.921000 -11.580000 4.953000 0.003000 0.003100 13.311292 80.559685 0.000000 -0.045000 0.115000 -0.118000 0.000000 0.000000
14:04:38 140.199997 -112.849998 0.000000 64.269997 277.102997 59.430000 15.444000 -11.580000 5.020000 0.003000 0.003100 13.311296 80.559692 0.000000 -0.045000 0.115000 -0.118000 0.000000 0.000000
14:04:39 140.199997 -112.849998 0.000000 64.269997 277.058990 59.430000 15.519000 -11.580000 4.970000 1471603.527000 452311.901000 13.311297 80.559692 0.000000 -0.045000 0.115000 -0.118000 0.000000 0.000000
14:04:39 140.100006 -112.849998 0.000000 64.269997 277.014008 59.430000 15.590000 -11.580000 4.954000 1471603.648000 452312.112000 13.311298 80.559692 0.000000 -0.045000 0.115000 -0.118000 0.000000 0.000000
14:04:39 140.100006 -112.849998 0.000000 64.269997 277.014008 59.430000 15.654000 -11.580000 4.904000 1471603.736000 452312.134000 13.311299 80.559692 0.000000 -0.045000 0.115000 -0.118000 0.000000 0.000000
14:04:39 140.100006 -112.849998 0.000000 64.269997 277.014008 59.430000 15.654000 -11.580000 4.904000 1471603.824000 452312.156000 13.311300 80.559692 0.000000 -0.045000 0.115000 -0.118000 0.000000 0.000000
14:04:39 140.100006 -112.849998 0.000000 64.269997 277.014008 59.430000 15.654000 -11.580000 4.904000 1471603.912000 452312.178000 13.311300 80.559692 0.000000 -0.045000 0.115000 -0.118000 0.000000 0.000000
14:04:40 140.100006 -112.849998 0.000000 64.269997 277.014008 59.430000 15.654000 -11.580000 4.904000 1471604.000000 452312.203000 13.311300 80.559692 0.000000 -0.045000 0.115000 -0.118000 0.000000 0.000000
14:04:40 140.100006 -112.849998 0.000000 64.269997 277.014008 59.430000 15.654000 -11.580000 4.904000 0.003000 0.003200 13.311300 80.559692 0.000000 -0.045000 0.115000 -0.118000 0.000000 0.000000
14:04:40 140.100006 -112.849998 0.000000 64.269997 277.014008 59.430000 15.654000 -11.580000 4.904000 0.003000 0.003200 13.311300 80.559692 0.000000 -0.045000 0.115000 -0.118000 0.000000 0.000000
14:04:40 140.100006 -112.849998 0.000000 64.269997 276.717010 59.430000 15.864000 -11.580000 4.826000 0.003000 0.003200 13.311307 80.559692 0.000000 -0.045000 0.115000 -0.118000 0.000000 0.000000
14:04:41 140.000000 -112.849998 0.000000 64.269997 276.691986 59.430000 15.856000 -11.580000 4.814000 1471604.649000 452312.566000 13.311310 80.559700 0.000000 -0.045000 0.115000 -0.118000 0.000000 0.000000
14:04:41 140.000000 -112.849998 0.000000 64.269997 276.670990 59.430000 15.838000 -11.580000 4.772000 1471604.972000 452312.884000 13.311311 80.559700 0.000000 -0.045000 0.115000 -0.118000 0.000000 0.000000
14:04:41 140.000000 -112.849998 0.000000 64.269997 276.670990 59.430000 15.810000 -11.580000 4.726000 1471605.060000 452312.908000 13.311312 80.559700 0.000000 -0.045000 0.115000 -0.118000 0.000000 0.000000
14:04:41 140.000000 -112.849998 0.000000 64.269997 276.670990 59.430000 15.773000 -11.580000 4.715000 1471605.148000 452312.932000 13.311312 80.559700 0.000000 -0.045000 0.115000 -0.118000 0.000000 0.000000
14:04:41 140.000000 -112.849998 0.000000 64.269997 276.670990 59.430000 15.773000 -11.580000 4.715000 1471605.236000 452312.957000 13.311312 80.559700 0.000000 -0.045000 0.115000 -0.118000 0.000000 0.000000
14:04:42 140.000000 -112.849998 0.000000 64.269997 276.670990 59.430000 15.773000 -11.580000 4.715000 1471605.324000 452312.981000 13.311312 80.559700 0.000000 -0.045000 0.115000 -0.118000 0.000000 0.000000
14:04:42 140.000000 -112.849998 0.000000 64.269997 276.670990 59.430000 15.773000 -11.580000 4.715000 0.003000 0.003200 13.311312 80.559700 0.000000 -0.045000 0.115000 -0.118000 0.000000 0.000000
14:04:42 140.000000 -112.849998 0.000000 64.269997 276.670990 59.430000 15.773000 -11.580000 4.715000 0.003000 0.003200 13.311312 80.559700 0.000000 -0.045000 0.115000 -0.118000 0.000000 0.000000
14:04:42 139.899994 -112.849998 0.000000 64.269997 276.644989 59.430000 15.399000 -11.580000 4.586000 0.003000 0.003200 13.311319 80.559700 0.000000 -0.045000 0.115000 -0.118000 0.000000 0.000000
14:04:43 139.899994 -112.849998 0.000000 64.269997 276.657013 59.430000 15.315000 -11.580000 4.596000 1471606.009000 452313.432000 13.311321 80.559708 0.000000 -0.045000 0.115000 -0.118000 0.000000 0.000000
14:04:43 139.899994 -112.849998 0.000000 64.269997 276.670990 59.430000 15.228000 -11.580000 4.577000 1471606.315000 452313.772000 13.311322 80.559708 0.000000 -0.045000 0.115000 -0.118000 0.000000 0.000000
14:04:43 139.899994 -112.849998 0.000000 64.269997 276.670990 59.430000 15.138000 -11.580000 4.530000 1471606.403000 452313.798000 13.311323 80.559708 0.000000 -0.045000 0.115000 -0.118000 0.000000 0.000000
14:04:43 139.899994 -112.849998 0.000000 64.269997 276.670990 59.430000 15.047000 -11.580000 4.532000 1471606.491000 452313.825000 13.311324 80.559708 0.000000 -0.045000 0.115000 -0.118000 0.000000 0.000000
14:04:43 139.899994 -112.849998 0.000000 64.269997 276.670990 59.430000 15.047000 -11.580000 4.532000 1471606.579000 452313.852000 13.311324 80.559708 0.000000 -0.045000 0.115000 -0.118000 0.000000 0.000000
14:04:44 139.899994 -112.849998 0.000000 64.269997 276.670990 59.430000 15.047000 -11.580000 4.532000 1471606.666000 452313.879000 13.311324 80.559708 0.000000 -0.045000 0.115000 -0.118000 0.000000 0.000000
14:04:44 139.899994 -112.849998 0.000000 64.269997 276.670990 59.430000 15.047000 -11.580000 4.532000 1471606.754000 452313.906000 13.311324 80.559708 0.000000 -0.045000 0.115000 -0.118000 0.000000 0.000000
14:04:44 139.800003 -112.849998 0.000000 64.269997 276.800995 59.430000 14.590000 -11.580000 4.568000 0.003000 0.003300 13.311331 80.559715 0.000000 -0.045000 0.115000 -0.118000 0.000000 0.000000
14:04:44 139.800003 -112.849998 0.000000 64.269997 276.800995 59.430000 14.590000 -11.580000 4.568000 1471607.118000 452314.213000 13.311331 80.559715 0.000000 -0.045000 0.115000 -0.118000 0.000000 0.000000
14:04:45 139.800003 -112.849998 0.000000 64.269997 276.800995 59.430000 14.590000 -11.580000 4.568000 1471607.206000 452314.240000 13.311331 80.559715 0.000000 -0.045000 0.115000 -0.118000 0.000000 0.000000
14:04:45 139.699997 -112.849998 0.000000 64.269997 276.800995 59.430000 14.590000 -11.580000 4.568000 1471607.294000 452314.266000 13.311331 80.559715 0.000000 -0.045000 0.115000 -0.118000 0.000000 0.000000
14:04:45 139.699997 -112.849998 0.000000 64.269997 276.800995 59.430000 14.590000 -11.580000 4.568000 0.003000 0.003400 13.311331 80.559715 0.000000 -0.045000 0.115000 -0.118000 0.000000 0.000000
14:04:45 139.699997 -112.849998 0.000000 64.269997 276.927002 59.430000 14.126000 -11.580000 4.472000 0.003000 0.003400 13.311337 80.559715 0.000000 -0.045000 0.115000 -0.118000 0.000000 0.000000
14:04:46 139.600006 -112.849998 0.000000 64.269997 276.946014 59.430000 14.066000 -11.580000 4.472000 1471607.816000 452314.664000 13.311337 80.559715 0.000000 -0.045000 0.115000 -0.118000 0.000000 0.000000
14:04:46 139.600006 -112.849998 0.000000 64.269997 276.963989 59.430000 14.011000 -11.580000 4.463000 1471607.904000 452314.691000 13.311338 80.559715 0.000000 -0.045000 0.115000 -0.118000 0.000000 0.000000
14:04:46 139.600006 -112.849998 0.000000 64.269997 276.981995 59.430000 13.963000 -11.580000 4.423000 1471608.162000 452314.931000 13.311339 80.559715 0.000000 -0.045000 0.115000 -0.118000 0.000000 0.000000
14:04:46 139.600006 -112.849998 0.000000 64.269997 276.981995 59.430000 13.963000 -11.580000 4.423000 1471608.250000 452314.957000 13.311340 80.559715 0.000000 -0.045000 0.115000 -0.118000 0.000000 0.000000
14:04:46 139.600006 -112.849998 0.000000 64.269997 276.981995 59.430000 13.963000 -11.580000 4.423000 1471608.338000 452314.984000 13.311340 80.559715 0.000000 -0.045000 0.115000 -0.118000 0.000000 0.000000
14:04:47 139.600006 -112.849998 0.000000 64.269997 276.981995 59.430000 13.963000 -11.580000 4.423000 1471608.426000 452315.011000 13.311340 80.559715 0.000000 -0.045000 0.115000 -0.118000 0.000000 0.000000
14:04:47 139.600006 -112.849998 0.000000 64.269997 276.981995 59.430000 13.963000 -11.580000 4.423000 0.003000 0.003500 13.311340 80.559715 0.000000 -0.045000 0.115000 -0.118000 0.000000 0.000000
14:04:47 139.600006 -112.849998 0.000000 64.269997 277.049988 59.430000 13.802000 -11.580000 4.392000 0.003000 0.003500 13.311345 80.559723 0.000000 -0.045000 0.115000 -0.118000 0.000000 0.000000
14:04:47 139.500000 -112.849998 0.000000 64.269997 277.049988 59.430000 13.802000 -11.580000 4.392000 1471608.889000 452315.280000 13.311345 80.559723 0.000000 -0.045000 0.115000 -0.118000 0.000000 0.000000
14:04:48 139.500000 -112.849998 0.000000 64.269997 277.049988 59.430000 13.802000 -11.580000 4.392000 1471608.977000 452315.306000 13.311345 80.559723 0.000000 -0.045000 0.115000 -0.118000 0.000000 0.000000
14:04:48 139.500000 -112.849998 0.000000 64.269997 277.049988 59.430000 13.802000 -11.580000 4.392000 0.003000 0.003500 13.311345 80.559723 0.000000 -0.045000 0.115000 -0.118000 0.000000 0.000000
14:04:48 139.500000 -112.849998 0.000000 64.269997 277.048004 59.430000 13.822000 -11.580000 4.395000 0.003000 0.003500 13.311351 80.559723 0.000000 -0.045000 0.115000 -0.118000 0.000000 0.000000
14:04:48 139.500000 -112.849998 0.000000 64.269997 277.048004 59.430000 13.822000 -11.580000 4.395000 1471609.566000 452315.601000 13.311351 80.559723 0.000000 -0.045000 0.115000 -0.118000 0.000000 0.000000
14:04:49 139.500000 -112.849998 0.000000 64.269997 277.048004 59.430000 13.822000 -11.580000 4.395000 1471609.654000 452315.628000 13.311351 80.559723 0.000000 -0.045000 0.115000 -0.118000 0.000000 0.000000
14:04:49 139.500000 -112.849998 0.000000 64.269997 277.048004 59.430000 13.822000 -11.580000 4.395000 0.003000 0.003500 13.311351 80.559723 0.000000 -0.045000 0.115000 -0.118000 0.000000 0.000000
14:04:49 139.500000 -112.849998 0.000000 64.269997 276.988007 59.430000 13.963000 -11.580000 4.335000 0.003000 0.003500 13.311357 80.559723 0.000000 -0.045000 0.115000 -0.118000 0.000000 0.000000
14:04:49 139.500000 -112.849998 0.000000 64.269997 276.988007 59.430000 13.963000 -11.580000 4.335000 1471610.278000 452315.961000 13.311357 80.559723 0.000000 -0.045000 0.115000 -0.118000 0.000000 0.000000
14:04:50 139.500000 -112.849998 0.000000 64.269997 276.988007 59.430000 13.963000 -11.580000 4.335000 1471610.366000 452315.988000 13.311357 80.559723 0.000000 -0.045000 0.115000 -0.118000 0.000000 0.000000
14:04:50 139.500000 -112.849998 0.000000 64.269997 276.988007 59.430000 13.963000 -11.580000 4.335000 1471610.454000 452316.015000 13.311357 80.559723 0.000000 -0.045000 0.115000 -0.118000 0.000000 0.000000
14:04:50 139.399994 -112.849998 0.000000 64.269997 276.988007 59.430000 13.963000 -11.580000 4.335000 0.003000 0.003600 13.311357 80.559723 0.000000 -0.045000 0.115000 -0.118000 0.000000 0.000000
14:04:50 139.399994 -112.849998 0.000000 64.269997 276.821014 59.430000 14.251000 -11.580000 4.379000 0.003000 0.003600 13.311368 80.559731 0.000000 -0.045000 0.115000 -0.118000 0.000000 0.000000
14:04:51 139.399994 -112.849998 0.000000 64.269997 276.782013 59.430000 14.310000 -11.580000 4.381000 1471611.163000 452316.405000 13.311369 80.559731 0.000000 -0.045000 0.115000 -0.118000 0.000000 0.000000
14:04:51 139.500000 -112.849998 0.000000 64.269997 276.739990 59.430000 14.374000 -11.580000 4.366000 1471611.250000 452316.432000 13.311370 80.559731 0.000000 -0.045000 0.115000 -0.118000 0.000000 0.000000
14:04:51 139.500000 -112.849998 0.000000 64.269997 276.695007 59.430000 14.442000 -11.580000 4.350000 1471611.651000 452316.666000 13.311371 80.559731 0.000000 -0.045000 0.115000 -0.118000 0.000000 0.000000
14:04:51 139.500000 -112.849998 0.000000 64.269997 276.695007 59.430000 14.515000 -11.580000 4.344000 1471611.739000 452316.693000 13.311376 80.559738 0.000000 -0.045000 0.115000 -0.118000 0.000000 0.000000
14:04:51 139.500000 -112.849998 0.000000 64.269997 276.695007 59.430000 14.515000 -11.580000 4.344000 1471611.827000 452316.720000 13.311376 80.559738 0.000000 -0.045000 0.115000 -0.118000 0.000000 0.000000
14:04:52 139.399994 -112.849998 0.000000 64.269997 276.695007 59.430000 14.515000 -11.580000 4.344000 1471611.915000 452316.747000 13.311376 80.559738 0.000000 -0.045000 0.115000 -0.118000 0.000000 0.000000
14:04:52 139.399994 -112.849998 0.000000 64.269997 276.695007 59.430000 14.515000 -11.580000 4.344000 1471612.002000 452316.774000 13.311376 80.559738 0.000000 -0.045000 0.115000 -0.118000 0.000000 0.000000
14:04:52 139.399994 -112.849998 0.000000 64.269997 276.695007 59.430000 14.515000 -11.580000 4.344000 0.003000 0.003600 13.311376 80.559738 0.000000 -0.045000 0.115000 -0.118000 0.000000 0.000000
14:04:52 139.399994 -112.849998 0.000000 64.269997 276.299988 59.430000 14.999000 -11.580000 4.271000 0.003000 0.003600 13.311388 80.559738 0.000000 -0.045000 0.115000 -0.118000 0.000000 0.000000
14:04:53 139.399994 -112.849998 0.000000 64.269997 276.234009 59.430000 15.078000 -11.580000 4.274000 1471612.826000 452317.157000 13.311389 80.559738 0.000000 -0.045000 0.115000 -0.118000 0.000000 0.000000
14:04:53 139.399994 -112.849998 0.000000 64.269997 276.165985 59.430000 15.153000 -11.580000 4.268000 1471612.914000 452317.181000 13.311390 80.559738 0.000000 -0.045000 0.115000 -0.118000 0.000000 0.000000
14:04:53 139.399994 -112.849998 0.000000 64.269997 276.097992 59.430000 15.222000 -11.580000 4.293000 1471613.854000 452317.491000 13.311391 80.559738 0.000000 -0.045000 0.115000 -0.118000 0.000000 0.000000
14:04:53 139.399994 -112.849998 0.000000 64.269997 276.097992 59.430000 15.283000 -11.580000 4.314000 1471613.942000 452317.516000 13.311401 80.559746 0.000000 -0.045000 0.115000 -0.118000 0.000000 0.000000
14:04:53 139.399994 -112.849998 0.000000 64.269997 276.097992 59.430000 15.283000 -11.580000 4.314000 1471614.030000 452317.540000 13.311401 80.559746 0.000000 -0.045000 0.115000 -0.118000 0.000000 0.000000
14:04:54 139.399994 -112.849998 0.000000 64.269997 276.097992 59.430000 15.283000 -11.580000 4.314000 1471614.118000 452317.565000 13.311401 80.559746 0.000000 -0.045000 0.115000 -0.118000 0.000000 0.000000
14:04:54 139.399994 -112.849998 0.000000 64.269997 276.097992 59.430000 15.283000 -11.580000 4.314000 1471614.206000 452317.589000 13.311401 80.559746 0.000000 -0.045000 0.115000 -0.118000 0.000000 0.000000
14:04:54 139.399994 -112.849998 0.000000 64.269997 276.097992 59.430000 15.283000 -11.580000 4.314000 0.003000 0.003700 13.311401 80.559746 0.000000 -0.045000 0.115000 -0.118000 0.000000 0.000000
14:04:54 139.300003 -112.849998 0.000000 64.269997 275.618011 59.430000 15.422000 -11.580000 4.012000 0.003000 0.003700 13.311406 80.559746 0.000000 -0.045000 0.115000 -0.118000 0.000000 0.000000
14:04:55 139.300003 -112.849998 0.000000 64.269997 275.556000 59.430000 15.402000 -11.580000 4.035000 1471615.602000 452318.017000 13.311416 80.559746 0.000000 -0.045000 0.115000 -0.118000 0.000000 0.000000
14:04:55 139.300003 -112.849998 0.000000 64.269997 275.497009 59.430000 15.367000 -11.580000 4.068000 1471615.690000 452318.041000 13.311417 80.559746 0.000000 -0.045000 0.115000 -0.118000 0.000000 0.000000
14:04:55 139.300003 -112.849998 0.000000 64.269997 275.497009 59.430000 15.319000 -11.580000 4.076000 1471615.778000 452318.065000 13.311418 80.559746 0.000000 -0.045000 0.115000 -0.118000 0.000000 0.000000
14:04:55 139.100006 -112.849998 0.000000 64.269997 275.389008 59.430000 15.258000 -11.580000 4.061000 1471616.920000 452318.355000 13.311419 80.559746 0.000000 -0.045000 0.115000 -0.118000 0.000000 0.000000
14:04:55 139.100006 -112.849998 0.000000 64.269997 275.389008 59.430000 15.258000 -11.580000 4.061000 1471617.008000 452318.380000 13.311419 80.559746 0.000000 -0.045000 0.115000 -0.118000 0.000000 0.000000
14:04:56 139.100006 -112.849998 0.000000 64.269997 275.389008 59.430000 15.258000 -11.580000 4.061000 1471617.096000 452318.404000 13.311419 80.559746 0.000000 -0.045000 0.115000 -0.118000 0.000000 0.000000
14:04:56 139.100006 -112.849998 0.000000 64.269997 275.389008 59.430000 15.258000 -11.580000 4.061000 1471617.184000 452318.429000 13.311419 80.559746 0.000000 -0.045000 0.115000 -0.118000 0.000000 0.000000
14:04:56 139.100006 -112.849998 0.000000 64.269997 275.153992 59.430000 14.778000 -11.580000 3.785000 0.003000 0.003800 13.311433 80.559753 0.000000 -0.045000 0.115000 -0.118000 0.000000 0.000000
14:04:56 139.100006 -112.849998 0.000000 64.269997 275.153992 59.430000 14.778000 -11.580000 3.785000 1471618.557000 452318.897000 13.311433 80.559753 0.000000 -0.045000 0.115000 -0.118000 0.000000 0.000000
14:04:57 139.100006 -112.849998 0.000000 64.269997 275.153992 59.430000 14.778000 -11.580000 3.785000 1471618.645000 452318.921000 13.311433 80.559753 0.000000 -0.045000 0.115000 -0.118000 0.000000 0.000000
14:04:57 139.100006 -112.849998 0.000000 64.269997 275.153992 59.430000 14.778000 -11.580000 3.785000 0.003000 0.003800 13.311433 80.559753 0.000000 -0.045000 0.115000 -0.118000 0.000000 0.000000
14:04:57 139.100006 -112.849998 0.000000 64.269997 274.919006 59.430000 14.121000 -11.580000 3.726000 0.003000 0.003800 13.311446 80.559761 0.000000 -0.045000 0.115000 -0.118000 0.000000 0.000000
14:04:57 139.100006 -112.849998 0.000000 64.269997 274.919006 59.430000 14.121000 -11.580000 3.726000 1471620.071000 452319.482000 13.311446 80.559761 0.000000 -0.045000 0.115000 -0.118000 0.000000 0.000000
14:04:58 139.100006 -112.849998 0.000000 64.269997 274.919006 59.430000 14.121000 -11.580000 3.726000 1471620.159000 452319.509000 13.311446 80.559761 0.000000 -0.045000 0.115000 -0.118000 0.000000 0.000000
14:04:58 139.000000 -112.849998 0.000000 64.269997 274.919006 59.430000 14.121000 -11.580000 3.726000 1471620.247000 452319.535000 13.311446 80.559761 0.000000 -0.045000 0.115000 -0.118000 0.000000 0.000000
14:04:58 139.000000 -112.849998 0.000000 64.269997 274.634003 59.430000 13.427000 -11.580000 3.744000 0.003000 0.003900 13.311460 80.559761 0.000000 -0.045000 0.115000 -0.118000 0.000000 0.000000
14:04:58 139.000000 -112.849998 0.000000 64.269997 274.634003 59.430000 13.427000 -11.580000 3.744000 1471621.499000 452319.895000 13.311460 80.559761 0.000000 -0.045000 0.115000 -0.118000 0.000000 0.000000
14:04:59 138.899994 -112.849998 0.000000 64.269997 274.634003 59.430000 13.427000 -11.580000 3.744000 1471621.586000 452319.922000 13.311460 80.559761 0.000000 -0.045000 0.115000 -0.118000 0.000000 0.000000
14:04:59 138.899994 -112.849998 0.000000 64.269997 274.634003 59.430000 13.427000 -11.580000 3.744000 0.003000 0.003900 13.311460 80.559761 0.000000 -0.045000 0.115000 -0.118000 0.000000 0.000000
14:04:59 138.899994 -112.849998 0.000000 64.269997 274.634003 59.430000 13.427000 -11.580000 3.744000 0.003000 0.003900 13.311460 80.559761 0.000000 -0.045000 0.115000 -0.118000 0.000000 0.000000
14:04:59 138.899994 -112.849998 0.000000 64.269997 274.201996 59.430000 12.777000 -11.580000 3.989000 0.003000 0.003900 13.311481 80.559769 0.000000 -0.045000 0.115000 -0.118000 0.000000 0.000000
14:05:00 138.800003 -112.849998 0.000000 64.269997 274.122009 59.430000 12.704000 -11.580000 3.957000 1471622.965000 452320.383000 13.311482 80.559769 0.000000 -0.045000 0.115000 -0.118000 0.000000 0.000000
14:05:00 138.800003 -112.849998 0.000000 64.269997 274.039001 59.430000 12.644000 -11.580000 3.953000 1471623.053000 452320.408000 13.311482 80.559769 0.000000 -0.045000 0.115000 -0.118000 0.000000 0.000000
14:05:00 138.800003 -112.849998 0.000000 64.269997 274.039001 59.430000 12.596000 -11.580000 3.921000 1471623.141000 452320.432000 13.311483 80.559769 0.000000 -0.045000 0.115000 -0.118000 0.000000 0.000000
14:05:00 138.800003 -112.849998 0.000000 64.269997 274.039001 59.430000 12.559000 -11.580000 3.912000 1471624.202000 452320.745000 13.311495 80.559776 0.000000 -0.045000 0.115000 -0.118000 0.000000 0.000000
14:05:00 138.800003 -112.849998 0.000000 64.269997 274.039001 59.430000 12.559000 -11.580000 3.912000 1471624.290000 452320.769000 13.311495 80.559776 0.000000 -0.045000 0.115000 -0.118000 0.000000 0.000000
14:05:01 138.800003 -112.849998 0.000000 64.269997 274.039001 59.430000 12.559000 -11.580000 3.912000 1471624.378000 452320.794000 13.311495 80.559776 0.000000 -0.045000 0.115000 -0.118000 0.000000 0.000000
14:05:01 138.800003 -112.849998 0.000000 64.269997 274.039001 59.430000 12.559000 -11.580000 3.912000 1471624.466000 452320.818000 13.311495 80.559776 0.000000 -0.045000 0.115000 -0.118000 0.000000 0.000000
14:05:01 138.800003 -112.849998 0.000000 64.269997 274.039001 59.430000 12.559000 -11.580000 3.912000 0.003000 0.003000 13.311495 80.559776 0.000000 -0.045000 0.115000 -0.118000 0.000000 0.000000
14:05:01 138.699997 -112.849998 0.000000 64.269997 273.321991 59.430000 12.607000 -11.580000 4.020000 0.003000 0.003000 13.311511 80.559776 0.000000 -0.045000 0.115000 -0.118000 0.000000 0.000000
14:05:02 138.699997 -112.849998 0.000000 64.269997 273.226013 59.430000 12.655000 -11.580000 4.002000 1471625.973000 452321.207000 13.311511 80.559776 0.000000 -0.045000 0.115000 -0.118000 0.000000 0.000000
14:05:02 138.699997 -112.849998 0.000000 64.269997 273.128998 59.430000 12.712000 -11.580000 3.965000 1471626.061000 452321.232000 13.311512 80.559776 0.000000 -0.045000 0.115000 -0.118000 0.000000 0.000000
14:05:02 138.699997 -112.849998 0.000000 64.269997 273.028992 59.430000 12.779000 -11.580000 3.954000 1471626.149000 452321.256000 13.311513 80.559776 0.000000 -0.045000 0.115000 -0.118000 0.000000 0.000000
14:05:02 138.699997 -112.849998 0.000000 64.269997 273.028992 59.430000 12.779000 -11.580000 3.954000 1471627.454000 452321.533000 13.311525 80.559784 0.000000 -0.045000 0.115000 -0.118000 0.000000 0.000000
14:05:02 138.699997 -112.849998 0.000000 64.269997 273.028992 59.430000 12.779000 -11.580000 3.954000 1471627.541000 452321.558000 13.311525 80.559784 0.000000 -0.045000 0.115000 -0.118000 0.000000 0.000000
14:05:03 138.699997 -112.849998 0.000000 64.269997 273.028992 59.430000 12.779000 -11.580000 3.954000 1471627.629000 452321.582000 13.311525 80.559784 0.000000 -0.045000 0.115000 -0.118000 0.000000 0.000000
14:05:03 138.699997 -112.849998 0.000000 64.269997 273.028992 59.430000 12.779000 -11.580000 3.954000 1471627.717000 452321.606000 13.311525 80.559784 0.000000 -0.045000 0.115000 -0.118000 0.000000 0.000000
14:05:03 138.699997 -112.849998 0.000000 64.269997 273.028992 59.430000 12.779000 -11.580000 3.954000 0.003000 0.003100 13.311525 80.559784 0.000000 -0.045000 0.115000 -0.118000 0.000000 0.000000
14:05:03 138.699997 -112.849998 0.000000 64.269997 273.028992 59.430000 12.779000 -11.580000 3.954000 0.003000 0.003100 13.311525 80.559784 0.000000 -0.045000 0.115000 -0.118000 0.000000 0.000000
14:05:04 138.699997 -112.849998 0.000000 64.269997 272.191986 59.430000 13.559000 -11.580000 3.854000 0.003000 0.003100 13.311543 80.559784 0.000000 -0.045000 0.115000 -0.118000 0.000000 0.000000
14:05:04 138.600006 -112.849998 0.000000 64.269997 272.083008 59.430000 13.675000 -11.580000 3.823000 1471629.451000 452322.042000 13.311544 80.559784 0.000000 -0.045000 0.115000 -0.118000 0.000000 0.000000
14:05:04 138.600006 -112.849998 0.000000 64.269997 272.083008 59.430000 13.792000 -11.580000 3.826000 1471629.539000 452322.064000 13.311545 80.559784 0.000000 -0.045000 0.115000 -0.118000 0.000000 0.000000
14:05:04 138.600006 -112.849998 0.000000 64.269997 272.083008 59.430000 13.908000 -11.580000 3.845000 1471629.627000 452322.086000 13.311546 80.559784 0.000000 -0.045000 0.115000 -0.118000 0.000000 0.000000
14:05:04 138.600006 -112.849998 0.000000 64.269997 272.083008 59.430000 13.908000 -11.580000 3.845000 1471631.135000 452322.396000 13.311546 80.559784 0.000000 -0.045000 0.115000 -0.118000 0.000000 0.000000
14:05:05 138.500000 -112.849998 0.000000 64.269997 272.083008 59.430000 13.908000 -11.580000 3.845000 1471631.223000 452322.418000 13.311546 80.559784 0.000000 -0.045000 0.115000 -0.118000 0.000000 0.000000
14:05:05 138.500000 -112.849998 0.000000 64.269997 272.083008 59.430000 13.908000 -11.580000 3.845000 0.003000 0.003200 13.311546 80.559784 0.000000 -0.045000 0.115000 -0.118000 0.000000 0.000000
14:05:05 138.500000 -112.849998 0.000000 64.269997 271.299988 59.430000 14.445000 -11.580000 3.944000 0.003000 0.003200 13.311563 80.559792 0.000000 -0.045000 0.115000 -0.118000 0.000000 0.000000
14:05:05 138.500000 -112.849998 0.000000 64.269997 271.299988 59.430000 14.445000 -11.580000 3.944000 1471633.083000 452322.825000 13.311563 80.559792 0.000000 -0.045000 0.115000 -0.118000 0.000000 0.000000
14:05:06 138.399994 -112.849998 0.000000 64.269997 271.299988 59.430000 14.445000 -11.580000 3.944000 1471633.170000 452322.850000 13.311563 80.559792 0.000000 -0.045000 0.115000 -0.118000 0.000000 0.000000
14:05:06 138.399994 -112.849998 0.000000 64.269997 271.299988 59.430000 14.445000 -11.580000 3.944000 1471633.258000 452322.874000 13.311563 80.559792 0.000000 -0.045000 0.115000 -0.118000 0.000000 0.000000
14:05:06 138.399994 -112.849998 0.000000 64.269997 270.753998 59.430000 14.830000 -11.580000 3.857000 0.003000 0.003200 13.311582 80.559792 0.000000 -0.045000 0.115000 -0.118000 0.000000 0.000000
14:05:06 138.300003 -112.849998 0.000000 64.269997 270.753998 59.430000 14.830000 -11.580000 3.857000 1471635.058000 452323.291000 13.311582 80.559792 0.000000 -0.045000 0.115000 -0.118000 0.000000 0.000000
14:05:07 138.300003 -112.849998 0.000000 64.269997 270.753998 59.430000 14.830000 -11.580000 3.857000 1471635.146000 452323.316000 13.311582 80.559792 0.000000 -0.045000 0.115000 -0.118000 0.000000 0.000000
14:05:07 138.300003 -112.849998 0.000000 64.269997 270.753998 59.430000 14.830000 -11.580000 3.857000 0.003000 0.003300 13.311582 80.559792 0.000000 -0.045000 0.115000 -0.118000 0.000000 0.000000
14:05:07 138.199997 -112.849998 0.000000 64.269997 270.221008 59.430000 15.023000 -11.580000 3.755000 0.003000 0.003300 13.311601 80.559799 0.000000 -0.045000 0.115000 -0.118000 0.000000 0.000000
14:05:07 138.199997 -112.849998 0.000000 64.269997 270.221008 59.430000 15.023000 -11.580000 3.755000 1471637.136000 452323.823000 13.311601 80.559799 0.000000 -0.045000 0.115000 -0.118000 0.000000 0.000000
14:05:08 138.199997 -112.849998 0.000000 64.269997 270.221008 59.430000 15.023000 -11.580000 3.755000 1471637.224000 452323.850000 13.311601 80.559799 0.000000 -0.045000 0.115000 -0.118000 0.000000 0.000000
14:05:08 138.199997 -112.849998 0.000000 64.269997 270.221008 59.430000 15.023000 -11.580000 3.755000 1471637.312000 452323.877000 13.311601 80.559799 0.000000 -0.045000 0.115000 -0.118000 0.000000 0.000000
14:05:08 138.199997 -112.849998 0.000000 64.269997 270.221008 59.430000 15.023000 -11.580000 3.755000 0.003000 0.003300 13.311601 80.559799 0.000000 -0.045000 0.115000 -0.118000 0.000000 0.000000
14:05:08 138.199997 -112.849998 0.000000 64.269997 269.567993 59.430000 14.984000 -11.580000 3.735000 0.003000 0.003300 13.311634 80.559807 0.000000 -0.045000 0.115000 -0.118000 0.000000 0.000000
14:05:09 138.199997 -112.849998 0.000000 64.269997 269.454987 59.430000 14.951000 -11.580000 3.730000 1471639.286000 452324.406000 13.311635 80.559807 0.000000 -0.045000 0.115000 -0.118000 0.000000 0.000000
14:05:09 138.199997 -112.849998 0.000000 64.269997 269.342010 59.430000 14.912000 -11.580000 3.709000 1471639.374000 452324.433000 13.311636 80.559807 0.000000 -0.045000 0.115000 -0.118000 0.000000 0.000000
14:05:09 138.100006 -112.849998 0.000000 64.269997 269.226990 59.430000 14.866000 -11.580000 3.722000 1471639.461000 452324.460000 13.311637 80.559807 0.000000 -0.045000 0.115000 -0.118000 0.000000 0.000000
14:05:09 138.100006 -112.849998 0.000000 64.269997 269.226990 59.430000 14.815000 -11.580000 3.709000 1471639.549000 452324.487000 13.311651 80.559814 0.000000 -0.045000 0.115000 -0.118000 0.000000 0.000000
14:05:09 138.100006 -112.849998 0.000000 64.269997 269.226990 59.430000 14.815000 -11.580000 3.709000 1471642.724000 452325.339000 13.311651 80.559814 0.000000 -0.045000 0.115000 -0.118000 0.000000 0.000000
14:05:10 138.100006 -112.849998 0.000000 64.269997 269.226990 59.430000 14.815000 -11.580000 3.709000 1471642.812000 452325.365000 13.311651 80.559814 0.000000 -0.045000 0.115000 -0.118000 0.000000 0.000000
14:05:10 138.100006 -112.849998 0.000000 64.269997 269.226990 59.430000 14.815000 -11.580000 3.709000 1471642.899000 452325.392000 13.311651 80.559814 0.000000 -0.045000 0.115000 -0.118000 0.000000 0.000000
14:05:10 138.100006 -112.849998 0.000000 64.269997 269.226990 59.430000 14.815000 -11.580000 3.709000 0.003000 0.003500 13.311651 80.559814 0.000000 -0.045000 0.115000 -0.118000 0.000000 0.000000
14:05:10 138.100006 -112.849998 0.000000 64.269997 268.407013 59.430000 14.402000 -11.580000 3.613000 0.003000 0.003500 13.311671 80.559822 0.000000 -0.045000 0.115000 -0.118000 0.000000 0.000000
14:05:11 138.100006 -112.849998 0.000000 64.269997 268.287994 59.430000 14.321000 -11.580000 3.682000 1471643.262000 452325.506000 13.311672 80.559822 0.000000 -0.045000 0.115000 -0.118000 0.000000 0.000000
14:05:11 138.000000 -112.849998 0.000000 64.269997 268.169006 59.430000 14.237000 -11.580000 3.721000 1471643.350000 452325.532000 13.311672 80.559822 0.000000 -0.045000 0.115000 -0.118000 0.000000 0.000000
14:05:11 138.000000 -112.849998 0.000000 64.269997 268.049988 59.430000 14.150000 -11.580000 3.762000 1471643.438000 452325.559000 13.311673 80.559822 0.000000 -0.045000 0.115000 -0.118000 0.000000 0.000000
14:05:11 138.000000 -112.849998 0.000000 64.269997 268.049988 59.430000 14.150000 -11.580000 3.762000 1471643.526000 452325.586000 13.311674 80.559822 0.000000 -0.045000 0.115000 -0.118000 0.000000 0.000000
14:05:11 138.000000 -112.849998 0.000000 64.269997 268.049988 59.430000 14.150000 -11.580000 3.762000 1471647.133000 452326.606000 13.311674 80.559822 0.000000 -0.045000 0.115000 -0.118000 0.000000 0.000000
14:05:12 138.000000 -112.849998 0.000000 64.269997 268.049988 59.430000 14.150000 -11.580000 3.762000 1471647.221000 452326.633000 13.311674 80.559822 0.000000 -0.045000 0.115000 -0.118000 0.000000 0.000000
14:05:12 138.000000 -112.849998 0.000000 64.269997 268.049988 59.430000 14.150000 -11.580000 3.762000 0.003000 0.003600 13.311674 80.559822 0.000000 -0.045000 0.115000 -0.118000 0.000000 0.000000
14:05:12 138.000000 -112.849998 0.000000 64.269997 267.343994 59.430000 13.619000 -11.580000 3.676000 0.003000 0.003600 13.311695 80.559822 0.000000 -0.045000 0.115000 -0.118000 0.000000 0.000000
14:05:12 137.800003 -112.849998 0.000000 64.269997 267.343994 59.430000 13.619000 -11.580000 3.676000 1471647.579000 452326.746000 13.311695 80.559822 0.000000 -0.045000 0.115000 -0.118000 0.000000 0.000000
14:05:13 137.800003 -112.849998 0.000000 64.269997 267.343994 59.430000 13.619000 -11.580000 3.676000 1471647.667000 452326.771000 13.311695 80.559822 0.000000 -0.045000 0.115000 -0.118000 0.000000 0.000000
14:05:13 137.800003 -112.849998 0.000000 64.269997 267.343994 59.430000 13.619000 -11.580000 3.676000 0.003000 0.003600 13.311695 80.559822 0.000000 -0.045000 0.115000 -0.118000 0.000000 0.000000
14:05:13 137.699997 -112.849998 0.000000 64.269997 266.776001 59.430000 13.228000 -11.580000 3.747000 0.003000 0.003600 13.311716 80.559830 0.000000 -0.045000 0.115000 -0.118000 0.000000 0.000000
14:05:13 137.699997 -112.849998 0.000000 64.269997 266.776001 59.430000 13.228000 -11.580000 3.747000 1471651.922000 452327.875000 13.311716 80.559830 0.000000 -0.045000 0.115000 -0.118000 0.000000 0.000000
14:05:14 137.699997 -112.849998 0.000000 64.269997 266.776001 59.430000 13.228000 -11.580000 3.747000 1471652.010000 452327.899000 13.311716 80.559830 0.000000 -0.045000 0.115000 -0.118000 0.000000 0.000000
14:05:14 137.699997 -112.849998 0.000000 64.269997 266.776001 59.430000 13.228000 -11.580000 3.747000 0.003000 0.003700 13.311716 80.559830 0.000000 -0.045000 0.115000 -0.118000 0.000000 0.000000
14:05:14 137.600006 -112.849998 0.000000 64.269997 266.251007 59.430000 12.929000 -11.580000 3.678000 0.003000 0.003700 13.311738 80.559837 0.000000 -0.045000 0.115000 -0.118000 0.000000 0.000000
14:05:14 137.600006 -112.849998 0.000000 64.269997 266.251007 59.430000 12.929000 -11.580000 3.678000 1471652.362000 452327.997000 13.311738 80.559837 0.000000 -0.045000 0.115000 -0.118000 0.000000 0.000000
14:05:15 137.600006 -112.849998 0.000000 64.269997 266.251007 59.430000 12.929000 -11.580000 3.678000 1471652.455000 452328.027000 13.311738 80.559837 0.000000 -0.045000 0.115000 -0.118000 0.000000 0.000000
14:05:15 137.600006 -112.849998 0.000000 64.269997 266.251007 59.430000 12.929000 -11.580000 3.678000 1471652.542000 452328.051000 13.311738 80.559837 0.000000 -0.045000 0.115000 -0.118000 0.000000 0.000000
14:05:15 137.600006 -112.849998 0.000000 64.269997 265.760986 59.430000 12.756000 -11.580000 3.752000 0.003000 0.003800 13.311763 80.559845 0.000000 -0.045000 0.115000 -0.118000 0.000000 0.000000
14:05:15 137.600006 -112.849998 0.000000 64.269997 265.760986 59.430000 12.756000 -11.580000 3.752000 1471652.806000 452328.124000 13.311763 80.559845 0.000000 -0.045000 0.115000 -0.118000 0.000000 0.000000
14:05:16 137.600006 -112.849998 0.000000 64.269997 265.760986 59.430000 12.756000 -11.580000 3.752000 1471657.330000 452329.130000 13.311763 80.559845 0.000000 -0.045000 0.115000 -0.118000 0.000000 0.000000
14:05:16 137.500000 -112.849998 0.000000 64.269997 265.760986 59.430000 12.756000 -11.580000 3.752000 1471657.417000 452329.155000 13.311763 80.559845 0.000000 -0.045000 0.115000 -0.118000 0.000000 0.000000
14:05:16 137.500000 -112.849998 0.000000 64.269997 265.285004 59.430000 12.728000 -11.580000 3.592000 0.003000 0.003900 13.311806 80.559853 0.000000 -0.045000 0.115000 -0.118000 0.000000 0.000000
14:05:16 137.500000 -112.849998 0.000000 64.269997 265.285004 59.430000 12.728000 -11.580000 3.592000 1471657.681000 452329.228000 13.311806 80.559853 0.000000 -0.045000 0.115000 -0.118000 0.000000 0.000000
14:05:17 137.500000 -112.849998 0.000000 64.269997 265.285004 59.430000 12.728000 -11.580000 3.592000 1471659.941000 452329.804000 13.311806 80.559853 0.000000 -0.045000 0.115000 -0.118000 0.000000 0.000000
14:05:17 137.399994 -112.849998 0.000000 64.269997 265.285004 59.430000 12.728000 -11.580000 3.592000 1471660.029000 452329.828000 13.311806 80.559853 0.000000 -0.045000 0.115000 -0.118000 0.000000 0.000000
14:05:17 137.399994 -112.849998 0.000000 64.269997 265.285004 59.430000 12.728000 -11.580000 3.592000 0.003000 0.003900 13.311806 80.559853 0.000000 -0.045000 0.115000 -0.118000 0.000000 0.000000
14:05:17 137.399994 -112.849998 0.000000 64.269997 264.662994 59.430000 12.884000 -11.580000 3.620000 0.003000 0.003900 13.311830 80.559860 0.000000 -0.045000 0.115000 -0.118000 0.000000 0.000000
14:05:18 137.300003 -112.849998 0.000000 64.269997 264.548004 59.430000 12.927000 -11.580000 3.603000 1471662.393000 452330.516000 13.311830 80.559860 0.000000 -0.045000 0.115000 -0.118000 0.000000 0.000000
14:05:18 137.300003 -112.849998 0.000000 64.269997 264.431000 59.430000 12.974000 -11.580000 3.589000 1471662.480000 452330.540000 13.311831 80.559860 0.000000 -0.045000 0.115000 -0.118000 0.000000 0.000000
14:05:18 137.300003 -112.849998 0.000000 64.269997 264.308014 59.430000 13.026000 -11.580000 3.557000 1471662.568000 452330.565000 13.311831 80.559860 0.000000 -0.045000 0.115000 -0.118000 0.000000 0.000000
14:05:18 137.300003 -112.849998 0.000000 64.269997 264.308014 59.430000 13.081000 -11.580000 3.557000 1471662.656000 452330.589000 13.311852 80.559868 0.000000 -0.045000 0.115000 -0.118000 0.000000 0.000000
14:05:18 137.199997 -112.849998 0.000000 64.269997 264.308014 59.430000 13.081000 -11.580000 3.557000 1471662.744000 452330.614000 13.311852 80.559868 0.000000 -0.045000 0.115000 -0.118000 0.000000 0.000000
14:05:19 137.199997 -112.849998 0.000000 64.269997 264.308014 59.430000 13.081000 -11.580000 3.557000 1471664.957000 452331.164000 13.311852 80.559868 0.000000 -0.045000 0.115000 -0.118000 0.000000 0.000000
14:05:19 137.199997 -112.849998 0.000000 64.269997 264.308014 59.430000 13.081000 -11.580000 3.557000 1471665.045000 452331.188000 13.311852 80.559868 0.000000 -0.045000 0.115000 -0.118000 0.000000 0.000000
14:05:19 137.199997 -112.849998 0.000000 64.269997 264.308014 59.430000 13.081000 -11.580000 3.557000 0.003000 0.003100 13.311852 80.559868 0.000000 -0.045000 0.115000 -0.118000 0.000000 0.000000
14:05:19 137.100006 -112.849998 0.000000 64.269997 263.333008 59.430000 13.466000 -11.580000 3.537000 0.003000 0.003100 13.311856 80.559868 0.000000 -0.045000 0.115000 -0.118000 0.000000 0.000000
14:05:20 137.100006 -112.849998 0.000000 64.269997 263.178009 59.430000 13.534000 -11.580000 3.487000 1471667.505000 452331.889000 13.311876 80.559875 0.000000 -0.045000 0.115000 -0.118000 0.000000 0.000000
14:05:20 137.100006 -112.849998 0.000000 64.269997 263.018005 59.430000 13.601000 -11.580000 3.435000 1471667.593000 452331.913000 13.311877 80.559875 0.000000 -0.045000 0.115000 -0.118000 0.000000 0.000000
14:05:20 137.100006 -112.849998 0.000000 64.269997 263.018005 59.430000 13.668000 -11.580000 3.418000 1471667.681000 452331.937000 13.311878 80.559875 0.000000 -0.045000 0.115000 -0.118000 0.000000 0.000000
14:05:20 137.000000 -112.849998 0.000000 64.269997 263.018005 59.430000 13.668000 -11.580000 3.418000 1471667.769000 452331.962000 13.311878 80.559875 0.000000 -0.045000 0.115000 -0.118000 0.000000 0.000000
14:05:20 137.000000 -112.849998 0.000000 64.269997 263.018005 59.430000 13.668000 -11.580000 3.418000 1471667.856000 452331.986000 13.311878 80.559875 0.000000 -0.045000 0.115000 -0.118000 0.000000 0.000000
14:05:21 137.000000 -112.849998 0.000000 64.269997 263.018005 59.430000 13.668000 -11.580000 3.418000 1471669.993000 452332.536000 13.311878 80.559875 0.000000 -0.045000 0.115000 -0.118000 0.000000 0.000000
14:05:21 137.000000 -112.849998 0.000000 64.269997 263.018005 59.430000 13.668000 -11.580000 3.418000 1471670.081000 452332.561000 13.311878 80.559875 0.000000 -0.045000 0.115000 -0.118000 0.000000 0.000000
14:05:21 137.000000 -112.849998 0.000000 64.269997 261.800995 59.430000 14.035000 -11.580000 3.548000 0.003000 0.003200 13.311901 80.559883 0.000000 -0.045000 0.115000 -0.118000 0.000000 0.000000
14:05:21 137.000000 -112.849998 0.000000 64.269997 261.800995 59.430000 14.035000 -11.580000 3.548000 1471670.344000 452332.634000 13.311901 80.559883 0.000000 -0.045000 0.115000 -0.118000 0.000000 0.000000
14:05:22 137.000000 -112.849998 0.000000 64.269997 261.800995 59.430000 14.035000 -11.580000 3.548000 1471672.506000 452333.184000 13.311901 80.559883 0.000000 -0.045000 0.115000 -0.118000 0.000000 0.000000
14:05:22 136.899994 -112.849998 0.000000 64.269997 261.800995 59.430000 14.035000 -11.580000 3.548000 0.003000 0.003300 13.311901 80.559883 0.000000 -0.045000 0.115000 -0.118000 0.000000 0.000000
14:05:22 136.899994 -112.849998 0.000000 64.269997 260.835999 59.430000 14.228000 -11.580000 3.552000 0.003000 0.003300 13.311924 80.559883 0.000000 -0.045000 0.115000 -0.118000 0.000000 0.000000
14:05:22 136.899994 -112.849998 0.000000 64.269997 260.835999 59.430000 14.228000 -11.580000 3.552000 1471672.858000 452333.281000 13.311924 80.559883 0.000000 -0.045000 0.115000 -0.118000 0.000000 0.000000
14:05:23 136.899994 -112.849998 0.000000 64.269997 260.835999 59.430000 14.228000 -11.580000 3.552000 1471675.052000 452334.051000 13.311924 80.559883 0.000000 -0.045000 0.115000 -0.118000 0.000000 0.000000
14:05:23 136.800003 -112.849998 0.000000 64.269997 260.835999 59.430000 14.228000 -11.580000 3.552000 1471675.140000 452334.075000 13.311924 80.559883 0.000000 -0.045000 0.115000 -0.118000 0.000000 0.000000
14:05:23 136.800003 -112.849998 0.000000 64.269997 259.798004 59.430000 14.294000 -11.580000 3.755000 0.003000 0.003400 13.311947 80.559891 0.000000 -0.045000 0.115000 -0.118000 0.000000 0.000000
14:05:23 136.800003 -112.849998 0.000000 64.269997 259.798004 59.430000 14.294000 -11.580000 3.755000 1471675.403000 452334.149000 13.311947 80.559891 0.000000 -0.045000 0.115000 -0.118000 0.000000 0.000000
14:05:24 136.699997 -112.849998 0.000000 64.269997 259.798004 59.430000 14.294000 -11.580000 3.755000 1471677.879000 452334.893000 13.311947 80.559891 0.000000 -0.045000 0.115000 -0.118000 0.000000 0.000000
14:05:24 136.699997 -112.849998 0.000000 64.269997 259.798004 59.430000 14.294000 -11.580000 3.755000 0.003000 0.003400 13.311947 80.559891 0.000000 -0.045000 0.115000 -0.118000 0.000000 0.000000
14:05:24 136.699997 -112.849998 0.000000 64.269997 258.700989 59.430000 14.197000 -11.580000 3.647000 0.003000 0.003400 13.311973 80.559898 0.000000 -0.045000 0.115000 -0.118000 0.000000 0.000000
14:05:24 136.699997 -112.849998 0.000000 64.269997 258.700989 59.430000 14.197000 -11.580000 3.647000 1471678.231000 452334.990000 13.311973 80.559898 0.000000 -0.045000 0.115000 -0.118000 0.000000 0.000000
14:05:25 136.600006 -112.849998 0.000000 64.269997 258.700989 59.430000 14.197000 -11.580000 3.647000 1471678.319000 452335.015000 13.311973 80.559898 0.000000 -0.045000 0.115000 -0.118000 0.000000 0.000000
14:05:25 136.600006 -112.849998 0.000000 64.269997 258.700989 59.430000 14.197000 -11.580000 3.647000 0.003000 0.003500 13.311973 80.559898 0.000000 -0.045000 0.115000 -0.118000 0.000000 0.000000
14:05:25 136.600006 -112.849998 0.000000 64.269997 257.562988 59.430000 13.934000 -11.580000 3.766000 0.003000 0.003500 13.312020 80.559914 0.000000 -0.045000 0.115000 -0.118000 0.000000 0.000000
14:05:25 136.500000 -112.849998 0.000000 64.269997 257.562988 59.430000 13.934000 -11.580000 3.766000 1471681.086000 452335.884000 13.312020 80.559914 0.000000 -0.045000 0.115000 -0.118000 0.000000 0.000000
14:05:26 136.500000 -112.849998 0.000000 64.269997 257.562988 59.430000 13.934000 -11.580000 3.766000 1471681.174000 452335.908000 13.312020 80.559914 0.000000 -0.045000 0.115000 -0.118000 0.000000 0.000000
14:05:26 136.500000 -112.849998 0.000000 64.269997 257.562988 59.430000 13.934000 -11.580000 3.766000 1471683.710000 452336.691000 13.312020 80.559914 0.000000 -0.045000 0.115000 -0.118000 0.000000 0.000000
14:05:26 136.500000 -112.849998 0.000000 64.269997 257.562988 59.430000 13.934000 -11.580000 3.766000 0.003000 0.003600 13.312020 80.559914 0.000000 -0.045000 0.115000 -0.118000 0.000000 0.000000
14:05:26 136.300003 -112.849998 0.000000 64.269997 256.167999 59.430000 13.426000 -11.580000 3.680000 0.003000 0.003600 13.312048 80.559921 0.000000 -0.045000 0.115000 -0.118000 0.000000 0.000000
14:05:27 136.300003 -112.849998 0.000000 64.269997 255.934006 59.430000 13.327000 -11.580000 3.701000 1471684.062000 452336.786000 13.312049 80.559921 0.000000 -0.045000 0.115000 -0.118000 0.000000 0.000000
14:05:27 136.300003 -112.849998 0.000000 64.269997 255.697998 59.430000 13.226000 -11.580000 3.705000 1471686.708000 452337.519000 13.312050 80.559921 0.000000 -0.045000 0.115000 -0.118000 0.000000 0.000000
14:05:27 136.300003 -112.849998 0.000000 64.269997 255.462006 59.430000 13.122000 -11.580000 3.694000 1471686.795000 452337.541000 13.312051 80.559921 0.000000 -0.045000 0.115000 -0.118000 0.000000 0.000000
14:05:27 136.300003 -112.849998 0.000000 64.269997 255.462006 59.430000 13.017000 -11.580000 3.725000 1471686.883000 452337.563000 13.312052 80.559921 0.000000 -0.045000 0.115000 -0.118000 0.000000 0.000000
14:05:27 136.300003 -112.849998 0.000000 64.269997 255.462006 59.430000 13.017000 -11.580000 3.725000 1471686.971000 452337.585000 13.312052 80.559921 0.000000 -0.045000 0.115000 -0.118000 0.000000 0.000000
14:05:28 136.300003 -112.849998 0.000000 64.269997 255.462006 59.430000 13.017000 -11.580000 3.725000 1471687.059000 452337.607000 13.312052 80.559921 0.000000 -0.045000 0.115000 -0.118000 0.000000 0.000000
14:05:28 136.300003 -112.849998 0.000000 64.269997 255.462006 59.430000 13.017000 -11.580000 3.725000 1471689.485000 452338.309000 13.312052 80.559921 0.000000 -0.045000 0.115000 -0.118000 0.000000 0.000000
14:05:28 136.199997 -112.849998 0.000000 64.269997 253.998993 59.430000 12.503000 -11.580000 3.761000 0.003000 0.003800 13.312077 80.559929 0.000000 -0.045000 0.115000 -0.118000 0.000000 0.000000
14:05:28 136.199997 -112.849998 0.000000 64.269997 253.998993 59.430000 12.503000 -11.580000 3.761000 1471689.749000 452338.375000 13.312077 80.559929 0.000000 -0.045000 0.115000 -0.118000 0.000000 0.000000
14:05:29 136.199997 -112.849998 0.000000 64.269997 253.998993 59.430000 12.503000 -11.580000 3.761000 1471689.836000 452338.397000 13.312077 80.559929 0.000000 -0.045000 0.115000 -0.118000 0.000000 0.000000
14:05:29 136.100006 -112.849998 0.000000 64.269997 253.998993 59.430000 12.503000 -11.580000 3.761000 0.003000 0.003800 13.312077 80.559929 0.000000 -0.045000 0.115000 -0.118000 0.000000 0.000000
14:05:29 136.100006 -112.849998 0.000000 64.269997 252.697006 59.430000 12.068000 -11.580000 3.763000 0.003000 0.003800 13.312102 80.559944 0.000000 -0.045000 0.115000 -0.118000 0.000000 0.000000
14:05:29 136.100006 -112.849998 0.000000 64.269997 252.697006 59.430000 12.068000 -11.580000 3.763000 1471692.609000 452339.307000 13.312102 80.559944 0.000000 -0.045000 0.115000 -0.118000 0.000000 0.000000
14:05:30 136.100006 -112.849998 0.000000 64.269997 252.697006 59.430000 12.068000 -11.580000 3.763000 1471692.697000 452339.329000 13.312102 80.559944 0.000000 -0.045000 0.115000 -0.118000 0.000000 0.000000
14:05:30 136.100006 -112.849998 0.000000 64.269997 252.697006 59.430000 12.068000 -11.580000 3.763000 1471695.196000 452340.174000 13.312102 80.559944 0.000000 -0.045000 0.115000 -0.118000 0.000000 0.000000
14:05:30 136.100006 -112.849998 0.000000 64.269997 251.283997 59.430000 11.794000 -11.580000 3.825000 0.003000 0.003000 13.312128 80.559952 0.000000 -0.045000 0.115000 -0.118000 0.000000 0.000000
14:05:30 136.100006 -112.849998 0.000000 64.269997 251.283997 59.430000 11.794000 -11.580000 3.825000 1471695.459000 452340.240000 13.312128 80.559952 0.000000 -0.045000 0.115000 -0.118000 0.000000 0.000000
14:05:31 135.899994 -112.849998 0.000000 64.269997 251.283997 59.430000 11.794000 -11.580000 3.825000 1471695.547000 452340.260000 13.312128 80.559952 0.000000 -0.045000 0.115000 -0.118000 0.000000 0.000000
14:05:31 135.899994 -112.849998 0.000000 64.269997 251.283997 59.430000 11.794000 -11.580000 3.825000 0.003000 0.003000 13.312128 80.559952 0.000000 -0.045000 0.115000 -0.118000 0.000000 0.000000
14:05:31 135.899994 -112.849998 0.000000 64.269997 249.738998 59.430000 11.729000 -11.580000 3.973000 0.003000 0.003000 13.312153 80.559959 0.000000 -0.045000 0.115000 -0.118000 0.000000 0.000000
14:05:31 135.899994 -112.849998 0.000000 64.269997 249.738998 59.430000 11.729000 -11.580000 3.973000 1471698.122000 452341.139000 13.312153 80.559959 0.000000 -0.045000 0.115000 -0.118000 0.000000 0.000000
14:05:32 135.899994 -112.849998 0.000000 64.269997 249.738998 59.430000 11.729000 -11.580000 3.973000 1471698.210000 452341.158000 13.312153 80.559959 0.000000 -0.045000 0.115000 -0.118000 0.000000 0.000000
14:05:32 135.899994 -112.849998 0.000000 64.269997 249.738998 59.430000 11.729000 -11.580000 3.973000 0.003000 0.003100 13.312153 80.559959 0.000000 -0.045000 0.115000 -0.118000 0.000000 0.000000
14:05:32 135.800003 -112.849998 0.000000 64.269997 248.065002 59.430000 11.871000 -11.580000 4.056000 0.003000 0.003100 13.312177 80.559967 0.000000 -0.045000 0.115000 -0.118000 0.000000 0.000000
14:05:32 135.800003 -112.849998 0.000000 64.269997 248.065002 59.430000 11.871000 -11.580000 4.056000 1471700.783000 452342.052000 13.312177 80.559967 0.000000 -0.045000 0.115000 -0.118000 0.000000 0.000000
14:05:33 135.800003 -112.849998 0.000000 64.269997 248.065002 59.430000 11.871000 -11.580000 4.056000 1471700.871000 452342.072000 13.312177 80.559967 0.000000 -0.045000 0.115000 -0.118000 0.000000 0.000000
14:05:33 135.800003 -112.849998 0.000000 64.269997 248.065002 59.430000 11.871000 -11.580000 4.056000 0.003000 0.003200 13.312177 80.559967 0.000000 -0.045000 0.115000 -0.118000 0.000000 0.000000
14:05:33 135.800003 -112.849998 0.000000 64.269997 246.257004 59.430000 12.194000 -11.580000 4.273000 0.003000 0.003200 13.312204 80.559975 0.000000 -0.045000 0.115000 -0.118000 0.000000 0.000000
14:05:33 135.800003 -112.849998 0.000000 64.269997 246.257004 59.430000 12.194000 -11.580000 4.273000 1471703.841000 452343.055000 13.312204 80.559975 0.000000 -0.045000 0.115000 -0.118000 0.000000 0.000000
14:05:34 135.800003 -112.849998 0.000000 64.269997 246.257004 59.430000 12.194000 -11.580000 4.273000 1471703.929000 452343.075000 13.312204 80.559975 0.000000 -0.045000 0.115000 -0.118000 0.000000 0.000000
14:05:34 135.800003 -112.849998 0.000000 64.269997 246.257004 59.430000 12.194000 -11.580000 4.273000 0.003000 0.003300 13.312204 80.559975 0.000000 -0.045000 0.115000 -0.118000 0.000000 0.000000
14:05:34 135.699997 -112.849998 0.000000 64.269997 244.317001 59.430000 12.597000 -11.580000 4.172000 0.003000 0.003300 13.312256 80.559990 0.000000 -0.045000 0.115000 -0.118000 0.000000 0.000000
14:05:34 135.699997 -112.849998 0.000000 64.269997 244.317001 59.430000 12.597000 -11.580000 4.172000 1471706.884000 452343.975000 13.312256 80.559990 0.000000 -0.045000 0.115000 -0.118000 0.000000 0.000000
14:05:35 135.699997 -112.849998 0.000000 64.269997 244.317001 59.430000 12.597000 -11.580000 4.172000 1471706.972000 452343.995000 13.312256 80.559990 0.000000 -0.045000 0.115000 -0.118000 0.000000 0.000000
14:05:35 135.600006 -112.849998 0.000000 64.269997 244.317001 59.430000 12.597000 -11.580000 4.172000 1471707.060000 452344.015000 13.312256 80.559990 0.000000 -0.045000 0.115000 -0.118000 0.000000 0.000000
14:05:35 135.600006 -112.849998 0.000000 64.269997 244.317001 59.430000 12.597000 -11.580000 4.172000 0.003000 0.003400 13.312256 80.559990 0.000000 -0.045000 0.115000 -0.118000 0.000000 0.000000
14:05:35 135.600006 -112.849998 0.000000 64.269997 241.850006 59.430000 12.956000 -11.580000 4.348000 0.003000 0.003400 13.312262 80.559990 0.000000 -0.045000 0.115000 -0.118000 0.000000 0.000000
14:05:36 135.600006 -112.849998 0.000000 64.269997 241.427994 59.430000 12.986000 -11.580000 4.383000 1471710.150000 452344.993000 13.312288 80.560005 0.000000 -0.045000 0.115000 -0.118000 0.000000 0.000000
14:05:36 135.500000 -112.849998 0.000000 64.269997 241.427994 59.430000 13.006000 -11.580000 4.395000 1471710.238000 452345.014000 13.312289 80.560005 0.000000 -0.045000 0.115000 -0.118000 0.000000 0.000000
14:05:36 135.500000 -112.849998 0.000000 64.269997 241.427994 59.430000 13.014000 -11.580000 4.390000 1471713.280000 452345.934000 13.312290 80.560005 0.000000 -0.045000 0.115000 -0.118000 0.000000 0.000000
14:05:36 135.500000 -112.849998 0.000000 64.269997 240.154007 59.430000 13.012000 -11.580000 4.370000 1471713.368000 452345.956000 13.312291 80.560005 0.000000 -0.045000 0.115000 -0.118000 0.000000 0.000000
14:05:36 135.500000 -112.849998 0.000000 64.269997 240.154007 59.430000 13.012000 -11.580000 4.370000 1471713.456000 452345.978000 13.312291 80.560005 0.000000 -0.045000 0.115000 -0.118000 0.000000 0.000000
14:05:37 135.300003 -112.849998 0.000000 64.269997 240.154007 59.430000 13.012000 -11.580000 4.370000 1471713.543000 452346.000000 13.312291 80.560005 0.000000 -0.045000 0.115000 -0.118000 0.000000 0.000000
14:05:37 135.300003 -112.849998 0.000000 64.269997 240.154007 59.430000 13.012000 -11.580000 4.370000 0.003000 0.003600 13.312291 80.560005 0.000000 -0.045000 0.115000 -0.118000 0.000000 0.000000
14:05:37 135.300003 -112.849998 0.000000 64.269997 237.983002 59.430000 12.860000 -11.580000 4.428000 0.003000 0.003600 13.312323 80.560013 0.000000 -0.045000 0.115000 -0.118000 0.000000 0.000000
14:05:37 135.199997 -112.849998 0.000000 64.269997 237.983002 59.430000 12.860000 -11.580000 4.428000 1471716.893000 452347.029000 13.312323 80.560013 0.000000 -0.045000 0.115000 -0.118000 0.000000 0.000000
14:05:38 135.199997 -112.849998 0.000000 64.269997 237.983002 59.430000 12.860000 -11.580000 4.428000 1471716.988000 452347.051000 13.312323 80.560013 0.000000 -0.045000 0.115000 -0.118000 0.000000 0.000000
14:05:38 135.199997 -112.849998 0.000000 64.269997 237.983002 59.430000 12.860000 -11.580000 4.428000 1471717.082000 452347.075000 13.312323 80.560013 0.000000 -0.045000 0.115000 -0.118000 0.000000 0.000000
14:05:38 135.199997 -112.849998 0.000000 64.269997 235.742004 59.430000 12.526000 -11.580000 4.515000 0.003000 0.003700 13.312354 80.560020 0.000000 -0.045000 0.115000 -0.118000 0.000000 0.000000
14:05:38 135.000000 -112.849998 0.000000 64.269997 235.742004 59.430000 12.526000 -11.580000 4.515000 1471720.433000 452348.058000 13.312354 80.560020 0.000000 -0.045000 0.115000 -0.118000 0.000000 0.000000
14:05:39 135.000000 -112.849998 0.000000 64.269997 235.742004 59.430000 12.526000 -11.580000 4.515000 1471720.531000 452348.083000 13.312354 80.560020 0.000000 -0.045000 0.115000 -0.118000 0.000000 0.000000
14:05:39 135.000000 -112.849998 0.000000 64.269997 235.742004 59.430000 12.526000 -11.580000 4.515000 0.003000 0.003800 13.312354 80.560020 0.000000 -0.045000 0.115000 -0.118000 0.000000 0.000000
14:05:39 134.899994 -112.849998 0.000000 64.269997 233.408005 59.430000 12.112000 -11.580000 4.616000 0.003000 0.003800 13.312386 80.560028 0.000000 -0.045000 0.115000 -0.118000 0.000000 0.000000
14:05:39 134.899994 -112.849998 0.000000 64.269997 233.408005 59.430000 12.112000 -11.580000 4.616000 1471723.897000 452349.224000 13.312386 80.560028 0.000000 -0.045000 0.115000 -0.118000 0.000000 0.000000
14:05:40 134.899994 -112.849998 0.000000 64.269997 233.408005 59.430000 12.112000 -11.580000 4.616000 1471723.995000 452349.249000 13.312386 80.560028 0.000000 -0.045000 0.115000 -0.118000 0.000000 0.000000
14:05:40 134.899994 -112.849998 0.000000 64.269997 233.408005 59.430000 12.112000 -11.580000 4.616000 1471724.093000 452349.273000 13.312386 80.560028 0.000000 -0.045000 0.115000 -0.118000 0.000000 0.000000
14:05:40 134.899994 -112.849998 0.000000 64.269997 230.968994 59.430000 11.682000 -11.580000 4.821000 0.003000 0.003900 13.312417 80.560043 0.000000 -0.045000 0.115000 -0.118000 0.000000 0.000000
14:05:40 134.899994 -112.849998 0.000000 64.269997 230.968994 59.430000 11.682000 -11.580000 4.821000 1471727.374000 452350.416000 13.312417 80.560043 0.000000 -0.045000 0.115000 -0.118000 0.000000 0.000000
14:05:41 134.899994 -112.849998 0.000000 64.269997 230.968994 59.430000 11.682000 -11.580000 4.821000 1471727.471000 452350.440000 13.312417 80.560043 0.000000 -0.045000 0.115000 -0.118000 0.000000 0.000000
14:05:41 134.899994 -112.849998 0.000000 64.269997 230.968994 59.430000 11.682000 -11.580000 4.821000 1471727.569000 452350.465000 13.312417 80.560043 0.000000 -0.045000 0.115000 -0.118000 0.000000 0.000000
14:05:41 134.899994 -112.849998 0.000000 64.269997 228.414993 59.430000 11.272000 -11.580000 4.990000 0.003000 0.003000 13.312478 80.560066 0.000000 -0.045000 0.115000 -0.118000 0.000000 0.000000
14:05:41 134.899994 -112.849998 0.000000 64.269997 228.414993 59.430000 11.272000 -11.580000 4.990000 1471730.947000 452351.659000 13.312478 80.560066 0.000000 -0.045000 0.115000 -0.118000 0.000000 0.000000
14:05:42 134.899994 -112.849998 0.000000 64.269997 228.414993 59.430000 11.272000 -11.580000 4.990000 1471731.044000 452351.684000 13.312478 80.560066 0.000000 -0.045000 0.115000 -0.118000 0.000000 0.000000
14:05:42 134.699997 -112.849998 0.000000 64.269997 228.414993 59.430000 11.272000 -11.580000 4.990000 0.003000 0.003100 13.312478 80.560066 0.000000 -0.045000 0.115000 -0.118000 0.000000 0.000000
14:05:42 134.699997 -112.849998 0.000000 64.269997 225.744995 59.430000 10.917000 -11.580000 5.176000 0.003000 0.003100 13.312483 80.560066 0.000000 -0.045000 0.115000 -0.118000 0.000000 0.000000
14:05:42 134.699997 -112.849998 0.000000 64.269997 225.744995 59.430000 10.917000 -11.580000 5.176000 1471734.633000 452352.954000 13.312483 80.560066 0.000000 -0.045000 0.115000 -0.118000 0.000000 0.000000
14:05:43 134.699997 -112.849998 0.000000 64.269997 225.744995 59.430000 10.917000 -11.580000 5.176000 1471734.722000 452352.979000 13.312483 80.560066 0.000000 -0.045000 0.115000 -0.118000 0.000000 0.000000
14:05:43 134.699997 -112.849998 0.000000 64.269997 225.744995 59.430000 10.917000 -11.580000 5.176000 0.003000 0.003200 13.312483 80.560066 0.000000 -0.045000 0.115000 -0.118000 0.000000 0.000000
14:05:43 134.699997 -112.849998 0.000000 64.269997 222.962997 59.430000 10.653000 -11.580000 5.278000 0.003000 0.003200 13.312548 80.560089 0.000000 -0.045000 0.115000 -0.118000 0.000000 0.000000
14:05:43 134.600006 -112.849998 0.000000 64.269997 222.962997 59.430000 10.653000 -11.580000 5.278000 1471738.443000 452354.364000 13.312548 80.560089 0.000000 -0.045000 0.115000 -0.118000 0.000000 0.000000
14:05:44 134.600006 -112.849998 0.000000 64.269997 222.962997 59.430000 10.653000 -11.580000 5.278000 1471738.541000 452354.387000 13.312548 80.560089 0.000000 -0.045000 0.115000 -0.118000 0.000000 0.000000
14:05:44 134.600006 -112.849998 0.000000 64.269997 222.962997 59.430000 10.653000 -11.580000 5.278000 1471738.638000 452354.411000 13.312548 80.560089 0.000000 -0.045000 0.115000 -0.118000 0.000000 0.000000
14:05:44 134.600006 -112.849998 0.000000 64.269997 220.102005 59.430000 10.487000 -11.580000 5.486000 0.003000 0.003400 13.312551 80.560089 0.000000 -0.045000 0.115000 -0.118000 0.000000 0.000000
14:05:44 134.600006 -112.849998 0.000000 64.269997 220.102005 59.430000 10.487000 -11.580000 5.486000 1471742.265000 452355.647000 13.312551 80.560089 0.000000 -0.045000 0.115000 -0.118000 0.000000 0.000000
14:05:45 134.600006 -112.849998 0.000000 64.269997 220.102005 59.430000 10.487000 -11.580000 5.486000 1471742.363000 452355.670000 13.312551 80.560089 0.000000 -0.045000 0.115000 -0.118000 0.000000 0.000000
14:05:45 134.600006 -112.849998 0.000000 64.269997 220.102005 59.430000 10.487000 -11.580000 5.486000 0.003000 0.003500 13.312551 80.560089 0.000000 -0.045000 0.115000 -0.118000 0.000000 0.000000
14:05:45 134.399994 -112.849998 0.000000 64.269997 217.203003 59.430000 10.396000 -11.580000 5.381000 0.003000 0.003500 13.312589 80.560104 0.000000 -0.045000 0.115000 -0.118000 0.000000 0.000000
14:05:45 134.399994 -112.849998 0.000000 64.269997 217.203003 59.430000 10.396000 -11.580000 5.381000 1471746.339000 452357.017000 13.312589 80.560104 0.000000 -0.045000 0.115000 -0.118000 0.000000 0.000000
14:05:46 134.399994 -112.849998 0.000000 64.269997 217.203003 59.430000 10.396000 -11.580000 5.381000 1471746.437000 452357.039000 13.312589 80.560104 0.000000 -0.045000 0.115000 -0.118000 0.000000 0.000000
14:05:46 134.399994 -112.849998 0.000000 64.269997 217.203003 59.430000 10.396000 -11.580000 5.381000 0.003000 0.003700 13.312589 80.560104 0.000000 -0.045000 0.115000 -0.118000 0.000000 0.000000
14:05:46 134.399994 -112.849998 0.000000 64.269997 214.332993 59.430000 10.351000 -11.580000 5.586000 0.003000 0.003700 13.312626 80.560112 0.000000 -0.045000 0.115000 -0.118000 0.000000 0.000000
14:05:46 134.399994 -112.849998 0.000000 64.269997 214.332993 59.430000 10.351000 -11.580000 5.586000 1471750.506000 452358.275000 13.312626 80.560112 0.000000 -0.045000 0.115000 -0.118000 0.000000 0.000000
14:05:47 134.399994 -112.849998 0.000000 64.269997 214.332993 59.430000 10.351000 -11.580000 5.586000 1471750.604000 452358.297000 13.312626 80.560112 0.000000 -0.045000 0.115000 -0.118000 0.000000 0.000000
14:05:47 134.399994 -112.849998 0.000000 64.269997 214.332993 59.430000 10.351000 -11.580000 5.586000 0.003000 0.003800 13.312626 80.560112 0.000000 -0.045000 0.115000 -0.118000 0.000000 0.000000
14:05:47 134.300003 -112.849998 0.000000 64.269997 211.524002 59.430000 10.326000 -11.580000 5.640000 0.003000 0.003800 13.312665 80.560127 0.000000 -0.045000 0.115000 -0.118000 0.000000 0.000000
14:05:47 134.300003 -112.849998 0.000000 64.269997 211.524002 59.430000 10.326000 -11.580000 5.640000 1471754.796000 452359.867000 13.312665 80.560127 0.000000 -0.045000 0.115000 -0.118000 0.000000 0.000000
14:05:48 134.300003 -112.849998 0.000000 64.269997 211.524002 59.430000 10.326000 -11.580000 5.640000 1471754.894000 452359.889000 13.312665 80.560127 0.000000 -0.045000 0.115000 -0.118000 0.000000 0.000000
14:05:48 134.199997 -112.849998 0.000000 64.269997 211.524002 59.430000 10.326000 -11.580000 5.640000 1471754.992000 452359.911000 13.312665 80.560127 0.000000 -0.045000 0.115000 -0.118000 0.000000 0.000000
14:05:48 134.199997 -112.849998 0.000000 64.269997 208.809998 59.430000 10.264000 -11.580000 5.706000 0.003000 0.003900 13.312702 80.560143 0.000000 -0.045000 0.115000 -0.118000 0.000000 0.000000
14:05:48 134.199997 -112.849998 0.000000 64.269997 208.809998 59.430000 10.264000 -11.580000 5.706000 1471758.922000 452361.406000 13.312702 80.560143 0.000000 -0.045000 0.115000 -0.118000 0.000000 0.000000
14:05:49 134.199997 -112.849998 0.000000 64.269997 208.809998 59.430000 10.264000 -11.580000 5.706000 1471759.020000 452361.426000 13.312702 80.560143 0.000000 -0.045000 0.115000 -0.118000 0.000000 0.000000
14:05:49 134.199997 -112.849998 0.000000 64.269997 208.809998 59.430000 10.264000 -11.580000 5.706000 0.003000 0.003100 13.312702 80.560143 0.000000 -0.045000 0.115000 -0.118000 0.000000 0.000000
14:05:49 134.199997 -112.849998 0.000000 64.269997 206.214996 59.430000 10.112000 -11.580000 5.832000 0.003000 0.003100 13.312739 80.560158 0.000000 -0.045000 0.115000 -0.118000 0.000000 0.000000
14:05:49 134.199997 -112.849998 0.000000 64.269997 206.214996 59.430000 10.112000 -11.580000 5.832000 1471763.064000 452363.077000 13.312739 80.560158 0.000000 -0.045000 0.115000 -0.118000 0.000000 0.000000
14:05:50 134.100006 -112.849998 0.000000 64.269997 206.214996 59.430000 10.112000 -11.580000 5.832000 1471763.162000 452363.096000 13.312739 80.560158 0.000000 -0.045000 0.115000 -0.118000 0.000000 0.000000
14:05:50 134.100006 -112.849998 0.000000 64.269997 206.214996 59.430000 10.112000 -11.580000 5.832000 0.003000 0.003300 13.312739 80.560158 0.000000 -0.045000 0.115000 -0.118000 0.000000 0.000000
14:05:50 134.100006 -112.849998 0.000000 64.269997 203.770996 59.430000 9.823000 -11.580000 5.715000 0.003000 0.003300 13.312813 80.560188 0.000000 -0.045000 0.115000 -0.118000 0.000000 0.000000
14:05:50 134.000000 -112.849998 0.000000 64.269997 203.770996 59.430000 9.823000 -11.580000 5.715000 1471767.359000 452364.787000 13.312813 80.560188 0.000000 -0.045000 0.115000 -0.118000 0.000000 0.000000
14:05:51 134.000000 -112.849998 0.000000 64.269997 203.770996 59.430000 9.823000 -11.580000 5.715000 0.003000 0.003400 13.312813 80.560188 0.000000 -0.045000 0.115000 -0.118000 0.000000 0.000000
14:05:51 134.000000 -112.849998 0.000000 64.269997 203.770996 59.430000 9.823000 -11.580000 5.715000 1471767.555000 452364.826000 13.312813 80.560188 0.000000 -0.045000 0.115000 -0.118000 0.000000 0.000000
14:05:51 134.000000 -112.849998 0.000000 64.269997 203.770996 59.430000 9.823000 -11.580000 5.715000 0.003000 0.003400 13.312813 80.560188 0.000000 -0.045000 0.115000 -0.118000 0.000000 0.000000
14:05:51 133.899994 -112.849998 0.000000 64.269997 201.078995 59.430000 9.317000 -11.580000 5.455000 0.003000 0.003400 13.312855 80.560204 0.000000 -0.045000 0.115000 -0.118000 0.000000 0.000000
14:05:52 133.899994 -112.849998 0.000000 64.269997 200.656998 59.430000 9.229000 -11.580000 5.480000 1471771.759000 452366.532000 13.312856 80.560204 0.000000 -0.045000 0.115000 -0.118000 0.000000 0.000000
14:05:52 133.899994 -112.849998 0.000000 64.269997 200.656998 59.430000 9.141000 -11.580000 5.492000 1471771.857000 452366.552000 13.312857 80.560211 0.000000 -0.045000 0.115000 -0.118000 0.000000 0.000000
14:05:52 133.899994 -112.849998 0.000000 64.269997 200.656998 59.430000 9.055000 -11.580000 5.471000 1471771.955000 452366.572000 13.312858 80.560211 0.000000 -0.045000 0.115000 -0.118000 0.000000 0.000000
14:05:52 133.899994 -112.849998 0.000000 64.269997 200.656998 59.430000 9.055000 -11.580000 5.471000 1471776.072000 452368.381000 13.312859 80.560211 0.000000 -0.045000 0.115000 -0.118000 0.000000 0.000000
14:05:52 133.899994 -112.849998 0.000000 64.269997 200.656998 59.430000 9.055000 -11.580000 5.471000 1471776.170000 452368.401000 13.312859 80.560211 0.000000 -0.045000 0.115000 -0.118000 0.000000 0.000000
14:05:53 133.899994 -112.849998 0.000000 64.269997 200.656998 59.430000 9.055000 -11.580000 5.471000 1471776.268000 452368.420000 13.312859 80.560211 0.000000 -0.045000 0.115000 -0.118000 0.000000 0.000000
14:05:53 133.899994 -112.849998 0.000000 64.269997 200.656998 59.430000 9.055000 -11.580000 5.471000 1471776.365000 452368.441000 13.312859 80.560211 0.000000 -0.045000 0.115000 -0.118000 0.000000 0.000000
14:05:53 133.800003 -112.849998 0.000000 64.269997 197.516006 59.430000 8.624000 -11.580000 5.418000 0.003000 0.003800 13.312898 80.560226 0.000000 -0.045000 0.115000 -0.118000 0.000000 0.000000
14:05:53 133.800003 -112.849998 0.000000 64.269997 197.516006 59.430000 8.624000 -11.580000 5.418000 1471780.523000 452370.358000 13.312898 80.560226 0.000000 -0.045000 0.115000 -0.118000 0.000000 0.000000
14:05:54 133.800003 -112.849998 0.000000 64.269997 197.516006 59.430000 8.624000 -11.580000 5.418000 1471780.621000 452370.377000 13.312898 80.560226 0.000000 -0.045000 0.115000 -0.118000 0.000000 0.000000
14:05:54 133.800003 -112.849998 0.000000 64.269997 197.516006 59.430000 8.624000 -11.580000 5.418000 0.003000 0.003000 13.312898 80.560226 0.000000 -0.045000 0.115000 -0.118000 0.000000 0.000000
14:05:54 133.800003 -112.849998 0.000000 64.269997 195.681000 59.430000 8.458000 -11.580000 5.674000 0.003000 0.003000 13.312937 80.560242 0.000000 -0.045000 0.115000 -0.118000 0.000000 0.000000
14:05:54 133.800003 -112.849998 0.000000 64.269997 195.681000 59.430000 8.458000 -11.580000 5.674000 1471784.821000 452372.363000 13.312937 80.560242 0.000000 -0.045000 0.115000 -0.118000 0.000000 0.000000
14:05:55 133.800003 -112.849998 0.000000 64.269997 195.681000 59.430000 8.458000 -11.580000 5.674000 0.003000 0.003200 13.312937 80.560242 0.000000 -0.045000 0.115000 -0.118000 0.000000 0.000000
14:05:55 133.699997 -112.849998 0.000000 64.269997 195.681000 59.430000 8.458000 -11.580000 5.674000 0.003000 0.003200 13.312937 80.560242 0.000000 -0.045000 0.115000 -0.118000 0.000000 0.000000
14:05:55 133.699997 -112.849998 0.000000 64.269997 193.906006 59.430000 8.490000 -11.580000 5.600000 0.003000 0.003200 13.312976 80.560265 0.000000 -0.045000 0.115000 -0.118000 0.000000 0.000000
14:05:55 133.699997 -112.849998 0.000000 64.269997 193.906006 59.430000 8.490000 -11.580000 5.600000 1471789.139000 452374.460000 13.312976 80.560265 0.000000 -0.045000 0.115000 -0.118000 0.000000 0.000000
14:05:56 133.699997 -112.849998 0.000000 64.269997 193.906006 59.430000 8.490000 -11.580000 5.600000 1471789.236000 452374.479000 13.312976 80.560265 0.000000 -0.045000 0.115000 -0.118000 0.000000 0.000000
14:05:56 133.699997 -112.849998 0.000000 64.269997 193.906006 59.430000 8.490000 -11.580000 5.600000 0.003000 0.003400 13.312976 80.560265 0.000000 -0.045000 0.115000 -0.118000 0.000000 0.000000
14:05:56 133.699997 -112.849998 0.000000 64.269997 192.177994 59.430000 8.722000 -11.580000 5.991000 0.003000 0.003400 13.313012 80.560280 0.000000 -0.045000 0.115000 -0.118000 0.000000 0.000000
14:05:56 133.600006 -112.849998 0.000000 64.269997 192.177994 59.430000 8.722000 -11.580000 5.991000 1471793.160000 452376.452000 13.313012 80.560280 0.000000 -0.045000 0.115000 -0.118000 0.000000 0.000000
14:05:57 133.600006 -112.849998 0.000000 64.269997 192.177994 59.430000 8.722000 -11.580000 5.991000 1471793.257000 452376.469000 13.313012 80.560280 0.000000 -0.045000 0.115000 -0.118000 0.000000 0.000000
14:05:57 133.600006 -112.849998 0.000000 64.269997 192.177994 59.430000 8.722000 -11.580000 5.991000 0.003000 0.003600 13.313012 80.560280 0.000000 -0.045000 0.115000 -0.118000 0.000000 0.000000
14:05:57 133.600006 -112.849998 0.000000 64.269997 190.511993 59.430000 9.107000 -11.580000 5.930000 0.003000 0.003600 13.313048 80.560303 0.000000 -0.045000 0.115000 -0.118000 0.000000 0.000000
14:05:57 133.600006 -112.849998 0.000000 64.269997 190.511993 59.430000 9.107000 -11.580000 5.930000 1471797.188000 452378.446000 13.313048 80.560303 0.000000 -0.045000 0.115000 -0.118000 0.000000 0.000000
14:05:58 133.600006 -112.849998 0.000000 64.269997 190.511993 59.430000 9.107000 -11.580000 5.930000 1471797.286000 452378.463000 13.313048 80.560303 0.000000 -0.045000 0.115000 -0.118000 0.000000 0.000000
14:05:58 133.600006 -112.849998 0.000000 64.269997 190.511993 59.430000 9.107000 -11.580000 5.930000 0.003000 0.003800 13.313048 80.560303 0.000000 -0.045000 0.115000 -0.118000 0.000000 0.000000
14:05:58 133.399994 -112.849998 0.000000 64.269997 188.929001 59.430000 9.569000 -11.580000 5.921000 0.003000 0.003800 13.313085 80.560318 0.000000 -0.045000 0.115000 -0.118000 0.000000 0.000000
14:05:58 133.399994 -112.849998 0.000000 64.269997 188.929001 59.430000 9.569000 -11.580000 5.921000 1471801.122000 452380.619000 13.313085 80.560318 0.000000 -0.045000 0.115000 -0.118000 0.000000 0.000000
14:05:59 133.399994 -112.849998 0.000000 64.269997 188.929001 59.430000 9.569000 -11.580000 5.921000 1471801.219000 452380.633000 13.313085 80.560318 0.000000 -0.045000 0.115000 -0.118000 0.000000 0.000000
14:05:59 133.399994 -112.849998 0.000000 64.269997 188.929001 59.430000 9.569000 -11.580000 5.921000 0.003000 0.003000 13.313085 80.560318 0.000000 -0.045000 0.115000 -0.118000 0.000000 0.000000
14:05:59 133.399994 -112.849998 0.000000 64.269997 187.438004 59.430000 10.024000 -11.580000 6.028000 0.003000 0.003000 13.313152 80.560364 0.000000 -0.045000 0.115000 -0.118000 0.000000 0.000000
14:05:59 133.399994 -112.849998 0.000000 64.269997 187.438004 59.430000 10.024000 -11.580000 6.028000 1471808.618000 452384.994000 13.313152 80.560364 0.000000 -0.045000 0.115000 -0.118000 0.000000 0.000000
14:06:00 133.399994 -112.849998 0.000000 64.269997 187.438004 59.430000 10.024000 -11.580000 6.028000 0.003000 0.003400 13.313152 80.560364 0.000000 -0.045000 0.115000 -0.118000 0.000000 0.000000
14:06:00 133.399994 -112.849998 0.000000 64.269997 186.313004 59.430000 10.330000 -11.580000 5.944000 0.003000 0.003400 13.313156 80.560364 0.000000 -0.045000 0.115000 -0.118000 0.000000 0.000000
14:06:00 133.399994 -112.849998 0.000000 64.269997 186.313004 59.430000 10.396000 -11.580000 5.906000 1471809.008000 452385.053000 13.313157 80.560364 0.000000 -0.045000 0.115000 -0.118000 0.000000 0.000000
14:06:00 133.399994 -112.849998 0.000000 64.269997 186.313004 59.430000 10.396000 -11.580000 5.906000 1471809.120000 452385.071000 13.313157 80.560364 0.000000 -0.045000 0.115000 -0.118000 0.000000 0.000000
14:06:01 133.399994 -112.849998 0.000000 64.269997 186.313004 59.430000 10.396000 -11.580000 5.906000 1471809.217000 452385.086000 13.313157 80.560364 0.000000 -0.045000 0.115000 -0.118000 0.000000 0.000000
14:06:01 133.300003 -112.849998 0.000000 64.269997 186.313004 59.430000 10.396000 -11.580000 5.906000 0.003000 0.003500 13.313157 80.560364 0.000000 -0.045000 0.115000 -0.118000 0.000000 0.000000
14:06:01 133.300003 -112.849998 0.000000 64.269997 184.720993 59.430000 10.632000 -11.580000 5.956000 0.003000 0.003500 13.313192 80.560387 0.000000 -0.045000 0.115000 -0.118000 0.000000 0.000000
14:06:01 133.300003 -112.849998 0.000000 64.269997 184.720993 59.430000 10.632000 -11.580000 5.956000 1471816.365000 452390.156000 13.313192 80.560387 0.000000 -0.045000 0.115000 -0.118000 0.000000 0.000000
14:06:02 133.199997 -112.849998 0.000000 64.269997 184.720993 59.430000 10.632000 -11.580000 5.956000 1471816.463000 452390.171000 13.313192 80.560387 0.000000 -0.045000 0.115000 -0.118000 0.000000 0.000000
14:06:02 133.199997 -112.849998 0.000000 64.269997 183.705002 59.430000 10.693000 -11.580000 6.396000 0.003000 0.003000 13.313226 80.560410 0.000000 -0.045000 0.115000 -0.118000 0.000000 0.000000
14:06:02 133.199997 -112.849998 0.000000 64.269997 183.705002 59.430000 10.693000 -11.580000 6.396000 1471816.756000 452390.211000 13.313227 80.560410 0.000000 -0.045000 0.115000 -0.118000 0.000000 0.000000
14:06:02 133.199997 -112.849998 0.000000 64.269997 183.705002 59.430000 10.693000 -11.580000 6.396000 1471816.873000 452390.246000 13.313227 80.560410 0.000000 -0.045000 0.115000 -0.118000 0.000000 0.000000
14:06:03 133.100006 -112.849998 0.000000 64.269997 183.705002 59.430000 10.693000 -11.580000 6.396000 0.003000 0.003000 13.313227 80.560410 0.000000 -0.045000 0.115000 -0.118000 0.000000 0.000000
14:06:03 133.100006 -112.849998 0.000000 64.269997 183.705002 59.430000 10.693000 -11.580000 6.396000 0.003000 0.003000 13.313227 80.560410 0.000000 -0.045000 0.115000 -0.118000 0.000000 0.000000
14:06:03 133.100006 -112.849998 0.000000 64.269997 182.242004 59.430000 10.532000 -11.580000 6.283000 0.003000 0.003000 13.313262 80.560432 0.000000 -0.045000 0.115000 -0.118000 0.000000 0.000000
14:06:03 133.000000 -112.849998 0.000000 64.269997 182.242004 59.430000 10.532000 -11.580000 6.283000 1471824.112000 452395.938000 13.313262 80.560432 0.000000 -0.045000 0.115000 -0.118000 0.000000 0.000000
14:06:04 133.000000 -112.849998 0.000000 64.269997 182.242004 59.430000 10.532000 -11.580000 6.283000 1471824.209000 452395.951000 13.313262 80.560432 0.000000 -0.045000 0.115000 -0.118000 0.000000 0.000000
14:06:04 133.000000 -112.849998 0.000000 64.269997 182.242004 59.430000 10.532000 -11.580000 6.283000 0.003000 0.003500 13.313262 80.560432 0.000000 -0.045000 0.115000 -0.118000 0.000000 0.000000
14:06:04 133.000000 -112.849998 0.000000 64.269997 181.074997 59.430000 10.180000 -11.580000 6.374000 0.003000 0.003500 13.313297 80.560463 0.000000 -0.045000 0.115000 -0.118000 0.000000 0.000000
14:06:04 132.899994 -112.849998 0.000000 64.269997 181.074997 59.430000 10.180000 -11.580000 6.374000 1471824.630000 452396.016000 13.313297 80.560463 0.000000 -0.045000 0.115000 -0.118000 0.000000 0.000000
14:06:05 132.899994 -112.849998 0.000000 64.269997 181.074997 59.430000 10.180000 -11.580000 6.374000 0.003000 0.003600 13.313297 80.560463 0.000000 -0.045000 0.115000 -0.118000 0.000000 0.000000
14:06:05 132.899994 -112.849998 0.000000 64.269997 181.074997 59.430000 10.180000 -11.580000 6.374000 0.003000 0.003600 13.313297 80.560463 0.000000 -0.045000 0.115000 -0.118000 0.000000 0.000000
14:06:05 132.800003 -112.849998 0.000000 64.269997 179.983994 59.430000 9.706000 -11.580000 6.317000 0.003000 0.003600 13.313332 80.560493 0.000000 -0.045000 0.115000 -0.118000 0.000000 0.000000
14:06:05 132.800003 -112.849998 0.000000 64.269997 179.983994 59.430000 9.706000 -11.580000 6.317000 1471825.118000 452396.077000 13.313332 80.560493 0.000000 -0.045000 0.115000 -0.118000 0.000000 0.000000
14:06:06 132.800003 -112.849998 0.000000 64.269997 179.983994 59.430000 9.706000 -11.580000 6.317000 1471832.029000 452402.030000 13.313332 80.560493 0.000000 -0.045000 0.115000 -0.118000 0.000000 0.000000
14:06:06 132.800003 -112.849998 0.000000 64.269997 179.983994 59.430000 9.706000 -11.580000 6.317000 0.003000 0.003200 13.313332 80.560493 0.000000 -0.045000 0.115000 -0.118000 0.000000 0.000000
14:06:06 132.800003 -112.849998 0.000000 64.269997 178.988007 59.430000 9.213000 -11.580000 6.256000 0.003000 0.003200 13.313400 80.560547 0.000000 -0.045000 0.115000 -0.118000 0.000000 0.000000
14:06:06 132.800003 -112.849998 0.000000 64.269997 178.988007 59.430000 9.213000 -11.580000 6.256000 1471832.419000 452402.079000 13.313400 80.560547 0.000000 -0.045000 0.115000 -0.118000 0.000000 0.000000
14:06:07 132.800003 -112.849998 0.000000 64.269997 178.988007 59.430000 9.213000 -11.580000 6.256000 1471836.090000 452405.096000 13.313400 80.560547 0.000000 -0.045000 0.115000 -0.118000 0.000000 0.000000
14:06:07 132.699997 -112.849998 0.000000 64.269997 178.250000 59.430000 8.867000 -11.580000 5.843000 0.003000 0.003500 13.313404 80.560547 0.000000 -0.045000 0.115000 -0.118000 0.000000 0.000000
14:06:07 132.699997 -112.849998 0.000000 64.269997 178.250000 59.430000 8.867000 -11.580000 5.843000 1471836.383000 452405.133000 13.313404 80.560547 0.000000 -0.045000 0.115000 -0.118000 0.000000 0.000000
14:06:07 132.699997 -112.849998 0.000000 64.269997 178.250000 59.430000 8.867000 -11.580000 5.843000 1471836.481000 452405.145000 13.313404 80.560547 0.000000 -0.045000 0.115000 -0.118000 0.000000 0.000000
14:06:08 132.699997 -112.849998 0.000000 64.269997 178.250000 59.430000 8.867000 -11.580000 5.843000 1471839.921000 452408.278000 13.313404 80.560547 0.000000 -0.045000 0.115000 -0.118000 0.000000 0.000000
14:06:08 132.600006 -112.849998 0.000000 64.269997 178.250000 59.430000 8.867000 -11.580000 5.843000 0.003000 0.003800 13.313404 80.560547 0.000000 -0.045000 0.115000 -0.118000 0.000000 0.000000
14:06:08 132.600006 -112.849998 0.000000 64.269997 177.207001 59.430000 8.531000 -11.580000 5.932000 0.003000 0.003800 13.313439 80.560577 0.000000 -0.045000 0.115000 -0.118000 0.000000 0.000000
14:06:08 132.600006 -112.849998 0.000000 64.269997 177.207001 59.430000 8.531000 -11.580000 5.932000 1471840.312000 452408.334000 13.313439 80.560577 0.000000 -0.045000 0.115000 -0.118000 0.000000 0.000000
14:06:09 132.500000 -112.849998 0.000000 64.269997 177.207001 59.430000 8.531000 -11.580000 5.932000 0.003000 0.003800 13.313439 80.560577 0.000000 -0.045000 0.115000 -0.118000 0.000000 0.000000
14:06:09 132.500000 -112.849998 0.000000 64.269997 176.509995 59.430000 8.441000 -11.580000 5.948000 0.003000 0.003800 13.313474 80.560608 0.000000 -0.045000 0.115000 -0.118000 0.000000 0.000000
14:06:09 132.500000 -112.849998 0.000000 64.269997 176.509995 59.430000 8.441000 -11.580000 5.948000 1471844.072000 452411.441000 13.313475 80.560608 0.000000 -0.045000 0.115000 -0.118000 0.000000 0.000000
14:06:09 132.500000 -112.849998 0.000000 64.269997 176.509995 59.430000 8.441000 -11.580000 5.948000 1471844.170000 452411.458000 13.313475 80.560608 0.000000 -0.045000 0.115000 -0.118000 0.000000 0.000000
14:06:10 132.399994 -112.849998 0.000000 64.269997 176.509995 59.430000 8.441000 -11.580000 5.948000 0.003000 0.003100 13.313475 80.560608 0.000000 -0.045000 0.115000 -0.118000 0.000000 0.000000
14:06:10 132.399994 -112.849998 0.000000 64.269997 176.509995 59.430000 8.441000 -11.580000 5.948000 0.003000 0.003100 13.313475 80.560608 0.000000 -0.045000 0.115000 -0.118000 0.000000 0.000000
14:06:10 132.399994 -112.849998 0.000000 64.269997 175.406006 59.430000 8.522000 -11.580000 6.199000 0.003000 0.003100 13.313507 80.560631 0.000000 -0.045000 0.115000 -0.118000 0.000000 0.000000
14:06:10 132.300003 -112.849998 0.000000 64.269997 175.406006 59.430000 8.522000 -11.580000 6.199000 1471847.788000 452414.673000 13.313507 80.560631 0.000000 -0.045000 0.115000 -0.118000 0.000000 0.000000
14:06:11 132.300003 -112.849998 0.000000 64.269997 175.406006 59.430000 8.522000 -11.580000 6.199000 1471850.944000 452417.902000 13.313507 80.560631 0.000000 -0.045000 0.115000 -0.118000 0.000000 0.000000
14:06:11 132.300003 -112.849998 0.000000 64.269997 174.617996 59.430000 8.714000 -11.580000 6.375000 0.003000 0.003700 13.313539 80.560661 0.000000 -0.045000 0.115000 -0.118000 0.000000 0.000000
14:06:11 132.300003 -112.849998 0.000000 64.269997 174.617996 59.430000 8.714000 -11.580000 6.375000 1471851.266000 452417.953000 13.313540 80.560661 0.000000 -0.045000 0.115000 -0.118000 0.000000 0.000000
14:06:11 132.300003 -112.849998 0.000000 64.269997 174.617996 59.430000 8.714000 -11.580000 6.375000 1471851.374000 452417.970000 13.313540 80.560661 0.000000 -0.045000 0.115000 -0.118000 0.000000 0.000000
14:06:12 132.300003 -112.849998 0.000000 64.269997 174.617996 59.430000 8.714000 -11.580000 6.375000 1471854.318000 452421.237000 13.313540 80.560661 0.000000 -0.045000 0.115000 -0.118000 0.000000 0.000000
14:06:12 132.300003 -112.849998 0.000000 64.269997 174.617996 59.430000 8.714000 -11.580000 6.375000 0.003000 0.003100 13.313540 80.560661 0.000000 -0.045000 0.115000 -0.118000 0.000000 0.000000
14:06:12 132.300003 -112.849998 0.000000 64.269997 173.348999 59.430000 9.188000 -11.580000 6.770000 0.003000 0.003100 13.313570 80.560692 0.000000 -0.045000 0.115000 -0.118000 0.000000 0.000000
14:06:12 132.300003 -112.849998 0.000000 64.269997 173.348999 59.430000 9.188000 -11.580000 6.770000 1471854.748000 452421.305000 13.313570 80.560692 0.000000 -0.045000 0.115000 -0.118000 0.000000 0.000000
14:06:13 132.300003 -112.849998 0.000000 64.269997 173.348999 59.430000 9.188000 -11.580000 6.770000 0.003000 0.003100 13.313570 80.560692 0.000000 -0.045000 0.115000 -0.118000 0.000000 0.000000
14:06:13 132.300003 -112.849998 0.000000 64.269997 173.348999 59.430000 9.188000 -11.580000 6.770000 0.003000 0.003100 13.313570 80.560692 0.000000 -0.045000 0.115000 -0.118000 0.000000 0.000000
14:06:13 132.300003 -112.849998 0.000000 64.269997 172.207001 59.430000 9.667000 -11.580000 6.836000 0.003000 0.003100 13.313600 80.560730 0.000000 -0.045000 0.115000 -0.118000 0.000000 0.000000
14:06:13 132.300003 -112.849998 0.000000 64.269997 172.207001 59.430000 9.667000 -11.580000 6.836000 1471858.084000 452424.744000 13.313600 80.560730 0.000000 -0.045000 0.115000 -0.118000 0.000000 0.000000
14:06:14 132.300003 -112.849998 0.000000 64.269997 172.207001 59.430000 9.667000 -11.580000 6.836000 1471861.183000 452428.476000 13.313600 80.560730 0.000000 -0.045000 0.115000 -0.118000 0.000000 0.000000
14:06:14 132.300003 -112.849998 0.000000 64.269997 172.207001 59.430000 9.667000 -11.580000 6.836000 1471861.290000 452428.490000 13.313600 80.560730 0.000000 -0.045000 0.115000 -0.118000 0.000000 0.000000
14:06:14 132.300003 -112.849998 0.000000 64.269997 170.988998 59.430000 10.100000 -11.580000 6.866000 0.003000 0.003800 13.313632 80.560760 0.000000 -0.045000 0.115000 -0.118000 0.000000 0.000000
14:06:14 132.300003 -112.849998 0.000000 64.269997 170.988998 59.430000 10.100000 -11.580000 6.866000 1471861.612000 452428.534000 13.313632 80.560760 0.000000 -0.045000 0.115000 -0.118000 0.000000 0.000000
14:06:15 132.300003 -112.849998 0.000000 64.269997 170.988998 59.430000 10.100000 -11.580000 6.866000 1471864.743000 452432.444000 13.313632 80.560760 0.000000 -0.045000 0.115000 -0.118000 0.000000 0.000000
14:06:15 132.300003 -112.849998 0.000000 64.269997 170.988998 59.430000 10.100000 -11.580000 6.866000 0.003000 0.003200 13.313632 80.560760 0.000000 -0.045000 0.115000 -0.118000 0.000000 0.000000
14:06:15 132.300003 -112.849998 0.000000 64.269997 169.709000 59.430000 10.369000 -11.580000 6.440000 0.003000 0.003200 13.313692 80.560837 0.000000 -0.045000 0.115000 -0.118000 0.000000 0.000000
14:06:15 132.300003 -112.849998 0.000000 64.269997 169.709000 59.430000 10.369000 -11.580000 6.440000 1471865.173000 452432.499000 13.313692 80.560837 0.000000 -0.045000 0.115000 -0.118000 0.000000 0.000000
14:06:16 132.199997 -112.849998 0.000000 64.269997 169.709000 59.430000 10.369000 -11.580000 6.440000 1471865.280000 452432.511000 13.313692 80.560837 0.000000 -0.045000 0.115000 -0.118000 0.000000 0.000000
14:06:16 132.199997 -112.849998 0.000000 64.269997 168.658997 59.430000 10.462000 -11.580000 6.234000 1471868.472000 452436.684000 13.313696 80.560837 0.000000 -0.045000 0.115000 -0.118000 0.000000 0.000000
14:06:16 132.199997 -112.849998 0.000000 64.269997 168.658997 59.430000 10.472000 -11.580000 6.371000 1471868.687000 452436.708000 13.313697 80.560837 0.000000 -0.045000 0.115000 -0.118000 0.000000 0.000000
14:06:16 132.199997 -112.849998 0.000000 64.269997 168.658997 59.430000 10.472000 -11.580000 6.371000 1471868.794000 452436.720000 13.313697 80.560837 0.000000 -0.045000 0.115000 -0.118000 0.000000 0.000000
14:06:17 132.199997 -112.849998 0.000000 64.269997 168.658997 59.430000 10.472000 -11.580000 6.371000 1471868.901000 452436.733000 13.313697 80.560837 0.000000 -0.045000 0.115000 -0.118000 0.000000 0.000000
14:06:17 132.199997 -112.849998 0.000000 64.269997 167.317001 59.430000 10.454000 -11.580000 6.873000 0.003000 0.003600 13.313728 80.560875 0.000000 -0.045000 0.115000 -0.118000 0.000000 0.000000
14:06:17 132.199997 -112.849998 0.000000 64.269997 167.317001 59.430000 10.435000 -11.580000 6.891000 1471872.240000 452441.000000 13.313729 80.560875 0.000000 -0.045000 0.115000 -0.118000 0.000000 0.000000
14:06:17 132.100006 -112.849998 0.000000 64.269997 167.317001 59.430000 10.435000 -11.580000 6.891000 1471872.347000 452441.012000 13.313729 80.560875 0.000000 -0.045000 0.115000 -0.118000 0.000000 0.000000
14:06:18 132.100006 -112.849998 0.000000 64.269997 167.317001 59.430000 10.435000 -11.580000 6.891000 0.003000 0.003100 13.313729 80.560875 0.000000 -0.045000 0.115000 -0.118000 0.000000 0.000000
14:06:18 132.100006 -112.849998 0.000000 64.269997 165.957001 59.430000 10.312000 -11.580000 6.867000 0.003000 0.003100 13.313760 80.560913 0.000000 -0.045000 0.115000 -0.118000 0.000000 0.000000
14:06:18 132.000000 -112.849998 0.000000 64.269997 165.957001 59.430000 10.312000 -11.580000 6.867000 1471875.729000 452445.201000 13.313761 80.560913 0.000000 -0.045000 0.115000 -0.118000 0.000000 0.000000
14:06:18 132.000000 -112.849998 0.000000 64.269997 165.957001 59.430000 10.312000 -11.580000 6.867000 1471875.836000 452445.213000 13.313761 80.560913 0.000000 -0.045000 0.115000 -0.118000 0.000000 0.000000
14:06:19 132.000000 -112.849998 0.000000 64.269997 165.957001 59.430000 10.312000 -11.580000 6.867000 1471875.944000 452445.225000 13.313761 80.560913 0.000000 -0.045000 0.115000 -0.118000 0.000000 0.000000
14:06:19 132.000000 -112.849998 0.000000 64.269997 164.619995 59.430000 10.093000 -11.580000 6.959000 0.003000 0.003500 13.313793 80.560959 0.000000 -0.045000 0.115000 -0.118000 0.000000 0.000000
14:06:19 132.000000 -112.849998 0.000000 64.269997 164.619995 59.430000 10.093000 -11.580000 6.959000 1471879.395000 452449.699000 13.313794 80.560959 0.000000 -0.045000 0.115000 -0.118000 0.000000 0.000000
14:06:19 132.000000 -112.849998 0.000000 64.269997 164.619995 59.430000 10.093000 -11.580000 6.959000 1471879.503000 452449.710000 13.313794 80.560959 0.000000 -0.045000 0.115000 -0.118000 0.000000 0.000000
14:06:20 132.000000 -112.849998 0.000000 64.269997 164.619995 59.430000 10.093000 -11.580000 6.959000 0.003000 0.003900 13.313794 80.560959 0.000000 -0.045000 0.115000 -0.118000 0.000000 0.000000
14:06:20 132.000000 -112.849998 0.000000 64.269997 163.341995 59.430000 9.813000 -11.580000 6.677000 0.003000 0.003900 13.313826 80.560997 0.000000 -0.045000 0.115000 -0.118000 0.000000 0.000000
14:06:20 132.000000 -112.849998 0.000000 64.269997 163.341995 59.430000 9.813000 -11.580000 6.677000 1471883.004000 452454.088000 13.313827 80.560997 0.000000 -0.045000 0.115000 -0.118000 0.000000 0.000000
14:06:20 132.000000 -112.849998 0.000000 64.269997 163.341995 59.430000 9.813000 -11.580000 6.677000 1471883.111000 452454.098000 13.313827 80.560997 0.000000 -0.045000 0.115000 -0.118000 0.000000 0.000000
14:06:21 132.000000 -112.849998 0.000000 64.269997 163.341995 59.430000 9.813000 -11.580000 6.677000 0.003000 0.003400 13.313827 80.560997 0.000000 -0.045000 0.115000 -0.118000 0.000000 0.000000
14:06:21 131.899994 -112.849998 0.000000 64.269997 162.130005 59.430000 9.533000 -11.580000 6.361000 0.003000 0.003400 13.313859 80.561035 0.000000 -0.045000 0.115000 -0.118000 0.000000 0.000000
14:06:21 131.899994 -112.849998 0.000000 64.269997 162.130005 59.430000 9.533000 -11.580000 6.361000 1471886.666000 452458.548000 13.313860 80.561035 0.000000 -0.045000 0.115000 -0.118000 0.000000 0.000000
14:06:21 131.899994 -112.849998 0.000000 64.269997 162.130005 59.430000 9.533000 -11.580000 6.361000 1471886.773000 452458.558000 13.313860 80.561035 0.000000 -0.045000 0.115000 -0.118000 0.000000 0.000000
14:06:22 131.800003 -112.849998 0.000000 64.269997 162.130005 59.430000 9.533000 -11.580000 6.361000 0.003000 0.003800 13.313860 80.561035 0.000000 -0.045000 0.115000 -0.118000 0.000000 0.000000
14:06:22 131.800003 -112.849998 0.000000 64.269997 162.130005 59.430000 9.533000 -11.580000 6.361000 0.003000 0.003800 13.313860 80.561035 0.000000 -0.045000 0.115000 -0.118000 0.000000 0.000000
14:06:22 131.800003 -112.849998 0.000000 64.269997 160.688995 59.430000 9.291000 -11.580000 6.426000 0.003000 0.003800 13.313920 80.561119 0.000000 -0.045000 0.115000 -0.118000 0.000000 0.000000
14:06:22 131.800003 -112.849998 0.000000 64.269997 160.688995 59.430000 9.291000 -11.580000 6.426000 1471890.546000 452462.876000 13.313920 80.561119 0.000000 -0.045000 0.115000 -0.118000 0.000000 0.000000
14:06:23 131.800003 -112.849998 0.000000 64.269997 160.688995 59.430000 9.291000 -11.580000 6.426000 0.003000 0.003200 13.313920 80.561119 0.000000 -0.045000 0.115000 -0.118000 0.000000 0.000000
14:06:23 131.800003 -112.849998 0.000000 64.269997 159.688995 59.430000 9.222000 -11.580000 6.031000 0.003000 0.003200 13.313925 80.561119 0.000000 -0.045000 0.115000 -0.118000 0.000000 0.000000
14:06:23 131.800003 -112.849998 0.000000 64.269997 159.688995 59.430000 9.220000 -11.580000 6.000000 1471893.887000 452467.183000 13.313926 80.561119 0.000000 -0.045000 0.115000 -0.118000 0.000000 0.000000
14:06:23 131.800003 -112.849998 0.000000 64.269997 159.688995 59.430000 9.220000 -11.580000 6.000000 1471893.995000 452467.193000 13.313926 80.561119 0.000000 -0.045000 0.115000 -0.118000 0.000000 0.000000
14:06:24 131.800003 -112.849998 0.000000 64.269997 159.688995 59.430000 9.220000 -11.580000 6.000000 1471894.102000 452467.203000 13.313926 80.561119 0.000000 -0.045000 0.115000 -0.118000 0.000000 0.000000
14:06:24 131.800003 -112.849998 0.000000 64.269997 159.688995 59.430000 9.220000 -11.580000 6.000000 0.003000 0.003700 13.313926 80.561119 0.000000 -0.045000 0.115000 -0.118000 0.000000 0.000000
14:06:24 131.699997 -112.849998 0.000000 64.269997 158.084000 59.430000 9.312000 -11.580000 6.324000 0.003000 0.003700 13.313980 80.561195 0.000000 -0.045000 0.115000 -0.118000 0.000000 0.000000
14:06:24 131.699997 -112.849998 0.000000 64.269997 158.084000 59.430000 9.312000 -11.580000 6.324000 1471897.389000 452471.580000 13.313980 80.561195 0.000000 -0.045000 0.115000 -0.118000 0.000000 0.000000
14:06:25 131.699997 -112.849998 0.000000 64.269997 158.084000 59.430000 9.312000 -11.580000 6.324000 0.003000 0.003100 13.313980 80.561195 0.000000 -0.045000 0.115000 -0.118000 0.000000 0.000000
14:06:25 131.699997 -112.849998 0.000000 64.269997 156.944000 59.430000 9.474000 -11.580000 6.857000 0.003000 0.003100 13.313984 80.561195 0.000000 -0.045000 0.115000 -0.118000 0.000000 0.000000
14:06:25 131.699997 -112.849998 0.000000 64.269997 156.944000 59.430000 9.474000 -11.580000 6.857000 1471900.444000 452475.810000 13.313985 80.561195 0.000000 -0.045000 0.115000 -0.118000 0.000000 0.000000
14:06:25 131.699997 -112.849998 0.000000 64.269997 156.944000 59.430000 9.474000 -11.580000 6.857000 1471900.552000 452475.822000 13.313985 80.561195 0.000000 -0.045000 0.115000 -0.118000 0.000000 0.000000
14:06:26 131.699997 -112.849998 0.000000 64.269997 156.944000 59.430000 9.474000 -11.580000 6.857000 0.003000 0.003500 13.313985 80.561195 0.000000 -0.045000 0.115000 -0.118000 0.000000 0.000000
14:06:26 131.699997 -112.849998 0.000000 64.269997 155.475006 59.430000 9.720000 -11.580000 7.211000 0.003000 0.003500 13.314011 80.561234 0.000000 -0.045000 0.115000 -0.118000 0.000000 0.000000
14:06:26 131.699997 -112.849998 0.000000 64.269997 155.475006 59.430000 9.720000 -11.580000 7.211000 1471903.389000 452480.044000 13.314012 80.561234 0.000000 -0.045000 0.115000 -0.118000 0.000000 0.000000
14:06:26 131.699997 -112.849998 0.000000 64.269997 155.475006 59.430000 9.720000 -11.580000 7.211000 1471903.496000 452480.054000 13.314012 80.561234 0.000000 -0.045000 0.115000 -0.118000 0.000000 0.000000
14:06:27 131.699997 -112.849998 0.000000 64.269997 155.475006 59.430000 9.720000 -11.580000 7.211000 0.003000 0.003000 13.314012 80.561234 0.000000 -0.045000 0.115000 -0.118000 0.000000 0.000000
14:06:27 131.800003 -112.849998 0.000000 64.269997 154.016998 59.430000 9.908000 -11.580000 7.462000 0.003000 0.003000 13.314038 80.561279 0.000000 -0.045000 0.115000 -0.118000 0.000000 0.000000
14:06:27 131.800003 -112.849998 0.000000 64.269997 153.733002 59.430000 9.929000 -11.580000 7.454000 1471906.463000 452484.330000 13.314039 80.561279 0.000000 -0.045000 0.115000 -0.118000 0.000000 0.000000
14:06:27 131.800003 -112.849998 0.000000 64.269997 153.733002 59.430000 9.929000 -11.580000 7.454000 1471906.571000 452484.338000 13.314039 80.561279 0.000000 -0.045000 0.115000 -0.118000 0.000000 0.000000
14:06:28 131.699997 -112.849998 0.000000 64.269997 153.733002 59.430000 9.929000 -11.580000 7.454000 0.003000 0.003400 13.314039 80.561279 0.000000 -0.045000 0.115000 -0.118000 0.000000 0.000000
14:06:28 131.699997 -112.849998 0.000000 64.269997 152.651001 59.430000 9.927000 -11.580000 7.424000 0.003000 0.003400 13.314065 80.561317 0.000000 -0.045000 0.115000 -0.118000 0.000000 0.000000
14:06:28 131.699997 -112.849998 0.000000 64.269997 152.651001 59.430000 9.927000 -11.580000 7.424000 1471909.363000 452488.591000 13.314066 80.561317 0.000000 -0.045000 0.115000 -0.118000 0.000000 0.000000
14:06:28 131.699997 -112.849998 0.000000 64.269997 152.651001 59.430000 9.927000 -11.580000 7.424000 1471909.471000 452488.593000 13.314066 80.561317 0.000000 -0.045000 0.115000 -0.118000 0.000000 0.000000
14:06:29 131.699997 -112.849998 0.000000 64.269997 152.651001 59.430000 9.927000 -11.580000 7.424000 1471909.578000 452488.596000 13.314066 80.561317 0.000000 -0.045000 0.115000 -0.118000 0.000000 0.000000
14:06:29 131.699997 -112.849998 0.000000 64.269997 151.449005 59.430000 9.717000 -11.580000 6.988000 0.003000 0.003800 13.314094 80.561356 0.000000 -0.045000 0.115000 -0.118000 0.000000 0.000000
14:06:29 131.699997 -112.849998 0.000000 64.269997 151.449005 59.430000 9.717000 -11.580000 6.988000 1471912.512000 452492.865000 13.314095 80.561356 0.000000 -0.045000 0.115000 -0.118000 0.000000 0.000000
14:06:29 131.600006 -112.849998 0.000000 64.269997 151.449005 59.430000 9.717000 -11.580000 6.988000 1471912.619000 452492.865000 13.314095 80.561356 0.000000 -0.045000 0.115000 -0.118000 0.000000 0.000000
14:06:30 131.600006 -112.849998 0.000000 64.269997 151.449005 59.430000 9.717000 -11.580000 6.988000 1471912.727000 452492.865000 13.314095 80.561356 0.000000 -0.045000 0.115000 -0.118000 0.000000 0.000000
14:06:30 131.600006 -112.849998 0.000000 64.269997 150.436005 59.430000 9.346000 -11.580000 7.218000 0.003000 0.003200 13.314122 80.561394 0.000000 -0.045000 0.115000 -0.118000 0.000000 0.000000
14:06:30 131.600006 -112.849998 0.000000 64.269997 150.436005 59.430000 9.346000 -11.580000 7.218000 1471915.704000 452497.361000 13.314123 80.561394 0.000000 -0.045000 0.115000 -0.118000 0.000000 0.000000
14:06:30 131.600006 -112.849998 0.000000 64.269997 150.436005 59.430000 9.346000 -11.580000 7.218000 1471915.811000 452497.361000 13.314123 80.561394 0.000000 -0.045000 0.115000 -0.118000 0.000000 0.000000
14:06:31 131.600006 -112.849998 0.000000 64.269997 150.436005 59.430000 9.346000 -11.580000 7.218000 1471915.918000 452497.361000 13.314123 80.561394 0.000000 -0.045000 0.115000 -0.118000 0.000000 0.000000
14:06:31 131.600006 -112.849998 0.000000 64.269997 150.436005 59.430000 9.346000 -11.580000 7.218000 0.003000 0.003700 13.314123 80.561394 0.000000 -0.045000 0.115000 -0.118000 0.000000 0.000000
14:06:31 131.399994 -112.849998 0.000000 64.269997 149.440002 59.430000 8.788000 -11.580000 6.899000 0.003000 0.003700 13.314176 80.561478 0.000000 -0.045000 0.115000 -0.118000 0.000000 0.000000
14:06:31 131.399994 -112.849998 0.000000 64.269997 149.440002 59.430000 8.788000 -11.580000 6.899000 1471918.995000 452501.779000 13.314176 80.561478 0.000000 -0.045000 0.115000 -0.118000 0.000000 0.000000
14:06:32 131.399994 -112.849998 0.000000 64.269997 149.440002 59.430000 8.788000 -11.580000 6.899000 0.003000 0.003100 13.314176 80.561478 0.000000 -0.045000 0.115000 -0.118000 0.000000 0.000000
14:06:32 131.399994 -112.849998 0.000000 64.269997 148.856995 59.430000 8.428000 -11.580000 7.181000 0.003000 0.003100 13.314179 80.561478 0.000000 -0.045000 0.115000 -0.118000 0.000000 0.000000
14:06:32 131.399994 -112.849998 0.000000 64.269997 148.716995 59.430000 8.346000 -11.580000 7.177000 1471921.987000 452506.174000 13.314180 80.561478 0.000000 -0.045000 0.115000 -0.118000 0.000000 0.000000
14:06:32 131.399994 -112.849998 0.000000 64.269997 148.716995 59.430000 8.346000 -11.580000 7.177000 1471922.090000 452506.172000 13.314180 80.561478 0.000000 -0.045000 0.115000 -0.118000 0.000000 0.000000
14:06:33 131.399994 -112.849998 0.000000 64.269997 148.716995 59.430000 8.346000 -11.580000 7.177000 1471922.187000 452506.170000 13.314180 80.561478 0.000000 -0.045000 0.115000 -0.118000 0.000000 0.000000
14:06:33 131.399994 -112.849998 0.000000 64.269997 148.716995 59.430000 8.346000 -11.580000 7.177000 0.003000 0.003600 13.314180 80.561478 0.000000 -0.045000 0.115000 -0.118000 0.000000 0.000000
14:06:33 131.399994 -112.849998 0.000000 64.269997 148.033005 59.430000 8.008000 -11.580000 7.011000 0.003000 0.003600 13.314209 80.561516 0.000000 -0.045000 0.115000 -0.118000 0.000000 0.000000
14:06:33 131.399994 -112.849998 0.000000 64.269997 148.033005 59.430000 8.008000 -11.580000 7.011000 1471925.248000 452510.567000 13.314209 80.561516 0.000000 -0.045000 0.115000 -0.118000 0.000000 0.000000
14:06:34 131.399994 -112.849998 0.000000 64.269997 148.033005 59.430000 8.008000 -11.580000 7.011000 0.003000 0.003000 13.314209 80.561516 0.000000 -0.045000 0.115000 -0.118000 0.000000 0.000000
14:06:34 131.300003 -112.849998 0.000000 64.269997 147.479004 59.430000 7.869000 -11.580000 7.230000 0.003000 0.003000 13.314237 80.561562 0.000000 -0.045000 0.115000 -0.118000 0.000000 0.000000
14:06:34 131.300003 -112.849998 0.000000 64.269997 147.341003 59.430000 7.853000 -11.580000 7.184000 1471928.322000 452514.940000 13.314238 80.561562 0.000000 -0.045000 0.115000 -0.118000 0.000000 0.000000
14:06:34 131.300003 -112.849998 0.000000 64.269997 147.341003 59.430000 7.853000 -11.580000 7.184000 1471928.419000 452514.940000 13.314238 80.561562 0.000000 -0.045000 0.115000 -0.118000 0.000000 0.000000
14:06:35 131.199997 -112.849998 0.000000 64.269997 147.341003 59.430000 7.853000 -11.580000 7.184000 0.003000 0.003400 13.314238 80.561562 0.000000 -0.045000 0.115000 -0.118000 0.000000 0.000000
14:06:35 131.199997 -112.849998 0.000000 64.269997 146.770996 59.430000 7.871000 -11.580000 7.018000 0.003000 0.003400 13.314265 80.561592 0.000000 -0.045000 0.115000 -0.118000 0.000000 0.000000
14:06:35 131.199997 -112.849998 0.000000 64.269997 146.770996 59.430000 7.871000 -11.580000 7.018000 1471931.518000 452518.860000 13.314266 80.561592 0.000000 -0.045000 0.115000 -0.118000 0.000000 0.000000
14:06:35 131.199997 -112.849998 0.000000 64.269997 146.770996 59.430000 7.871000 -11.580000 7.018000 1471931.616000 452518.860000 13.314266 80.561592 0.000000 -0.045000 0.115000 -0.118000 0.000000 0.000000
14:06:36 131.199997 -112.849998 0.000000 64.269997 146.770996 59.430000 7.871000 -11.580000 7.018000 0.003000 0.003800 13.314266 80.561592 0.000000 -0.045000 0.115000 -0.118000 0.000000 0.000000
14:06:36 131.199997 -112.849998 0.000000 64.269997 146.009995 59.430000 8.098000 -11.580000 7.166000 0.003000 0.003800 13.314294 80.561630 0.000000 -0.045000 0.115000 -0.118000 0.000000 0.000000
14:06:36 131.199997 -112.849998 0.000000 64.269997 146.009995 59.430000 8.098000 -11.580000 7.166000 1471934.656000 452522.819000 13.314295 80.561630 0.000000 -0.045000 0.115000 -0.118000 0.000000 0.000000
14:06:36 131.100006 -112.849998 0.000000 64.269997 146.009995 59.430000 8.098000 -11.580000 7.166000 1471934.753000 452522.821000 13.314295 80.561630 0.000000 -0.045000 0.115000 -0.118000 0.000000 0.000000
14:06:37 131.100006 -112.849998 0.000000 64.269997 146.009995 59.430000 8.098000 -11.580000 7.166000 0.003000 0.003200 13.314295 80.561630 0.000000 -0.045000 0.115000 -0.118000 0.000000 0.000000
14:06:37 131.100006 -112.849998 0.000000 64.269997 145.162003 59.430000 8.531000 -11.580000 7.116000 0.003000 0.003200 13.314322 80.561668 0.000000 -0.045000 0.115000 -0.118000 0.000000 0.000000
14:06:37 131.000000 -112.849998 0.000000 64.269997 145.162003 59.430000 8.531000 -11.580000 7.116000 1471937.700000 452526.930000 13.314322 80.561668 0.000000 -0.045000 0.115000 -0.118000 0.000000 0.000000
14:06:37 131.000000 -112.849998 0.000000 64.269997 145.162003 59.430000 8.531000 -11.580000 7.116000 1471937.798000 452526.931000 13.314322 80.561668 0.000000 -0.045000 0.115000 -0.118000 0.000000 0.000000
14:06:38 131.000000 -112.849998 0.000000 64.269997 145.162003 59.430000 8.531000 -11.580000 7.116000 0.003000 0.003600 13.314322 80.561668 0.000000 -0.045000 0.115000 -0.118000 0.000000 0.000000
14:06:38 131.000000 -112.849998 0.000000 64.269997 145.162003 59.430000 8.531000 -11.580000 7.116000 0.003000 0.003600 13.314322 80.561668 0.000000 -0.045000 0.115000 -0.118000 0.000000 0.000000
14:06:38 130.899994 -112.849998 0.000000 64.269997 144.000000 59.430000 9.256000 -11.580000 7.389000 0.003000 0.003600 13.314349 80.561707 0.000000 -0.045000 0.115000 -0.118000 0.000000 0.000000
14:06:38 130.899994 -112.849998 0.000000 64.269997 144.000000 59.430000 9.256000 -11.580000 7.389000 1471940.776000 452530.961000 13.314349 80.561707 0.000000 -0.045000 0.115000 -0.118000 0.000000 0.000000
14:06:39 130.899994 -112.849998 0.000000 64.269997 144.000000 59.430000 9.256000 -11.580000 7.389000 1471940.883000 452530.961000 13.314349 80.561707 0.000000 -0.045000 0.115000 -0.118000 0.000000 0.000000
14:06:39 130.899994 -112.849998 0.000000 64.269997 143.167999 59.430000 9.769000 -11.580000 7.384000 0.003000 0.003000 13.314375 80.561745 0.000000 -0.045000 0.115000 -0.118000 0.000000 0.000000
14:06:39 130.899994 -112.849998 0.000000 64.269997 143.167999 59.430000 9.769000 -11.580000 7.384000 1471943.613000 452534.853000 13.314376 80.561745 0.000000 -0.045000 0.115000 -0.118000 0.000000 0.000000
14:06:39 130.899994 -112.849998 0.000000 64.269997 143.167999 59.430000 9.769000 -11.580000 7.384000 1471943.720000 452534.852000 13.314376 80.561745 0.000000 -0.045000 0.115000 -0.118000 0.000000 0.000000
14:06:40 130.899994 -112.849998 0.000000 64.269997 143.167999 59.430000 9.769000 -11.580000 7.384000 1471943.828000 452534.850000 13.314376 80.561745 0.000000 -0.045000 0.115000 -0.118000 0.000000 0.000000
14:06:40 130.899994 -112.849998 0.000000 64.269997 143.167999 59.430000 9.769000 -11.580000 7.384000 0.003000 0.003400 13.314376 80.561745 0.000000 -0.045000 0.115000 -0.118000 0.000000 0.000000
14:06:40 130.899994 -112.849998 0.000000 64.269997 141.904999 59.430000 10.462000 -11.580000 7.541000 0.003000 0.003400 13.314421 80.561813 0.000000 -0.045000 0.115000 -0.118000 0.000000 0.000000
14:06:40 130.899994 -112.849998 0.000000 64.269997 141.904999 59.430000 10.462000 -11.580000 7.541000 1471946.499000 452538.766000 13.314421 80.561813 0.000000 -0.045000 0.115000 -0.118000 0.000000 0.000000
14:06:41 130.899994 -112.849998 0.000000 64.269997 141.904999 59.430000 10.462000 -11.580000 7.541000 0.003000 0.003800 13.314421 80.561813 0.000000 -0.045000 0.115000 -0.118000 0.000000 0.000000
14:06:41 130.899994 -112.849998 0.000000 64.269997 141.100998 59.430000 10.802000 -11.580000 7.628000 0.003000 0.003800 13.314425 80.561813 0.000000 -0.045000 0.115000 -0.118000 0.000000 0.000000
14:06:41 130.899994 -112.849998 0.000000 64.269997 140.906998 59.430000 10.867000 -11.580000 7.738000 1471949.100000 452542.801000 13.314425 80.561813 0.000000 -0.045000 0.115000 -0.118000 0.000000 0.000000
14:06:41 130.899994 -112.849998 0.000000 64.269997 140.906998 59.430000 10.867000 -11.580000 7.738000 1471949.208000 452542.796000 13.314425 80.561813 0.000000 -0.045000 0.115000 -0.118000 0.000000 0.000000
14:06:42 130.800003 -112.849998 0.000000 64.269997 140.906998 59.430000 10.867000 -11.580000 7.738000 0.003000 0.003200 13.314425 80.561813 0.000000 -0.045000 0.115000 -0.118000 0.000000 0.000000
14:06:42 130.800003 -112.849998 0.000000 64.269997 140.182999 59.430000 11.016000 -11.580000 7.973000 0.003000 0.003200 13.314449 80.561859 0.000000 -0.045000 0.115000 -0.118000 0.000000 0.000000
14:06:42 130.800003 -112.849998 0.000000 64.269997 140.182999 59.430000 11.016000 -11.580000 7.973000 1471951.848000 452547.324000 13.314450 80.561859 0.000000 -0.045000 0.115000 -0.118000 0.000000 0.000000
14:06:42 130.800003 -112.849998 0.000000 64.269997 140.182999 59.430000 11.016000 -11.580000 7.973000 1471951.955000 452547.317000 13.314450 80.561859 0.000000 -0.045000 0.115000 -0.118000 0.000000 0.000000
14:06:43 130.699997 -112.849998 0.000000 64.269997 140.182999 59.430000 11.016000 -11.580000 7.973000 0.003000 0.003700 13.314450 80.561859 0.000000 -0.045000 0.115000 -0.118000 0.000000 0.000000
14:06:43 130.699997 -112.849998 0.000000 64.269997 139.432007 59.430000 10.908000 -11.580000 7.678000 0.003000 0.003700 13.314473 80.561897 0.000000 -0.045000 0.115000 -0.118000 0.000000 0.000000
14:06:43 130.699997 -112.849998 0.000000 64.269997 139.304993 59.430000 10.849000 -11.580000 7.731000 1471954.453000 452551.719000 13.314474 80.561897 0.000000 -0.045000 0.115000 -0.118000 0.000000 0.000000
14:06:43 130.600006 -112.849998 0.000000 64.269997 139.304993 59.430000 10.849000 -11.580000 7.731000 1471954.561000 452551.709000 13.314474 80.561897 0.000000 -0.045000 0.115000 -0.118000 0.000000 0.000000
14:06:44 130.600006 -112.849998 0.000000 64.269997 139.304993 59.430000 10.849000 -11.580000 7.731000 1471954.668000 452551.699000 13.314474 80.561897 0.000000 -0.045000 0.115000 -0.118000 0.000000 0.000000
14:06:44 130.600006 -112.849998 0.000000 64.269997 138.891998 59.430000 10.485000 -11.580000 7.903000 0.003000 0.003100 13.314496 80.561943 0.000000 -0.045000 0.115000 -0.118000 0.000000 0.000000
14:06:44 130.500000 -112.849998 0.000000 64.269997 138.891998 59.430000 10.485000 -11.580000 7.903000 1471956.978000 452556.501000 13.314497 80.561943 0.000000 -0.045000 0.115000 -0.118000 0.000000 0.000000
14:06:44 130.500000 -112.849998 0.000000 64.269997 138.891998 59.430000 10.485000 -11.580000 7.903000 1471957.085000 452556.490000 13.314497 80.561943 0.000000 -0.045000 0.115000 -0.118000 0.000000 0.000000
14:06:45 130.500000 -112.849998 0.000000 64.269997 138.891998 59.430000 10.485000 -11.580000 7.903000 1471957.192000 452556.478000 13.314497 80.561943 0.000000 -0.045000 0.115000 -0.118000 0.000000 0.000000
14:06:45 130.500000 -112.849998 0.000000 64.269997 138.595001 59.430000 9.765000 -11.580000 7.562000 0.003000 0.003600 13.314521 80.561989 0.000000 -0.045000 0.115000 -0.118000 0.000000 0.000000
14:06:45 130.399994 -112.849998 0.000000 64.269997 138.595001 59.430000 9.765000 -11.580000 7.562000 1471959.680000 452561.233000 13.314522 80.561989 0.000000 -0.045000 0.115000 -0.118000 0.000000 0.000000
14:06:45 130.399994 -112.849998 0.000000 64.269997 138.595001 59.430000 9.765000 -11.580000 7.562000 1471959.787000 452561.223000 13.314522 80.561989 0.000000 -0.045000 0.115000 -0.118000 0.000000 0.000000
14:06:46 130.399994 -112.849998 0.000000 64.269997 138.595001 59.430000 9.765000 -11.580000 7.562000 1471959.895000 452561.212000 13.314522 80.561989 0.000000 -0.045000 0.115000 -0.118000 0.000000 0.000000
14:06:46 130.399994 -112.849998 0.000000 64.269997 138.475006 59.430000 8.815000 -11.580000 7.774000 0.003000 0.003100 13.314546 80.562035 0.000000 -0.045000 0.115000 -0.118000 0.000000 0.000000
14:06:46 130.399994 -112.849998 0.000000 64.269997 138.462997 59.430000 8.602000 -11.580000 7.801000 1471960.217000 452561.175000 13.314547 80.562035 0.000000 -0.045000 0.115000 -0.118000 0.000000 0.000000
14:06:46 130.399994 -112.849998 0.000000 64.269997 138.462997 59.430000 8.602000 -11.580000 7.801000 1471962.505000 452566.197000 13.314547 80.562035 0.000000 -0.045000 0.115000 -0.118000 0.000000 0.000000
14:06:47 130.399994 -112.849998 0.000000 64.269997 138.462997 59.430000 8.602000 -11.580000 7.801000 0.003000 0.003600 13.314547 80.562035 0.000000 -0.045000 0.115000 -0.118000 0.000000 0.000000
14:06:47 130.399994 -112.849998 0.000000 64.269997 138.462997 59.430000 8.602000 -11.580000 7.801000 0.003000 0.003600 13.314547 80.562035 0.000000 -0.045000 0.115000 -0.118000 0.000000 0.000000
14:06:47 130.300003 -112.849998 0.000000 64.269997 138.416000 59.430000 7.469000 -11.580000 7.562000 0.003000 0.003600 13.314590 80.562119 0.000000 -0.045000 0.115000 -0.118000 0.000000 0.000000
14:06:47 130.300003 -112.849998 0.000000 64.269997 138.416000 59.430000 7.469000 -11.580000 7.562000 1471967.335000 452575.931000 13.314590 80.562119 0.000000 -0.045000 0.115000 -0.118000 0.000000 0.000000
14:06:48 130.300003 -112.849998 0.000000 64.269997 138.416000 59.430000 7.469000 -11.580000 7.562000 1471967.443000 452575.921000 13.314590 80.562119 0.000000 -0.045000 0.115000 -0.118000 0.000000 0.000000
14:06:48 130.199997 -112.849998 0.000000 64.269997 138.348007 59.430000 6.616000 -11.580000 7.386000 0.003000 0.003500 13.314594 80.562119 0.000000 -0.045000 0.115000 -0.118000 0.000000 0.000000
14:06:48 130.199997 -112.849998 0.000000 64.269997 138.320007 59.430000 6.431000 -11.580000 7.366000 1471967.751000 452575.898000 13.314595 80.562119 0.000000 -0.045000 0.115000 -0.118000 0.000000 0.000000
14:06:48 130.199997 -112.849998 0.000000 64.269997 138.320007 59.430000 6.431000 -11.580000 7.366000 1471967.869000 452575.896000 13.314595 80.562119 0.000000 -0.045000 0.115000 -0.118000 0.000000 0.000000
14:06:49 130.100006 -112.849998 0.000000 64.269997 138.320007 59.430000 6.431000 -11.580000 7.366000 1471967.966000 452575.889000 13.314595 80.562119 0.000000 -0.045000 0.115000 -0.118000 0.000000 0.000000
14:06:49 130.100006 -112.849998 0.000000 64.269997 138.320007 59.430000 6.431000 -11.580000 7.366000 0.003000 0.003500 13.314595 80.562119 0.000000 -0.045000 0.115000 -0.118000 0.000000 0.000000
14:06:49 130.100006 -112.849998 0.000000 64.269997 138.085007 59.430000 5.761000 -11.580000 7.322000 0.003000 0.003500 13.314620 80.562164 0.000000 -0.045000 0.115000 -0.118000 0.000000 0.000000
14:06:49 130.100006 -112.849998 0.000000 64.269997 138.085007 59.430000 5.761000 -11.580000 7.322000 1471972.782000 452584.996000 13.314620 80.562164 0.000000 -0.045000 0.115000 -0.118000 0.000000 0.000000
14:06:50 130.000000 -112.849998 0.000000 64.269997 138.085007 59.430000 5.761000 -11.580000 7.322000 1471972.880000 452584.992000 13.314620 80.562164 0.000000 -0.045000 0.115000 -0.118000 0.000000 0.000000
14:06:50 130.000000 -112.849998 0.000000 64.269997 137.781006 59.430000 5.584000 -11.580000 7.176000 0.003000 0.003400 13.314644 80.562202 0.000000 -0.045000 0.115000 -0.118000 0.000000 0.000000
14:06:50 130.000000 -112.849998 0.000000 64.269997 137.682999 59.430000 5.588000 -11.580000 7.147000 1471973.173000 452584.985000 13.314645 80.562202 0.000000 -0.045000 0.115000 -0.118000 0.000000 0.000000
14:06:50 129.899994 -112.849998 0.000000 64.269997 137.682999 59.430000 5.588000 -11.580000 7.147000 1471973.309000 452585.000000 13.314645 80.562202 0.000000 -0.045000 0.115000 -0.118000 0.000000 0.000000
14:06:51 129.899994 -112.849998 0.000000 64.269997 137.682999 59.430000 5.588000 -11.580000 7.147000 1471973.406000 452585.000000 13.314645 80.562202 0.000000 -0.045000 0.115000 -0.118000 0.000000 0.000000
14:06:51 129.899994 -112.849998 0.000000 64.269997 137.186996 59.430000 5.793000 -11.580000 7.209000 0.003000 0.003500 13.314667 80.562241 0.000000 -0.045000 0.115000 -0.118000 0.000000 0.000000
14:06:51 129.899994 -112.849998 0.000000 64.269997 137.037003 59.430000 5.891000 -11.580000 7.367000 1471973.699000 452585.000000 13.314668 80.562241 0.000000 -0.045000 0.115000 -0.118000 0.000000 0.000000
14:06:51 129.800003 -112.849998 0.000000 64.269997 137.037003 59.430000 5.891000 -11.580000 7.367000 1471977.762000 452592.703000 13.314686 80.562279 0.000000 -0.045000 0.115000 -0.118000 0.000000 0.000000
14:06:52 129.800003 -112.849998 0.000000 64.269997 137.037003 59.430000 5.891000 -11.580000 7.367000 1471977.859000 452592.703000 13.314686 80.562279 0.000000 -0.045000 0.115000 -0.118000 0.000000 0.000000
14:06:52 129.800003 -112.849998 0.000000 64.269997 137.037003 59.430000 5.891000 -11.580000 7.367000 1471977.957000 452592.705000 13.314686 80.562279 0.000000 -0.045000 0.115000 -0.118000 0.000000 0.000000
14:06:52 129.800003 -112.849998 0.000000 64.269997 137.037003 59.430000 5.891000 -11.580000 7.367000 1471978.055000 452592.707000 13.314686 80.562279 0.000000 -0.045000 0.115000 -0.118000 0.000000 0.000000
14:06:52 129.800003 -112.849998 0.000000 64.269997 137.037003 59.430000 5.891000 -11.580000 7.367000 1471978.152000 452592.710000 13.314686 80.562279 0.000000 -0.045000 0.115000 -0.118000 0.000000 0.000000
14:06:52 129.800003 -112.849998 0.000000 64.269997 137.037003 59.430000 5.891000 -11.580000 7.367000 1471978.287000 452592.718000 13.314686 80.562279 0.000000 -0.045000 0.115000 -0.118000 0.000000 0.000000
14:06:53 129.800003 -112.849998 0.000000 64.269997 137.037003 59.430000 5.891000 -11.580000 7.367000 1471978.384000 452592.720000 13.314686 80.562279 0.000000 -0.045000 0.115000 -0.118000 0.000000 0.000000
14:06:53 129.800003 -112.849998 0.000000 64.269997 135.255997 59.430000 7.481000 -11.580000 8.363000 0.003000 0.003200 13.314710 80.562309 0.000000 -0.045000 0.115000 -0.118000 0.000000 0.000000
14:06:53 129.800003 -112.849998 0.000000 64.269997 135.022003 59.430000 7.713000 -11.580000 8.419000 1471978.677000 452592.727000 13.314711 80.562309 0.000000 -0.045000 0.115000 -0.118000 0.000000 0.000000
14:06:53 129.800003 -112.849998 0.000000 64.269997 135.022003 59.430000 7.713000 -11.580000 8.419000 1471982.401000 452600.445000 13.314711 80.562309 0.000000 -0.045000 0.115000 -0.118000 0.000000 0.000000
14:06:54 129.800003 -112.849998 0.000000 64.269997 135.022003 59.430000 7.713000 -11.580000 8.419000 0.003000 0.003000 13.314711 80.562309 0.000000 -0.045000 0.115000 -0.118000 0.000000 0.000000
14:06:54 129.699997 -112.849998 0.000000 64.269997 134.052994 59.430000 8.670000 -11.580000 8.661000 0.003000 0.003000 13.314731 80.562347 0.000000 -0.045000 0.115000 -0.118000 0.000000 0.000000
14:06:54 129.699997 -112.849998 0.000000 64.269997 134.052994 59.430000 8.670000 -11.580000 8.661000 1471982.791000 452600.445000 13.314732 80.562347 0.000000 -0.045000 0.115000 -0.118000 0.000000 0.000000
14:06:54 129.699997 -112.849998 0.000000 64.269997 134.052994 59.430000 8.670000 -11.580000 8.661000 1471982.927000 452600.446000 13.314732 80.562347 0.000000 -0.045000 0.115000 -0.118000 0.000000 0.000000
14:06:55 129.699997 -112.849998 0.000000 64.269997 134.052994 59.430000 8.670000 -11.580000 8.661000 0.003000 0.003000 13.314732 80.562347 0.000000 -0.045000 0.115000 -0.118000 0.000000 0.000000
14:06:55 129.699997 -112.849998 0.000000 64.269997 132.888000 59.430000 9.766000 -11.580000 8.757000 0.003000 0.003000 13.314751 80.562386 0.000000 -0.045000 0.115000 -0.118000 0.000000 0.000000
14:06:55 129.699997 -112.849998 0.000000 64.269997 132.677002 59.430000 9.955000 -11.580000 8.734000 1471983.318000 452600.438000 13.314752 80.562386 0.000000 -0.045000 0.115000 -0.118000 0.000000 0.000000
14:06:55 129.699997 -112.849998 0.000000 64.269997 132.677002 59.430000 9.955000 -11.580000 8.734000 1471986.835000 452608.380000 13.314752 80.562386 0.000000 -0.045000 0.115000 -0.118000 0.000000 0.000000
14:06:56 129.500000 -112.849998 0.000000 64.269997 132.677002 59.430000 9.955000 -11.580000 8.734000 1471986.933000 452608.375000 13.314752 80.562386 0.000000 -0.045000 0.115000 -0.118000 0.000000 0.000000
14:06:56 129.500000 -112.849998 0.000000 64.269997 132.677002 59.430000 9.955000 -11.580000 8.734000 0.003000 0.003800 13.314752 80.562386 0.000000 -0.045000 0.115000 -0.118000 0.000000 0.000000
14:06:56 129.500000 -112.849998 0.000000 64.269997 131.804001 59.430000 10.679000 -11.580000 8.206000 0.003000 0.003800 13.314787 80.562462 0.000000 -0.045000 0.115000 -0.118000 0.000000 0.000000
14:06:56 129.500000 -112.849998 0.000000 64.269997 131.804001 59.430000 10.679000 -11.580000 8.206000 1471987.360000 452608.353000 13.314787 80.562462 0.000000 -0.045000 0.115000 -0.118000 0.000000 0.000000
14:06:57 129.399994 -112.849998 0.000000 64.269997 131.804001 59.430000 10.679000 -11.580000 8.206000 1471989.146000 452612.548000 13.314787 80.562462 0.000000 -0.045000 0.115000 -0.118000 0.000000 0.000000
14:06:57 129.399994 -112.849998 0.000000 64.269997 131.339005 59.430000 10.984000 -11.580000 7.964000 0.003000 0.003200 13.314791 80.562462 0.000000 -0.045000 0.115000 -0.118000 0.000000 0.000000
14:06:57 129.399994 -112.849998 0.000000 64.269997 131.250000 59.430000 11.027000 -11.580000 8.024000 1471989.469000 452612.525000 13.314792 80.562462 0.000000 -0.045000 0.115000 -0.118000 0.000000 0.000000
14:06:57 129.300003 -112.849998 0.000000 64.269997 131.250000 59.430000 11.027000 -11.580000 8.024000 1471989.576000 452612.515000 13.314792 80.562462 0.000000 -0.045000 0.115000 -0.118000 0.000000 0.000000
14:06:58 129.300003 -112.849998 0.000000 64.269997 131.250000 59.430000 11.027000 -11.580000 8.024000 1471991.222000 452616.927000 13.314792 80.562462 0.000000 -0.045000 0.115000 -0.118000 0.000000 0.000000
14:06:58 129.300003 -112.849998 0.000000 64.269997 130.988998 59.430000 11.077000 -11.580000 8.252000 0.003000 0.003600 13.314810 80.562500 0.000000 -0.045000 0.115000 -0.118000 0.000000 0.000000
14:06:58 129.300003 -112.849998 0.000000 64.269997 130.947006 59.430000 11.061000 -11.580000 8.213000 1471991.544000 452616.898000 13.314811 80.562500 0.000000 -0.045000 0.115000 -0.118000 0.000000 0.000000
14:06:58 129.199997 -112.849998 0.000000 64.269997 130.947006 59.430000 11.061000 -11.580000 8.213000 1471991.652000 452616.886000 13.314811 80.562500 0.000000 -0.045000 0.115000 -0.118000 0.000000 0.000000
14:06:59 129.199997 -112.849998 0.000000 64.269997 130.947006 59.430000 11.061000 -11.580000 8.213000 0.003000 0.003600 13.314811 80.562500 0.000000 -0.045000 0.115000 -0.118000 0.000000 0.000000
14:06:59 129.199997 -112.849998 0.000000 64.269997 130.865005 59.430000 10.921000 -11.580000 8.136000 0.003000 0.003600 13.314828 80.562538 0.000000 -0.045000 0.115000 -0.118000 0.000000 0.000000
14:06:59 129.100006 -112.849998 0.000000 64.269997 130.869003 59.430000 10.870000 -11.580000 8.189000 1471993.565000 452621.296000 13.314829 80.562538 0.000000 -0.045000 0.115000 -0.118000 0.000000 0.000000
14:06:59 129.100006 -112.849998 0.000000 64.269997 130.869003 59.430000 10.870000 -11.580000 8.189000 1471993.672000 452621.284000 13.314829 80.562538 0.000000 -0.045000 0.115000 -0.118000 0.000000 0.000000
14:07:00 129.100006 -112.849998 0.000000 64.269997 130.869003 59.430000 10.870000 -11.580000 8.189000 0.003000 0.003100 13.314829 80.562538 0.000000 -0.045000 0.115000 -0.118000 0.000000 0.000000
14:07:00 129.100006 -112.849998 0.000000 64.269997 130.979996 59.430000 10.617000 -11.580000 8.267000 0.003000 0.003100 13.314845 80.562584 0.000000 -0.045000 0.115000 -0.118000 0.000000 0.000000
14:07:00 129.100006 -112.849998 0.000000 64.269997 131.033997 59.430000 10.542000 -11.580000 8.183000 1471995.470000 452625.949000 13.314846 80.562584 0.000000 -0.045000 0.115000 -0.118000 0.000000 0.000000
14:07:00 129.100006 -112.849998 0.000000 64.269997 131.033997 59.430000 10.542000 -11.580000 8.183000 1471995.577000 452625.936000 13.314846 80.562584 0.000000 -0.045000 0.115000 -0.118000 0.000000 0.000000
14:07:01 129.100006 -112.849998 0.000000 64.269997 131.033997 59.430000 10.542000 -11.580000 8.183000 1471996.985000 452630.651000 13.314846 80.562584 0.000000 -0.045000 0.115000 -0.118000 0.000000 0.000000
14:07:01 128.899994 -112.849998 0.000000 64.269997 131.339005 59.430000 10.217000 -11.580000 7.767000 0.003000 0.003000 13.314862 80.562622 0.000000 -0.045000 0.115000 -0.118000 0.000000 0.000000
14:07:01 128.899994 -112.849998 0.000000 64.269997 131.429993 59.430000 10.134000 -11.580000 7.756000 1471997.307000 452630.614000 13.314863 80.562622 0.000000 -0.045000 0.115000 -0.118000 0.000000 0.000000
14:07:01 128.899994 -112.849998 0.000000 64.269997 131.429993 59.430000 10.134000 -11.580000 7.756000 1471997.415000 452630.602000 13.314863 80.562622 0.000000 -0.045000 0.115000 -0.118000 0.000000 0.000000
14:07:02 128.899994 -112.849998 0.000000 64.269997 131.429993 59.430000 10.134000 -11.580000 7.756000 1471998.987000 452635.277000 13.314863 80.562622 0.000000 -0.045000 0.115000 -0.118000 0.000000 0.000000
14:07:02 128.800003 -112.849998 0.000000 64.269997 131.824005 59.430000 9.829000 -11.580000 7.616000 0.003000 0.003500 13.314880 80.562668 0.000000 -0.045000 0.115000 -0.118000 0.000000 0.000000
14:07:02 128.800003 -112.849998 0.000000 64.269997 131.921005 59.430000 9.767000 -11.580000 7.604000 1471999.309000 452635.242000 13.314881 80.562668 0.000000 -0.045000 0.115000 -0.118000 0.000000 0.000000
14:07:02 128.800003 -112.849998 0.000000 64.269997 131.921005 59.430000 9.767000 -11.580000 7.604000 1471999.416000 452635.232000 13.314881 80.562668 0.000000 -0.045000 0.115000 -0.118000 0.000000 0.000000
14:07:03 128.800003 -112.849998 0.000000 64.269997 131.921005 59.430000 9.767000 -11.580000 7.604000 1472000.908000 452639.891000 13.314881 80.562668 0.000000 -0.045000 0.115000 -0.118000 0.000000 0.000000
14:07:03 128.800003 -112.849998 0.000000 64.269997 132.264999 59.430000 9.599000 -11.580000 7.848000 0.003000 0.003900 13.314898 80.562714 0.000000 -0.045000 0.115000 -0.118000 0.000000 0.000000
14:07:03 128.800003 -112.849998 0.000000 64.269997 132.264999 59.430000 9.599000 -11.580000 7.848000 1472001.230000 452639.862000 13.314898 80.562714 0.000000 -0.045000 0.115000 -0.118000 0.000000 0.000000
14:07:03 128.800003 -112.849998 0.000000 64.269997 132.264999 59.430000 9.599000 -11.580000 7.848000 1472001.337000 452639.852000 13.314898 80.562714 0.000000 -0.045000 0.115000 -0.118000 0.000000 0.000000
14:07:04 128.600006 -112.849998 0.000000 64.269997 132.264999 59.430000 9.599000 -11.580000 7.848000 0.003000 0.003900 13.314898 80.562714 0.000000 -0.045000 0.115000 -0.118000 0.000000 0.000000
14:07:04 128.600006 -112.849998 0.000000 64.269997 132.552002 59.430000 9.569000 -11.580000 8.365000 0.003000 0.003900 13.314915 80.562752 0.000000 -0.045000 0.115000 -0.118000 0.000000 0.000000
14:07:04 128.600006 -112.849998 0.000000 64.269997 132.587997 59.430000 9.582000 -11.580000 8.361000 1472003.102000 452644.476000 13.314916 80.562752 0.000000 -0.045000 0.115000 -0.118000 0.000000 0.000000
14:07:04 128.600006 -112.849998 0.000000 64.269997 132.587997 59.430000 9.582000 -11.580000 8.361000 1472003.209000 452644.466000 13.314916 80.562752 0.000000 -0.045000 0.115000 -0.118000 0.000000 0.000000
14:07:05 128.600006 -112.849998 0.000000 64.269997 132.587997 59.430000 9.582000 -11.580000 8.361000 1472004.571000 452648.886000 13.314916 80.562752 0.000000 -0.045000 0.115000 -0.118000 0.000000 0.000000
14:07:05 128.600006 -112.849998 0.000000 64.269997 132.587997 59.430000 9.582000 -11.580000 8.361000 0.003000 0.003800 13.314916 80.562752 0.000000 -0.045000 0.115000 -0.118000 0.000000 0.000000
14:07:05 128.600006 -112.849998 0.000000 64.269997 132.679993 59.430000 9.715000 -11.580000 8.334000 0.003000 0.003800 13.314943 80.562836 0.000000 -0.045000 0.115000 -0.118000 0.000000 0.000000
14:07:05 128.500000 -112.849998 0.000000 64.269997 132.679993 59.430000 9.715000 -11.580000 8.334000 1472004.961000 452648.838000 13.314943 80.562836 0.000000 -0.045000 0.115000 -0.118000 0.000000 0.000000
14:07:06 128.500000 -112.849998 0.000000 64.269997 132.679993 59.430000 9.715000 -11.580000 8.334000 1472006.352000 452653.022000 13.314943 80.562836 0.000000 -0.045000 0.115000 -0.118000 0.000000 0.000000
14:07:06 128.500000 -112.849998 0.000000 64.269997 132.651993 59.430000 9.870000 -11.580000 8.254000 1472006.449000 452653.010000 13.314947 80.562836 0.000000 -0.045000 0.115000 -0.118000 0.000000 0.000000
14:07:06 128.300003 -112.849998 0.000000 64.269997 132.632996 59.430000 9.910000 -11.580000 8.155000 1472006.645000 452652.986000 13.314948 80.562836 0.000000 -0.045000 0.115000 -0.118000 0.000000 0.000000
14:07:06 128.300003 -112.849998 0.000000 64.269997 132.632996 59.430000 9.910000 -11.580000 8.155000 1472006.742000 452652.973000 13.314948 80.562836 0.000000 -0.045000 0.115000 -0.118000 0.000000 0.000000
14:07:07 128.300003 -112.849998 0.000000 64.269997 132.632996 59.430000 9.910000 -11.580000 8.155000 0.003000 0.002200 13.314948 80.562836 0.000000 -0.045000 0.115000 -0.118000 0.000000 0.000000
14:07:07 128.300003 -112.849998 0.000000 64.269997 132.501999 59.430000 10.077000 -11.580000 8.127000 0.003000 0.002200 13.314964 80.562874 0.000000 -0.045000 0.115000 -0.118000 0.000000 0.000000
14:07:07 128.300003 -112.849998 0.000000 64.269997 132.459000 59.430000 10.118000 -11.580000 8.138000 1472008.557000 452657.122000 13.314965 80.562874 0.000000 -0.045000 0.115000 -0.118000 0.000000 0.000000
14:07:07 128.300003 -112.849998 0.000000 64.269997 132.459000 59.430000 10.118000 -11.580000 8.138000 1472008.654000 452657.110000 13.314965 80.562874 0.000000 -0.045000 0.115000 -0.118000 0.000000 0.000000
14:07:08 128.300003 -112.849998 0.000000 64.269997 132.459000 59.430000 10.118000 -11.580000 8.138000 0.003000 0.002700 13.314965 80.562874 0.000000 -0.045000 0.115000 -0.118000 0.000000 0.000000
14:07:08 128.300003 -112.849998 0.000000 64.269997 132.264008 59.430000 10.285000 -11.580000 8.026000 0.003000 0.002700 13.314981 80.562904 0.000000 -0.045000 0.115000 -0.118000 0.000000 0.000000
14:07:08 128.300003 -112.849998 0.000000 64.269997 132.212006 59.430000 10.326000 -11.580000 7.908000 1472010.451000 452661.103000 13.314982 80.562904 0.000000 -0.045000 0.115000 -0.118000 0.000000 0.000000
14:07:08 128.300003 -112.849998 0.000000 64.269997 132.212006 59.430000 10.326000 -11.580000 7.908000 1472010.559000 452661.091000 13.314982 80.562904 0.000000 -0.045000 0.115000 -0.118000 0.000000 0.000000
14:07:09 128.300003 -112.849998 0.000000 64.269997 132.212006 59.430000 10.326000 -11.580000 7.908000 1472010.666000 452661.079000 13.314982 80.562904 0.000000 -0.045000 0.115000 -0.118000 0.000000 0.000000
14:07:09 128.199997 -112.849998 0.000000 64.269997 131.977997 59.430000 10.482000 -11.580000 7.444000 0.003000 0.002100 13.314999 80.562943 0.000000 -0.045000 0.115000 -0.118000 0.000000 0.000000
14:07:09 128.199997 -112.849998 0.000000 64.269997 131.912994 59.430000 10.519000 -11.580000 7.435000 1472012.303000 452665.173000 13.315000 80.562943 0.000000 -0.045000 0.115000 -0.118000 0.000000 0.000000
14:07:09 128.199997 -112.849998 0.000000 64.269997 131.912994 59.430000 10.519000 -11.580000 7.435000 1472012.411000 452665.159000 13.315000 80.562943 0.000000 -0.045000 0.115000 -0.118000 0.000000 0.000000
14:07:10 128.000000 -112.849998 0.000000 64.269997 131.912994 59.430000 10.519000 -11.580000 7.435000 0.003000 0.002500 13.315000 80.562943 0.000000 -0.045000 0.115000 -0.118000 0.000000 0.000000
14:07:10 128.000000 -112.849998 0.000000 64.269997 131.634003 59.430000 10.642000 -11.580000 7.711000 0.003000 0.002500 13.315014 80.562981 0.000000 -0.045000 0.115000 -0.118000 0.000000 0.000000
14:07:10 128.000000 -112.849998 0.000000 64.269997 131.559998 59.430000 10.667000 -11.580000 7.805000 1472014.025000 452669.203000 13.315015 80.562981 0.000000 -0.045000 0.115000 -0.118000 0.000000 0.000000
14:07:10 128.000000 -112.849998 0.000000 64.269997 131.559998 59.430000 10.667000 -11.580000 7.805000 1472014.133000 452669.190000 13.315015 80.562981 0.000000 -0.045000 0.115000 -0.118000 0.000000 0.000000
14:07:11 128.000000 -112.849998 0.000000 64.269997 131.559998 59.430000 10.667000 -11.580000 7.805000 0.003000 0.002900 13.315015 80.562981 0.000000 -0.045000 0.115000 -0.118000 0.000000 0.000000
14:07:11 128.000000 -112.849998 0.000000 64.269997 131.248993 59.430000 10.751000 -11.580000 8.098000 0.003000 0.002900 13.315028 80.563019 0.000000 -0.045000 0.115000 -0.118000 0.000000 0.000000
14:07:11 128.000000 -112.849998 0.000000 64.269997 131.171005 59.430000 10.770000 -11.580000 8.272000 1472015.596000 452673.002000 13.315029 80.563019 0.000000 -0.045000 0.115000 -0.118000 0.000000 0.000000
14:07:11 128.000000 -112.849998 0.000000 64.269997 131.171005 59.430000 10.770000 -11.580000 8.272000 1472015.704000 452672.987000 13.315029 80.563019 0.000000 -0.045000 0.115000 -0.118000 0.000000 0.000000
14:07:12 128.000000 -112.849998 0.000000 64.269997 131.171005 59.430000 10.770000 -11.580000 8.272000 1472015.811000 452672.972000 13.315029 80.563019 0.000000 -0.045000 0.115000 -0.118000 0.000000 0.000000
14:07:12 128.000000 -112.849998 0.000000 64.269997 130.869995 59.430000 10.858000 -11.580000 9.125000 0.003000 0.002200 13.315042 80.563057 0.000000 -0.045000 0.115000 -0.118000 0.000000 0.000000
14:07:12 128.000000 -112.849998 0.000000 64.269997 130.869995 59.430000 10.858000 -11.580000 9.125000 1472017.062000 452676.994000 13.315049 80.563095 0.000000 -0.045000 0.115000 -0.118000 0.000000 0.000000
14:07:12 128.000000 -112.849998 0.000000 64.269997 130.869995 59.430000 10.858000 -11.580000 9.125000 1472017.170000 452676.977000 13.315049 80.563095 0.000000 -0.045000 0.115000 -0.118000 0.000000 0.000000
14:07:13 128.000000 -112.849998 0.000000 64.269997 130.869995 59.430000 10.858000 -11.580000 9.125000 0.003000 0.002600 13.315049 80.563095 0.000000 -0.045000 0.115000 -0.118000 0.000000 0.000000
14:07:13 128.000000 -112.849998 0.000000 64.269997 130.563995 59.430000 10.942000 -11.580000 9.105000 0.003000 0.002600 13.315053 80.563087 0.000000 -0.045000 0.115000 -0.118000 0.000000 0.000000
14:07:13 128.000000 -112.849998 0.000000 64.269997 130.524994 59.430000 10.952000 -11.580000 9.087000 1472018.356000 452681.008000 13.315054 80.563087 0.000000 -0.045000 0.115000 -0.118000 0.000000 0.000000
14:07:13 128.000000 -112.849998 0.000000 64.269997 130.524994 59.430000 10.952000 -11.580000 9.087000 1472018.464000 452680.991000 13.315054 80.563087 0.000000 -0.045000 0.115000 -0.118000 0.000000 0.000000
14:07:14 128.000000 -112.849998 0.000000 64.269997 130.524994 59.430000 10.952000 -11.580000 9.087000 0.003000 0.002000 13.315054 80.563087 0.000000 -0.045000 0.115000 -0.118000 0.000000 0.000000
14:07:14 128.000000 -112.849998 0.000000 64.269997 130.524994 59.430000 10.952000 -11.580000 9.087000 0.003000 0.002000 13.315054 80.563087 0.000000 -0.045000 0.115000 -0.118000 0.000000 0.000000
14:07:14 127.900002 -112.849998 0.000000 64.269997 130.505997 59.430000 10.924000 -11.580000 8.630000 0.003000 0.002000 13.315067 80.563126 0.000000 -0.045000 0.115000 -0.118000 0.000000 0.000000
14:07:14 127.900002 -112.849998 0.000000 64.269997 130.505997 59.430000 10.924000 -11.580000 8.630000 1472019.857000 452684.899000 13.315067 80.563126 0.000000 -0.045000 0.115000 -0.118000 0.000000 0.000000
14:07:15 127.900002 -112.849998 0.000000 64.269997 130.505997 59.430000 10.924000 -11.580000 8.630000 0.003000 0.002400 13.315067 80.563126 0.000000 -0.045000 0.115000 -0.118000 0.000000 0.000000
14:07:15 127.800003 -112.849998 0.000000 64.269997 130.725998 59.430000 10.857000 -11.580000 8.232000 0.003000 0.002400 13.315081 80.563164 0.000000 -0.045000 0.115000 -0.118000 0.000000 0.000000
14:07:15 127.800003 -112.849998 0.000000 64.269997 130.817001 59.430000 10.846000 -11.580000 8.101000 1472021.317000 452688.848000 13.315082 80.563164 0.000000 -0.045000 0.115000 -0.118000 0.000000 0.000000
14:07:15 127.800003 -112.849998 0.000000 64.269997 130.817001 59.430000 10.846000 -11.580000 8.101000 1472021.415000 452688.829000 13.315082 80.563164 0.000000 -0.045000 0.115000 -0.118000 0.000000 0.000000
14:07:16 127.699997 -112.849998 0.000000 64.269997 130.817001 59.430000 10.846000 -11.580000 8.101000 0.003000 0.002800 13.315082 80.563164 0.000000 -0.045000 0.115000 -0.118000 0.000000 0.000000
14:07:16 127.699997 -112.849998 0.000000 64.269997 131.289001 59.430000 10.879000 -11.580000 7.606000 0.003000 0.002800 13.315094 80.563202 0.000000 -0.045000 0.115000 -0.118000 0.000000 0.000000
14:07:16 127.699997 -112.849998 0.000000 64.269997 131.425995 59.430000 10.910000 -11.580000 7.532000 1472022.823000 452692.894000 13.315095 80.563202 0.000000 -0.045000 0.115000 -0.118000 0.000000 0.000000
14:07:16 127.699997 -112.849998 0.000000 64.269997 131.425995 59.430000 10.910000 -11.580000 7.532000 1472022.921000 452692.875000 13.315095 80.563202 0.000000 -0.045000 0.115000 -0.118000 0.000000 0.000000
14:07:17 127.500000 -112.849998 0.000000 64.269997 131.425995 59.430000 10.910000 -11.580000 7.532000 0.003000 0.002200 13.315095 80.563202 0.000000 -0.045000 0.115000 -0.118000 0.000000 0.000000
14:07:17 127.500000 -112.849998 0.000000 64.269997 132.005005 59.430000 11.141000 -11.580000 7.745000 0.003000 0.002200 13.315107 80.563240 0.000000 -0.045000 0.115000 -0.118000 0.000000 0.000000
14:07:17 127.500000 -112.849998 0.000000 64.269997 132.153000 59.430000 11.224000 -11.580000 7.841000 1472024.272000 452696.785000 13.315108 80.563232 0.000000 -0.045000 0.115000 -0.118000 0.000000 0.000000
14:07:17 127.400002 -112.849998 0.000000 64.269997 132.153000 59.430000 11.224000 -11.580000 7.841000 1472024.370000 452696.767000 13.315108 80.563232 0.000000 -0.045000 0.115000 -0.118000 0.000000 0.000000
14:07:18 127.400002 -112.849998 0.000000 64.269997 132.153000 59.430000 11.224000 -11.580000 7.841000 1472024.467000 452696.748000 13.315108 80.563232 0.000000 -0.045000 0.115000 -0.118000 0.000000 0.000000
14:07:18 127.400002 -112.849998 0.000000 64.269997 132.757996 59.430000 11.667000 -11.580000 8.454000 0.003000 0.002600 13.315120 80.563271 0.000000 -0.045000 0.115000 -0.118000 0.000000 0.000000
14:07:18 127.300003 -112.849998 0.000000 64.269997 132.912994 59.430000 11.803000 -11.580000 8.598000 1472025.656000 452700.590000 13.315121 80.563271 0.000000 -0.045000 0.115000 -0.118000 0.000000 0.000000
14:07:18 127.300003 -112.849998 0.000000 64.269997 132.912994 59.430000 11.803000 -11.580000 8.598000 1472025.754000 452700.573000 13.315121 80.563271 0.000000 -0.045000 0.115000 -0.118000 0.000000 0.000000
14:07:19 127.300003 -112.849998 0.000000 64.269997 132.912994 59.430000 11.803000 -11.580000 8.598000 1472025.852000 452700.556000 13.315121 80.563271 0.000000 -0.045000 0.115000 -0.118000 0.000000 0.000000
14:07:19 127.300003 -112.849998 0.000000 64.269997 133.552994 59.430000 12.438000 -11.580000 8.769000 0.003000 0.002000 13.315130 80.563309 0.000000 -0.045000 0.115000 -0.118000 0.000000 0.000000
14:07:19 127.300003 -112.849998 0.000000 64.269997 133.552994 59.430000 12.438000 -11.580000 8.769000 1472026.849000 452704.234000 13.315131 80.563309 0.000000 -0.045000 0.115000 -0.118000 0.000000 0.000000
14:07:19 127.300003 -112.849998 0.000000 64.269997 133.552994 59.430000 12.438000 -11.580000 8.769000 1472026.947000 452704.217000 13.315131 80.563309 0.000000 -0.045000 0.115000 -0.118000 0.000000 0.000000
14:07:20 127.300003 -112.849998 0.000000 64.269997 133.552994 59.430000 12.438000 -11.580000 8.769000 0.003000 0.002400 13.315131 80.563309 0.000000 -0.045000 0.115000 -0.118000 0.000000 0.000000
14:07:20 127.300003 -112.849998 0.000000 64.269997 134.423004 59.430000 13.375000 -11.580000 8.555000 0.003000 0.002400 13.315142 80.563339 0.000000 -0.045000 0.115000 -0.118000 0.000000 0.000000
14:07:20 127.300003 -112.849998 0.000000 64.269997 134.613007 59.430000 13.572000 -11.580000 8.525000 1472028.119000 452707.841000 13.315143 80.563339 0.000000 -0.045000 0.115000 -0.118000 0.000000 0.000000
14:07:20 127.300003 -112.849998 0.000000 64.269997 134.613007 59.430000 13.572000 -11.580000 8.525000 1472028.216000 452707.823000 13.315143 80.563339 0.000000 -0.045000 0.115000 -0.118000 0.000000 0.000000
14:07:21 127.300003 -112.849998 0.000000 64.269997 134.613007 59.430000 13.572000 -11.580000 8.525000 1472028.314000 452707.803000 13.315143 80.563339 0.000000 -0.045000 0.115000 -0.118000 0.000000 0.000000
14:07:21 127.199997 -112.849998 0.000000 64.269997 135.445007 59.430000 14.347000 -11.580000 8.360000 0.003000 0.002700 13.315153 80.563370 0.000000 -0.045000 0.115000 -0.118000 0.000000 0.000000
14:07:21 127.199997 -112.849998 0.000000 64.269997 135.445007 59.430000 14.347000 -11.580000 8.360000 1472029.318000 452711.520000 13.315161 80.563400 0.000000 -0.045000 0.115000 -0.118000 0.000000 0.000000
14:07:21 127.199997 -112.849998 0.000000 64.269997 135.445007 59.430000 14.347000 -11.580000 8.360000 1472029.416000 452711.501000 13.315161 80.563400 0.000000 -0.045000 0.115000 -0.118000 0.000000 0.000000
14:07:22 127.099998 -112.849998 0.000000 64.269997 135.445007 59.430000 14.347000 -11.580000 8.360000 0.003000 0.002100 13.315161 80.563400 0.000000 -0.045000 0.115000 -0.118000 0.000000 0.000000
14:07:22 127.099998 -112.849998 0.000000 64.269997 136.621002 59.430000 15.232000 -11.580000 7.521000 0.003000 0.002100 13.315165 80.563400 0.000000 -0.045000 0.115000 -0.118000 0.000000 0.000000
14:07:22 127.099998 -112.849998 0.000000 64.269997 136.865005 59.430000 15.395000 -11.580000 7.423000 1472030.618000 452714.878000 13.315166 80.563400 0.000000 -0.045000 0.115000 -0.118000 0.000000 0.000000
14:07:22 127.099998 -112.849998 0.000000 64.269997 136.865005 59.430000 15.395000 -11.580000 7.423000 1472030.726000 452714.857000 13.315166 80.563400 0.000000 -0.045000 0.115000 -0.118000 0.000000 0.000000
14:07:23 127.000000 -112.849998 0.000000 64.269997 136.865005 59.430000 15.395000 -11.580000 7.423000 0.003000 0.002400 13.315166 80.563400 0.000000 -0.045000 0.115000 -0.118000 0.000000 0.000000
14:07:23 127.000000 -112.849998 0.000000 64.269997 137.819000 59.430000 15.994000 -11.580000 7.369000 0.003000 0.002400 13.315175 80.563438 0.000000 -0.045000 0.115000 -0.118000 0.000000 0.000000
14:07:23 127.000000 -112.849998 0.000000 64.269997 138.046997 59.430000 16.129000 -11.580000 7.437000 1472031.784000 452718.317000 13.315176 80.563438 0.000000 -0.045000 0.115000 -0.118000 0.000000 0.000000
14:07:23 126.900002 -112.849998 0.000000 64.269997 138.046997 59.430000 16.129000 -11.580000 7.437000 1472031.892000 452718.295000 13.315176 80.563438 0.000000 -0.045000 0.115000 -0.118000 0.000000 0.000000
14:07:24 126.900002 -112.849998 0.000000 64.269997 138.046997 59.430000 16.129000 -11.580000 7.437000 0.003000 0.002800 13.315176 80.563438 0.000000 -0.045000 0.115000 -0.118000 0.000000 0.000000
14:07:24 126.900002 -112.849998 0.000000 64.269997 138.910004 59.430000 16.586000 -11.580000 7.800000 0.003000 0.002800 13.315184 80.563469 0.000000 -0.045000 0.115000 -0.118000 0.000000 0.000000
14:07:24 126.900002 -112.849998 0.000000 64.269997 139.117004 59.430000 16.677000 -11.580000 7.824000 1472032.716000 452721.613000 13.315185 80.563469 0.000000 -0.045000 0.115000 -0.118000 0.000000 0.000000
14:07:24 126.900002 -112.849998 0.000000 64.269997 139.117004 59.430000 16.677000 -11.580000 7.824000 1472032.823000 452721.589000 13.315185 80.563469 0.000000 -0.045000 0.115000 -0.118000 0.000000 0.000000
14:07:25 126.900002 -112.849998 0.000000 64.269997 139.117004 59.430000 16.677000 -11.580000 7.824000 1472032.931000 452721.565000 13.315185 80.563469 0.000000 -0.045000 0.115000 -0.118000 0.000000 0.000000
14:07:25 126.900002 -112.849998 0.000000 64.269997 139.936005 59.430000 16.931999 -11.580000 7.790000 0.003000 0.002100 13.315191 80.563492 0.000000 -0.045000 0.115000 -0.118000 0.000000 0.000000
14:07:25 126.800003 -112.849998 0.000000 64.269997 140.139999 59.430000 16.969000 -11.580000 7.798000 1472033.564000 452724.777000 13.315192 80.563492 0.000000 -0.045000 0.115000 -0.118000 0.000000 0.000000
14:07:25 126.800003 -112.849998 0.000000 64.269997 140.139999 59.430000 16.969000 -11.580000 7.798000 1472033.671000 452724.751000 13.315192 80.563492 0.000000 -0.045000 0.115000 -0.118000 0.000000 0.000000
14:07:26 126.800003 -112.849998 0.000000 64.269997 140.139999 59.430000 16.969000 -11.580000 7.798000 1472033.779000 452724.724000 13.315192 80.563492 0.000000 -0.045000 0.115000 -0.118000 0.000000 0.000000
14:07:26 126.800003 -112.849998 0.000000 64.269997 140.964996 59.430000 17.000000 -11.580000 7.844000 0.003000 0.002400 13.315199 80.563522 0.000000 -0.045000 0.115000 -0.118000 0.000000 0.000000
14:07:26 126.800003 -112.849998 0.000000 64.269997 140.964996 59.430000 17.000000 -11.580000 7.844000 1472034.336000 452727.800000 13.315200 80.563522 0.000000 -0.045000 0.115000 -0.118000 0.000000 0.000000
14:07:26 126.800003 -112.849998 0.000000 64.269997 140.964996 59.430000 17.000000 -11.580000 7.844000 1472034.443000 452727.773000 13.315200 80.563522 0.000000 -0.045000 0.115000 -0.118000 0.000000 0.000000
14:07:27 126.800003 -112.849998 0.000000 64.269997 140.964996 59.430000 17.000000 -11.580000 7.844000 0.003000 0.002700 13.315200 80.563522 0.000000 -0.045000 0.115000 -0.118000 0.000000 0.000000
14:07:27 126.800003 -112.849998 0.000000 64.269997 142.050003 59.430000 16.825001 -11.580000 7.784000 0.003000 0.002700 13.315206 80.563545 0.000000 -0.045000 0.115000 -0.118000 0.000000 0.000000
14:07:27 126.800003 -112.849998 0.000000 64.269997 142.281006 59.430000 16.768999 -11.580000 7.789000 1472035.147000 452730.590000 13.315207 80.563545 0.000000 -0.045000 0.115000 -0.118000 0.000000 0.000000
14:07:27 126.800003 -112.849998 0.000000 64.269997 142.281006 59.430000 16.768999 -11.580000 7.789000 1472035.254000 452730.561000 13.315207 80.563545 0.000000 -0.045000 0.115000 -0.118000 0.000000 0.000000
14:07:28 126.800003 -112.849998 0.000000 64.269997 142.281006 59.430000 16.768999 -11.580000 7.789000 0.003000 0.002000 13.315207 80.563545 0.000000 -0.045000 0.115000 -0.118000 0.000000 0.000000
14:07:28 126.699997 -112.849998 0.000000 64.269997 143.263000 59.430000 16.497999 -11.580000 7.604000 0.003000 0.002000 13.315213 80.563576 0.000000 -0.045000 0.115000 -0.118000 0.000000 0.000000
14:07:28 126.699997 -112.849998 0.000000 64.269997 143.263000 59.430000 16.497999 -11.580000 7.604000 1472036.003000 452733.397000 13.315214 80.563576 0.000000 -0.045000 0.115000 -0.118000 0.000000 0.000000
14:07:28 126.699997 -112.849998 0.000000 64.269997 143.263000 59.430000 16.497999 -11.580000 7.604000 1472036.111000 452733.367000 13.315214 80.563576 0.000000 -0.045000 0.115000 -0.118000 0.000000 0.000000
14:07:29 126.599998 -112.849998 0.000000 64.269997 143.263000 59.430000 16.497999 -11.580000 7.604000 0.003000 0.002300 13.315214 80.563576 0.000000 -0.045000 0.115000 -0.118000 0.000000 0.000000
14:07:29 126.599998 -112.849998 0.000000 64.269997 144.623001 59.430000 16.108999 -11.580000 7.145000 0.003000 0.002300 13.315223 80.563599 0.000000 -0.045000 0.115000 -0.118000 0.000000 0.000000
14:07:29 126.599998 -112.849998 0.000000 64.269997 144.910995 59.430000 16.034000 -11.580000 7.093000 1472037.013000 452736.216000 13.315224 80.563599 0.000000 -0.045000 0.115000 -0.118000 0.000000 0.000000
14:07:29 126.500000 -112.849998 0.000000 64.269997 144.910995 59.430000 16.034000 -11.580000 7.093000 0.003000 0.002600 13.315224 80.563599 0.000000 -0.045000 0.115000 -0.118000 0.000000 0.000000
14:07:30 126.500000 -112.849998 0.000000 64.269997 144.910995 59.430000 16.034000 -11.580000 7.093000 0.003000 0.002600 13.315224 80.563599 0.000000 -0.045000 0.115000 -0.118000 0.000000 0.000000
14:07:30 126.500000 -112.849998 0.000000 64.269997 146.074005 59.430000 15.755000 -11.580000 6.823000 0.003000 0.002600 13.315232 80.563629 0.000000 -0.045000 0.115000 -0.118000 0.000000 0.000000
14:07:30 126.500000 -112.849998 0.000000 64.269997 146.074005 59.430000 15.755000 -11.580000 6.823000 1472038.046000 452739.268000 13.315233 80.563629 0.000000 -0.045000 0.115000 -0.118000 0.000000 0.000000
14:07:30 126.400002 -112.849998 0.000000 64.269997 146.074005 59.430000 15.755000 -11.580000 6.823000 1472038.154000 452739.238000 13.315233 80.563629 0.000000 -0.045000 0.115000 -0.118000 0.000000 0.000000
14:07:31 126.400002 -112.849998 0.000000 64.269997 146.074005 59.430000 15.755000 -11.580000 6.823000 0.003000 0.002900 13.315233 80.563629 0.000000 -0.045000 0.115000 -0.118000 0.000000 0.000000
14:07:31 126.400002 -112.849998 0.000000 64.269997 147.483002 59.430000 15.519000 -11.580000 6.850000 0.003000 0.002900 13.315241 80.563652 0.000000 -0.045000 0.115000 -0.118000 0.000000 0.000000
14:07:31 126.300003 -112.849998 0.000000 64.269997 147.748001 59.430000 15.491000 -11.580000 6.866000 1472039.021000 452742.011000 13.315242 80.563652 0.000000 -0.045000 0.115000 -0.118000 0.000000 0.000000
14:07:31 126.300003 -112.849998 0.000000 64.269997 147.748001 59.430000 15.491000 -11.580000 6.866000 1472039.128000 452741.984000 13.315242 80.563652 0.000000 -0.045000 0.115000 -0.118000 0.000000 0.000000
14:07:32 126.300003 -112.849998 0.000000 64.269997 148.501007 59.430000 15.456000 -11.580000 6.889000 1472039.234000 452741.957000 13.315248 80.563683 0.000000 -0.045000 0.115000 -0.118000 0.000000 0.000000
14:07:32 126.300003 -112.849998 0.000000 64.269997 148.501007 59.430000 15.456000 -11.580000 6.889000 1472039.429000 452741.903000 13.315249 80.563675 0.000000 -0.045000 0.115000 -0.118000 0.000000 0.000000
14:07:32 126.300003 -112.849998 0.000000 64.269997 148.501007 59.430000 15.456000 -11.580000 6.889000 1472039.993000 452744.702000 13.315251 80.563675 0.000000 -0.045000 0.115000 -0.118000 0.000000 0.000000
14:07:32 126.300003 -112.849998 0.000000 64.269997 148.501007 59.430000 15.456000 -11.580000 6.889000 1472040.091000 452744.676000 13.315251 80.563675 0.000000 -0.045000 0.115000 -0.118000 0.000000 0.000000
14:07:33 126.300003 -112.849998 0.000000 64.269997 148.501007 59.430000 15.456000 -11.580000 6.889000 0.003000 0.002400 13.315251 80.563675 0.000000 -0.045000 0.115000 -0.118000 0.000000 0.000000
14:07:33 126.300003 -112.849998 0.000000 64.269997 149.822998 59.430000 15.674000 -11.580000 7.211000 0.003000 0.002400 13.315258 80.563698 0.000000 -0.045000 0.115000 -0.118000 0.000000 0.000000
14:07:33 126.300003 -112.849998 0.000000 64.269997 150.029999 59.430000 15.747000 -11.580000 7.226000 1472040.907000 452747.094000 13.315259 80.563698 0.000000 -0.045000 0.115000 -0.118000 0.000000 0.000000
14:07:33 126.300003 -112.849998 0.000000 64.269997 150.029999 59.430000 15.747000 -11.580000 7.226000 1472041.005000 452747.070000 13.315259 80.563698 0.000000 -0.045000 0.115000 -0.118000 0.000000 0.000000
14:07:34 126.300003 -112.849998 0.000000 64.269997 150.029999 59.430000 15.747000 -11.580000 7.226000 0.003000 0.002700 13.315259 80.563698 0.000000 -0.045000 0.115000 -0.118000 0.000000 0.000000
14:07:34 126.199997 -112.849998 0.000000 64.269997 150.854996 59.430000 16.115000 -11.580000 6.986000 0.003000 0.002700 13.315267 80.563721 0.000000 -0.045000 0.115000 -0.118000 0.000000 0.000000
14:07:34 126.199997 -112.849998 0.000000 64.269997 151.061996 59.430000 16.219999 -11.580000 6.878000 1472041.846000 452749.293000 13.315268 80.563721 0.000000 -0.045000 0.115000 -0.118000 0.000000 0.000000
14:07:34 126.199997 -112.849998 0.000000 64.269997 151.061996 59.430000 16.219999 -11.580000 6.878000 1472041.944000 452749.269000 13.315268 80.563721 0.000000 -0.045000 0.115000 -0.118000 0.000000 0.000000
14:07:35 126.099998 -112.849998 0.000000 64.269997 151.061996 59.430000 16.219999 -11.580000 6.878000 0.003000 0.002900 13.315268 80.563721 0.000000 -0.045000 0.115000 -0.118000 0.000000 0.000000
14:07:35 126.099998 -112.849998 0.000000 64.269997 151.904999 59.430000 16.674999 -11.580000 6.699000 0.003000 0.002900 13.315277 80.563736 0.000000 -0.045000 0.115000 -0.118000 0.000000 0.000000
14:07:35 126.099998 -112.849998 0.000000 64.269997 152.125000 59.430000 16.795000 -11.580000 6.732000 1472042.998000 452751.247000 13.315278 80.563736 0.000000 -0.045000 0.115000 -0.118000 0.000000 0.000000
14:07:35 126.000000 -112.849998 0.000000 64.269997 152.125000 59.430000 16.795000 -11.580000 6.732000 1472043.095000 452751.223000 13.315278 80.563736 0.000000 -0.045000 0.115000 -0.118000 0.000000 0.000000
14:07:36 126.000000 -112.849998 0.000000 64.269997 152.125000 59.430000 16.795000 -11.580000 6.732000 1472043.193000 452751.198000 13.315278 80.563736 0.000000 -0.045000 0.115000 -0.118000 0.000000 0.000000
14:07:36 126.000000 -112.849998 0.000000 64.269997 153.044998 59.430000 17.274000 -11.580000 6.575000 0.003000 0.002100 13.315288 80.563759 0.000000 -0.045000 0.115000 -0.118000 0.000000 0.000000
14:07:36 126.000000 -112.849998 0.000000 64.269997 153.287003 59.430000 17.391001 -11.580000 6.508000 1472044.190000 452753.046000 13.315289 80.563759 0.000000 -0.045000 0.115000 -0.118000 0.000000 0.000000
14:07:36 125.800003 -112.849998 0.000000 64.269997 153.287003 59.430000 17.391001 -11.580000 6.508000 0.003000 0.002300 13.315289 80.563759 0.000000 -0.045000 0.115000 -0.118000 0.000000 0.000000
14:07:37 125.800003 -112.849998 0.000000 64.269997 153.287003 59.430000 17.391001 -11.580000 6.508000 0.003000 0.002300 13.315289 80.563759 0.000000 -0.045000 0.115000 -0.118000 0.000000 0.000000
14:07:37 125.800003 -112.849998 0.000000 64.269997 154.278000 59.430000 17.851999 -11.580000 6.292000 0.003000 0.002300 13.315299 80.563774 0.000000 -0.045000 0.115000 -0.118000 0.000000 0.000000
14:07:37 125.699997 -112.849998 0.000000 64.269997 154.278000 59.430000 17.851999 -11.580000 6.292000 1472044.678000 452752.924000 13.315300 80.563774 0.000000 -0.045000 0.115000 -0.118000 0.000000 0.000000
14:07:37 125.699997 -112.849998 0.000000 64.269997 154.278000 59.430000 17.851999 -11.580000 6.292000 1472045.503000 452754.989000 13.315301 80.563774 0.000000 -0.045000 0.115000 -0.118000 0.000000 0.000000
14:07:38 125.699997 -112.849998 0.000000 64.269997 154.278000 59.430000 17.851999 -11.580000 6.292000 1472045.601000 452754.965000 13.315301 80.563774 0.000000 -0.045000 0.115000 -0.118000 0.000000 0.000000
14:07:38 125.699997 -112.849998 0.000000 64.269997 154.278000 59.430000 17.851999 -11.580000 6.292000 1472045.699000 452754.940000 13.315301 80.563774 0.000000 -0.045000 0.115000 -0.118000 0.000000 0.000000
14:07:38 125.699997 -112.849998 0.000000 64.269997 154.278000 59.430000 17.851999 -11.580000 6.292000 1472045.796000 452754.916000 13.315301 80.563774 0.000000 -0.045000 0.115000 -0.118000 0.000000 0.000000
14:07:38 125.699997 -112.849998 0.000000 64.269997 154.278000 59.430000 17.851999 -11.580000 6.292000 1472045.894000 452754.891000 13.315301 80.563774 0.000000 -0.045000 0.115000 -0.118000 0.000000 0.000000
14:07:38 125.699997 -112.849998 0.000000 64.269997 154.278000 59.430000 17.851999 -11.580000 6.292000 1472046.735000 452756.763000 13.315301 80.563774 0.000000 -0.045000 0.115000 -0.118000 0.000000 0.000000
14:07:39 125.699997 -112.849998 0.000000 64.269997 156.218994 59.430000 18.690001 -11.580000 5.996000 1472046.833000 452756.738000 13.315318 80.563805 0.000000 -0.045000 0.115000 -0.118000 0.000000 0.000000
14:07:39 125.599998 -112.849998 0.000000 64.269997 156.218994 59.430000 18.690001 -11.580000 5.996000 1472047.028000 452756.689000 13.315319 80.563805 0.000000 -0.045000 0.115000 -0.118000 0.000000 0.000000
14:07:39 125.599998 -112.849998 0.000000 64.269997 156.218994 59.430000 18.813000 -11.580000 6.082000 1472047.125000 452756.665000 13.315320 80.563805 0.000000 -0.045000 0.115000 -0.118000 0.000000 0.000000
14:07:39 125.599998 -112.849998 0.000000 64.269997 156.218994 59.430000 18.813000 -11.580000 6.082000 1472048.178000 452760.395000 13.315320 80.563805 0.000000 -0.045000 0.115000 -0.118000 0.000000 0.000000
14:07:40 125.599998 -112.849998 0.000000 64.269997 156.218994 59.430000 18.813000 -11.580000 6.082000 0.002000 0.002000 13.315320 80.563805 0.000000 -0.045000 0.115000 -0.118000 0.000000 0.000000
14:07:40 125.500000 -112.849998 0.000000 64.269997 157.018005 59.430000 18.962000 -11.580000 5.858000 0.002000 0.002000 13.315328 80.563820 0.000000 -0.045000 0.115000 -0.118000 0.000000 0.000000
14:07:40 125.500000 -112.849998 0.000000 64.269997 157.121002 59.430000 18.983999 -11.580000 5.846000 1472048.568000 452760.298000 13.315329 80.563820 0.000000 -0.045000 0.115000 -0.118000 0.000000 0.000000
14:07:40 125.500000 -112.849998 0.000000 64.269997 157.121002 59.430000 18.983999 -11.580000 5.846000 1472048.712000 452760.283000 13.315329 80.563820 0.000000 -0.045000 0.115000 -0.118000 0.000000 0.000000
14:07:41 125.500000 -112.849998 0.000000 64.269997 157.401001 59.430000 19.033001 -11.580000 6.100000 0.002000 0.002000 13.315335 80.563835 0.000000 -0.045000 0.115000 -0.118000 0.000000 0.000000
14:07:41 125.500000 -112.849998 0.000000 64.269997 157.401001 59.430000 19.033001 -11.580000 6.100000 1472049.005000 452760.209000 13.315336 80.563835 0.000000 -0.045000 0.115000 -0.118000 0.000000 0.000000
14:07:41 125.500000 -112.849998 0.000000 64.269997 157.401001 59.430000 19.033001 -11.580000 6.100000 1472049.103000 452760.185000 13.315337 80.563835 0.000000 -0.045000 0.115000 -0.118000 0.000000 0.000000
14:07:41 125.500000 -112.849998 0.000000 64.269997 157.401001 59.430000 19.033001 -11.580000 6.100000 1472049.899000 452763.644000 13.315337 80.563835 0.000000 -0.045000 0.115000 -0.118000 0.000000 0.000000
14:07:42 125.500000 -112.849998 0.000000 64.269997 157.401001 59.430000 19.033001 -11.580000 6.100000 1472049.997000 452763.618000 13.315337 80.563835 0.000000 -0.045000 0.115000 -0.118000 0.000000 0.000000
14:07:42 125.500000 -112.849998 0.000000 64.269997 157.401001 59.430000 19.033001 -11.580000 6.100000 1472050.095000 452763.591000 13.315337 80.563835 0.000000 -0.045000 0.115000 -0.118000 0.000000 0.000000
14:07:42 125.500000 -112.849998 0.000000 64.269997 157.401001 59.430000 19.033001 -11.580000 6.100000 1472050.192000 452763.564000 13.315337 80.563835 0.000000 -0.045000 0.115000 -0.118000 0.000000 0.000000
14:07:42 125.500000 -112.849998 0.000000 64.269997 157.401001 59.430000 19.033001 -11.580000 6.100000 1472050.290000 452763.537000 13.315337 80.563835 0.000000 -0.045000 0.115000 -0.118000 0.000000 0.000000
14:07:42 125.500000 -112.849998 0.000000 64.269997 157.401001 59.430000 19.033001 -11.580000 6.100000 0.002000 0.002300 13.315337 80.563835 0.000000 -0.045000 0.115000 -0.118000 0.000000 0.000000
14:07:43 125.500000 -112.849998 0.000000 64.269997 157.401001 59.430000 19.033001 -11.580000 6.100000 0.002000 0.002300 13.315337 80.563835 0.000000 -0.045000 0.115000 -0.118000 0.000000 0.000000
14:07:43 125.500000 -112.849998 0.000000 64.269997 158.552994 59.430000 19.246000 -11.580000 5.799000 0.002000 0.002300 13.315351 80.563866 0.000000 -0.045000 0.115000 -0.118000 0.000000 0.000000
14:07:43 125.300003 -112.849998 0.000000 64.269997 158.712997 59.430000 19.285000 -11.580000 5.728000 1472050.789000 452763.407000 13.315352 80.563866 0.000000 -0.045000 0.115000 -0.118000 0.000000 0.000000
14:07:43 125.300003 -112.849998 0.000000 64.269997 158.712997 59.430000 19.285000 -11.580000 5.728000 1472051.876000 452766.517000 13.315352 80.563866 0.000000 -0.045000 0.115000 -0.118000 0.000000 0.000000
14:07:44 125.300003 -112.849998 0.000000 64.269997 158.712997 59.430000 19.285000 -11.580000 5.728000 1472051.964000 452766.488000 13.315352 80.563866 0.000000 -0.045000 0.115000 -0.118000 0.000000 0.000000
14:07:44 125.300003 -112.849998 0.000000 64.269997 159.537003 59.430000 19.482000 -11.580000 5.390000 0.002000 0.002600 13.315361 80.563881 0.000000 -0.045000 0.115000 -0.118000 0.000000 0.000000
14:07:44 125.300003 -112.849998 0.000000 64.269997 159.792999 59.430000 19.540001 -11.580000 5.345000 1472052.228000 452766.400000 13.315362 80.563881 0.000000 -0.045000 0.115000 -0.118000 0.000000 0.000000
14:07:44 125.300003 -112.849998 0.000000 64.269997 159.792999 59.430000 19.540001 -11.580000 5.345000 1472052.350000 452766.392000 13.315363 80.563881 0.000000 -0.045000 0.115000 -0.118000 0.000000 0.000000
14:07:45 125.300003 -112.849998 0.000000 64.269997 159.792999 59.430000 19.540001 -11.580000 5.345000 1472052.437000 452766.363000 13.315363 80.563881 0.000000 -0.045000 0.115000 -0.118000 0.000000 0.000000
14:07:45 125.300003 -112.849998 0.000000 64.269997 159.792999 59.430000 19.540001 -11.580000 5.345000 1472052.525000 452766.333000 13.315363 80.563881 0.000000 -0.045000 0.115000 -0.118000 0.000000 0.000000
14:07:45 125.099998 -112.849998 0.000000 64.269997 159.792999 59.430000 19.540001 -11.580000 5.345000 1472052.613000 452766.304000 13.315363 80.563881 0.000000 -0.045000 0.115000 -0.118000 0.000000 0.000000
14:07:45 125.099998 -112.849998 0.000000 64.269997 159.792999 59.430000 19.540001 -11.580000 5.345000 1472052.701000 452766.275000 13.315363 80.563881 0.000000 -0.045000 0.115000 -0.118000 0.000000 0.000000
14:07:45 125.099998 -112.849998 0.000000 64.269997 159.792999 59.430000 19.540001 -11.580000 5.345000 1472054.329000 452769.213000 13.315363 80.563881 0.000000 -0.045000 0.115000 -0.118000 0.000000 0.000000
14:07:46 125.000000 -112.849998 0.000000 64.269997 162.507996 59.430000 19.865000 -11.580000 4.423000 1472054.416000 452769.181000 13.315383 80.563904 0.000000 -0.045000 0.115000 -0.118000 0.000000 0.000000
14:07:46 125.000000 -112.849998 0.000000 64.269997 162.507996 59.430000 19.879999 -11.580000 4.285000 1472054.592000 452769.120000 13.315383 80.563904 0.000000 -0.045000 0.115000 -0.118000 0.000000 0.000000
14:07:46 125.000000 -112.849998 0.000000 64.269997 162.507996 59.430000 19.879999 -11.580000 4.285000 1472054.680000 452769.089000 13.315391 80.563919 0.000000 -0.045000 0.115000 -0.118000 0.000000 0.000000
14:07:46 125.000000 -112.849998 0.000000 64.269997 162.507996 59.430000 19.879999 -11.580000 4.285000 1472055.542000 452770.496000 13.315392 80.563919 0.000000 -0.045000 0.115000 -0.118000 0.000000 0.000000
14:07:47 124.800003 -112.849998 0.000000 64.269997 162.507996 59.430000 19.879999 -11.580000 4.285000 1472055.630000 452770.465000 13.315392 80.563919 0.000000 -0.045000 0.115000 -0.118000 0.000000 0.000000
14:07:47 124.800003 -112.849998 0.000000 64.269997 162.507996 59.430000 19.879999 -11.580000 4.285000 1472055.718000 452770.433000 13.315392 80.563919 0.000000 -0.045000 0.115000 -0.118000 0.000000 0.000000
14:07:47 124.800003 -112.849998 0.000000 64.269997 162.507996 59.430000 19.879999 -11.580000 4.285000 1472055.806000 452770.404000 13.315392 80.563919 0.000000 -0.045000 0.115000 -0.118000 0.000000 0.000000
14:07:47 124.800003 -112.849998 0.000000 64.269997 162.507996 59.430000 19.879999 -11.580000 4.285000 1472055.894000 452770.375000 13.315392 80.563919 0.000000 -0.045000 0.115000 -0.118000 0.000000 0.000000
14:07:47 124.800003 -112.849998 0.000000 64.269997 162.507996 59.430000 19.879999 -11.580000 4.285000 1472055.982000 452770.345000 13.315392 80.563919 0.000000 -0.045000 0.115000 -0.118000 0.000000 0.000000
14:07:48 124.599998 -112.849998 0.000000 64.269997 166.697998 59.430000 19.771000 -11.580000 3.844000 0.002000 0.002000 13.315404 80.563927 0.000000 -0.045000 0.115000 -0.118000 0.000000 0.000000
14:07:48 124.599998 -112.849998 0.000000 64.269997 166.697998 59.430000 19.771000 -11.580000 3.844000 1472056.291000 452770.257000 13.315405 80.563927 0.000000 -0.045000 0.115000 -0.118000 0.000000 0.000000
14:07:48 124.599998 -112.849998 0.000000 64.269997 166.697998 59.430000 19.771000 -11.580000 3.844000 1472056.388000 452770.228000 13.315406 80.563927 0.000000 -0.045000 0.115000 -0.118000 0.000000 0.000000
14:07:48 124.500000 -112.849998 0.000000 64.269997 166.697998 59.430000 19.771000 -11.580000 3.844000 1472056.486000 452770.199000 13.315406 80.563927 0.000000 -0.045000 0.115000 -0.118000 0.000000 0.000000
14:07:49 124.500000 -112.849998 0.000000 64.269997 166.697998 59.430000 19.771000 -11.580000 3.844000 1472057.839000 452772.854000 13.315406 80.563927 0.000000 -0.045000 0.115000 -0.118000 0.000000 0.000000
14:07:49 124.500000 -112.849998 0.000000 64.269997 166.697998 59.430000 19.771000 -11.580000 3.844000 1472057.927000 452772.827000 13.315406 80.563927 0.000000 -0.045000 0.115000 -0.118000 0.000000 0.000000
14:07:49 124.500000 -112.849998 0.000000 64.269997 166.697998 59.430000 19.771000 -11.580000 3.844000 1472058.015000 452772.801000 13.315406 80.563927 0.000000 -0.045000 0.115000 -0.118000 0.000000 0.000000
14:07:49 124.300003 -112.849998 0.000000 64.269997 166.697998 59.430000 19.771000 -11.580000 3.844000 1472058.103000 452772.774000 13.315406 80.563927 0.000000 -0.045000 0.115000 -0.118000 0.000000 0.000000
14:07:49 124.300003 -112.849998 0.000000 64.269997 166.697998 59.430000 19.771000 -11.580000 3.844000 0.002000 0.002200 13.315406 80.563927 0.000000 -0.045000 0.115000 -0.118000 0.000000 0.000000
14:07:50 124.300003 -112.849998 0.000000 64.269997 170.628998 59.430000 19.538000 -11.580000 3.462000 1472058.322000 452772.729000 13.315422 80.563950 0.000000 -0.045000 0.115000 -0.118000 0.000000 0.000000
14:07:50 124.300003 -112.849998 0.000000 64.269997 170.628998 59.430000 19.538000 -11.580000 3.462000 1472058.498000 452772.680000 13.315423 80.563950 0.000000 -0.045000 0.115000 -0.118000 0.000000 0.000000
14:07:50 124.300003 -112.849998 0.000000 64.269997 170.628998 59.430000 19.538000 -11.580000 3.462000 1472058.585000 452772.656000 13.315424 80.563950 0.000000 -0.045000 0.115000 -0.118000 0.000000 0.000000
14:07:50 124.300003 -112.849998 0.000000 64.269997 170.628998 59.430000 19.538000 -11.580000 3.462000 1472058.673000 452772.632000 13.315424 80.563950 0.000000 -0.045000 0.115000 -0.118000 0.000000 0.000000
14:07:51 124.300003 -112.849998 0.000000 64.269997 170.628998 59.430000 19.538000 -11.580000 3.462000 1472059.830000 452774.556000 13.315424 80.563950 0.000000 -0.045000 0.115000 -0.118000 0.000000 0.000000
14:07:51 124.300003 -112.849998 0.000000 64.269997 170.628998 59.430000 19.538000 -11.580000 3.462000 1472059.918000 452774.533000 13.315424 80.563950 0.000000 -0.045000 0.115000 -0.118000 0.000000 0.000000
14:07:51 124.199997 -112.849998 0.000000 64.269997 170.628998 59.430000 19.538000 -11.580000 3.462000 1472060.006000 452774.511000 13.315424 80.563950 0.000000 -0.045000 0.115000 -0.118000 0.000000 0.000000
14:07:51 124.199997 -112.849998 0.000000 64.269997 170.628998 59.430000 19.538000 -11.580000 3.462000 1472060.094000 452774.489000 13.315424 80.563950 0.000000 -0.045000 0.115000 -0.118000 0.000000 0.000000
14:07:51 124.199997 -112.849998 0.000000 64.269997 170.628998 59.430000 19.538000 -11.580000 3.462000 1472060.182000 452774.467000 13.315424 80.563950 0.000000 -0.045000 0.115000 -0.118000 0.000000 0.000000
14:07:52 124.199997 -112.849998 0.000000 64.269997 170.628998 59.430000 19.538000 -11.580000 3.462000 0.002000 0.002400 13.315424 80.563950 0.000000 -0.045000 0.115000 -0.118000 0.000000 0.000000
14:07:52 124.199997 -112.849998 0.000000 64.269997 174.699005 59.430000 20.106001 -11.580000 2.102000 0.002000 0.002400 13.315442 80.563957 0.000000 -0.045000 0.115000 -0.118000 0.000000 0.000000
14:07:52 124.199997 -112.849998 0.000000 64.269997 175.091003 59.430000 20.190001 -11.580000 1.969000 1472060.557000 452774.391000 13.315443 80.563957 0.000000 -0.045000 0.115000 -0.118000 0.000000 0.000000
14:07:52 124.199997 -112.849998 0.000000 64.269997 175.091003 59.430000 20.190001 -11.580000 1.969000 1472060.645000 452774.369000 13.315443 80.563957 0.000000 -0.045000 0.115000 -0.118000 0.000000 0.000000
14:07:53 124.099998 -112.849998 0.000000 64.269997 176.296997 59.430000 20.454000 -11.580000 1.755000 0.002000 0.002400 13.315452 80.563965 0.000000 -0.045000 0.115000 -0.118000 0.000000 0.000000
14:07:53 124.099998 -112.849998 0.000000 64.269997 176.296997 59.430000 20.454000 -11.580000 1.755000 1472062.249000 452775.348000 13.315453 80.563957 0.000000 -0.045000 0.115000 -0.118000 0.000000 0.000000
14:07:53 124.099998 -112.849998 0.000000 64.269997 176.296997 59.430000 20.454000 -11.580000 1.755000 1472062.327000 452775.326000 13.315454 80.563957 0.000000 -0.045000 0.115000 -0.118000 0.000000 0.000000
14:07:53 124.099998 -112.849998 0.000000 64.269997 176.296997 59.430000 20.454000 -11.580000 1.755000 1472062.405000 452775.304000 13.315454 80.563957 0.000000 -0.045000 0.115000 -0.118000 0.000000 0.000000
14:07:54 123.900002 -112.849998 0.000000 64.269997 176.296997 59.430000 20.454000 -11.580000 1.755000 1472062.524000 452775.292000 13.315454 80.563957 0.000000 -0.045000 0.115000 -0.118000 0.000000 0.000000
14:07:54 123.900002 -112.849998 0.000000 64.269997 176.296997 59.430000 20.454000 -11.580000 1.755000 1472062.602000 452775.270000 13.315454 80.563957 0.000000 -0.045000 0.115000 -0.118000 0.000000 0.000000
14:07:55 123.800003 -112.849998 0.000000 64.269997 179.255005 227.990005 21.039000 -13.250000 1.351000 1472062.758000 452775.226000 13.315464 80.563965 0.000000 -0.045000 0.115000 -0.118000 0.000000 0.000000
14:07:59 123.199997 -112.849998 0.000000 64.269997 179.255005 230.000000 21.398001 -13.760000 0.732000 1472065.588000 452775.018000 13.315483 80.563957 0.000000 -0.045000 0.115000 -0.118000 0.000000 0.000000
14:08:01 122.599998 -112.849998 0.000000 64.269997 179.255005 230.000000 21.398001 -13.760000 0.732000 1472069.502000 452774.865000 13.315483 80.563957 0.000000 -0.045000 0.115000 -0.118000 0.000000 0.000000
14:08:03 122.300003 -112.849998 0.000000 64.269997 170.035004 230.000000 21.440001 -13.760000 3.173000 1472071.628000 452774.456000 13.315537 80.563950 0.000000 -0.045000 0.115000 -0.118000 0.000000 0.000000
14:08:05 122.199997 -112.849998 0.000000 64.269997 158.048004 230.000000 22.122000 -13.760000 5.579000 1472073.322000 452773.596000 13.315553 80.563942 0.000000 -0.045000 0.115000 -0.118000 0.000000 0.000000
14:08:07 121.900002 -112.849998 0.000000 64.269997 146.199997 230.000000 21.622000 -13.760000 8.234000 1472074.870000 452772.527000 13.315567 80.563934 0.000000 -0.045000 0.115000 -0.118000 0.000000 0.000000
14:08:09 121.300003 -86.000000 0.000000 93.419998 137.367004 230.000000 20.049000 -13.760000 8.745000 1472076.418000 452771.380000 13.315580 80.563927 0.000000 -0.046000 0.180000 0.240000 0.000000 0.000000
14:08:11 121.000000 -86.000000 0.000000 93.419998 131.505997 230.000000 17.372999 -13.760000 9.704000 1472078.044000 452770.479000 13.315596 80.563919 0.000000 -0.046000 0.180000 0.240000 0.000000 0.000000
14:08:13 120.800003 -86.000000 0.000000 93.419998 127.268997 230.000000 14.102000 -13.760000 11.351000 1472079.597000 452769.815000 13.315609 80.563911 0.000000 -0.046000 0.180000 0.240000 0.000000 0.000000
14:08:15 120.400002 -86.000000 0.000000 93.419998 123.820000 230.000000 11.641000 -13.760000 10.205000 1472081.285000 452769.474000 13.315624 80.563904 0.000000 -0.046000 0.180000 0.240000 0.000000 0.000000
14:08:17 120.000000 -86.000000 0.000000 93.419998 121.575996 230.000000 10.000000 -13.760000 9.717500 1472083.310000 452769.082000 13.315643 80.563904 0.000000 -0.046000 0.180000 0.240000 0.000000 0.000000
14:08:19 119.699997 -86.000000 0.000000 93.419998 120.372002 230.000000 9.006000 -13.760000 10.111000 1472085.253000 452768.495000 13.315660 80.563896 0.000000 -0.046000 0.180000 0.240000 0.000000 0.000000
14:08:21 119.599998 -86.000000 0.000000 93.419998 119.500000 230.000000 8.864000 -13.760000 10.424000 1472086.523000 452768.064000 13.315679 80.563889 0.000000 -0.046000 0.180000 0.240000 0.000000 0.000000
14:08:23 119.199997 -86.000000 0.000000 93.419998 118.615997 230.000000 9.404000 -13.760000 9.794400 1472088.598000 452767.193000 13.315698 80.563881 0.000000 -0.046000 0.180000 0.240000 0.000000 0.000000
14:08:25 118.900002 -86.000000 0.000000 93.419998 117.621002 230.000000 10.692000 -13.760000 11.539000 1472090.599000 452766.257000 13.315714 80.563873 0.000000 -0.046000 0.180000 0.240000 0.000000 0.000000
14:08:27 118.599998 -86.000000 0.000000 93.419998 116.839996 230.000000 12.247000 -13.760000 11.205000 1472092.331000 452765.578000 13.315730 80.563866 0.000000 -0.046000 0.180000 0.240000 0.000000 0.000000
14:08:30 117.900002 -86.000000 0.000000 93.419998 116.962997 230.000000 13.818000 -13.760000 9.655500 1472094.055000 452765.135000 13.315745 80.563866 0.000000 -0.046000 0.180000 0.240000 0.000000 0.000000
14:08:32 117.599998 -86.000000 0.000000 93.419998 118.897003 230.000000 15.369000 -13.760000 10.474000 1472096.467000 452765.405000 13.315765 80.563873 0.000000 -0.046000 0.180000 0.240000 0.000000 0.000000
14:08:34 117.500000 -86.000000 0.000000 93.419998 120.878998 230.000000 15.797000 -13.760000 10.290000 1472097.790000 452765.929000 13.315778 80.563881 0.000000 -0.046000 0.180000 0.240000 0.000000 0.000000
14:08:36 117.300003 -86.000000 0.000000 93.419998 122.498001 230.000000 16.844999 -13.760000 10.555000 1472099.152000 452766.935000 13.315789 80.563889 0.000000 -0.046000 0.180000 0.240000 0.000000 0.000000
14:08:38 117.000000 -86.000000 0.000000 93.419998 123.367996 230.000000 18.118000 -13.760000 11.644000 1472100.359000 452768.033000 13.315799 80.563896 0.000000 -0.046000 0.180000 0.240000 0.000000 0.000000
14:08:40 116.699997 -86.000000 0.000000 93.419998 124.845001 230.000000 19.004999 -13.760000 10.783000 1472101.302000 452769.118000 13.315807 80.563911 0.000000 -0.046000 0.180000 0.240000 0.000000 0.000000
14:08:42 116.500000 -86.000000 0.000000 93.419998 124.845001 230.000000 19.004999 -13.760000 10.783000 1472102.314000 452770.689000 13.315817 80.563927 0.000000 -0.046000 0.180000 0.240000 0.000000 0.000000
14:08:44 116.099998 -86.000000 0.000000 93.419998 124.845001 230.000000 19.004999 -13.760000 10.783000 1472103.252000 452772.318000 13.315825 80.563942 0.000000 -0.046000 0.180000 0.240000 0.000000 0.000000
14:08:46 116.099998 -86.000000 0.000000 93.419998 135.451004 230.000000 17.688000 -13.760000 8.537300 1472104.002000 452773.469000 13.315831 80.563950 0.000000 -0.046000 0.180000 0.240000 0.000000 0.000000
14:08:48 115.800003 -86.000000 0.000000 93.419998 135.451004 230.000000 17.688000 -13.760000 8.537300 1472104.864000 452774.234000 13.315838 80.563950 0.000000 -0.046000 0.180000 0.240000 0.000000 0.000000
14:08:50 115.699997 -86.000000 0.000000 93.419998 138.188995 230.000000 18.658001 -13.760000 7.781300 1472105.834000 452774.455000 13.315846 80.563950 0.000000 -0.046000 0.180000 0.240000 0.000000 0.000000
14:08:52 115.300003 -86.000000 0.000000 93.419998 138.188995 230.000000 18.658001 -13.760000 7.781300 1472106.693000 452775.091000 13.315854 80.563957 0.000000 -0.046000 0.180000 0.240000 0.000000 0.000000
14:08:54 115.099998 -86.000000 0.000000 93.419998 138.188995 230.000000 18.658001 -13.760000 7.781300 1472107.448000 452775.623000 13.315862 80.563965 0.000000 -0.046000 0.180000 0.240000 0.000000 0.000000
14:08:56 115.000000 -86.000000 0.000000 93.419998 138.188995 230.000000 18.658001 -13.760000 7.781300 1472108.221000 452776.367000 13.315868 80.563972 0.000000 -0.046000 0.180000 0.240000 0.000000 0.000000
14:08:58 114.800003 -86.000000 0.000000 93.419998 138.188995 230.000000 18.658001 -13.760000 7.781300 1472108.975000 452777.175000 13.315875 80.563980 0.000000 -0.046000 0.180000 0.240000 0.000000 0.000000
14:09:00 114.800003 -86.000000 0.000000 93.419998 138.188995 230.000000 18.658001 -13.760000 7.781300 1472109.606000 452777.769000 13.315881 80.563980 0.000000 -0.046000 0.180000 0.240000 0.000000 0.000000
14:09:02 114.500000 -86.000000 0.000000 93.419998 138.188995 230.000000 18.658001 -13.760000 7.781300 1472110.230000 452777.943000 13.315886 80.563988 0.000000 -0.046000 0.180000 0.240000 0.000000 0.000000
14:09:04 114.300003 -86.000000 0.000000 93.419998 138.188995 230.000000 18.658001 -13.760000 7.781300 1472110.968000 452778.000000 13.315893 80.563988 0.000000 -0.046000 0.180000 0.240000 0.000000 0.000000
14:09:06 114.099998 -86.000000 0.000000 93.419998 138.188995 230.000000 18.658001 -13.760000 7.781300 1472111.672000 452778.202000 13.315900 80.563988 0.000000 -0.046000 0.180000 0.240000 0.000000 0.000000
14:09:08 113.900002 -86.000000 0.000000 93.419998 138.188995 230.000000 18.658001 -13.760000 7.781300 1472112.312000 452778.312000 13.315906 80.563988 0.000000 -0.046000 0.180000 0.240000 0.000000 0.000000
14:09:10 113.800003 -86.000000 0.000000 93.419998 138.188995 230.000000 18.658001 -13.760000 7.781300 1472112.945000 452777.969000 13.315911 80.563988 0.000000 -0.046000 0.180000 0.240000 0.000000 0.000000
14:09:12 113.599998 -86.000000 0.000000 93.419998 138.188995 230.000000 18.658001 -13.760000 7.781300 1472113.475000 452777.567000 13.315916 80.563980 0.000000 -0.046000 0.180000 0.240000 0.000000 0.000000
14:09:14 113.400002 -86.000000 0.000000 93.419998 138.188995 230.000000 18.658001 -13.760000 7.781300 1472113.959000 452776.953000 13.315921 80.563972 0.000000 -0.046000 0.180000 0.240000 0.000000 0.000000
14:09:16 113.199997 -86.000000 0.000000 93.419998 138.188995 230.000000 18.658001 -13.760000 7.781300 1472114.545000 452776.443000 13.315927 80.563972 0.000000 -0.046000 0.180000 0.240000 0.000000 0.000000
14:09:18 113.000000 -86.000000 0.000000 93.419998 138.188995 230.000000 18.658001 -13.760000 7.781300 1472115.170000 452776.062000 13.315927 80.563972 0.000000 -0.046000 0.180000 0.240000 0.000000 0.000000
14:09:20 112.800003 -86.000000 0.000000 93.419998 138.188995 230.000000 18.658001 -13.760000 7.781300 1472115.701000 452775.498000 13.315927 80.563972 0.000000 -0.046000 0.180000 0.240000 0.000000 0.000000
14:09:22 112.699997 -86.000000 0.000000 93.419998 138.188995 230.000000 18.658001 -13.760000 7.781300 1472116.195000 452774.787000 13.315941 80.563950 0.000000 -0.046000 0.180000 0.240000 0.000000 0.000000
14:09:24 112.599998 -86.000000 0.000000 93.419998 138.188995 230.000000 18.658001 -13.760000 7.781300 1472116.756000 452773.953000 13.315946 80.563942 0.000000 -0.046000 0.180000 0.240000 0.000000 0.000000
14:09:26 112.400002 -86.000000 0.000000 93.419998 138.188995 230.000000 18.658001 -13.760000 7.781300 1472117.321000 452772.705000 13.315950 80.563927 0.000000 -0.046000 0.180000 0.240000 0.000000 0.000000
14:09:28 112.099998 -86.000000 0.000000 93.419998 138.188995 230.000000 18.658001 -13.760000 7.781300 1472117.861000 452771.333000 13.315956 80.563919 0.000000 -0.046000 0.180000 0.240000 0.000000 0.000000
14:09:30 111.900002 -86.000000 0.000000 93.419998 138.188995 230.000000 18.658001 -13.760000 7.781300 1472118.444000 452770.079000 13.315956 80.563919 0.000000 -0.046000 0.180000 0.240000 0.000000 0.000000
14:09:32 111.599998 -86.000000 0.000000 93.419998 138.188995 230.000000 18.658001 -13.760000 7.781300 1472119.037000 452769.071000 13.315956 80.563919 0.000000 -0.046000 0.180000 0.240000 0.000000 0.000000
14:09:34 111.500000 -86.000000 0.000000 93.419998 138.188995 230.000000 18.658001 -13.760000 7.781300 1472119.599000 452768.331000 13.315956 80.563919 0.000000 -0.046000 0.180000 0.240000 0.000000 0.000000
14:09:36 111.599998 -86.000000 0.000000 93.419998 138.188995 230.000000 18.658001 -13.760000 7.781300 1472120.097000 452767.365000 13.315956 80.563919 0.000000 -0.046000 0.180000 0.240000 0.000000 0.000000
14:09:38 111.300003 -86.000000 0.000000 93.419998 138.188995 230.000000 18.658001 -13.760000 7.781300 1472120.668000 452766.325000 13.315981 80.563873 0.000000 -0.046000 0.180000 0.240000 0.000000 0.000000
14:09:40 111.199997 -86.000000 0.000000 93.419998 138.188995 230.000000 18.658001 -13.760000 7.781300 1472121.218000 452765.723000 13.315986 80.563873 0.000000 -0.046000 0.180000 0.240000 0.000000 0.000000
14:09:42 111.099998 -86.000000 0.000000 93.419998 138.188995 230.000000 18.658001 -13.760000 7.781300 1472121.766000 452765.083000 13.315990 80.563866 0.000000 -0.046000 0.180000 0.240000 0.000000 0.000000
14:09:44 111.000000 -86.000000 0.000000 93.419998 138.188995 230.000000 18.658001 -13.760000 7.781300 1472122.256000 452764.611000 13.315990 80.563866 0.000000 -0.046000 0.180000 0.240000 0.000000 0.000000
14:09:46 110.699997 -86.000000 0.000000 93.419998 138.188995 230.000000 18.658001 -13.760000 7.781300 1472122.704000 452764.328000 13.315990 80.563866 0.000000 -0.046000 0.180000 0.240000 0.000000 0.000000
14:09:48 110.500000 -86.000000 0.000000 93.419998 138.188995 230.000000 18.658001 -13.760000 7.781300 1472123.141000 452764.144000 13.316003 80.563858 0.000000 -0.046000 0.180000 0.240000 0.000000 0.000000
14:09:50 110.500000 -86.000000 0.000000 93.419998 138.188995 230.000000 18.658001 -13.760000 7.781300 1472123.623000 452763.671000 13.316003 80.563858 0.000000 -0.046000 0.180000 0.240000 0.000000 0.000000
14:09:52 110.199997 -74.830002 0.000000 102.279999 138.188995 230.000000 18.658001 -13.760000 7.781300 1472124.046000 452763.328000 13.316003 80.563858 0.000000 -0.057000 0.080000 0.101000 0.000000 0.000000
14:09:54 110.000000 -74.830002 0.000000 102.279999 138.188995 230.000000 18.658001 -13.760000 7.781300 1472124.410000 452763.178000 13.316003 80.563858 0.000000 -0.057000 0.080000 0.101000 0.000000 0.000000
14:09:56 109.699997 -74.830002 0.000000 102.279999 138.188995 230.000000 18.658001 -13.760000 7.781300 1472124.650000 452763.518000 13.316003 80.563858 0.000000 -0.057000 0.080000 0.101000 0.000000 0.000000
